ISO-10303-21;
HEADER;
FILE_DESCRIPTION(('KiCad electronic assembly'),'2;1');
FILE_NAME('KiCAd.step','2026-08-29T17:57:35',('Pcbnew'),('Kicad'),
  'Open CASCADE STEP processor 7.9','KiCad to STEP converter','Unknown'
  );
FILE_SCHEMA(('AUTOMOTIVE_DESIGN { 1 0 10303 214 1 1 1 1 }'));
ENDSEC;
DATA;
#1 = APPLICATION_PROTOCOL_DEFINITION('international standard',
  'automotive_design',2000,#2);
#2 = APPLICATION_CONTEXT(
  'core data for automotive mechanical design processes');
#3 = SHAPE_DEFINITION_REPRESENTATION(#4,#10);
#4 = PRODUCT_DEFINITION_SHAPE('','',#5);
#5 = PRODUCT_DEFINITION('design','',#6,#9);
#6 = PRODUCT_DEFINITION_FORMATION('','',#7);
#7 = PRODUCT('KiCAd 1','KiCAd 1','',(#8));
#8 = PRODUCT_CONTEXT('',#2,'mechanical');
#9 = PRODUCT_DEFINITION_CONTEXT('part definition',#2,'design');
#10 = SHAPE_REPRESENTATION('',(#11,#15,#19,#23,#27,#31,#35,#39),#43);
#11 = AXIS2_PLACEMENT_3D('',#12,#13,#14);
#12 = CARTESIAN_POINT('',(0.,0.,0.));
#13 = DIRECTION('',(0.,0.,1.));
#14 = DIRECTION('',(1.,0.,-0.));
#15 = AXIS2_PLACEMENT_3D('',#16,#17,#18);
#16 = CARTESIAN_POINT('',(183.26,-120.43,6.095));
#17 = DIRECTION('',(1.224646799147E-16,1.,1.110223024625E-16));
#18 = DIRECTION('',(-1.,1.224646799147E-16,0.));
#19 = AXIS2_PLACEMENT_3D('',#20,#21,#22);
#20 = CARTESIAN_POINT('',(125.95,-120.39,8.095));
#21 = DIRECTION('',(1.224646799147E-16,1.,1.110223024625E-16));
#22 = DIRECTION('',(-1.,1.224646799147E-16,0.));
#23 = AXIS2_PLACEMENT_3D('',#24,#25,#26);
#24 = CARTESIAN_POINT('',(145.08,-120.39,8.095));
#25 = DIRECTION('',(1.224646799147E-16,1.,1.110223024625E-16));
#26 = DIRECTION('',(-1.,1.224646799147E-16,0.));
#27 = AXIS2_PLACEMENT_3D('',#28,#29,#30);
#28 = CARTESIAN_POINT('',(163.49,-120.39,6.095));
#29 = DIRECTION('',(1.224646799147E-16,1.,1.110223024625E-16));
#30 = DIRECTION('',(-1.,1.224646799147E-16,0.));
#31 = AXIS2_PLACEMENT_3D('',#32,#33,#34);
#32 = CARTESIAN_POINT('',(186.77,-100.7,-8.5E-02));
#33 = DIRECTION('',(-1.224646799147E-16,-1.359631073447E-32,-1.));
#34 = DIRECTION('',(1.110223024625E-16,-1.,0.));
#35 = AXIS2_PLACEMENT_3D('',#36,#37,#38);
#36 = CARTESIAN_POINT('',(138.7,-105.8,-8.5E-02));
#37 = DIRECTION('',(1.224646799147E-16,-1.359631073447E-32,-1.));
#38 = DIRECTION('',(1.110223024625E-16,1.,0.));
#39 = AXIS2_PLACEMENT_3D('',#40,#41,#42);
#40 = CARTESIAN_POINT('',(0.,0.,0.));
#41 = DIRECTION('',(0.,0.,1.));
#42 = DIRECTION('',(1.,0.,-0.));
#43 = ( GEOMETRIC_REPRESENTATION_CONTEXT(3) 
GLOBAL_UNCERTAINTY_ASSIGNED_CONTEXT((#47)) GLOBAL_UNIT_ASSIGNED_CONTEXT(
(#44,#45,#46)) REPRESENTATION_CONTEXT('Context #1',
  '3D Context with UNIT and UNCERTAINTY') );
#44 = ( LENGTH_UNIT() NAMED_UNIT(*) SI_UNIT(.MILLI.,.METRE.) );
#45 = ( NAMED_UNIT(*) PLANE_ANGLE_UNIT() SI_UNIT($,.RADIAN.) );
#46 = ( NAMED_UNIT(*) SI_UNIT($,.STERADIAN.) SOLID_ANGLE_UNIT() );
#47 = UNCERTAINTY_MEASURE_WITH_UNIT(LENGTH_MEASURE(1.E-07),#44,
  'distance_accuracy_value','confusion accuracy');
#48 = PRODUCT_RELATED_PRODUCT_CATEGORY('part',$,(#7));
#49 = SHAPE_DEFINITION_REPRESENTATION(#50,#56);
#50 = PRODUCT_DEFINITION_SHAPE('','',#51);
#51 = PRODUCT_DEFINITION('design','',#52,#55);
#52 = PRODUCT_DEFINITION_FORMATION('','',#53);
#53 = PRODUCT('cherry mx','cherry mx','',(#54));
#54 = PRODUCT_CONTEXT('',#2,'mechanical');
#55 = PRODUCT_DEFINITION_CONTEXT('part definition',#2,'design');
#56 = SHAPE_REPRESENTATION('',(#11,#57),#61);
#57 = AXIS2_PLACEMENT_3D('',#58,#59,#60);
#58 = CARTESIAN_POINT('',(0.,0.,0.));
#59 = DIRECTION('',(0.,0.,1.));
#60 = DIRECTION('',(1.,0.,-0.));
#61 = ( GEOMETRIC_REPRESENTATION_CONTEXT(3) 
GLOBAL_UNCERTAINTY_ASSIGNED_CONTEXT((#65)) GLOBAL_UNIT_ASSIGNED_CONTEXT(
(#62,#63,#64)) REPRESENTATION_CONTEXT('Context #1',
  '3D Context with UNIT and UNCERTAINTY') );
#62 = ( LENGTH_UNIT() NAMED_UNIT(*) SI_UNIT(.MILLI.,.METRE.) );
#63 = ( NAMED_UNIT(*) PLANE_ANGLE_UNIT() SI_UNIT($,.RADIAN.) );
#64 = ( NAMED_UNIT(*) SI_UNIT($,.STERADIAN.) SOLID_ANGLE_UNIT() );
#65 = UNCERTAINTY_MEASURE_WITH_UNIT(LENGTH_MEASURE(1.E-07),#62,
  'distance_accuracy_value','confusion accuracy');
#66 = CONTEXT_DEPENDENT_SHAPE_REPRESENTATION(#67,#69);
#67 = ( REPRESENTATION_RELATIONSHIP('','',#56,#10) 
REPRESENTATION_RELATIONSHIP_WITH_TRANSFORMATION(#68) 
SHAPE_REPRESENTATION_RELATIONSHIP() );
#68 = ITEM_DEFINED_TRANSFORMATION('','',#11,#15);
#69 = PRODUCT_DEFINITION_SHAPE('Placement','Placement of an item',#70);
#70 = NEXT_ASSEMBLY_USAGE_OCCURRENCE('2','SW4','',#5,#51,$);
#71 = PRODUCT_RELATED_PRODUCT_CATEGORY('part',$,(#53));
#72 = SHAPE_DEFINITION_REPRESENTATION(#73,#79);
#73 = PRODUCT_DEFINITION_SHAPE('','',#74);
#74 = PRODUCT_DEFINITION('design','',#75,#78);
#75 = PRODUCT_DEFINITION_FORMATION('','',#76);
#76 = PRODUCT('cherry mx','cherry mx','',(#77));
#77 = PRODUCT_CONTEXT('',#2,'mechanical');
#78 = PRODUCT_DEFINITION_CONTEXT('part definition',#2,'design');
#79 = ADVANCED_BREP_SHAPE_REPRESENTATION('',(#11,#80),#2766);
#80 = MANIFOLD_SOLID_BREP('',#81);
#81 = CLOSED_SHELL('',(#82,#124,#166,#208,#240,#272,#304,#442,#528,#648,
    #716,#756,#787,#818,#840,#950,#962,#984,#1001,#1018,#1030,#1048,
    #1066,#1084,#1115,#1139,#1163,#1180,#1196,#1212,#1228,#1240,#1286,
    #1317,#1341,#1365,#1382,#1428,#1459,#1483,#1507,#1524,#1634,#1665,
    #1689,#1713,#1737,#1761,#1785,#1809,#1833,#1857,#1881,#1905,#1922,
    #1942,#1982,#2013,#2035,#2057,#2071,#2085,#2125,#2156,#2178,#2200,
    #2214,#2228,#2259,#2290,#2312,#2324,#2336,#2376,#2407,#2429,#2451,
    #2465,#2479,#2519,#2550,#2572,#2594,#2608,#2622,#2653,#2684,#2706,
    #2718,#2730,#2742,#2754));
#82 = ADVANCED_FACE('',(#83),#119,.T.);
#83 = FACE_BOUND('',#84,.T.);
#84 = EDGE_LOOP('',(#85,#96,#104,#113));
#85 = ORIENTED_EDGE('',*,*,#86,.F.);
#86 = EDGE_CURVE('',#87,#89,#91,.T.);
#87 = VERTEX_POINT('',#88);
#88 = CARTESIAN_POINT('',(4.95,-8.55,-0.4));
#89 = VERTEX_POINT('',#90);
#90 = CARTESIAN_POINT('',(4.95,-8.55,0.4));
#91 = CIRCLE('',#92,0.4);
#92 = AXIS2_PLACEMENT_3D('',#93,#94,#95);
#93 = CARTESIAN_POINT('',(4.95,-8.55,-6.828762922874E-16));
#94 = DIRECTION('',(-0.,-1.,-5.656953280977E-17));
#95 = DIRECTION('',(0.,-5.656953280977E-17,1.));
#96 = ORIENTED_EDGE('',*,*,#97,.T.);
#97 = EDGE_CURVE('',#87,#98,#100,.T.);
#98 = VERTEX_POINT('',#99);
#99 = CARTESIAN_POINT('',(4.95,-7.857179676972,-0.8));
#100 = LINE('',#101,#102);
#101 = CARTESIAN_POINT('',(4.95,-7.857179676972,-0.8));
#102 = VECTOR('',#103,1.);
#103 = DIRECTION('',(6.123233995737E-17,0.866025403784,-0.5));
#104 = ORIENTED_EDGE('',*,*,#105,.F.);
#105 = EDGE_CURVE('',#106,#98,#108,.T.);
#106 = VERTEX_POINT('',#107);
#107 = CARTESIAN_POINT('',(4.95,-7.857179676972,0.8));
#108 = CIRCLE('',#109,0.8);
#109 = AXIS2_PLACEMENT_3D('',#110,#111,#112);
#110 = CARTESIAN_POINT('',(4.95,-7.857179676972,-6.828762922874E-16));
#111 = DIRECTION('',(-0.,1.,0.));
#112 = DIRECTION('',(0.,0.,1.));
#113 = ORIENTED_EDGE('',*,*,#114,.F.);
#114 = EDGE_CURVE('',#89,#106,#115,.T.);
#115 = LINE('',#116,#117);
#116 = CARTESIAN_POINT('',(4.95,-7.857179676972,0.8));
#117 = VECTOR('',#118,1.);
#118 = DIRECTION('',(0.,0.866025403784,0.5));
#119 = CONICAL_SURFACE('',#120,0.8,0.523598775598);
#120 = AXIS2_PLACEMENT_3D('',#121,#122,#123);
#121 = CARTESIAN_POINT('',(4.95,-7.857179676972,-6.828762922874E-16));
#122 = DIRECTION('',(-0.,1.,-0.));
#123 = DIRECTION('',(0.,0.,1.));
#124 = ADVANCED_FACE('',(#125),#161,.T.);
#125 = FACE_BOUND('',#126,.T.);
#126 = EDGE_LOOP('',(#127,#138,#146,#155));
#127 = ORIENTED_EDGE('',*,*,#128,.F.);
#128 = EDGE_CURVE('',#129,#131,#133,.T.);
#129 = VERTEX_POINT('',#130);
#130 = CARTESIAN_POINT('',(-4.95,-8.55,-0.4));
#131 = VERTEX_POINT('',#132);
#132 = CARTESIAN_POINT('',(-4.95,-8.55,0.4));
#133 = CIRCLE('',#134,0.4);
#134 = AXIS2_PLACEMENT_3D('',#135,#136,#137);
#135 = CARTESIAN_POINT('',(-4.95,-8.55,-6.828762922874E-16));
#136 = DIRECTION('',(-0.,-1.,-5.656953280977E-17));
#137 = DIRECTION('',(0.,-5.656953280977E-17,1.));
#138 = ORIENTED_EDGE('',*,*,#139,.T.);
#139 = EDGE_CURVE('',#129,#140,#142,.T.);
#140 = VERTEX_POINT('',#141);
#141 = CARTESIAN_POINT('',(-4.95,-7.857179676972,-0.8));
#142 = LINE('',#143,#144);
#143 = CARTESIAN_POINT('',(-4.95,-7.857179676972,-0.8));
#144 = VECTOR('',#145,1.);
#145 = DIRECTION('',(6.123233995737E-17,0.866025403784,-0.5));
#146 = ORIENTED_EDGE('',*,*,#147,.F.);
#147 = EDGE_CURVE('',#148,#140,#150,.T.);
#148 = VERTEX_POINT('',#149);
#149 = CARTESIAN_POINT('',(-4.95,-7.857179676972,0.8));
#150 = CIRCLE('',#151,0.8);
#151 = AXIS2_PLACEMENT_3D('',#152,#153,#154);
#152 = CARTESIAN_POINT('',(-4.95,-7.857179676972,-6.828762922874E-16));
#153 = DIRECTION('',(-0.,1.,0.));
#154 = DIRECTION('',(0.,0.,1.));
#155 = ORIENTED_EDGE('',*,*,#156,.F.);
#156 = EDGE_CURVE('',#131,#148,#157,.T.);
#157 = LINE('',#158,#159);
#158 = CARTESIAN_POINT('',(-4.95,-7.857179676972,0.8));
#159 = VECTOR('',#160,1.);
#160 = DIRECTION('',(0.,0.866025403784,0.5));
#161 = CONICAL_SURFACE('',#162,0.8,0.523598775598);
#162 = AXIS2_PLACEMENT_3D('',#163,#164,#165);
#163 = CARTESIAN_POINT('',(-4.95,-7.857179676972,-6.828762922874E-16));
#164 = DIRECTION('',(-0.,1.,-0.));
#165 = DIRECTION('',(0.,0.,1.));
#166 = ADVANCED_FACE('',(#167),#203,.T.);
#167 = FACE_BOUND('',#168,.T.);
#168 = EDGE_LOOP('',(#169,#180,#188,#197));
#169 = ORIENTED_EDGE('',*,*,#170,.F.);
#170 = EDGE_CURVE('',#171,#173,#175,.T.);
#171 = VERTEX_POINT('',#172);
#172 = CARTESIAN_POINT('',(2.496083759001E-16,-8.55,-1.525));
#173 = VERTEX_POINT('',#174);
#174 = CARTESIAN_POINT('',(3.835680304721E-17,-8.55,1.525));
#175 = CIRCLE('',#176,1.525);
#176 = AXIS2_PLACEMENT_3D('',#177,#178,#179);
#177 = CARTESIAN_POINT('',(3.835680304721E-17,-8.55,3.429011037631E-16)
  );
#178 = DIRECTION('',(-1.773578488633E-17,-1.,-5.877849825171E-17));
#179 = DIRECTION('',(-1.042482800934E-33,-5.877849825171E-17,1.));
#180 = ORIENTED_EDGE('',*,*,#181,.T.);
#181 = EDGE_CURVE('',#171,#182,#184,.T.);
#182 = VERTEX_POINT('',#183);
#183 = CARTESIAN_POINT('',(3.835680304721E-17,-7.857179676972,-1.925));
#184 = LINE('',#185,#186);
#185 = CARTESIAN_POINT('',(2.741013118831E-16,-7.857179676972,-1.925));
#186 = VECTOR('',#187,1.);
#187 = DIRECTION('',(6.123233995737E-17,0.866025403784,-0.5));
#188 = ORIENTED_EDGE('',*,*,#189,.F.);
#189 = EDGE_CURVE('',#190,#182,#192,.T.);
#190 = VERTEX_POINT('',#191);
#191 = CARTESIAN_POINT('',(2.741013118831E-16,-7.857179676972,1.925));
#192 = CIRCLE('',#193,1.925);
#193 = AXIS2_PLACEMENT_3D('',#194,#195,#196);
#194 = CARTESIAN_POINT('',(3.835680304721E-17,-7.857179676972,
    3.429011037631E-16));
#195 = DIRECTION('',(-0.,1.,0.));
#196 = DIRECTION('',(0.,0.,1.));
#197 = ORIENTED_EDGE('',*,*,#198,.F.);
#198 = EDGE_CURVE('',#173,#190,#199,.T.);
#199 = LINE('',#200,#201);
#200 = CARTESIAN_POINT('',(3.835680304721E-17,-7.857179676972,1.925));
#201 = VECTOR('',#202,1.);
#202 = DIRECTION('',(0.,0.866025403784,0.5));
#203 = CONICAL_SURFACE('',#204,1.925,0.523598775598);
#204 = AXIS2_PLACEMENT_3D('',#205,#206,#207);
#205 = CARTESIAN_POINT('',(3.835680304721E-17,-7.857179676972,
    3.429011037631E-16));
#206 = DIRECTION('',(-0.,1.,-0.));
#207 = DIRECTION('',(0.,0.,1.));
#208 = ADVANCED_FACE('',(#209),#235,.T.);
#209 = FACE_BOUND('',#210,.T.);
#210 = EDGE_LOOP('',(#211,#222,#228,#229));
#211 = ORIENTED_EDGE('',*,*,#212,.F.);
#212 = EDGE_CURVE('',#213,#215,#217,.T.);
#213 = VERTEX_POINT('',#214);
#214 = CARTESIAN_POINT('',(4.95,-5.6,0.8));
#215 = VERTEX_POINT('',#216);
#216 = CARTESIAN_POINT('',(4.95,-5.6,-0.8));
#217 = CIRCLE('',#218,0.8);
#218 = AXIS2_PLACEMENT_3D('',#219,#220,#221);
#219 = CARTESIAN_POINT('',(4.95,-5.6,-6.828762922874E-16));
#220 = DIRECTION('',(0.,1.,-0.));
#221 = DIRECTION('',(0.,0.,1.));
#222 = ORIENTED_EDGE('',*,*,#223,.T.);
#223 = EDGE_CURVE('',#213,#106,#224,.T.);
#224 = LINE('',#225,#226);
#225 = CARTESIAN_POINT('',(4.95,-5.6,0.8));
#226 = VECTOR('',#227,1.);
#227 = DIRECTION('',(-0.,-1.,-0.));
#228 = ORIENTED_EDGE('',*,*,#105,.T.);
#229 = ORIENTED_EDGE('',*,*,#230,.F.);
#230 = EDGE_CURVE('',#215,#98,#231,.T.);
#231 = LINE('',#232,#233);
#232 = CARTESIAN_POINT('',(4.95,-5.6,-0.8));
#233 = VECTOR('',#234,1.);
#234 = DIRECTION('',(-0.,-1.,-0.));
#235 = CYLINDRICAL_SURFACE('',#236,0.8);
#236 = AXIS2_PLACEMENT_3D('',#237,#238,#239);
#237 = CARTESIAN_POINT('',(4.95,-5.6,-6.828762922874E-16));
#238 = DIRECTION('',(-0.,-1.,-0.));
#239 = DIRECTION('',(0.,0.,-1.));
#240 = ADVANCED_FACE('',(#241),#267,.T.);
#241 = FACE_BOUND('',#242,.T.);
#242 = EDGE_LOOP('',(#243,#254,#260,#261));
#243 = ORIENTED_EDGE('',*,*,#244,.F.);
#244 = EDGE_CURVE('',#245,#247,#249,.T.);
#245 = VERTEX_POINT('',#246);
#246 = CARTESIAN_POINT('',(2.741013118831E-16,-5.6,1.925));
#247 = VERTEX_POINT('',#248);
#248 = CARTESIAN_POINT('',(3.835680304721E-17,-5.6,-1.925));
#249 = CIRCLE('',#250,1.925);
#250 = AXIS2_PLACEMENT_3D('',#251,#252,#253);
#251 = CARTESIAN_POINT('',(3.835680304721E-17,-5.6,3.429011037631E-16));
#252 = DIRECTION('',(0.,1.,-0.));
#253 = DIRECTION('',(0.,0.,1.));
#254 = ORIENTED_EDGE('',*,*,#255,.T.);
#255 = EDGE_CURVE('',#245,#190,#256,.T.);
#256 = LINE('',#257,#258);
#257 = CARTESIAN_POINT('',(2.741013118831E-16,-5.6,1.925));
#258 = VECTOR('',#259,1.);
#259 = DIRECTION('',(-0.,-1.,-0.));
#260 = ORIENTED_EDGE('',*,*,#189,.T.);
#261 = ORIENTED_EDGE('',*,*,#262,.F.);
#262 = EDGE_CURVE('',#247,#182,#263,.T.);
#263 = LINE('',#264,#265);
#264 = CARTESIAN_POINT('',(3.835680304721E-17,-5.6,-1.925));
#265 = VECTOR('',#266,1.);
#266 = DIRECTION('',(-0.,-1.,-0.));
#267 = CYLINDRICAL_SURFACE('',#268,1.925);
#268 = AXIS2_PLACEMENT_3D('',#269,#270,#271);
#269 = CARTESIAN_POINT('',(3.835680304721E-17,-5.6,3.429011037631E-16));
#270 = DIRECTION('',(-0.,-1.,-0.));
#271 = DIRECTION('',(0.,0.,-1.));
#272 = ADVANCED_FACE('',(#273),#299,.T.);
#273 = FACE_BOUND('',#274,.T.);
#274 = EDGE_LOOP('',(#275,#286,#292,#293));
#275 = ORIENTED_EDGE('',*,*,#276,.F.);
#276 = EDGE_CURVE('',#277,#279,#281,.T.);
#277 = VERTEX_POINT('',#278);
#278 = CARTESIAN_POINT('',(-4.95,-5.6,0.8));
#279 = VERTEX_POINT('',#280);
#280 = CARTESIAN_POINT('',(-4.95,-5.6,-0.8));
#281 = CIRCLE('',#282,0.8);
#282 = AXIS2_PLACEMENT_3D('',#283,#284,#285);
#283 = CARTESIAN_POINT('',(-4.95,-5.6,-6.828762922874E-16));
#284 = DIRECTION('',(0.,1.,-0.));
#285 = DIRECTION('',(0.,0.,1.));
#286 = ORIENTED_EDGE('',*,*,#287,.T.);
#287 = EDGE_CURVE('',#277,#148,#288,.T.);
#288 = LINE('',#289,#290);
#289 = CARTESIAN_POINT('',(-4.95,-5.6,0.8));
#290 = VECTOR('',#291,1.);
#291 = DIRECTION('',(-0.,-1.,-0.));
#292 = ORIENTED_EDGE('',*,*,#147,.T.);
#293 = ORIENTED_EDGE('',*,*,#294,.F.);
#294 = EDGE_CURVE('',#279,#140,#295,.T.);
#295 = LINE('',#296,#297);
#296 = CARTESIAN_POINT('',(-4.95,-5.6,-0.8));
#297 = VECTOR('',#298,1.);
#298 = DIRECTION('',(-0.,-1.,-0.));
#299 = CYLINDRICAL_SURFACE('',#300,0.8);
#300 = AXIS2_PLACEMENT_3D('',#301,#302,#303);
#301 = CARTESIAN_POINT('',(-4.95,-5.6,-6.828762922874E-16));
#302 = DIRECTION('',(-0.,-1.,-0.));
#303 = DIRECTION('',(0.,0.,-1.));
#304 = ADVANCED_FACE('',(#305,#403),#437,.F.);
#305 = FACE_BOUND('',#306,.T.);
#306 = EDGE_LOOP('',(#307,#317,#325,#333,#341,#349,#357,#365,#373,#381,
    #389,#397));
#307 = ORIENTED_EDGE('',*,*,#308,.T.);
#308 = EDGE_CURVE('',#309,#311,#313,.T.);
#309 = VERTEX_POINT('',#310);
#310 = CARTESIAN_POINT('',(-2.82,-0.87,6.99));
#311 = VERTEX_POINT('',#312);
#312 = CARTESIAN_POINT('',(-6.99,-0.87,6.99));
#313 = LINE('',#314,#315);
#314 = CARTESIAN_POINT('',(-2.82,-0.87,6.99));
#315 = VECTOR('',#316,1.);
#316 = DIRECTION('',(-1.,-1.44625289795E-16,-2.080004167838E-16));
#317 = ORIENTED_EDGE('',*,*,#318,.T.);
#318 = EDGE_CURVE('',#311,#319,#321,.T.);
#319 = VERTEX_POINT('',#320);
#320 = CARTESIAN_POINT('',(-6.99,-2.3,6.99));
#321 = LINE('',#322,#323);
#322 = CARTESIAN_POINT('',(-6.99,0.,6.99));
#323 = VECTOR('',#324,1.);
#324 = DIRECTION('',(-0.,-1.,-0.));
#325 = ORIENTED_EDGE('',*,*,#326,.T.);
#326 = EDGE_CURVE('',#319,#327,#329,.T.);
#327 = VERTEX_POINT('',#328);
#328 = CARTESIAN_POINT('',(6.99,-2.3,6.99));
#329 = LINE('',#330,#331);
#330 = CARTESIAN_POINT('',(6.99,-2.3,6.99));
#331 = VECTOR('',#332,1.);
#332 = DIRECTION('',(1.,-6.204304277456E-17,4.963443421965E-16));
#333 = ORIENTED_EDGE('',*,*,#334,.F.);
#334 = EDGE_CURVE('',#335,#327,#337,.T.);
#335 = VERTEX_POINT('',#336);
#336 = CARTESIAN_POINT('',(6.99,-0.87,6.99));
#337 = LINE('',#338,#339);
#338 = CARTESIAN_POINT('',(6.99,0.,6.99));
#339 = VECTOR('',#340,1.);
#340 = DIRECTION('',(-0.,-1.,-0.));
#341 = ORIENTED_EDGE('',*,*,#342,.F.);
#342 = EDGE_CURVE('',#343,#335,#345,.T.);
#343 = VERTEX_POINT('',#344);
#344 = CARTESIAN_POINT('',(2.82,-0.87,6.99));
#345 = LINE('',#346,#347);
#346 = CARTESIAN_POINT('',(2.82,-0.87,6.99));
#347 = VECTOR('',#348,1.);
#348 = DIRECTION('',(1.,-1.44625289795E-16,-2.080004167838E-16));
#349 = ORIENTED_EDGE('',*,*,#350,.F.);
#350 = EDGE_CURVE('',#351,#343,#353,.T.);
#351 = VERTEX_POINT('',#352);
#352 = CARTESIAN_POINT('',(2.82,-5.E-02,6.99));
#353 = LINE('',#354,#355);
#354 = CARTESIAN_POINT('',(2.82,-5.E-02,6.99));
#355 = VECTOR('',#356,1.);
#356 = DIRECTION('',(-0.,-1.,-0.));
#357 = ORIENTED_EDGE('',*,*,#358,.T.);
#358 = EDGE_CURVE('',#351,#359,#361,.T.);
#359 = VERTEX_POINT('',#360);
#360 = CARTESIAN_POINT('',(6.99,-5.E-02,6.99));
#361 = LINE('',#362,#363);
#362 = CARTESIAN_POINT('',(2.82,-5.E-02,6.99));
#363 = VECTOR('',#364,1.);
#364 = DIRECTION('',(1.,-1.44625289795E-16,-2.080004167838E-16));
#365 = ORIENTED_EDGE('',*,*,#366,.F.);
#366 = EDGE_CURVE('',#367,#359,#369,.T.);
#367 = VERTEX_POINT('',#368);
#368 = CARTESIAN_POINT('',(6.99,0.,6.99));
#369 = LINE('',#370,#371);
#370 = CARTESIAN_POINT('',(6.99,0.,6.99));
#371 = VECTOR('',#372,1.);
#372 = DIRECTION('',(-0.,-1.,-0.));
#373 = ORIENTED_EDGE('',*,*,#374,.F.);
#374 = EDGE_CURVE('',#375,#367,#377,.T.);
#375 = VERTEX_POINT('',#376);
#376 = CARTESIAN_POINT('',(-6.99,0.,6.99));
#377 = LINE('',#378,#379);
#378 = CARTESIAN_POINT('',(6.99,0.,6.99));
#379 = VECTOR('',#380,1.);
#380 = DIRECTION('',(1.,-0.,-1.240860855491E-16));
#381 = ORIENTED_EDGE('',*,*,#382,.T.);
#382 = EDGE_CURVE('',#375,#383,#385,.T.);
#383 = VERTEX_POINT('',#384);
#384 = CARTESIAN_POINT('',(-6.99,-5.E-02,6.99));
#385 = LINE('',#386,#387);
#386 = CARTESIAN_POINT('',(-6.99,0.,6.99));
#387 = VECTOR('',#388,1.);
#388 = DIRECTION('',(-0.,-1.,-0.));
#389 = ORIENTED_EDGE('',*,*,#390,.F.);
#390 = EDGE_CURVE('',#391,#383,#393,.T.);
#391 = VERTEX_POINT('',#392);
#392 = CARTESIAN_POINT('',(-2.82,-5.E-02,6.99));
#393 = LINE('',#394,#395);
#394 = CARTESIAN_POINT('',(-2.82,-5.E-02,6.99));
#395 = VECTOR('',#396,1.);
#396 = DIRECTION('',(-1.,-1.44625289795E-16,-2.080004167838E-16));
#397 = ORIENTED_EDGE('',*,*,#398,.T.);
#398 = EDGE_CURVE('',#391,#309,#399,.T.);
#399 = LINE('',#400,#401);
#400 = CARTESIAN_POINT('',(-2.82,-5.E-02,6.99));
#401 = VECTOR('',#402,1.);
#402 = DIRECTION('',(-0.,-1.,-0.));
#403 = FACE_BOUND('',#404,.T.);
#404 = EDGE_LOOP('',(#405,#415,#423,#431));
#405 = ORIENTED_EDGE('',*,*,#406,.F.);
#406 = EDGE_CURVE('',#407,#409,#411,.T.);
#407 = VERTEX_POINT('',#408);
#408 = CARTESIAN_POINT('',(-0.91,-5.E-02,6.99));
#409 = VERTEX_POINT('',#410);
#410 = CARTESIAN_POINT('',(-0.91,-0.87,6.99));
#411 = LINE('',#412,#413);
#412 = CARTESIAN_POINT('',(-0.91,-5.E-02,6.99));
#413 = VECTOR('',#414,1.);
#414 = DIRECTION('',(-0.,-1.,-0.));
#415 = ORIENTED_EDGE('',*,*,#416,.T.);
#416 = EDGE_CURVE('',#407,#417,#419,.T.);
#417 = VERTEX_POINT('',#418);
#418 = CARTESIAN_POINT('',(0.91,-5.E-02,6.99));
#419 = LINE('',#420,#421);
#420 = CARTESIAN_POINT('',(-0.91,-5.E-02,6.99));
#421 = VECTOR('',#422,1.);
#422 = DIRECTION('',(1.,-2.643487439783E-16,-4.765723835101E-16));
#423 = ORIENTED_EDGE('',*,*,#424,.T.);
#424 = EDGE_CURVE('',#417,#425,#427,.T.);
#425 = VERTEX_POINT('',#426);
#426 = CARTESIAN_POINT('',(0.91,-0.87,6.99));
#427 = LINE('',#428,#429);
#428 = CARTESIAN_POINT('',(0.91,-5.E-02,6.99));
#429 = VECTOR('',#430,1.);
#430 = DIRECTION('',(-0.,-1.,-0.));
#431 = ORIENTED_EDGE('',*,*,#432,.F.);
#432 = EDGE_CURVE('',#409,#425,#433,.T.);
#433 = LINE('',#434,#435);
#434 = CARTESIAN_POINT('',(-0.91,-0.87,6.99));
#435 = VECTOR('',#436,1.);
#436 = DIRECTION('',(1.,-2.643487439783E-16,-4.765723835101E-16));
#437 = PLANE('',#438);
#438 = AXIS2_PLACEMENT_3D('',#439,#440,#441);
#439 = CARTESIAN_POINT('',(6.99,0.,6.99));
#440 = DIRECTION('',(-1.240860855491E-16,0.,-1.));
#441 = DIRECTION('',(-1.,0.,1.240860855491E-16));
#442 = ADVANCED_FACE('',(#443),#523,.F.);
#443 = FACE_BOUND('',#444,.T.);
#444 = EDGE_LOOP('',(#445,#453,#461,#467,#468,#476,#484,#492,#500,#508,
    #516,#522));
#445 = ORIENTED_EDGE('',*,*,#446,.T.);
#446 = EDGE_CURVE('',#311,#447,#449,.T.);
#447 = VERTEX_POINT('',#448);
#448 = CARTESIAN_POINT('',(-6.99,-0.87,5.82));
#449 = LINE('',#450,#451);
#450 = CARTESIAN_POINT('',(-6.99,-0.87,6.99));
#451 = VECTOR('',#452,1.);
#452 = DIRECTION('',(0.,1.853337046984E-16,-1.));
#453 = ORIENTED_EDGE('',*,*,#454,.F.);
#454 = EDGE_CURVE('',#455,#447,#457,.T.);
#455 = VERTEX_POINT('',#456);
#456 = CARTESIAN_POINT('',(-6.99,-5.E-02,5.82));
#457 = LINE('',#458,#459);
#458 = CARTESIAN_POINT('',(-6.99,-5.E-02,5.82));
#459 = VECTOR('',#460,1.);
#460 = DIRECTION('',(-0.,-1.,-0.));
#461 = ORIENTED_EDGE('',*,*,#462,.F.);
#462 = EDGE_CURVE('',#383,#455,#463,.T.);
#463 = LINE('',#464,#465);
#464 = CARTESIAN_POINT('',(-6.99,-5.E-02,6.99));
#465 = VECTOR('',#466,1.);
#466 = DIRECTION('',(0.,1.853337046984E-16,-1.));
#467 = ORIENTED_EDGE('',*,*,#382,.F.);
#468 = ORIENTED_EDGE('',*,*,#469,.F.);
#469 = EDGE_CURVE('',#470,#375,#472,.T.);
#470 = VERTEX_POINT('',#471);
#471 = CARTESIAN_POINT('',(-6.99,0.,-6.99));
#472 = LINE('',#473,#474);
#473 = CARTESIAN_POINT('',(-6.99,0.,-6.99));
#474 = VECTOR('',#475,1.);
#475 = DIRECTION('',(1.240860855491E-16,0.,1.));
#476 = ORIENTED_EDGE('',*,*,#477,.T.);
#477 = EDGE_CURVE('',#470,#478,#480,.T.);
#478 = VERTEX_POINT('',#479);
#479 = CARTESIAN_POINT('',(-6.99,-5.E-02,-6.99));
#480 = LINE('',#481,#482);
#481 = CARTESIAN_POINT('',(-6.99,0.,-6.99));
#482 = VECTOR('',#483,1.);
#483 = DIRECTION('',(-0.,-1.,-0.));
#484 = ORIENTED_EDGE('',*,*,#485,.T.);
#485 = EDGE_CURVE('',#478,#486,#488,.T.);
#486 = VERTEX_POINT('',#487);
#487 = CARTESIAN_POINT('',(-6.99,-5.E-02,-5.82));
#488 = LINE('',#489,#490);
#489 = CARTESIAN_POINT('',(-6.99,-5.E-02,-6.99));
#490 = VECTOR('',#491,1.);
#491 = DIRECTION('',(0.,1.853337046984E-16,1.));
#492 = ORIENTED_EDGE('',*,*,#493,.T.);
#493 = EDGE_CURVE('',#486,#494,#496,.T.);
#494 = VERTEX_POINT('',#495);
#495 = CARTESIAN_POINT('',(-6.99,-0.87,-5.82));
#496 = LINE('',#497,#498);
#497 = CARTESIAN_POINT('',(-6.99,-5.E-02,-5.82));
#498 = VECTOR('',#499,1.);
#499 = DIRECTION('',(-0.,-1.,-0.));
#500 = ORIENTED_EDGE('',*,*,#501,.F.);
#501 = EDGE_CURVE('',#502,#494,#504,.T.);
#502 = VERTEX_POINT('',#503);
#503 = CARTESIAN_POINT('',(-6.99,-0.87,-6.99));
#504 = LINE('',#505,#506);
#505 = CARTESIAN_POINT('',(-6.99,-0.87,-6.99));
#506 = VECTOR('',#507,1.);
#507 = DIRECTION('',(0.,1.853337046984E-16,1.));
#508 = ORIENTED_EDGE('',*,*,#509,.T.);
#509 = EDGE_CURVE('',#502,#510,#512,.T.);
#510 = VERTEX_POINT('',#511);
#511 = CARTESIAN_POINT('',(-6.99,-2.3,-6.99));
#512 = LINE('',#513,#514);
#513 = CARTESIAN_POINT('',(-6.99,0.,-6.99));
#514 = VECTOR('',#515,1.);
#515 = DIRECTION('',(-0.,-1.,-0.));
#516 = ORIENTED_EDGE('',*,*,#517,.T.);
#517 = EDGE_CURVE('',#510,#319,#518,.T.);
#518 = LINE('',#519,#520);
#519 = CARTESIAN_POINT('',(-6.99,-2.3,-6.99));
#520 = VECTOR('',#521,1.);
#521 = DIRECTION('',(6.204304277456E-17,-6.204304277456E-17,1.));
#522 = ORIENTED_EDGE('',*,*,#318,.F.);
#523 = PLANE('',#524);
#524 = AXIS2_PLACEMENT_3D('',#525,#526,#527);
#525 = CARTESIAN_POINT('',(-6.99,0.,-6.99));
#526 = DIRECTION('',(1.,0.,-1.240860855491E-16));
#527 = DIRECTION('',(-1.240860855491E-16,0.,-1.));
#528 = ADVANCED_FACE('',(#529,#563),#643,.F.);
#529 = FACE_BOUND('',#530,.T.);
#530 = EDGE_LOOP('',(#531,#541,#549,#557));
#531 = ORIENTED_EDGE('',*,*,#532,.F.);
#532 = EDGE_CURVE('',#533,#535,#537,.T.);
#533 = VERTEX_POINT('',#534);
#534 = CARTESIAN_POINT('',(-0.91,-5.E-02,-6.99));
#535 = VERTEX_POINT('',#536);
#536 = CARTESIAN_POINT('',(0.91,-5.E-02,-6.99));
#537 = LINE('',#538,#539);
#538 = CARTESIAN_POINT('',(-0.91,-5.E-02,-6.99));
#539 = VECTOR('',#540,1.);
#540 = DIRECTION('',(1.,-2.643487439783E-16,4.765723835101E-16));
#541 = ORIENTED_EDGE('',*,*,#542,.T.);
#542 = EDGE_CURVE('',#533,#543,#545,.T.);
#543 = VERTEX_POINT('',#544);
#544 = CARTESIAN_POINT('',(-0.91,-0.87,-6.99));
#545 = LINE('',#546,#547);
#546 = CARTESIAN_POINT('',(-0.91,-5.E-02,-6.99));
#547 = VECTOR('',#548,1.);
#548 = DIRECTION('',(-0.,-1.,-0.));
#549 = ORIENTED_EDGE('',*,*,#550,.T.);
#550 = EDGE_CURVE('',#543,#551,#553,.T.);
#551 = VERTEX_POINT('',#552);
#552 = CARTESIAN_POINT('',(0.91,-0.87,-6.99));
#553 = LINE('',#554,#555);
#554 = CARTESIAN_POINT('',(-0.91,-0.87,-6.99));
#555 = VECTOR('',#556,1.);
#556 = DIRECTION('',(1.,-2.643487439783E-16,4.765723835101E-16));
#557 = ORIENTED_EDGE('',*,*,#558,.F.);
#558 = EDGE_CURVE('',#535,#551,#559,.T.);
#559 = LINE('',#560,#561);
#560 = CARTESIAN_POINT('',(0.91,-5.E-02,-6.99));
#561 = VECTOR('',#562,1.);
#562 = DIRECTION('',(-0.,-1.,-0.));
#563 = FACE_BOUND('',#564,.T.);
#564 = EDGE_LOOP('',(#565,#573,#581,#587,#588,#596,#604,#612,#620,#628,
    #636,#642));
#565 = ORIENTED_EDGE('',*,*,#566,.F.);
#566 = EDGE_CURVE('',#567,#502,#569,.T.);
#567 = VERTEX_POINT('',#568);
#568 = CARTESIAN_POINT('',(-2.82,-0.87,-6.99));
#569 = LINE('',#570,#571);
#570 = CARTESIAN_POINT('',(-2.82,-0.87,-6.99));
#571 = VECTOR('',#572,1.);
#572 = DIRECTION('',(-1.,-1.44625289795E-16,2.080004167838E-16));
#573 = ORIENTED_EDGE('',*,*,#574,.F.);
#574 = EDGE_CURVE('',#575,#567,#577,.T.);
#575 = VERTEX_POINT('',#576);
#576 = CARTESIAN_POINT('',(-2.82,-5.E-02,-6.99));
#577 = LINE('',#578,#579);
#578 = CARTESIAN_POINT('',(-2.82,-5.E-02,-6.99));
#579 = VECTOR('',#580,1.);
#580 = DIRECTION('',(-0.,-1.,-0.));
#581 = ORIENTED_EDGE('',*,*,#582,.T.);
#582 = EDGE_CURVE('',#575,#478,#583,.T.);
#583 = LINE('',#584,#585);
#584 = CARTESIAN_POINT('',(-2.82,-5.E-02,-6.99));
#585 = VECTOR('',#586,1.);
#586 = DIRECTION('',(-1.,-1.44625289795E-16,2.080004167838E-16));
#587 = ORIENTED_EDGE('',*,*,#477,.F.);
#588 = ORIENTED_EDGE('',*,*,#589,.F.);
#589 = EDGE_CURVE('',#590,#470,#592,.T.);
#590 = VERTEX_POINT('',#591);
#591 = CARTESIAN_POINT('',(6.99,0.,-6.99));
#592 = LINE('',#593,#594);
#593 = CARTESIAN_POINT('',(6.99,0.,-6.99));
#594 = VECTOR('',#595,1.);
#595 = DIRECTION('',(-1.,0.,1.861291283237E-16));
#596 = ORIENTED_EDGE('',*,*,#597,.T.);
#597 = EDGE_CURVE('',#590,#598,#600,.T.);
#598 = VERTEX_POINT('',#599);
#599 = CARTESIAN_POINT('',(6.99,-5.E-02,-6.99));
#600 = LINE('',#601,#602);
#601 = CARTESIAN_POINT('',(6.99,0.,-6.99));
#602 = VECTOR('',#603,1.);
#603 = DIRECTION('',(-0.,-1.,-0.));
#604 = ORIENTED_EDGE('',*,*,#605,.F.);
#605 = EDGE_CURVE('',#606,#598,#608,.T.);
#606 = VERTEX_POINT('',#607);
#607 = CARTESIAN_POINT('',(2.82,-5.E-02,-6.99));
#608 = LINE('',#609,#610);
#609 = CARTESIAN_POINT('',(2.82,-5.E-02,-6.99));
#610 = VECTOR('',#611,1.);
#611 = DIRECTION('',(1.,-1.44625289795E-16,2.080004167838E-16));
#612 = ORIENTED_EDGE('',*,*,#613,.T.);
#613 = EDGE_CURVE('',#606,#614,#616,.T.);
#614 = VERTEX_POINT('',#615);
#615 = CARTESIAN_POINT('',(2.82,-0.87,-6.99));
#616 = LINE('',#617,#618);
#617 = CARTESIAN_POINT('',(2.82,-5.E-02,-6.99));
#618 = VECTOR('',#619,1.);
#619 = DIRECTION('',(-0.,-1.,-0.));
#620 = ORIENTED_EDGE('',*,*,#621,.T.);
#621 = EDGE_CURVE('',#614,#622,#624,.T.);
#622 = VERTEX_POINT('',#623);
#623 = CARTESIAN_POINT('',(6.99,-0.87,-6.99));
#624 = LINE('',#625,#626);
#625 = CARTESIAN_POINT('',(2.82,-0.87,-6.99));
#626 = VECTOR('',#627,1.);
#627 = DIRECTION('',(1.,-1.44625289795E-16,2.080004167838E-16));
#628 = ORIENTED_EDGE('',*,*,#629,.T.);
#629 = EDGE_CURVE('',#622,#630,#632,.T.);
#630 = VERTEX_POINT('',#631);
#631 = CARTESIAN_POINT('',(6.99,-2.3,-6.99));
#632 = LINE('',#633,#634);
#633 = CARTESIAN_POINT('',(6.99,0.,-6.99));
#634 = VECTOR('',#635,1.);
#635 = DIRECTION('',(-0.,-1.,-0.));
#636 = ORIENTED_EDGE('',*,*,#637,.T.);
#637 = EDGE_CURVE('',#630,#510,#638,.T.);
#638 = LINE('',#639,#640);
#639 = CARTESIAN_POINT('',(6.99,-2.3,-6.99));
#640 = VECTOR('',#641,1.);
#641 = DIRECTION('',(-1.,6.204304277456E-17,-3.722582566474E-16));
#642 = ORIENTED_EDGE('',*,*,#509,.F.);
#643 = PLANE('',#644);
#644 = AXIS2_PLACEMENT_3D('',#645,#646,#647);
#645 = CARTESIAN_POINT('',(6.99,0.,-6.99));
#646 = DIRECTION('',(1.861291283237E-16,-0.,1.));
#647 = DIRECTION('',(1.,0.,-1.861291283237E-16));
#648 = ADVANCED_FACE('',(#649),#711,.F.);
#649 = FACE_BOUND('',#650,.T.);
#650 = EDGE_LOOP('',(#651,#659,#667,#673,#674,#680,#681,#689,#697,#703,
    #704,#710));
#651 = ORIENTED_EDGE('',*,*,#652,.T.);
#652 = EDGE_CURVE('',#622,#653,#655,.T.);
#653 = VERTEX_POINT('',#654);
#654 = CARTESIAN_POINT('',(6.99,-0.87,-5.82));
#655 = LINE('',#656,#657);
#656 = CARTESIAN_POINT('',(6.99,-0.87,-6.99));
#657 = VECTOR('',#658,1.);
#658 = DIRECTION('',(0.,1.853337046984E-16,1.));
#659 = ORIENTED_EDGE('',*,*,#660,.F.);
#660 = EDGE_CURVE('',#661,#653,#663,.T.);
#661 = VERTEX_POINT('',#662);
#662 = CARTESIAN_POINT('',(6.99,-5.E-02,-5.82));
#663 = LINE('',#664,#665);
#664 = CARTESIAN_POINT('',(6.99,-5.E-02,-5.82));
#665 = VECTOR('',#666,1.);
#666 = DIRECTION('',(-0.,-1.,-0.));
#667 = ORIENTED_EDGE('',*,*,#668,.F.);
#668 = EDGE_CURVE('',#598,#661,#669,.T.);
#669 = LINE('',#670,#671);
#670 = CARTESIAN_POINT('',(6.99,-5.E-02,-6.99));
#671 = VECTOR('',#672,1.);
#672 = DIRECTION('',(0.,1.853337046984E-16,1.));
#673 = ORIENTED_EDGE('',*,*,#597,.F.);
#674 = ORIENTED_EDGE('',*,*,#675,.F.);
#675 = EDGE_CURVE('',#367,#590,#676,.T.);
#676 = LINE('',#677,#678);
#677 = CARTESIAN_POINT('',(6.99,0.,-6.99));
#678 = VECTOR('',#679,1.);
#679 = DIRECTION('',(-1.861291283237E-16,-0.,-1.));
#680 = ORIENTED_EDGE('',*,*,#366,.T.);
#681 = ORIENTED_EDGE('',*,*,#682,.T.);
#682 = EDGE_CURVE('',#359,#683,#685,.T.);
#683 = VERTEX_POINT('',#684);
#684 = CARTESIAN_POINT('',(6.99,-5.E-02,5.82));
#685 = LINE('',#686,#687);
#686 = CARTESIAN_POINT('',(6.99,-5.E-02,6.99));
#687 = VECTOR('',#688,1.);
#688 = DIRECTION('',(0.,1.853337046984E-16,-1.));
#689 = ORIENTED_EDGE('',*,*,#690,.T.);
#690 = EDGE_CURVE('',#683,#691,#693,.T.);
#691 = VERTEX_POINT('',#692);
#692 = CARTESIAN_POINT('',(6.99,-0.87,5.82));
#693 = LINE('',#694,#695);
#694 = CARTESIAN_POINT('',(6.99,-5.E-02,5.82));
#695 = VECTOR('',#696,1.);
#696 = DIRECTION('',(-0.,-1.,-0.));
#697 = ORIENTED_EDGE('',*,*,#698,.F.);
#698 = EDGE_CURVE('',#335,#691,#699,.T.);
#699 = LINE('',#700,#701);
#700 = CARTESIAN_POINT('',(6.99,-0.87,6.99));
#701 = VECTOR('',#702,1.);
#702 = DIRECTION('',(0.,1.853337046984E-16,-1.));
#703 = ORIENTED_EDGE('',*,*,#334,.T.);
#704 = ORIENTED_EDGE('',*,*,#705,.T.);
#705 = EDGE_CURVE('',#327,#630,#706,.T.);
#706 = LINE('',#707,#708);
#707 = CARTESIAN_POINT('',(6.99,-2.3,-6.99));
#708 = VECTOR('',#709,1.);
#709 = DIRECTION('',(-1.240860855491E-16,6.204304277456E-17,-1.));
#710 = ORIENTED_EDGE('',*,*,#629,.F.);
#711 = PLANE('',#712);
#712 = AXIS2_PLACEMENT_3D('',#713,#714,#715);
#713 = CARTESIAN_POINT('',(6.99,0.,-6.99));
#714 = DIRECTION('',(-1.,0.,1.861291283237E-16));
#715 = DIRECTION('',(1.861291283237E-16,0.,1.));
#716 = ADVANCED_FACE('',(#717),#751,.F.);
#717 = FACE_BOUND('',#718,.T.);
#718 = EDGE_LOOP('',(#719,#729,#737,#745));
#719 = ORIENTED_EDGE('',*,*,#720,.T.);
#720 = EDGE_CURVE('',#721,#723,#725,.T.);
#721 = VERTEX_POINT('',#722);
#722 = CARTESIAN_POINT('',(-3.46,-8.55,5.1));
#723 = VERTEX_POINT('',#724);
#724 = CARTESIAN_POINT('',(-3.46,-8.55,5.3));
#725 = LINE('',#726,#727);
#726 = CARTESIAN_POINT('',(-3.46,-8.55,5.1));
#727 = VECTOR('',#728,1.);
#728 = DIRECTION('',(0.,0.,1.));
#729 = ORIENTED_EDGE('',*,*,#730,.F.);
#730 = EDGE_CURVE('',#731,#723,#733,.T.);
#731 = VERTEX_POINT('',#732);
#732 = CARTESIAN_POINT('',(-3.46,-5.6,5.3));
#733 = LINE('',#734,#735);
#734 = CARTESIAN_POINT('',(-3.46,-5.6,5.3));
#735 = VECTOR('',#736,1.);
#736 = DIRECTION('',(-0.,-1.,-0.));
#737 = ORIENTED_EDGE('',*,*,#738,.F.);
#738 = EDGE_CURVE('',#739,#731,#741,.T.);
#739 = VERTEX_POINT('',#740);
#740 = CARTESIAN_POINT('',(-3.46,-5.6,5.1));
#741 = LINE('',#742,#743);
#742 = CARTESIAN_POINT('',(-3.46,-5.6,5.1));
#743 = VECTOR('',#744,1.);
#744 = DIRECTION('',(0.,0.,1.));
#745 = ORIENTED_EDGE('',*,*,#746,.T.);
#746 = EDGE_CURVE('',#739,#721,#747,.T.);
#747 = LINE('',#748,#749);
#748 = CARTESIAN_POINT('',(-3.46,-5.6,5.1));
#749 = VECTOR('',#750,1.);
#750 = DIRECTION('',(-0.,-1.,-0.));
#751 = PLANE('',#752);
#752 = AXIS2_PLACEMENT_3D('',#753,#754,#755);
#753 = CARTESIAN_POINT('',(-3.46,-5.6,5.1));
#754 = DIRECTION('',(1.,0.,0.));
#755 = DIRECTION('',(0.,0.,-1.));
#756 = ADVANCED_FACE('',(#757),#782,.F.);
#757 = FACE_BOUND('',#758,.T.);
#758 = EDGE_LOOP('',(#759,#767,#775,#781));
#759 = ORIENTED_EDGE('',*,*,#760,.T.);
#760 = EDGE_CURVE('',#723,#761,#763,.T.);
#761 = VERTEX_POINT('',#762);
#762 = CARTESIAN_POINT('',(-2.6,-8.55,5.3));
#763 = LINE('',#764,#765);
#764 = CARTESIAN_POINT('',(-2.6,-8.55,5.3));
#765 = VECTOR('',#766,1.);
#766 = DIRECTION('',(1.,-0.,2.017120320903E-15));
#767 = ORIENTED_EDGE('',*,*,#768,.F.);
#768 = EDGE_CURVE('',#769,#761,#771,.T.);
#769 = VERTEX_POINT('',#770);
#770 = CARTESIAN_POINT('',(-2.6,-5.6,5.3));
#771 = LINE('',#772,#773);
#772 = CARTESIAN_POINT('',(-2.6,-5.6,5.3));
#773 = VECTOR('',#774,1.);
#774 = DIRECTION('',(-0.,-1.,-0.));
#775 = ORIENTED_EDGE('',*,*,#776,.F.);
#776 = EDGE_CURVE('',#731,#769,#777,.T.);
#777 = LINE('',#778,#779);
#778 = CARTESIAN_POINT('',(-2.6,-5.6,5.3));
#779 = VECTOR('',#780,1.);
#780 = DIRECTION('',(1.,-0.,2.017120320903E-15));
#781 = ORIENTED_EDGE('',*,*,#730,.T.);
#782 = PLANE('',#783);
#783 = AXIS2_PLACEMENT_3D('',#784,#785,#786);
#784 = CARTESIAN_POINT('',(-2.6,-5.6,5.3));
#785 = DIRECTION('',(2.017120320903E-15,0.,-1.));
#786 = DIRECTION('',(-1.,0.,-2.017120320903E-15));
#787 = ADVANCED_FACE('',(#788),#813,.F.);
#788 = FACE_BOUND('',#789,.T.);
#789 = EDGE_LOOP('',(#790,#798,#806,#812));
#790 = ORIENTED_EDGE('',*,*,#791,.T.);
#791 = EDGE_CURVE('',#761,#792,#794,.T.);
#792 = VERTEX_POINT('',#793);
#793 = CARTESIAN_POINT('',(-2.6,-8.55,5.1));
#794 = LINE('',#795,#796);
#795 = CARTESIAN_POINT('',(-2.6,-8.55,5.1));
#796 = VECTOR('',#797,1.);
#797 = DIRECTION('',(-0.,-0.,-1.));
#798 = ORIENTED_EDGE('',*,*,#799,.F.);
#799 = EDGE_CURVE('',#800,#792,#802,.T.);
#800 = VERTEX_POINT('',#801);
#801 = CARTESIAN_POINT('',(-2.6,-5.6,5.1));
#802 = LINE('',#803,#804);
#803 = CARTESIAN_POINT('',(-2.6,-5.6,5.1));
#804 = VECTOR('',#805,1.);
#805 = DIRECTION('',(-0.,-1.,-0.));
#806 = ORIENTED_EDGE('',*,*,#807,.F.);
#807 = EDGE_CURVE('',#769,#800,#808,.T.);
#808 = LINE('',#809,#810);
#809 = CARTESIAN_POINT('',(-2.6,-5.6,5.1));
#810 = VECTOR('',#811,1.);
#811 = DIRECTION('',(-0.,-0.,-1.));
#812 = ORIENTED_EDGE('',*,*,#768,.T.);
#813 = PLANE('',#814);
#814 = AXIS2_PLACEMENT_3D('',#815,#816,#817);
#815 = CARTESIAN_POINT('',(-2.6,-5.6,5.1));
#816 = DIRECTION('',(-1.,0.,0.));
#817 = DIRECTION('',(0.,0.,1.));
#818 = ADVANCED_FACE('',(#819),#835,.F.);
#819 = FACE_BOUND('',#820,.T.);
#820 = EDGE_LOOP('',(#821,#827,#828,#834));
#821 = ORIENTED_EDGE('',*,*,#822,.T.);
#822 = EDGE_CURVE('',#792,#721,#823,.T.);
#823 = LINE('',#824,#825);
#824 = CARTESIAN_POINT('',(-2.6,-8.55,5.1));
#825 = VECTOR('',#826,1.);
#826 = DIRECTION('',(-1.,0.,0.));
#827 = ORIENTED_EDGE('',*,*,#746,.F.);
#828 = ORIENTED_EDGE('',*,*,#829,.F.);
#829 = EDGE_CURVE('',#800,#739,#830,.T.);
#830 = LINE('',#831,#832);
#831 = CARTESIAN_POINT('',(-2.6,-5.6,5.1));
#832 = VECTOR('',#833,1.);
#833 = DIRECTION('',(-1.,0.,0.));
#834 = ORIENTED_EDGE('',*,*,#799,.T.);
#835 = PLANE('',#836);
#836 = AXIS2_PLACEMENT_3D('',#837,#838,#839);
#837 = CARTESIAN_POINT('',(-2.6,-5.6,5.1));
#838 = DIRECTION('',(0.,-0.,1.));
#839 = DIRECTION('',(1.,0.,0.));
#840 = ADVANCED_FACE('',(#841,#875,#881,#891,#901,#911),#945,.F.);
#841 = FACE_BOUND('',#842,.T.);
#842 = EDGE_LOOP('',(#843,#853,#861,#869));
#843 = ORIENTED_EDGE('',*,*,#844,.T.);
#844 = EDGE_CURVE('',#845,#847,#849,.T.);
#845 = VERTEX_POINT('',#846);
#846 = CARTESIAN_POINT('',(3.34,-5.6,2.6));
#847 = VERTEX_POINT('',#848);
#848 = CARTESIAN_POINT('',(3.34,-5.6,2.8));
#849 = LINE('',#850,#851);
#850 = CARTESIAN_POINT('',(3.34,-5.6,2.6));
#851 = VECTOR('',#852,1.);
#852 = DIRECTION('',(0.,0.,1.));
#853 = ORIENTED_EDGE('',*,*,#854,.T.);
#854 = EDGE_CURVE('',#847,#855,#857,.T.);
#855 = VERTEX_POINT('',#856);
#856 = CARTESIAN_POINT('',(4.2,-5.6,2.8));
#857 = LINE('',#858,#859);
#858 = CARTESIAN_POINT('',(4.2,-5.6,2.8));
#859 = VECTOR('',#860,1.);
#860 = DIRECTION('',(1.,-0.,0.));
#861 = ORIENTED_EDGE('',*,*,#862,.T.);
#862 = EDGE_CURVE('',#855,#863,#865,.T.);
#863 = VERTEX_POINT('',#864);
#864 = CARTESIAN_POINT('',(4.2,-5.6,2.6));
#865 = LINE('',#866,#867);
#866 = CARTESIAN_POINT('',(4.2,-5.6,2.6));
#867 = VECTOR('',#868,1.);
#868 = DIRECTION('',(-0.,-0.,-1.));
#869 = ORIENTED_EDGE('',*,*,#870,.T.);
#870 = EDGE_CURVE('',#863,#845,#871,.T.);
#871 = LINE('',#872,#873);
#872 = CARTESIAN_POINT('',(4.2,-5.6,2.6));
#873 = VECTOR('',#874,1.);
#874 = DIRECTION('',(-1.,0.,-5.042800802258E-16));
#875 = FACE_BOUND('',#876,.T.);
#876 = EDGE_LOOP('',(#877,#878,#879,#880));
#877 = ORIENTED_EDGE('',*,*,#776,.T.);
#878 = ORIENTED_EDGE('',*,*,#807,.T.);
#879 = ORIENTED_EDGE('',*,*,#829,.T.);
#880 = ORIENTED_EDGE('',*,*,#738,.T.);
#881 = FACE_BOUND('',#882,.T.);
#882 = EDGE_LOOP('',(#883,#890));
#883 = ORIENTED_EDGE('',*,*,#884,.T.);
#884 = EDGE_CURVE('',#279,#277,#885,.T.);
#885 = CIRCLE('',#886,0.8);
#886 = AXIS2_PLACEMENT_3D('',#887,#888,#889);
#887 = CARTESIAN_POINT('',(-4.95,-5.6,-6.828762922874E-16));
#888 = DIRECTION('',(0.,1.,-0.));
#889 = DIRECTION('',(0.,0.,1.));
#890 = ORIENTED_EDGE('',*,*,#276,.T.);
#891 = FACE_BOUND('',#892,.T.);
#892 = EDGE_LOOP('',(#893,#900));
#893 = ORIENTED_EDGE('',*,*,#894,.T.);
#894 = EDGE_CURVE('',#247,#245,#895,.T.);
#895 = CIRCLE('',#896,1.925);
#896 = AXIS2_PLACEMENT_3D('',#897,#898,#899);
#897 = CARTESIAN_POINT('',(3.835680304721E-17,-5.6,3.429011037631E-16));
#898 = DIRECTION('',(0.,1.,-0.));
#899 = DIRECTION('',(0.,0.,1.));
#900 = ORIENTED_EDGE('',*,*,#244,.T.);
#901 = FACE_BOUND('',#902,.T.);
#902 = EDGE_LOOP('',(#903,#910));
#903 = ORIENTED_EDGE('',*,*,#904,.T.);
#904 = EDGE_CURVE('',#215,#213,#905,.T.);
#905 = CIRCLE('',#906,0.8);
#906 = AXIS2_PLACEMENT_3D('',#907,#908,#909);
#907 = CARTESIAN_POINT('',(4.95,-5.6,-6.828762922874E-16));
#908 = DIRECTION('',(0.,1.,-0.));
#909 = DIRECTION('',(0.,0.,1.));
#910 = ORIENTED_EDGE('',*,*,#212,.T.);
#911 = FACE_BOUND('',#912,.T.);
#912 = EDGE_LOOP('',(#913,#923,#931,#939));
#913 = ORIENTED_EDGE('',*,*,#914,.F.);
#914 = EDGE_CURVE('',#915,#917,#919,.T.);
#915 = VERTEX_POINT('',#916);
#916 = CARTESIAN_POINT('',(-6.37,-5.6,6.8));
#917 = VERTEX_POINT('',#918);
#918 = CARTESIAN_POINT('',(6.37,-5.6,6.8));
#919 = LINE('',#920,#921);
#920 = CARTESIAN_POINT('',(6.37,-5.6,6.8));
#921 = VECTOR('',#922,1.);
#922 = DIRECTION('',(1.,-0.,-6.808176907287E-17));
#923 = ORIENTED_EDGE('',*,*,#924,.F.);
#924 = EDGE_CURVE('',#925,#915,#927,.T.);
#925 = VERTEX_POINT('',#926);
#926 = CARTESIAN_POINT('',(-6.37,-5.6,-6.8));
#927 = LINE('',#928,#929);
#928 = CARTESIAN_POINT('',(-6.37,-5.6,-6.8));
#929 = VECTOR('',#930,1.);
#930 = DIRECTION('',(0.,0.,1.));
#931 = ORIENTED_EDGE('',*,*,#932,.F.);
#932 = EDGE_CURVE('',#933,#925,#935,.T.);
#933 = VERTEX_POINT('',#934);
#934 = CARTESIAN_POINT('',(6.37,-5.6,-6.8));
#935 = LINE('',#936,#937);
#936 = CARTESIAN_POINT('',(6.37,-5.6,-6.8));
#937 = VECTOR('',#938,1.);
#938 = DIRECTION('',(-1.,0.,1.361635381457E-16));
#939 = ORIENTED_EDGE('',*,*,#940,.F.);
#940 = EDGE_CURVE('',#917,#933,#941,.T.);
#941 = LINE('',#942,#943);
#942 = CARTESIAN_POINT('',(6.37,-5.6,-6.8));
#943 = VECTOR('',#944,1.);
#944 = DIRECTION('',(-0.,-0.,-1.));
#945 = PLANE('',#946);
#946 = AXIS2_PLACEMENT_3D('',#947,#948,#949);
#947 = CARTESIAN_POINT('',(0.,-5.6,0.));
#948 = DIRECTION('',(0.,1.,-0.));
#949 = DIRECTION('',(0.,0.,1.));
#950 = ADVANCED_FACE('',(#951),#957,.F.);
#951 = FACE_BOUND('',#952,.T.);
#952 = EDGE_LOOP('',(#953,#954,#955,#956));
#953 = ORIENTED_EDGE('',*,*,#760,.F.);
#954 = ORIENTED_EDGE('',*,*,#720,.F.);
#955 = ORIENTED_EDGE('',*,*,#822,.F.);
#956 = ORIENTED_EDGE('',*,*,#791,.F.);
#957 = PLANE('',#958);
#958 = AXIS2_PLACEMENT_3D('',#959,#960,#961);
#959 = CARTESIAN_POINT('',(0.,-8.55,0.));
#960 = DIRECTION('',(0.,1.,-0.));
#961 = DIRECTION('',(0.,0.,1.));
#962 = ADVANCED_FACE('',(#963),#979,.T.);
#963 = FACE_BOUND('',#964,.T.);
#964 = EDGE_LOOP('',(#965,#971,#972,#978));
#965 = ORIENTED_EDGE('',*,*,#966,.T.);
#966 = EDGE_CURVE('',#510,#925,#967,.T.);
#967 = LINE('',#968,#969);
#968 = CARTESIAN_POINT('',(-6.99,-2.3,-6.99));
#969 = VECTOR('',#970,1.);
#970 = DIRECTION('',(0.184353245409,-0.981235015887,5.649534939957E-02)
  );
#971 = ORIENTED_EDGE('',*,*,#924,.T.);
#972 = ORIENTED_EDGE('',*,*,#973,.F.);
#973 = EDGE_CURVE('',#319,#915,#974,.T.);
#974 = LINE('',#975,#976);
#975 = CARTESIAN_POINT('',(-6.99,-2.3,6.99));
#976 = VECTOR('',#977,1.);
#977 = DIRECTION('',(0.184353245409,-0.981235015887,-5.649534939957E-02)
  );
#978 = ORIENTED_EDGE('',*,*,#517,.F.);
#979 = PLANE('',#980);
#980 = AXIS2_PLACEMENT_3D('',#981,#982,#983);
#981 = CARTESIAN_POINT('',(-7.169064429149,-1.346915135173,0.));
#982 = DIRECTION('',(-0.982804690287,-0.184648153933,0.));
#983 = DIRECTION('',(0.184648153933,-0.982804690287,0.));
#984 = ADVANCED_FACE('',(#985),#996,.T.);
#985 = FACE_BOUND('',#986,.T.);
#986 = EDGE_LOOP('',(#987,#988,#989,#995));
#987 = ORIENTED_EDGE('',*,*,#973,.T.);
#988 = ORIENTED_EDGE('',*,*,#914,.T.);
#989 = ORIENTED_EDGE('',*,*,#990,.F.);
#990 = EDGE_CURVE('',#327,#917,#991,.T.);
#991 = LINE('',#992,#993);
#992 = CARTESIAN_POINT('',(6.99,-2.3,6.99));
#993 = VECTOR('',#994,1.);
#994 = DIRECTION('',(-0.184353245409,-0.981235015887,-5.649534939957E-02
    ));
#995 = ORIENTED_EDGE('',*,*,#326,.F.);
#996 = PLANE('',#997);
#997 = AXIS2_PLACEMENT_3D('',#998,#999,#1000);
#998 = CARTESIAN_POINT('',(4.833051016331E-16,-0.408724064396,
    7.098891644777));
#999 = DIRECTION('',(6.796920441867E-17,-5.748056329203E-02,
    0.998346625598));
#1000 = DIRECTION('',(0.,-0.998346625598,-5.748056329203E-02));
#1001 = ADVANCED_FACE('',(#1002),#1013,.T.);
#1002 = FACE_BOUND('',#1003,.T.);
#1003 = EDGE_LOOP('',(#1004,#1010,#1011,#1012));
#1004 = ORIENTED_EDGE('',*,*,#1005,.T.);
#1005 = EDGE_CURVE('',#630,#933,#1006,.T.);
#1006 = LINE('',#1007,#1008);
#1007 = CARTESIAN_POINT('',(6.99,-2.3,-6.99));
#1008 = VECTOR('',#1009,1.);
#1009 = DIRECTION('',(-0.184353245409,-0.981235015887,5.649534939957E-02
    ));
#1010 = ORIENTED_EDGE('',*,*,#932,.T.);
#1011 = ORIENTED_EDGE('',*,*,#966,.F.);
#1012 = ORIENTED_EDGE('',*,*,#637,.F.);
#1013 = PLANE('',#1014);
#1014 = AXIS2_PLACEMENT_3D('',#1015,#1016,#1017);
#1015 = CARTESIAN_POINT('',(-9.666102032661E-16,-0.408724064396,
    -7.098891644777));
#1016 = DIRECTION('',(-1.359384088373E-16,-5.748056329203E-02,
    -0.998346625598));
#1017 = DIRECTION('',(0.,0.998346625598,-5.748056329203E-02));
#1018 = ADVANCED_FACE('',(#1019),#1025,.T.);
#1019 = FACE_BOUND('',#1020,.T.);
#1020 = EDGE_LOOP('',(#1021,#1022,#1023,#1024));
#1021 = ORIENTED_EDGE('',*,*,#990,.T.);
#1022 = ORIENTED_EDGE('',*,*,#940,.T.);
#1023 = ORIENTED_EDGE('',*,*,#1005,.F.);
#1024 = ORIENTED_EDGE('',*,*,#705,.F.);
#1025 = PLANE('',#1026);
#1026 = AXIS2_PLACEMENT_3D('',#1027,#1028,#1029);
#1027 = CARTESIAN_POINT('',(7.169064429149,-1.346915135173,0.));
#1028 = DIRECTION('',(0.982804690287,-0.184648153933,0.));
#1029 = DIRECTION('',(0.184648153933,0.982804690287,0.));
#1030 = ADVANCED_FACE('',(#1031),#1043,.T.);
#1031 = FACE_BOUND('',#1032,.T.);
#1032 = EDGE_LOOP('',(#1033,#1034,#1035,#1036));
#1033 = ORIENTED_EDGE('',*,*,#223,.F.);
#1034 = ORIENTED_EDGE('',*,*,#904,.F.);
#1035 = ORIENTED_EDGE('',*,*,#230,.T.);
#1036 = ORIENTED_EDGE('',*,*,#1037,.T.);
#1037 = EDGE_CURVE('',#98,#106,#1038,.T.);
#1038 = CIRCLE('',#1039,0.8);
#1039 = AXIS2_PLACEMENT_3D('',#1040,#1041,#1042);
#1040 = CARTESIAN_POINT('',(4.95,-7.857179676972,-6.828762922874E-16));
#1041 = DIRECTION('',(-0.,1.,0.));
#1042 = DIRECTION('',(0.,0.,1.));
#1043 = CYLINDRICAL_SURFACE('',#1044,0.8);
#1044 = AXIS2_PLACEMENT_3D('',#1045,#1046,#1047);
#1045 = CARTESIAN_POINT('',(4.95,-5.6,-6.828762922874E-16));
#1046 = DIRECTION('',(-0.,-1.,-0.));
#1047 = DIRECTION('',(0.,0.,-1.));
#1048 = ADVANCED_FACE('',(#1049),#1061,.T.);
#1049 = FACE_BOUND('',#1050,.T.);
#1050 = EDGE_LOOP('',(#1051,#1052,#1053,#1054));
#1051 = ORIENTED_EDGE('',*,*,#255,.F.);
#1052 = ORIENTED_EDGE('',*,*,#894,.F.);
#1053 = ORIENTED_EDGE('',*,*,#262,.T.);
#1054 = ORIENTED_EDGE('',*,*,#1055,.T.);
#1055 = EDGE_CURVE('',#182,#190,#1056,.T.);
#1056 = CIRCLE('',#1057,1.925);
#1057 = AXIS2_PLACEMENT_3D('',#1058,#1059,#1060);
#1058 = CARTESIAN_POINT('',(3.835680304721E-17,-7.857179676972,
    3.429011037631E-16));
#1059 = DIRECTION('',(-0.,1.,0.));
#1060 = DIRECTION('',(0.,0.,1.));
#1061 = CYLINDRICAL_SURFACE('',#1062,1.925);
#1062 = AXIS2_PLACEMENT_3D('',#1063,#1064,#1065);
#1063 = CARTESIAN_POINT('',(3.835680304721E-17,-5.6,3.429011037631E-16)
  );
#1064 = DIRECTION('',(-0.,-1.,-0.));
#1065 = DIRECTION('',(0.,0.,-1.));
#1066 = ADVANCED_FACE('',(#1067),#1079,.T.);
#1067 = FACE_BOUND('',#1068,.T.);
#1068 = EDGE_LOOP('',(#1069,#1070,#1071,#1072));
#1069 = ORIENTED_EDGE('',*,*,#287,.F.);
#1070 = ORIENTED_EDGE('',*,*,#884,.F.);
#1071 = ORIENTED_EDGE('',*,*,#294,.T.);
#1072 = ORIENTED_EDGE('',*,*,#1073,.T.);
#1073 = EDGE_CURVE('',#140,#148,#1074,.T.);
#1074 = CIRCLE('',#1075,0.8);
#1075 = AXIS2_PLACEMENT_3D('',#1076,#1077,#1078);
#1076 = CARTESIAN_POINT('',(-4.95,-7.857179676972,-6.828762922874E-16));
#1077 = DIRECTION('',(-0.,1.,0.));
#1078 = DIRECTION('',(0.,0.,1.));
#1079 = CYLINDRICAL_SURFACE('',#1080,0.8);
#1080 = AXIS2_PLACEMENT_3D('',#1081,#1082,#1083);
#1081 = CARTESIAN_POINT('',(-4.95,-5.6,-6.828762922874E-16));
#1082 = DIRECTION('',(-0.,-1.,-0.));
#1083 = DIRECTION('',(0.,0.,-1.));
#1084 = ADVANCED_FACE('',(#1085),#1110,.F.);
#1085 = FACE_BOUND('',#1086,.T.);
#1086 = EDGE_LOOP('',(#1087,#1097,#1103,#1104));
#1087 = ORIENTED_EDGE('',*,*,#1088,.T.);
#1088 = EDGE_CURVE('',#1089,#1091,#1093,.T.);
#1089 = VERTEX_POINT('',#1090);
#1090 = CARTESIAN_POINT('',(3.34,-8.55,2.6));
#1091 = VERTEX_POINT('',#1092);
#1092 = CARTESIAN_POINT('',(3.34,-8.55,2.8));
#1093 = LINE('',#1094,#1095);
#1094 = CARTESIAN_POINT('',(3.34,-8.55,2.6));
#1095 = VECTOR('',#1096,1.);
#1096 = DIRECTION('',(0.,0.,1.));
#1097 = ORIENTED_EDGE('',*,*,#1098,.F.);
#1098 = EDGE_CURVE('',#847,#1091,#1099,.T.);
#1099 = LINE('',#1100,#1101);
#1100 = CARTESIAN_POINT('',(3.34,-5.6,2.8));
#1101 = VECTOR('',#1102,1.);
#1102 = DIRECTION('',(-0.,-1.,-0.));
#1103 = ORIENTED_EDGE('',*,*,#844,.F.);
#1104 = ORIENTED_EDGE('',*,*,#1105,.T.);
#1105 = EDGE_CURVE('',#845,#1089,#1106,.T.);
#1106 = LINE('',#1107,#1108);
#1107 = CARTESIAN_POINT('',(3.34,-5.6,2.6));
#1108 = VECTOR('',#1109,1.);
#1109 = DIRECTION('',(-0.,-1.,-0.));
#1110 = PLANE('',#1111);
#1111 = AXIS2_PLACEMENT_3D('',#1112,#1113,#1114);
#1112 = CARTESIAN_POINT('',(3.34,-5.6,2.6));
#1113 = DIRECTION('',(1.,0.,0.));
#1114 = DIRECTION('',(0.,0.,-1.));
#1115 = ADVANCED_FACE('',(#1116),#1134,.F.);
#1116 = FACE_BOUND('',#1117,.T.);
#1117 = EDGE_LOOP('',(#1118,#1126,#1132,#1133));
#1118 = ORIENTED_EDGE('',*,*,#1119,.T.);
#1119 = EDGE_CURVE('',#1091,#1120,#1122,.T.);
#1120 = VERTEX_POINT('',#1121);
#1121 = CARTESIAN_POINT('',(4.2,-8.55,2.8));
#1122 = LINE('',#1123,#1124);
#1123 = CARTESIAN_POINT('',(4.2,-8.55,2.8));
#1124 = VECTOR('',#1125,1.);
#1125 = DIRECTION('',(1.,-0.,-0.));
#1126 = ORIENTED_EDGE('',*,*,#1127,.F.);
#1127 = EDGE_CURVE('',#855,#1120,#1128,.T.);
#1128 = LINE('',#1129,#1130);
#1129 = CARTESIAN_POINT('',(4.2,-5.6,2.8));
#1130 = VECTOR('',#1131,1.);
#1131 = DIRECTION('',(-0.,-1.,-0.));
#1132 = ORIENTED_EDGE('',*,*,#854,.F.);
#1133 = ORIENTED_EDGE('',*,*,#1098,.T.);
#1134 = PLANE('',#1135);
#1135 = AXIS2_PLACEMENT_3D('',#1136,#1137,#1138);
#1136 = CARTESIAN_POINT('',(4.2,-5.6,2.8));
#1137 = DIRECTION('',(0.,0.,-1.));
#1138 = DIRECTION('',(-1.,0.,-0.));
#1139 = ADVANCED_FACE('',(#1140),#1158,.F.);
#1140 = FACE_BOUND('',#1141,.T.);
#1141 = EDGE_LOOP('',(#1142,#1150,#1156,#1157));
#1142 = ORIENTED_EDGE('',*,*,#1143,.T.);
#1143 = EDGE_CURVE('',#1120,#1144,#1146,.T.);
#1144 = VERTEX_POINT('',#1145);
#1145 = CARTESIAN_POINT('',(4.2,-8.55,2.6));
#1146 = LINE('',#1147,#1148);
#1147 = CARTESIAN_POINT('',(4.2,-8.55,2.6));
#1148 = VECTOR('',#1149,1.);
#1149 = DIRECTION('',(-0.,-0.,-1.));
#1150 = ORIENTED_EDGE('',*,*,#1151,.F.);
#1151 = EDGE_CURVE('',#863,#1144,#1152,.T.);
#1152 = LINE('',#1153,#1154);
#1153 = CARTESIAN_POINT('',(4.2,-5.6,2.6));
#1154 = VECTOR('',#1155,1.);
#1155 = DIRECTION('',(-0.,-1.,-0.));
#1156 = ORIENTED_EDGE('',*,*,#862,.F.);
#1157 = ORIENTED_EDGE('',*,*,#1127,.T.);
#1158 = PLANE('',#1159);
#1159 = AXIS2_PLACEMENT_3D('',#1160,#1161,#1162);
#1160 = CARTESIAN_POINT('',(4.2,-5.6,2.6));
#1161 = DIRECTION('',(-1.,0.,0.));
#1162 = DIRECTION('',(0.,0.,1.));
#1163 = ADVANCED_FACE('',(#1164),#1175,.F.);
#1164 = FACE_BOUND('',#1165,.T.);
#1165 = EDGE_LOOP('',(#1166,#1172,#1173,#1174));
#1166 = ORIENTED_EDGE('',*,*,#1167,.T.);
#1167 = EDGE_CURVE('',#1144,#1089,#1168,.T.);
#1168 = LINE('',#1169,#1170);
#1169 = CARTESIAN_POINT('',(4.2,-8.55,2.6));
#1170 = VECTOR('',#1171,1.);
#1171 = DIRECTION('',(-1.,0.,-5.042800802258E-16));
#1172 = ORIENTED_EDGE('',*,*,#1105,.F.);
#1173 = ORIENTED_EDGE('',*,*,#870,.F.);
#1174 = ORIENTED_EDGE('',*,*,#1151,.T.);
#1175 = PLANE('',#1176);
#1176 = AXIS2_PLACEMENT_3D('',#1177,#1178,#1179);
#1177 = CARTESIAN_POINT('',(4.2,-5.6,2.6));
#1178 = DIRECTION('',(-5.042800802258E-16,0.,1.));
#1179 = DIRECTION('',(1.,0.,5.042800802258E-16));
#1180 = ADVANCED_FACE('',(#1181),#1191,.F.);
#1181 = FACE_BOUND('',#1182,.T.);
#1182 = EDGE_LOOP('',(#1183,#1190));
#1183 = ORIENTED_EDGE('',*,*,#1184,.T.);
#1184 = EDGE_CURVE('',#89,#87,#1185,.T.);
#1185 = CIRCLE('',#1186,0.4);
#1186 = AXIS2_PLACEMENT_3D('',#1187,#1188,#1189);
#1187 = CARTESIAN_POINT('',(4.95,-8.55,-6.828762922874E-16));
#1188 = DIRECTION('',(-0.,-1.,-5.656953280977E-17));
#1189 = DIRECTION('',(0.,-5.656953280977E-17,1.));
#1190 = ORIENTED_EDGE('',*,*,#86,.T.);
#1191 = PLANE('',#1192);
#1192 = AXIS2_PLACEMENT_3D('',#1193,#1194,#1195);
#1193 = CARTESIAN_POINT('',(4.95,-8.55,-6.828762922874E-16));
#1194 = DIRECTION('',(0.,1.,5.656953280977E-17));
#1195 = DIRECTION('',(0.,-5.656953280977E-17,1.));
#1196 = ADVANCED_FACE('',(#1197),#1207,.F.);
#1197 = FACE_BOUND('',#1198,.T.);
#1198 = EDGE_LOOP('',(#1199,#1206));
#1199 = ORIENTED_EDGE('',*,*,#1200,.T.);
#1200 = EDGE_CURVE('',#173,#171,#1201,.T.);
#1201 = CIRCLE('',#1202,1.525);
#1202 = AXIS2_PLACEMENT_3D('',#1203,#1204,#1205);
#1203 = CARTESIAN_POINT('',(3.835680304721E-17,-8.55,3.429011037631E-16)
  );
#1204 = DIRECTION('',(-1.773578488633E-17,-1.,-5.877849825171E-17));
#1205 = DIRECTION('',(-1.042482800934E-33,-5.877849825171E-17,1.));
#1206 = ORIENTED_EDGE('',*,*,#170,.T.);
#1207 = PLANE('',#1208);
#1208 = AXIS2_PLACEMENT_3D('',#1209,#1210,#1211);
#1209 = CARTESIAN_POINT('',(3.835680304721E-17,-8.55,3.429011037631E-16)
  );
#1210 = DIRECTION('',(1.773578488633E-17,1.,5.877849825171E-17));
#1211 = DIRECTION('',(0.,-5.877849825171E-17,1.));
#1212 = ADVANCED_FACE('',(#1213),#1223,.F.);
#1213 = FACE_BOUND('',#1214,.T.);
#1214 = EDGE_LOOP('',(#1215,#1222));
#1215 = ORIENTED_EDGE('',*,*,#1216,.T.);
#1216 = EDGE_CURVE('',#131,#129,#1217,.T.);
#1217 = CIRCLE('',#1218,0.4);
#1218 = AXIS2_PLACEMENT_3D('',#1219,#1220,#1221);
#1219 = CARTESIAN_POINT('',(-4.95,-8.55,-6.828762922874E-16));
#1220 = DIRECTION('',(-0.,-1.,-5.656953280977E-17));
#1221 = DIRECTION('',(0.,-5.656953280977E-17,1.));
#1222 = ORIENTED_EDGE('',*,*,#128,.T.);
#1223 = PLANE('',#1224);
#1224 = AXIS2_PLACEMENT_3D('',#1225,#1226,#1227);
#1225 = CARTESIAN_POINT('',(-4.95,-8.55,-6.828762922874E-16));
#1226 = DIRECTION('',(0.,1.,5.656953280977E-17));
#1227 = DIRECTION('',(0.,-5.656953280977E-17,1.));
#1228 = ADVANCED_FACE('',(#1229),#1235,.F.);
#1229 = FACE_BOUND('',#1230,.T.);
#1230 = EDGE_LOOP('',(#1231,#1232,#1233,#1234));
#1231 = ORIENTED_EDGE('',*,*,#1119,.F.);
#1232 = ORIENTED_EDGE('',*,*,#1088,.F.);
#1233 = ORIENTED_EDGE('',*,*,#1167,.F.);
#1234 = ORIENTED_EDGE('',*,*,#1143,.F.);
#1235 = PLANE('',#1236);
#1236 = AXIS2_PLACEMENT_3D('',#1237,#1238,#1239);
#1237 = CARTESIAN_POINT('',(0.,-8.55,0.));
#1238 = DIRECTION('',(0.,1.,-0.));
#1239 = DIRECTION('',(0.,0.,1.));
#1240 = ADVANCED_FACE('',(#1241,#1247),#1281,.F.);
#1241 = FACE_BOUND('',#1242,.T.);
#1242 = EDGE_LOOP('',(#1243,#1244,#1245,#1246));
#1243 = ORIENTED_EDGE('',*,*,#469,.T.);
#1244 = ORIENTED_EDGE('',*,*,#374,.T.);
#1245 = ORIENTED_EDGE('',*,*,#675,.T.);
#1246 = ORIENTED_EDGE('',*,*,#589,.T.);
#1247 = FACE_BOUND('',#1248,.T.);
#1248 = EDGE_LOOP('',(#1249,#1259,#1267,#1275));
#1249 = ORIENTED_EDGE('',*,*,#1250,.F.);
#1250 = EDGE_CURVE('',#1251,#1253,#1255,.T.);
#1251 = VERTEX_POINT('',#1252);
#1252 = CARTESIAN_POINT('',(7.29,-8.342863437131E-16,7.29));
#1253 = VERTEX_POINT('',#1254);
#1254 = CARTESIAN_POINT('',(7.29,-8.342863437131E-16,-7.29));
#1255 = LINE('',#1256,#1257);
#1256 = CARTESIAN_POINT('',(7.29,-1.25142951557E-15,-7.29));
#1257 = VECTOR('',#1258,1.);
#1258 = DIRECTION('',(-1.189796622755E-16,-0.,-1.));
#1259 = ORIENTED_EDGE('',*,*,#1260,.F.);
#1260 = EDGE_CURVE('',#1261,#1251,#1263,.T.);
#1261 = VERTEX_POINT('',#1262);
#1262 = CARTESIAN_POINT('',(-7.29,-9.299231320739E-16,7.29));
#1263 = LINE('',#1264,#1265);
#1264 = CARTESIAN_POINT('',(7.29,-1.25142951557E-15,7.29));
#1265 = VECTOR('',#1266,1.);
#1266 = DIRECTION('',(1.,-0.,-1.189796622755E-16));
#1267 = ORIENTED_EDGE('',*,*,#1268,.F.);
#1268 = EDGE_CURVE('',#1269,#1261,#1271,.T.);
#1269 = VERTEX_POINT('',#1270);
#1270 = CARTESIAN_POINT('',(-7.29,-9.299231320739E-16,-7.29));
#1271 = LINE('',#1272,#1273);
#1272 = CARTESIAN_POINT('',(-7.29,-1.25142951557E-15,-7.29));
#1273 = VECTOR('',#1274,1.);
#1274 = DIRECTION('',(1.189796622755E-16,0.,1.));
#1275 = ORIENTED_EDGE('',*,*,#1276,.F.);
#1276 = EDGE_CURVE('',#1253,#1269,#1277,.T.);
#1277 = LINE('',#1278,#1279);
#1278 = CARTESIAN_POINT('',(7.29,-1.25142951557E-15,-7.29));
#1279 = VECTOR('',#1280,1.);
#1280 = DIRECTION('',(-1.,0.,1.189796622755E-16));
#1281 = PLANE('',#1282);
#1282 = AXIS2_PLACEMENT_3D('',#1283,#1284,#1285);
#1283 = CARTESIAN_POINT('',(0.,-1.25142951557E-15,0.));
#1284 = DIRECTION('',(0.,1.,-0.));
#1285 = DIRECTION('',(0.,0.,1.));
#1286 = ADVANCED_FACE('',(#1287),#1312,.F.);
#1287 = FACE_BOUND('',#1288,.T.);
#1288 = EDGE_LOOP('',(#1289,#1297,#1305,#1311));
#1289 = ORIENTED_EDGE('',*,*,#1290,.T.);
#1290 = EDGE_CURVE('',#1251,#1291,#1293,.T.);
#1291 = VERTEX_POINT('',#1292);
#1292 = CARTESIAN_POINT('',(4.935,5.35,5.31));
#1293 = LINE('',#1294,#1295);
#1294 = CARTESIAN_POINT('',(7.29,0.,7.29));
#1295 = VECTOR('',#1296,1.);
#1296 = DIRECTION('',(-0.381585227842,0.866870899769,-0.320823248887));
#1297 = ORIENTED_EDGE('',*,*,#1298,.F.);
#1298 = EDGE_CURVE('',#1299,#1291,#1301,.T.);
#1299 = VERTEX_POINT('',#1300);
#1300 = CARTESIAN_POINT('',(-4.935,5.35,5.31));
#1301 = LINE('',#1302,#1303);
#1302 = CARTESIAN_POINT('',(4.935,5.35,5.31));
#1303 = VECTOR('',#1304,1.);
#1304 = DIRECTION('',(1.,-0.,-0.));
#1305 = ORIENTED_EDGE('',*,*,#1306,.F.);
#1306 = EDGE_CURVE('',#1261,#1299,#1307,.T.);
#1307 = LINE('',#1308,#1309);
#1308 = CARTESIAN_POINT('',(-7.29,0.,7.29));
#1309 = VECTOR('',#1310,1.);
#1310 = DIRECTION('',(0.381585227842,0.866870899769,-0.320823248887));
#1311 = ORIENTED_EDGE('',*,*,#1260,.T.);
#1312 = PLANE('',#1313);
#1313 = AXIS2_PLACEMENT_3D('',#1314,#1315,#1316);
#1314 = CARTESIAN_POINT('',(0.,2.372959078632,6.41178336903));
#1315 = DIRECTION('',(0.,-0.347085974448,-0.937833314796));
#1316 = DIRECTION('',(0.,0.937833314796,-0.347085974448));
#1317 = ADVANCED_FACE('',(#1318),#1336,.F.);
#1318 = FACE_BOUND('',#1319,.T.);
#1319 = EDGE_LOOP('',(#1320,#1321,#1329,#1335));
#1320 = ORIENTED_EDGE('',*,*,#1306,.T.);
#1321 = ORIENTED_EDGE('',*,*,#1322,.F.);
#1322 = EDGE_CURVE('',#1323,#1299,#1325,.T.);
#1323 = VERTEX_POINT('',#1324);
#1324 = CARTESIAN_POINT('',(-4.935,5.35,-5.31));
#1325 = LINE('',#1326,#1327);
#1326 = CARTESIAN_POINT('',(-4.935,5.35,-5.31));
#1327 = VECTOR('',#1328,1.);
#1328 = DIRECTION('',(-4.083624001829E-16,0.,1.));
#1329 = ORIENTED_EDGE('',*,*,#1330,.F.);
#1330 = EDGE_CURVE('',#1269,#1323,#1331,.T.);
#1331 = LINE('',#1332,#1333);
#1332 = CARTESIAN_POINT('',(-7.29,0.,-7.29));
#1333 = VECTOR('',#1334,1.);
#1334 = DIRECTION('',(0.381585227842,0.866870899769,0.320823248887));
#1335 = ORIENTED_EDGE('',*,*,#1268,.T.);
#1336 = PLANE('',#1337);
#1337 = AXIS2_PLACEMENT_3D('',#1338,#1339,#1340);
#1338 = CARTESIAN_POINT('',(-6.106731999699,2.688103525101,
    -2.49375973667E-15));
#1339 = DIRECTION('',(0.915251957312,-0.402881936349,3.7375448606E-16));
#1340 = DIRECTION('',(0.402881936349,0.915251957312,0.));
#1341 = ADVANCED_FACE('',(#1342),#1360,.F.);
#1342 = FACE_BOUND('',#1343,.T.);
#1343 = EDGE_LOOP('',(#1344,#1352,#1358,#1359));
#1344 = ORIENTED_EDGE('',*,*,#1345,.T.);
#1345 = EDGE_CURVE('',#1253,#1346,#1348,.T.);
#1346 = VERTEX_POINT('',#1347);
#1347 = CARTESIAN_POINT('',(4.935,5.35,-5.31));
#1348 = LINE('',#1349,#1350);
#1349 = CARTESIAN_POINT('',(7.29,0.,-7.29));
#1350 = VECTOR('',#1351,1.);
#1351 = DIRECTION('',(-0.381585227842,0.866870899769,0.320823248887));
#1352 = ORIENTED_EDGE('',*,*,#1353,.F.);
#1353 = EDGE_CURVE('',#1291,#1346,#1354,.T.);
#1354 = LINE('',#1355,#1356);
#1355 = CARTESIAN_POINT('',(4.935,5.35,-5.31));
#1356 = VECTOR('',#1357,1.);
#1357 = DIRECTION('',(5.71707360256E-16,-0.,-1.));
#1358 = ORIENTED_EDGE('',*,*,#1290,.F.);
#1359 = ORIENTED_EDGE('',*,*,#1250,.T.);
#1360 = PLANE('',#1361);
#1361 = AXIS2_PLACEMENT_3D('',#1362,#1363,#1364);
#1362 = CARTESIAN_POINT('',(6.106731999699,2.688103525101,
    3.491263631339E-15));
#1363 = DIRECTION('',(-0.915251957312,-0.402881936349,
    -5.232562804839E-16));
#1364 = DIRECTION('',(0.402881936349,-0.915251957312,-4.930380657631E-32
    ));
#1365 = ADVANCED_FACE('',(#1366),#1377,.F.);
#1366 = FACE_BOUND('',#1367,.T.);
#1367 = EDGE_LOOP('',(#1368,#1369,#1375,#1376));
#1368 = ORIENTED_EDGE('',*,*,#1330,.T.);
#1369 = ORIENTED_EDGE('',*,*,#1370,.F.);
#1370 = EDGE_CURVE('',#1346,#1323,#1371,.T.);
#1371 = LINE('',#1372,#1373);
#1372 = CARTESIAN_POINT('',(4.935,5.35,-5.31));
#1373 = VECTOR('',#1374,1.);
#1374 = DIRECTION('',(-1.,0.,-8.787859554087E-17));
#1375 = ORIENTED_EDGE('',*,*,#1345,.F.);
#1376 = ORIENTED_EDGE('',*,*,#1276,.T.);
#1377 = PLANE('',#1378);
#1378 = AXIS2_PLACEMENT_3D('',#1379,#1380,#1381);
#1379 = CARTESIAN_POINT('',(5.634585173827E-16,2.372959078632,
    -6.41178336903));
#1380 = DIRECTION('',(-8.241547455573E-17,-0.347085974448,0.937833314796
    ));
#1381 = DIRECTION('',(3.08148791102E-33,-0.937833314796,-0.347085974448)
  );
#1382 = ADVANCED_FACE('',(#1383,#1389),#1423,.F.);
#1383 = FACE_BOUND('',#1384,.T.);
#1384 = EDGE_LOOP('',(#1385,#1386,#1387,#1388));
#1385 = ORIENTED_EDGE('',*,*,#1370,.T.);
#1386 = ORIENTED_EDGE('',*,*,#1322,.T.);
#1387 = ORIENTED_EDGE('',*,*,#1298,.T.);
#1388 = ORIENTED_EDGE('',*,*,#1353,.T.);
#1389 = FACE_BOUND('',#1390,.T.);
#1390 = EDGE_LOOP('',(#1391,#1401,#1409,#1417));
#1391 = ORIENTED_EDGE('',*,*,#1392,.T.);
#1392 = EDGE_CURVE('',#1393,#1395,#1397,.T.);
#1393 = VERTEX_POINT('',#1394);
#1394 = CARTESIAN_POINT('',(-3.6,5.35,2.78));
#1395 = VERTEX_POINT('',#1396);
#1396 = CARTESIAN_POINT('',(-3.6,5.35,-2.78));
#1397 = LINE('',#1398,#1399);
#1398 = CARTESIAN_POINT('',(-3.6,5.35,2.78));
#1399 = VECTOR('',#1400,1.);
#1400 = DIRECTION('',(7.800015629392E-17,0.,-1.));
#1401 = ORIENTED_EDGE('',*,*,#1402,.T.);
#1402 = EDGE_CURVE('',#1395,#1403,#1405,.T.);
#1403 = VERTEX_POINT('',#1404);
#1404 = CARTESIAN_POINT('',(3.6,5.35,-2.78));
#1405 = LINE('',#1406,#1407);
#1406 = CARTESIAN_POINT('',(3.6,5.35,-2.78));
#1407 = VECTOR('',#1408,1.);
#1408 = DIRECTION('',(1.,0.,4.216341781888E-16));
#1409 = ORIENTED_EDGE('',*,*,#1410,.T.);
#1410 = EDGE_CURVE('',#1403,#1411,#1413,.T.);
#1411 = VERTEX_POINT('',#1412);
#1412 = CARTESIAN_POINT('',(3.6,5.35,2.78));
#1413 = LINE('',#1414,#1415);
#1414 = CARTESIAN_POINT('',(3.6,5.35,2.78));
#1415 = VECTOR('',#1416,1.);
#1416 = DIRECTION('',(-7.800015629392E-17,0.,1.));
#1417 = ORIENTED_EDGE('',*,*,#1418,.T.);
#1418 = EDGE_CURVE('',#1411,#1393,#1419,.T.);
#1419 = LINE('',#1420,#1421);
#1420 = CARTESIAN_POINT('',(3.6,5.35,2.78));
#1421 = VECTOR('',#1422,1.);
#1422 = DIRECTION('',(-1.,0.,-4.216341781888E-16));
#1423 = PLANE('',#1424);
#1424 = AXIS2_PLACEMENT_3D('',#1425,#1426,#1427);
#1425 = CARTESIAN_POINT('',(0.,5.35,0.));
#1426 = DIRECTION('',(0.,-1.,0.));
#1427 = DIRECTION('',(0.,-0.,-1.));
#1428 = ADVANCED_FACE('',(#1429),#1454,.F.);
#1429 = FACE_BOUND('',#1430,.T.);
#1430 = EDGE_LOOP('',(#1431,#1441,#1447,#1448));
#1431 = ORIENTED_EDGE('',*,*,#1432,.T.);
#1432 = EDGE_CURVE('',#1433,#1435,#1437,.T.);
#1433 = VERTEX_POINT('',#1434);
#1434 = CARTESIAN_POINT('',(-3.6,5.68,2.78));
#1435 = VERTEX_POINT('',#1436);
#1436 = CARTESIAN_POINT('',(-3.6,5.68,-2.78));
#1437 = LINE('',#1438,#1439);
#1438 = CARTESIAN_POINT('',(-3.6,5.68,2.78));
#1439 = VECTOR('',#1440,1.);
#1440 = DIRECTION('',(7.800015629392E-17,-1.560003125878E-16,-1.));
#1441 = ORIENTED_EDGE('',*,*,#1442,.F.);
#1442 = EDGE_CURVE('',#1395,#1435,#1443,.T.);
#1443 = LINE('',#1444,#1445);
#1444 = CARTESIAN_POINT('',(-3.6,5.35,-2.78));
#1445 = VECTOR('',#1446,1.);
#1446 = DIRECTION('',(0.,1.,0.));
#1447 = ORIENTED_EDGE('',*,*,#1392,.F.);
#1448 = ORIENTED_EDGE('',*,*,#1449,.T.);
#1449 = EDGE_CURVE('',#1393,#1433,#1450,.T.);
#1450 = LINE('',#1451,#1452);
#1451 = CARTESIAN_POINT('',(-3.6,5.35,2.78));
#1452 = VECTOR('',#1453,1.);
#1453 = DIRECTION('',(0.,1.,0.));
#1454 = PLANE('',#1455);
#1455 = AXIS2_PLACEMENT_3D('',#1456,#1457,#1458);
#1456 = CARTESIAN_POINT('',(-3.6,5.35,2.78));
#1457 = DIRECTION('',(1.,-0.,7.800015629392E-17));
#1458 = DIRECTION('',(7.800015629392E-17,0.,-1.));
#1459 = ADVANCED_FACE('',(#1460),#1478,.F.);
#1460 = FACE_BOUND('',#1461,.T.);
#1461 = EDGE_LOOP('',(#1462,#1470,#1476,#1477));
#1462 = ORIENTED_EDGE('',*,*,#1463,.T.);
#1463 = EDGE_CURVE('',#1435,#1464,#1466,.T.);
#1464 = VERTEX_POINT('',#1465);
#1465 = CARTESIAN_POINT('',(3.6,5.68,-2.78));
#1466 = LINE('',#1467,#1468);
#1467 = CARTESIAN_POINT('',(3.6,5.68,-2.78));
#1468 = VECTOR('',#1469,1.);
#1469 = DIRECTION('',(1.,1.204669080539E-16,4.216341781888E-16));
#1470 = ORIENTED_EDGE('',*,*,#1471,.F.);
#1471 = EDGE_CURVE('',#1403,#1464,#1472,.T.);
#1472 = LINE('',#1473,#1474);
#1473 = CARTESIAN_POINT('',(3.6,5.35,-2.78));
#1474 = VECTOR('',#1475,1.);
#1475 = DIRECTION('',(0.,1.,0.));
#1476 = ORIENTED_EDGE('',*,*,#1402,.F.);
#1477 = ORIENTED_EDGE('',*,*,#1442,.T.);
#1478 = PLANE('',#1479);
#1479 = AXIS2_PLACEMENT_3D('',#1480,#1481,#1482);
#1480 = CARTESIAN_POINT('',(3.6,5.35,-2.78));
#1481 = DIRECTION('',(-4.216341781888E-16,0.,1.));
#1482 = DIRECTION('',(1.,0.,4.216341781888E-16));
#1483 = ADVANCED_FACE('',(#1484),#1502,.F.);
#1484 = FACE_BOUND('',#1485,.T.);
#1485 = EDGE_LOOP('',(#1486,#1494,#1500,#1501));
#1486 = ORIENTED_EDGE('',*,*,#1487,.T.);
#1487 = EDGE_CURVE('',#1464,#1488,#1490,.T.);
#1488 = VERTEX_POINT('',#1489);
#1489 = CARTESIAN_POINT('',(3.6,5.68,2.78));
#1490 = LINE('',#1491,#1492);
#1491 = CARTESIAN_POINT('',(3.6,5.68,2.78));
#1492 = VECTOR('',#1493,1.);
#1493 = DIRECTION('',(-7.800015629392E-17,-1.560003125878E-16,1.));
#1494 = ORIENTED_EDGE('',*,*,#1495,.F.);
#1495 = EDGE_CURVE('',#1411,#1488,#1496,.T.);
#1496 = LINE('',#1497,#1498);
#1497 = CARTESIAN_POINT('',(3.6,5.35,2.78));
#1498 = VECTOR('',#1499,1.);
#1499 = DIRECTION('',(0.,1.,0.));
#1500 = ORIENTED_EDGE('',*,*,#1410,.F.);
#1501 = ORIENTED_EDGE('',*,*,#1471,.T.);
#1502 = PLANE('',#1503);
#1503 = AXIS2_PLACEMENT_3D('',#1504,#1505,#1506);
#1504 = CARTESIAN_POINT('',(3.6,5.35,2.78));
#1505 = DIRECTION('',(-1.,0.,-7.800015629392E-17));
#1506 = DIRECTION('',(-7.800015629392E-17,0.,1.));
#1507 = ADVANCED_FACE('',(#1508),#1519,.F.);
#1508 = FACE_BOUND('',#1509,.T.);
#1509 = EDGE_LOOP('',(#1510,#1516,#1517,#1518));
#1510 = ORIENTED_EDGE('',*,*,#1511,.T.);
#1511 = EDGE_CURVE('',#1488,#1433,#1512,.T.);
#1512 = LINE('',#1513,#1514);
#1513 = CARTESIAN_POINT('',(3.6,5.68,2.78));
#1514 = VECTOR('',#1515,1.);
#1515 = DIRECTION('',(-1.,1.204669080539E-16,-4.216341781888E-16));
#1516 = ORIENTED_EDGE('',*,*,#1449,.F.);
#1517 = ORIENTED_EDGE('',*,*,#1418,.F.);
#1518 = ORIENTED_EDGE('',*,*,#1495,.T.);
#1519 = PLANE('',#1520);
#1520 = AXIS2_PLACEMENT_3D('',#1521,#1522,#1523);
#1521 = CARTESIAN_POINT('',(3.6,5.35,2.78));
#1522 = DIRECTION('',(4.216341781888E-16,0.,-1.));
#1523 = DIRECTION('',(-1.,0.,-4.216341781888E-16));
#1524 = ADVANCED_FACE('',(#1525,#1623),#1629,.F.);
#1525 = FACE_BOUND('',#1526,.T.);
#1526 = EDGE_LOOP('',(#1527,#1537,#1545,#1553,#1561,#1569,#1577,#1585,
    #1593,#1601,#1609,#1617));
#1527 = ORIENTED_EDGE('',*,*,#1528,.F.);
#1528 = EDGE_CURVE('',#1529,#1531,#1533,.T.);
#1529 = VERTEX_POINT('',#1530);
#1530 = CARTESIAN_POINT('',(0.675,5.68,2.25));
#1531 = VERTEX_POINT('',#1532);
#1532 = CARTESIAN_POINT('',(0.675,5.68,0.575));
#1533 = LINE('',#1534,#1535);
#1534 = CARTESIAN_POINT('',(0.675,5.68,2.25));
#1535 = VECTOR('',#1536,1.);
#1536 = DIRECTION('',(0.,0.,-1.));
#1537 = ORIENTED_EDGE('',*,*,#1538,.F.);
#1538 = EDGE_CURVE('',#1539,#1529,#1541,.T.);
#1539 = VERTEX_POINT('',#1540);
#1540 = CARTESIAN_POINT('',(-0.675,5.68,2.25));
#1541 = LINE('',#1542,#1543);
#1542 = CARTESIAN_POINT('',(0.675,5.68,2.25));
#1543 = VECTOR('',#1544,1.);
#1544 = DIRECTION('',(1.,0.,6.424901762877E-16));
#1545 = ORIENTED_EDGE('',*,*,#1546,.F.);
#1546 = EDGE_CURVE('',#1547,#1539,#1549,.T.);
#1547 = VERTEX_POINT('',#1548);
#1548 = CARTESIAN_POINT('',(-0.675,5.68,0.575));
#1549 = LINE('',#1550,#1551);
#1550 = CARTESIAN_POINT('',(-0.675,5.68,0.575));
#1551 = VECTOR('',#1552,1.);
#1552 = DIRECTION('',(-1.941854637287E-16,0.,1.));
#1553 = ORIENTED_EDGE('',*,*,#1554,.F.);
#1554 = EDGE_CURVE('',#1555,#1547,#1557,.T.);
#1555 = VERTEX_POINT('',#1556);
#1556 = CARTESIAN_POINT('',(-2.25,5.68,0.575));
#1557 = LINE('',#1558,#1559);
#1558 = CARTESIAN_POINT('',(-2.25,5.68,0.575));
#1559 = VECTOR('',#1560,1.);
#1560 = DIRECTION('',(1.,0.,5.507058653895E-16));
#1561 = ORIENTED_EDGE('',*,*,#1562,.F.);
#1562 = EDGE_CURVE('',#1563,#1555,#1565,.T.);
#1563 = VERTEX_POINT('',#1564);
#1564 = CARTESIAN_POINT('',(-2.25,5.68,-0.575));
#1565 = LINE('',#1566,#1567);
#1566 = CARTESIAN_POINT('',(-2.25,5.68,-0.575));
#1567 = VECTOR('',#1568,1.);
#1568 = DIRECTION('',(0.,0.,1.));
#1569 = ORIENTED_EDGE('',*,*,#1570,.F.);
#1570 = EDGE_CURVE('',#1571,#1563,#1573,.T.);
#1571 = VERTEX_POINT('',#1572);
#1572 = CARTESIAN_POINT('',(-0.675,5.68,-0.575));
#1573 = LINE('',#1574,#1575);
#1574 = CARTESIAN_POINT('',(-0.675,5.68,-0.575));
#1575 = VECTOR('',#1576,1.);
#1576 = DIRECTION('',(-1.,0.,-5.507058653895E-16));
#1577 = ORIENTED_EDGE('',*,*,#1578,.F.);
#1578 = EDGE_CURVE('',#1579,#1571,#1581,.T.);
#1579 = VERTEX_POINT('',#1580);
#1580 = CARTESIAN_POINT('',(-0.675,5.68,-2.25));
#1581 = LINE('',#1582,#1583);
#1582 = CARTESIAN_POINT('',(-0.675,5.68,-2.25));
#1583 = VECTOR('',#1584,1.);
#1584 = DIRECTION('',(6.472848790958E-17,0.,1.));
#1585 = ORIENTED_EDGE('',*,*,#1586,.F.);
#1586 = EDGE_CURVE('',#1587,#1579,#1589,.T.);
#1587 = VERTEX_POINT('',#1588);
#1588 = CARTESIAN_POINT('',(0.675,5.68,-2.25));
#1589 = LINE('',#1590,#1591);
#1590 = CARTESIAN_POINT('',(0.675,5.68,-2.25));
#1591 = VECTOR('',#1592,1.);
#1592 = DIRECTION('',(-1.,0.,-3.212450881439E-16));
#1593 = ORIENTED_EDGE('',*,*,#1594,.F.);
#1594 = EDGE_CURVE('',#1595,#1587,#1597,.T.);
#1595 = VERTEX_POINT('',#1596);
#1596 = CARTESIAN_POINT('',(0.675,5.68,-0.575));
#1597 = LINE('',#1598,#1599);
#1598 = CARTESIAN_POINT('',(0.675,5.68,-0.575));
#1599 = VECTOR('',#1600,1.);
#1600 = DIRECTION('',(0.,0.,-1.));
#1601 = ORIENTED_EDGE('',*,*,#1602,.F.);
#1602 = EDGE_CURVE('',#1603,#1595,#1605,.T.);
#1603 = VERTEX_POINT('',#1604);
#1604 = CARTESIAN_POINT('',(2.25,5.68,-0.575));
#1605 = LINE('',#1606,#1607);
#1606 = CARTESIAN_POINT('',(2.25,5.68,-0.575));
#1607 = VECTOR('',#1608,1.);
#1608 = DIRECTION('',(-1.,0.,-6.195440985631E-16));
#1609 = ORIENTED_EDGE('',*,*,#1610,.F.);
#1610 = EDGE_CURVE('',#1611,#1603,#1613,.T.);
#1611 = VERTEX_POINT('',#1612);
#1612 = CARTESIAN_POINT('',(2.25,5.68,0.575));
#1613 = LINE('',#1614,#1615);
#1614 = CARTESIAN_POINT('',(2.25,5.68,-0.575));
#1615 = VECTOR('',#1616,1.);
#1616 = DIRECTION('',(7.542275982508E-16,0.,-1.));
#1617 = ORIENTED_EDGE('',*,*,#1618,.F.);
#1618 = EDGE_CURVE('',#1531,#1611,#1619,.T.);
#1619 = LINE('',#1620,#1621);
#1620 = CARTESIAN_POINT('',(0.675,5.68,0.575));
#1621 = VECTOR('',#1622,1.);
#1622 = DIRECTION('',(1.,0.,6.195440985631E-16));
#1623 = FACE_BOUND('',#1624,.T.);
#1624 = EDGE_LOOP('',(#1625,#1626,#1627,#1628));
#1625 = ORIENTED_EDGE('',*,*,#1511,.F.);
#1626 = ORIENTED_EDGE('',*,*,#1487,.F.);
#1627 = ORIENTED_EDGE('',*,*,#1463,.F.);
#1628 = ORIENTED_EDGE('',*,*,#1432,.F.);
#1629 = PLANE('',#1630);
#1630 = AXIS2_PLACEMENT_3D('',#1631,#1632,#1633);
#1631 = CARTESIAN_POINT('',(0.,5.68,0.));
#1632 = DIRECTION('',(0.,-1.,0.));
#1633 = DIRECTION('',(0.,-0.,-1.));
#1634 = ADVANCED_FACE('',(#1635),#1660,.T.);
#1635 = FACE_BOUND('',#1636,.T.);
#1636 = EDGE_LOOP('',(#1637,#1647,#1653,#1654));
#1637 = ORIENTED_EDGE('',*,*,#1638,.F.);
#1638 = EDGE_CURVE('',#1639,#1641,#1643,.T.);
#1639 = VERTEX_POINT('',#1640);
#1640 = CARTESIAN_POINT('',(-0.675,9.3,-2.25));
#1641 = VERTEX_POINT('',#1642);
#1642 = CARTESIAN_POINT('',(-0.675,9.3,-0.575));
#1643 = LINE('',#1644,#1645);
#1644 = CARTESIAN_POINT('',(-0.675,9.3,-2.25));
#1645 = VECTOR('',#1646,1.);
#1646 = DIRECTION('',(6.472848790958E-17,0.,1.));
#1647 = ORIENTED_EDGE('',*,*,#1648,.F.);
#1648 = EDGE_CURVE('',#1579,#1639,#1649,.T.);
#1649 = LINE('',#1650,#1651);
#1650 = CARTESIAN_POINT('',(-0.675,5.68,-2.25));
#1651 = VECTOR('',#1652,1.);
#1652 = DIRECTION('',(0.,1.,0.));
#1653 = ORIENTED_EDGE('',*,*,#1578,.T.);
#1654 = ORIENTED_EDGE('',*,*,#1655,.T.);
#1655 = EDGE_CURVE('',#1571,#1641,#1656,.T.);
#1656 = LINE('',#1657,#1658);
#1657 = CARTESIAN_POINT('',(-0.675,5.68,-0.575));
#1658 = VECTOR('',#1659,1.);
#1659 = DIRECTION('',(0.,1.,0.));
#1660 = PLANE('',#1661);
#1661 = AXIS2_PLACEMENT_3D('',#1662,#1663,#1664);
#1662 = CARTESIAN_POINT('',(-0.675,5.68,-2.25));
#1663 = DIRECTION('',(-1.,0.,6.472848790958E-17));
#1664 = DIRECTION('',(6.472848790958E-17,0.,1.));
#1665 = ADVANCED_FACE('',(#1666),#1684,.T.);
#1666 = FACE_BOUND('',#1667,.T.);
#1667 = EDGE_LOOP('',(#1668,#1676,#1677,#1678));
#1668 = ORIENTED_EDGE('',*,*,#1669,.F.);
#1669 = EDGE_CURVE('',#1641,#1670,#1672,.T.);
#1670 = VERTEX_POINT('',#1671);
#1671 = CARTESIAN_POINT('',(-2.25,9.3,-0.575));
#1672 = LINE('',#1673,#1674);
#1673 = CARTESIAN_POINT('',(-0.675,9.3,-0.575));
#1674 = VECTOR('',#1675,1.);
#1675 = DIRECTION('',(-1.,-5.507058653895E-16,-5.507058653895E-16));
#1676 = ORIENTED_EDGE('',*,*,#1655,.F.);
#1677 = ORIENTED_EDGE('',*,*,#1570,.T.);
#1678 = ORIENTED_EDGE('',*,*,#1679,.T.);
#1679 = EDGE_CURVE('',#1563,#1670,#1680,.T.);
#1680 = LINE('',#1681,#1682);
#1681 = CARTESIAN_POINT('',(-2.25,5.68,-0.575));
#1682 = VECTOR('',#1683,1.);
#1683 = DIRECTION('',(0.,1.,0.));
#1684 = PLANE('',#1685);
#1685 = AXIS2_PLACEMENT_3D('',#1686,#1687,#1688);
#1686 = CARTESIAN_POINT('',(-0.675,5.68,-0.575));
#1687 = DIRECTION('',(5.507058653895E-16,0.,-1.));
#1688 = DIRECTION('',(-1.,0.,-5.507058653895E-16));
#1689 = ADVANCED_FACE('',(#1690),#1708,.T.);
#1690 = FACE_BOUND('',#1691,.T.);
#1691 = EDGE_LOOP('',(#1692,#1700,#1701,#1702));
#1692 = ORIENTED_EDGE('',*,*,#1693,.F.);
#1693 = EDGE_CURVE('',#1670,#1694,#1696,.T.);
#1694 = VERTEX_POINT('',#1695);
#1695 = CARTESIAN_POINT('',(-2.25,9.3,0.575));
#1696 = LINE('',#1697,#1698);
#1697 = CARTESIAN_POINT('',(-2.25,9.3,-0.575));
#1698 = VECTOR('',#1699,1.);
#1699 = DIRECTION('',(0.,0.,1.));
#1700 = ORIENTED_EDGE('',*,*,#1679,.F.);
#1701 = ORIENTED_EDGE('',*,*,#1562,.T.);
#1702 = ORIENTED_EDGE('',*,*,#1703,.T.);
#1703 = EDGE_CURVE('',#1555,#1694,#1704,.T.);
#1704 = LINE('',#1705,#1706);
#1705 = CARTESIAN_POINT('',(-2.25,5.68,0.575));
#1706 = VECTOR('',#1707,1.);
#1707 = DIRECTION('',(0.,1.,0.));
#1708 = PLANE('',#1709);
#1709 = AXIS2_PLACEMENT_3D('',#1710,#1711,#1712);
#1710 = CARTESIAN_POINT('',(-2.25,5.68,-0.575));
#1711 = DIRECTION('',(-1.,0.,0.));
#1712 = DIRECTION('',(0.,0.,1.));
#1713 = ADVANCED_FACE('',(#1714),#1732,.T.);
#1714 = FACE_BOUND('',#1715,.T.);
#1715 = EDGE_LOOP('',(#1716,#1724,#1725,#1726));
#1716 = ORIENTED_EDGE('',*,*,#1717,.F.);
#1717 = EDGE_CURVE('',#1694,#1718,#1720,.T.);
#1718 = VERTEX_POINT('',#1719);
#1719 = CARTESIAN_POINT('',(-0.675,9.3,0.575));
#1720 = LINE('',#1721,#1722);
#1721 = CARTESIAN_POINT('',(-2.25,9.3,0.575));
#1722 = VECTOR('',#1723,1.);
#1723 = DIRECTION('',(1.,0.,5.507058653895E-16));
#1724 = ORIENTED_EDGE('',*,*,#1703,.F.);
#1725 = ORIENTED_EDGE('',*,*,#1554,.T.);
#1726 = ORIENTED_EDGE('',*,*,#1727,.T.);
#1727 = EDGE_CURVE('',#1547,#1718,#1728,.T.);
#1728 = LINE('',#1729,#1730);
#1729 = CARTESIAN_POINT('',(-0.675,5.68,0.575));
#1730 = VECTOR('',#1731,1.);
#1731 = DIRECTION('',(0.,1.,0.));
#1732 = PLANE('',#1733);
#1733 = AXIS2_PLACEMENT_3D('',#1734,#1735,#1736);
#1734 = CARTESIAN_POINT('',(-2.25,5.68,0.575));
#1735 = DIRECTION('',(-5.507058653895E-16,0.,1.));
#1736 = DIRECTION('',(1.,0.,5.507058653895E-16));
#1737 = ADVANCED_FACE('',(#1738),#1756,.T.);
#1738 = FACE_BOUND('',#1739,.T.);
#1739 = EDGE_LOOP('',(#1740,#1748,#1749,#1750));
#1740 = ORIENTED_EDGE('',*,*,#1741,.F.);
#1741 = EDGE_CURVE('',#1718,#1742,#1744,.T.);
#1742 = VERTEX_POINT('',#1743);
#1743 = CARTESIAN_POINT('',(-0.675,9.3,2.25));
#1744 = LINE('',#1745,#1746);
#1745 = CARTESIAN_POINT('',(-0.675,9.3,0.575));
#1746 = VECTOR('',#1747,1.);
#1747 = DIRECTION('',(-1.941854637287E-16,0.,1.));
#1748 = ORIENTED_EDGE('',*,*,#1727,.F.);
#1749 = ORIENTED_EDGE('',*,*,#1546,.T.);
#1750 = ORIENTED_EDGE('',*,*,#1751,.T.);
#1751 = EDGE_CURVE('',#1539,#1742,#1752,.T.);
#1752 = LINE('',#1753,#1754);
#1753 = CARTESIAN_POINT('',(-0.675,5.68,2.25));
#1754 = VECTOR('',#1755,1.);
#1755 = DIRECTION('',(0.,1.,0.));
#1756 = PLANE('',#1757);
#1757 = AXIS2_PLACEMENT_3D('',#1758,#1759,#1760);
#1758 = CARTESIAN_POINT('',(-0.675,5.68,0.575));
#1759 = DIRECTION('',(-1.,0.,-1.941854637287E-16));
#1760 = DIRECTION('',(-1.941854637287E-16,0.,1.));
#1761 = ADVANCED_FACE('',(#1762),#1780,.T.);
#1762 = FACE_BOUND('',#1763,.T.);
#1763 = EDGE_LOOP('',(#1764,#1772,#1773,#1774));
#1764 = ORIENTED_EDGE('',*,*,#1765,.F.);
#1765 = EDGE_CURVE('',#1742,#1766,#1768,.T.);
#1766 = VERTEX_POINT('',#1767);
#1767 = CARTESIAN_POINT('',(0.675,9.3,2.25));
#1768 = LINE('',#1769,#1770);
#1769 = CARTESIAN_POINT('',(0.675,9.3,2.25));
#1770 = VECTOR('',#1771,1.);
#1771 = DIRECTION('',(1.,-0.,6.424901762877E-16));
#1772 = ORIENTED_EDGE('',*,*,#1751,.F.);
#1773 = ORIENTED_EDGE('',*,*,#1538,.T.);
#1774 = ORIENTED_EDGE('',*,*,#1775,.T.);
#1775 = EDGE_CURVE('',#1529,#1766,#1776,.T.);
#1776 = LINE('',#1777,#1778);
#1777 = CARTESIAN_POINT('',(0.675,5.68,2.25));
#1778 = VECTOR('',#1779,1.);
#1779 = DIRECTION('',(0.,1.,0.));
#1780 = PLANE('',#1781);
#1781 = AXIS2_PLACEMENT_3D('',#1782,#1783,#1784);
#1782 = CARTESIAN_POINT('',(0.675,5.68,2.25));
#1783 = DIRECTION('',(-6.424901762877E-16,0.,1.));
#1784 = DIRECTION('',(1.,0.,6.424901762877E-16));
#1785 = ADVANCED_FACE('',(#1786),#1804,.T.);
#1786 = FACE_BOUND('',#1787,.T.);
#1787 = EDGE_LOOP('',(#1788,#1796,#1797,#1798));
#1788 = ORIENTED_EDGE('',*,*,#1789,.F.);
#1789 = EDGE_CURVE('',#1766,#1790,#1792,.T.);
#1790 = VERTEX_POINT('',#1791);
#1791 = CARTESIAN_POINT('',(0.675,9.3,0.575));
#1792 = LINE('',#1793,#1794);
#1793 = CARTESIAN_POINT('',(0.675,9.3,2.25));
#1794 = VECTOR('',#1795,1.);
#1795 = DIRECTION('',(0.,5.178279032767E-16,-1.));
#1796 = ORIENTED_EDGE('',*,*,#1775,.F.);
#1797 = ORIENTED_EDGE('',*,*,#1528,.T.);
#1798 = ORIENTED_EDGE('',*,*,#1799,.T.);
#1799 = EDGE_CURVE('',#1531,#1790,#1800,.T.);
#1800 = LINE('',#1801,#1802);
#1801 = CARTESIAN_POINT('',(0.675,5.68,0.575));
#1802 = VECTOR('',#1803,1.);
#1803 = DIRECTION('',(0.,1.,0.));
#1804 = PLANE('',#1805);
#1805 = AXIS2_PLACEMENT_3D('',#1806,#1807,#1808);
#1806 = CARTESIAN_POINT('',(0.675,5.68,2.25));
#1807 = DIRECTION('',(1.,-0.,0.));
#1808 = DIRECTION('',(0.,0.,-1.));
#1809 = ADVANCED_FACE('',(#1810),#1828,.T.);
#1810 = FACE_BOUND('',#1811,.T.);
#1811 = EDGE_LOOP('',(#1812,#1820,#1821,#1822));
#1812 = ORIENTED_EDGE('',*,*,#1813,.F.);
#1813 = EDGE_CURVE('',#1790,#1814,#1816,.T.);
#1814 = VERTEX_POINT('',#1815);
#1815 = CARTESIAN_POINT('',(2.25,9.3,0.575));
#1816 = LINE('',#1817,#1818);
#1817 = CARTESIAN_POINT('',(0.675,9.3,0.575));
#1818 = VECTOR('',#1819,1.);
#1819 = DIRECTION('',(1.,0.,6.195440985631E-16));
#1820 = ORIENTED_EDGE('',*,*,#1799,.F.);
#1821 = ORIENTED_EDGE('',*,*,#1618,.T.);
#1822 = ORIENTED_EDGE('',*,*,#1823,.T.);
#1823 = EDGE_CURVE('',#1611,#1814,#1824,.T.);
#1824 = LINE('',#1825,#1826);
#1825 = CARTESIAN_POINT('',(2.25,5.68,0.575));
#1826 = VECTOR('',#1827,1.);
#1827 = DIRECTION('',(0.,1.,0.));
#1828 = PLANE('',#1829);
#1829 = AXIS2_PLACEMENT_3D('',#1830,#1831,#1832);
#1830 = CARTESIAN_POINT('',(0.675,5.68,0.575));
#1831 = DIRECTION('',(-6.195440985631E-16,0.,1.));
#1832 = DIRECTION('',(1.,0.,6.195440985631E-16));
#1833 = ADVANCED_FACE('',(#1834),#1852,.T.);
#1834 = FACE_BOUND('',#1835,.T.);
#1835 = EDGE_LOOP('',(#1836,#1844,#1845,#1846));
#1836 = ORIENTED_EDGE('',*,*,#1837,.F.);
#1837 = EDGE_CURVE('',#1814,#1838,#1840,.T.);
#1838 = VERTEX_POINT('',#1839);
#1839 = CARTESIAN_POINT('',(2.25,9.3,-0.575));
#1840 = LINE('',#1841,#1842);
#1841 = CARTESIAN_POINT('',(2.25,9.3,-0.575));
#1842 = VECTOR('',#1843,1.);
#1843 = DIRECTION('',(7.542275982508E-16,-7.542275982508E-16,-1.));
#1844 = ORIENTED_EDGE('',*,*,#1823,.F.);
#1845 = ORIENTED_EDGE('',*,*,#1610,.T.);
#1846 = ORIENTED_EDGE('',*,*,#1847,.T.);
#1847 = EDGE_CURVE('',#1603,#1838,#1848,.T.);
#1848 = LINE('',#1849,#1850);
#1849 = CARTESIAN_POINT('',(2.25,5.68,-0.575));
#1850 = VECTOR('',#1851,1.);
#1851 = DIRECTION('',(0.,1.,0.));
#1852 = PLANE('',#1853);
#1853 = AXIS2_PLACEMENT_3D('',#1854,#1855,#1856);
#1854 = CARTESIAN_POINT('',(2.25,5.68,-0.575));
#1855 = DIRECTION('',(1.,-0.,7.542275982508E-16));
#1856 = DIRECTION('',(7.542275982508E-16,0.,-1.));
#1857 = ADVANCED_FACE('',(#1858),#1876,.T.);
#1858 = FACE_BOUND('',#1859,.T.);
#1859 = EDGE_LOOP('',(#1860,#1868,#1869,#1870));
#1860 = ORIENTED_EDGE('',*,*,#1861,.F.);
#1861 = EDGE_CURVE('',#1838,#1862,#1864,.T.);
#1862 = VERTEX_POINT('',#1863);
#1863 = CARTESIAN_POINT('',(0.675,9.3,-0.575));
#1864 = LINE('',#1865,#1866);
#1865 = CARTESIAN_POINT('',(2.25,9.3,-0.575));
#1866 = VECTOR('',#1867,1.);
#1867 = DIRECTION('',(-1.,5.507058653895E-16,-6.195440985631E-16));
#1868 = ORIENTED_EDGE('',*,*,#1847,.F.);
#1869 = ORIENTED_EDGE('',*,*,#1602,.T.);
#1870 = ORIENTED_EDGE('',*,*,#1871,.T.);
#1871 = EDGE_CURVE('',#1595,#1862,#1872,.T.);
#1872 = LINE('',#1873,#1874);
#1873 = CARTESIAN_POINT('',(0.675,5.68,-0.575));
#1874 = VECTOR('',#1875,1.);
#1875 = DIRECTION('',(0.,1.,0.));
#1876 = PLANE('',#1877);
#1877 = AXIS2_PLACEMENT_3D('',#1878,#1879,#1880);
#1878 = CARTESIAN_POINT('',(2.25,5.68,-0.575));
#1879 = DIRECTION('',(6.195440985631E-16,0.,-1.));
#1880 = DIRECTION('',(-1.,0.,-6.195440985631E-16));
#1881 = ADVANCED_FACE('',(#1882),#1900,.T.);
#1882 = FACE_BOUND('',#1883,.T.);
#1883 = EDGE_LOOP('',(#1884,#1892,#1893,#1894));
#1884 = ORIENTED_EDGE('',*,*,#1885,.F.);
#1885 = EDGE_CURVE('',#1862,#1886,#1888,.T.);
#1886 = VERTEX_POINT('',#1887);
#1887 = CARTESIAN_POINT('',(0.675,9.3,-2.25));
#1888 = LINE('',#1889,#1890);
#1889 = CARTESIAN_POINT('',(0.675,9.3,-0.575));
#1890 = VECTOR('',#1891,1.);
#1891 = DIRECTION('',(0.,0.,-1.));
#1892 = ORIENTED_EDGE('',*,*,#1871,.F.);
#1893 = ORIENTED_EDGE('',*,*,#1594,.T.);
#1894 = ORIENTED_EDGE('',*,*,#1895,.T.);
#1895 = EDGE_CURVE('',#1587,#1886,#1896,.T.);
#1896 = LINE('',#1897,#1898);
#1897 = CARTESIAN_POINT('',(0.675,5.68,-2.25));
#1898 = VECTOR('',#1899,1.);
#1899 = DIRECTION('',(0.,1.,0.));
#1900 = PLANE('',#1901);
#1901 = AXIS2_PLACEMENT_3D('',#1902,#1903,#1904);
#1902 = CARTESIAN_POINT('',(0.675,5.68,-0.575));
#1903 = DIRECTION('',(1.,-0.,0.));
#1904 = DIRECTION('',(0.,0.,-1.));
#1905 = ADVANCED_FACE('',(#1906),#1917,.T.);
#1906 = FACE_BOUND('',#1907,.T.);
#1907 = EDGE_LOOP('',(#1908,#1914,#1915,#1916));
#1908 = ORIENTED_EDGE('',*,*,#1909,.F.);
#1909 = EDGE_CURVE('',#1886,#1639,#1910,.T.);
#1910 = LINE('',#1911,#1912);
#1911 = CARTESIAN_POINT('',(0.675,9.3,-2.25));
#1912 = VECTOR('',#1913,1.);
#1913 = DIRECTION('',(-1.,0.,-3.212450881439E-16));
#1914 = ORIENTED_EDGE('',*,*,#1895,.F.);
#1915 = ORIENTED_EDGE('',*,*,#1586,.T.);
#1916 = ORIENTED_EDGE('',*,*,#1648,.T.);
#1917 = PLANE('',#1918);
#1918 = AXIS2_PLACEMENT_3D('',#1919,#1920,#1921);
#1919 = CARTESIAN_POINT('',(0.675,5.68,-2.25));
#1920 = DIRECTION('',(3.212450881439E-16,0.,-1.));
#1921 = DIRECTION('',(-1.,0.,-3.212450881439E-16));
#1922 = ADVANCED_FACE('',(#1923),#1937,.T.);
#1923 = FACE_BOUND('',#1924,.T.);
#1924 = EDGE_LOOP('',(#1925,#1926,#1927,#1928,#1929,#1930,#1931,#1932,
    #1933,#1934,#1935,#1936));
#1925 = ORIENTED_EDGE('',*,*,#1669,.T.);
#1926 = ORIENTED_EDGE('',*,*,#1693,.T.);
#1927 = ORIENTED_EDGE('',*,*,#1717,.T.);
#1928 = ORIENTED_EDGE('',*,*,#1741,.T.);
#1929 = ORIENTED_EDGE('',*,*,#1765,.T.);
#1930 = ORIENTED_EDGE('',*,*,#1789,.T.);
#1931 = ORIENTED_EDGE('',*,*,#1813,.T.);
#1932 = ORIENTED_EDGE('',*,*,#1837,.T.);
#1933 = ORIENTED_EDGE('',*,*,#1861,.T.);
#1934 = ORIENTED_EDGE('',*,*,#1885,.T.);
#1935 = ORIENTED_EDGE('',*,*,#1909,.T.);
#1936 = ORIENTED_EDGE('',*,*,#1638,.T.);
#1937 = PLANE('',#1938);
#1938 = AXIS2_PLACEMENT_3D('',#1939,#1940,#1941);
#1939 = CARTESIAN_POINT('',(-5.121564548122E-15,9.3,0.));
#1940 = DIRECTION('',(-5.507058653895E-16,1.,0.));
#1941 = DIRECTION('',(-1.,-5.507058653895E-16,0.));
#1942 = ADVANCED_FACE('',(#1943),#1977,.T.);
#1943 = FACE_BOUND('',#1944,.T.);
#1944 = EDGE_LOOP('',(#1945,#1955,#1963,#1971));
#1945 = ORIENTED_EDGE('',*,*,#1946,.F.);
#1946 = EDGE_CURVE('',#1947,#1949,#1951,.T.);
#1947 = VERTEX_POINT('',#1948);
#1948 = CARTESIAN_POINT('',(7.82,-0.87,5.82));
#1949 = VERTEX_POINT('',#1950);
#1950 = CARTESIAN_POINT('',(7.82,-0.87,7.82));
#1951 = LINE('',#1952,#1953);
#1952 = CARTESIAN_POINT('',(7.82,-0.87,5.82));
#1953 = VECTOR('',#1954,1.);
#1954 = DIRECTION('',(0.,1.118083490376E-16,1.));
#1955 = ORIENTED_EDGE('',*,*,#1956,.F.);
#1956 = EDGE_CURVE('',#1957,#1947,#1959,.T.);
#1957 = VERTEX_POINT('',#1958);
#1958 = CARTESIAN_POINT('',(7.82,-5.E-02,5.82));
#1959 = LINE('',#1960,#1961);
#1960 = CARTESIAN_POINT('',(7.82,-5.E-02,5.82));
#1961 = VECTOR('',#1962,1.);
#1962 = DIRECTION('',(-0.,-1.,-0.));
#1963 = ORIENTED_EDGE('',*,*,#1964,.T.);
#1964 = EDGE_CURVE('',#1957,#1965,#1967,.T.);
#1965 = VERTEX_POINT('',#1966);
#1966 = CARTESIAN_POINT('',(7.82,-5.E-02,7.82));
#1967 = LINE('',#1968,#1969);
#1968 = CARTESIAN_POINT('',(7.82,-5.E-02,5.82));
#1969 = VECTOR('',#1970,1.);
#1970 = DIRECTION('',(0.,1.118083490376E-16,1.));
#1971 = ORIENTED_EDGE('',*,*,#1972,.T.);
#1972 = EDGE_CURVE('',#1965,#1949,#1973,.T.);
#1973 = LINE('',#1974,#1975);
#1974 = CARTESIAN_POINT('',(7.82,-5.E-02,7.82));
#1975 = VECTOR('',#1976,1.);
#1976 = DIRECTION('',(-0.,-1.,-0.));
#1977 = PLANE('',#1978);
#1978 = AXIS2_PLACEMENT_3D('',#1979,#1980,#1981);
#1979 = CARTESIAN_POINT('',(7.82,-5.E-02,5.82));
#1980 = DIRECTION('',(1.,0.,0.));
#1981 = DIRECTION('',(0.,0.,-1.));
#1982 = ADVANCED_FACE('',(#1983),#2008,.T.);
#1983 = FACE_BOUND('',#1984,.T.);
#1984 = EDGE_LOOP('',(#1985,#1993,#1994,#2002));
#1985 = ORIENTED_EDGE('',*,*,#1986,.F.);
#1986 = EDGE_CURVE('',#1949,#1987,#1989,.T.);
#1987 = VERTEX_POINT('',#1988);
#1988 = CARTESIAN_POINT('',(2.82,-0.87,7.82));
#1989 = LINE('',#1990,#1991);
#1990 = CARTESIAN_POINT('',(7.82,-0.87,7.82));
#1991 = VECTOR('',#1992,1.);
#1992 = DIRECTION('',(-1.,-1.219727444046E-16,0.));
#1993 = ORIENTED_EDGE('',*,*,#1972,.F.);
#1994 = ORIENTED_EDGE('',*,*,#1995,.T.);
#1995 = EDGE_CURVE('',#1965,#1996,#1998,.T.);
#1996 = VERTEX_POINT('',#1997);
#1997 = CARTESIAN_POINT('',(2.82,-5.E-02,7.82));
#1998 = LINE('',#1999,#2000);
#1999 = CARTESIAN_POINT('',(7.82,-5.E-02,7.82));
#2000 = VECTOR('',#2001,1.);
#2001 = DIRECTION('',(-1.,-1.219727444046E-16,0.));
#2002 = ORIENTED_EDGE('',*,*,#2003,.T.);
#2003 = EDGE_CURVE('',#1996,#1987,#2004,.T.);
#2004 = LINE('',#2005,#2006);
#2005 = CARTESIAN_POINT('',(2.82,-5.E-02,7.82));
#2006 = VECTOR('',#2007,1.);
#2007 = DIRECTION('',(-0.,-1.,-0.));
#2008 = PLANE('',#2009);
#2009 = AXIS2_PLACEMENT_3D('',#2010,#2011,#2012);
#2010 = CARTESIAN_POINT('',(7.82,-5.E-02,7.82));
#2011 = DIRECTION('',(0.,-0.,1.));
#2012 = DIRECTION('',(1.,0.,0.));
#2013 = ADVANCED_FACE('',(#2014),#2030,.T.);
#2014 = FACE_BOUND('',#2015,.T.);
#2015 = EDGE_LOOP('',(#2016,#2022,#2023,#2029));
#2016 = ORIENTED_EDGE('',*,*,#2017,.F.);
#2017 = EDGE_CURVE('',#1987,#343,#2018,.T.);
#2018 = LINE('',#2019,#2020);
#2019 = CARTESIAN_POINT('',(2.82,-0.87,7.82));
#2020 = VECTOR('',#2021,1.);
#2021 = DIRECTION('',(0.,9.307157203565E-16,-1.));
#2022 = ORIENTED_EDGE('',*,*,#2003,.F.);
#2023 = ORIENTED_EDGE('',*,*,#2024,.T.);
#2024 = EDGE_CURVE('',#1996,#351,#2025,.T.);
#2025 = LINE('',#2026,#2027);
#2026 = CARTESIAN_POINT('',(2.82,-5.E-02,7.82));
#2027 = VECTOR('',#2028,1.);
#2028 = DIRECTION('',(0.,9.307157203565E-16,-1.));
#2029 = ORIENTED_EDGE('',*,*,#350,.T.);
#2030 = PLANE('',#2031);
#2031 = AXIS2_PLACEMENT_3D('',#2032,#2033,#2034);
#2032 = CARTESIAN_POINT('',(2.82,-5.E-02,7.82));
#2033 = DIRECTION('',(-1.,0.,0.));
#2034 = DIRECTION('',(0.,0.,1.));
#2035 = ADVANCED_FACE('',(#2036),#2052,.T.);
#2036 = FACE_BOUND('',#2037,.T.);
#2037 = EDGE_LOOP('',(#2038,#2044,#2045,#2051));
#2038 = ORIENTED_EDGE('',*,*,#2039,.F.);
#2039 = EDGE_CURVE('',#691,#1947,#2040,.T.);
#2040 = LINE('',#2041,#2042);
#2041 = CARTESIAN_POINT('',(6.99,-0.87,5.82));
#2042 = VECTOR('',#2043,1.);
#2043 = DIRECTION('',(1.,0.,0.));
#2044 = ORIENTED_EDGE('',*,*,#690,.F.);
#2045 = ORIENTED_EDGE('',*,*,#2046,.T.);
#2046 = EDGE_CURVE('',#683,#1957,#2047,.T.);
#2047 = LINE('',#2048,#2049);
#2048 = CARTESIAN_POINT('',(6.99,-5.E-02,5.82));
#2049 = VECTOR('',#2050,1.);
#2050 = DIRECTION('',(1.,0.,0.));
#2051 = ORIENTED_EDGE('',*,*,#1956,.T.);
#2052 = PLANE('',#2053);
#2053 = AXIS2_PLACEMENT_3D('',#2054,#2055,#2056);
#2054 = CARTESIAN_POINT('',(6.99,-5.E-02,5.82));
#2055 = DIRECTION('',(0.,0.,-1.));
#2056 = DIRECTION('',(-1.,0.,-0.));
#2057 = ADVANCED_FACE('',(#2058),#2066,.T.);
#2058 = FACE_BOUND('',#2059,.T.);
#2059 = EDGE_LOOP('',(#2060,#2061,#2062,#2063,#2064,#2065));
#2060 = ORIENTED_EDGE('',*,*,#1964,.F.);
#2061 = ORIENTED_EDGE('',*,*,#2046,.F.);
#2062 = ORIENTED_EDGE('',*,*,#682,.F.);
#2063 = ORIENTED_EDGE('',*,*,#358,.F.);
#2064 = ORIENTED_EDGE('',*,*,#2024,.F.);
#2065 = ORIENTED_EDGE('',*,*,#1995,.F.);
#2066 = PLANE('',#2067);
#2067 = AXIS2_PLACEMENT_3D('',#2068,#2069,#2070);
#2068 = CARTESIAN_POINT('',(0.,-5.E-02,0.));
#2069 = DIRECTION('',(0.,1.,-0.));
#2070 = DIRECTION('',(0.,0.,1.));
#2071 = ADVANCED_FACE('',(#2072),#2080,.F.);
#2072 = FACE_BOUND('',#2073,.T.);
#2073 = EDGE_LOOP('',(#2074,#2075,#2076,#2077,#2078,#2079));
#2074 = ORIENTED_EDGE('',*,*,#1946,.T.);
#2075 = ORIENTED_EDGE('',*,*,#1986,.T.);
#2076 = ORIENTED_EDGE('',*,*,#2017,.T.);
#2077 = ORIENTED_EDGE('',*,*,#342,.T.);
#2078 = ORIENTED_EDGE('',*,*,#698,.T.);
#2079 = ORIENTED_EDGE('',*,*,#2039,.T.);
#2080 = PLANE('',#2081);
#2081 = AXIS2_PLACEMENT_3D('',#2082,#2083,#2084);
#2082 = CARTESIAN_POINT('',(0.,-0.87,0.));
#2083 = DIRECTION('',(0.,1.,-0.));
#2084 = DIRECTION('',(0.,0.,1.));
#2085 = ADVANCED_FACE('',(#2086),#2120,.F.);
#2086 = FACE_BOUND('',#2087,.T.);
#2087 = EDGE_LOOP('',(#2088,#2098,#2106,#2114));
#2088 = ORIENTED_EDGE('',*,*,#2089,.T.);
#2089 = EDGE_CURVE('',#2090,#2092,#2094,.T.);
#2090 = VERTEX_POINT('',#2091);
#2091 = CARTESIAN_POINT('',(7.82,-0.87,-5.82));
#2092 = VERTEX_POINT('',#2093);
#2093 = CARTESIAN_POINT('',(7.82,-0.87,-7.82));
#2094 = LINE('',#2095,#2096);
#2095 = CARTESIAN_POINT('',(7.82,-0.87,-5.82));
#2096 = VECTOR('',#2097,1.);
#2097 = DIRECTION('',(0.,1.118083490376E-16,-1.));
#2098 = ORIENTED_EDGE('',*,*,#2099,.F.);
#2099 = EDGE_CURVE('',#2100,#2092,#2102,.T.);
#2100 = VERTEX_POINT('',#2101);
#2101 = CARTESIAN_POINT('',(7.82,-5.E-02,-7.82));
#2102 = LINE('',#2103,#2104);
#2103 = CARTESIAN_POINT('',(7.82,-5.E-02,-7.82));
#2104 = VECTOR('',#2105,1.);
#2105 = DIRECTION('',(-0.,-1.,-0.));
#2106 = ORIENTED_EDGE('',*,*,#2107,.F.);
#2107 = EDGE_CURVE('',#2108,#2100,#2110,.T.);
#2108 = VERTEX_POINT('',#2109);
#2109 = CARTESIAN_POINT('',(7.82,-5.E-02,-5.82));
#2110 = LINE('',#2111,#2112);
#2111 = CARTESIAN_POINT('',(7.82,-5.E-02,-5.82));
#2112 = VECTOR('',#2113,1.);
#2113 = DIRECTION('',(0.,1.118083490376E-16,-1.));
#2114 = ORIENTED_EDGE('',*,*,#2115,.T.);
#2115 = EDGE_CURVE('',#2108,#2090,#2116,.T.);
#2116 = LINE('',#2117,#2118);
#2117 = CARTESIAN_POINT('',(7.82,-5.E-02,-5.82));
#2118 = VECTOR('',#2119,1.);
#2119 = DIRECTION('',(-0.,-1.,-0.));
#2120 = PLANE('',#2121);
#2121 = AXIS2_PLACEMENT_3D('',#2122,#2123,#2124);
#2122 = CARTESIAN_POINT('',(7.82,-5.E-02,-5.82));
#2123 = DIRECTION('',(-1.,0.,0.));
#2124 = DIRECTION('',(0.,0.,1.));
#2125 = ADVANCED_FACE('',(#2126),#2151,.F.);
#2126 = FACE_BOUND('',#2127,.T.);
#2127 = EDGE_LOOP('',(#2128,#2136,#2144,#2150));
#2128 = ORIENTED_EDGE('',*,*,#2129,.T.);
#2129 = EDGE_CURVE('',#2092,#2130,#2132,.T.);
#2130 = VERTEX_POINT('',#2131);
#2131 = CARTESIAN_POINT('',(2.82,-0.87,-7.82));
#2132 = LINE('',#2133,#2134);
#2133 = CARTESIAN_POINT('',(7.82,-0.87,-7.82));
#2134 = VECTOR('',#2135,1.);
#2135 = DIRECTION('',(-1.,-1.219727444046E-16,0.));
#2136 = ORIENTED_EDGE('',*,*,#2137,.F.);
#2137 = EDGE_CURVE('',#2138,#2130,#2140,.T.);
#2138 = VERTEX_POINT('',#2139);
#2139 = CARTESIAN_POINT('',(2.82,-5.E-02,-7.82));
#2140 = LINE('',#2141,#2142);
#2141 = CARTESIAN_POINT('',(2.82,-5.E-02,-7.82));
#2142 = VECTOR('',#2143,1.);
#2143 = DIRECTION('',(-0.,-1.,-0.));
#2144 = ORIENTED_EDGE('',*,*,#2145,.F.);
#2145 = EDGE_CURVE('',#2100,#2138,#2146,.T.);
#2146 = LINE('',#2147,#2148);
#2147 = CARTESIAN_POINT('',(7.82,-5.E-02,-7.82));
#2148 = VECTOR('',#2149,1.);
#2149 = DIRECTION('',(-1.,-1.219727444046E-16,0.));
#2150 = ORIENTED_EDGE('',*,*,#2099,.T.);
#2151 = PLANE('',#2152);
#2152 = AXIS2_PLACEMENT_3D('',#2153,#2154,#2155);
#2153 = CARTESIAN_POINT('',(7.82,-5.E-02,-7.82));
#2154 = DIRECTION('',(0.,-0.,1.));
#2155 = DIRECTION('',(1.,0.,0.));
#2156 = ADVANCED_FACE('',(#2157),#2173,.F.);
#2157 = FACE_BOUND('',#2158,.T.);
#2158 = EDGE_LOOP('',(#2159,#2165,#2166,#2172));
#2159 = ORIENTED_EDGE('',*,*,#2160,.T.);
#2160 = EDGE_CURVE('',#2130,#614,#2161,.T.);
#2161 = LINE('',#2162,#2163);
#2162 = CARTESIAN_POINT('',(2.82,-0.87,-7.82));
#2163 = VECTOR('',#2164,1.);
#2164 = DIRECTION('',(0.,9.307157203565E-16,1.));
#2165 = ORIENTED_EDGE('',*,*,#613,.F.);
#2166 = ORIENTED_EDGE('',*,*,#2167,.F.);
#2167 = EDGE_CURVE('',#2138,#606,#2168,.T.);
#2168 = LINE('',#2169,#2170);
#2169 = CARTESIAN_POINT('',(2.82,-5.E-02,-7.82));
#2170 = VECTOR('',#2171,1.);
#2171 = DIRECTION('',(0.,9.307157203565E-16,1.));
#2172 = ORIENTED_EDGE('',*,*,#2137,.T.);
#2173 = PLANE('',#2174);
#2174 = AXIS2_PLACEMENT_3D('',#2175,#2176,#2177);
#2175 = CARTESIAN_POINT('',(2.82,-5.E-02,-7.82));
#2176 = DIRECTION('',(1.,0.,0.));
#2177 = DIRECTION('',(0.,0.,-1.));
#2178 = ADVANCED_FACE('',(#2179),#2195,.F.);
#2179 = FACE_BOUND('',#2180,.T.);
#2180 = EDGE_LOOP('',(#2181,#2187,#2188,#2194));
#2181 = ORIENTED_EDGE('',*,*,#2182,.T.);
#2182 = EDGE_CURVE('',#653,#2090,#2183,.T.);
#2183 = LINE('',#2184,#2185);
#2184 = CARTESIAN_POINT('',(6.99,-0.87,-5.82));
#2185 = VECTOR('',#2186,1.);
#2186 = DIRECTION('',(1.,0.,0.));
#2187 = ORIENTED_EDGE('',*,*,#2115,.F.);
#2188 = ORIENTED_EDGE('',*,*,#2189,.F.);
#2189 = EDGE_CURVE('',#661,#2108,#2190,.T.);
#2190 = LINE('',#2191,#2192);
#2191 = CARTESIAN_POINT('',(6.99,-5.E-02,-5.82));
#2192 = VECTOR('',#2193,1.);
#2193 = DIRECTION('',(1.,0.,0.));
#2194 = ORIENTED_EDGE('',*,*,#660,.T.);
#2195 = PLANE('',#2196);
#2196 = AXIS2_PLACEMENT_3D('',#2197,#2198,#2199);
#2197 = CARTESIAN_POINT('',(6.99,-5.E-02,-5.82));
#2198 = DIRECTION('',(0.,0.,-1.));
#2199 = DIRECTION('',(-1.,0.,-0.));
#2200 = ADVANCED_FACE('',(#2201),#2209,.T.);
#2201 = FACE_BOUND('',#2202,.T.);
#2202 = EDGE_LOOP('',(#2203,#2204,#2205,#2206,#2207,#2208));
#2203 = ORIENTED_EDGE('',*,*,#2189,.T.);
#2204 = ORIENTED_EDGE('',*,*,#2107,.T.);
#2205 = ORIENTED_EDGE('',*,*,#2145,.T.);
#2206 = ORIENTED_EDGE('',*,*,#2167,.T.);
#2207 = ORIENTED_EDGE('',*,*,#605,.T.);
#2208 = ORIENTED_EDGE('',*,*,#668,.T.);
#2209 = PLANE('',#2210);
#2210 = AXIS2_PLACEMENT_3D('',#2211,#2212,#2213);
#2211 = CARTESIAN_POINT('',(0.,-5.E-02,0.));
#2212 = DIRECTION('',(0.,1.,-0.));
#2213 = DIRECTION('',(0.,0.,1.));
#2214 = ADVANCED_FACE('',(#2215),#2223,.F.);
#2215 = FACE_BOUND('',#2216,.T.);
#2216 = EDGE_LOOP('',(#2217,#2218,#2219,#2220,#2221,#2222));
#2217 = ORIENTED_EDGE('',*,*,#2182,.F.);
#2218 = ORIENTED_EDGE('',*,*,#652,.F.);
#2219 = ORIENTED_EDGE('',*,*,#621,.F.);
#2220 = ORIENTED_EDGE('',*,*,#2160,.F.);
#2221 = ORIENTED_EDGE('',*,*,#2129,.F.);
#2222 = ORIENTED_EDGE('',*,*,#2089,.F.);
#2223 = PLANE('',#2224);
#2224 = AXIS2_PLACEMENT_3D('',#2225,#2226,#2227);
#2225 = CARTESIAN_POINT('',(0.,-0.87,0.));
#2226 = DIRECTION('',(0.,1.,-0.));
#2227 = DIRECTION('',(0.,0.,1.));
#2228 = ADVANCED_FACE('',(#2229),#2254,.T.);
#2229 = FACE_BOUND('',#2230,.T.);
#2230 = EDGE_LOOP('',(#2231,#2239,#2247,#2253));
#2231 = ORIENTED_EDGE('',*,*,#2232,.F.);
#2232 = EDGE_CURVE('',#2233,#551,#2235,.T.);
#2233 = VERTEX_POINT('',#2234);
#2234 = CARTESIAN_POINT('',(0.91,-0.87,-8.165));
#2235 = LINE('',#2236,#2237);
#2236 = CARTESIAN_POINT('',(0.91,-0.87,-8.165));
#2237 = VECTOR('',#2238,1.);
#2238 = DIRECTION('',(0.,-6.343736115607E-17,1.));
#2239 = ORIENTED_EDGE('',*,*,#2240,.F.);
#2240 = EDGE_CURVE('',#2241,#2233,#2243,.T.);
#2241 = VERTEX_POINT('',#2242);
#2242 = CARTESIAN_POINT('',(0.91,-5.E-02,-8.165));
#2243 = LINE('',#2244,#2245);
#2244 = CARTESIAN_POINT('',(0.91,-5.E-02,-8.165));
#2245 = VECTOR('',#2246,1.);
#2246 = DIRECTION('',(-0.,-1.,-0.));
#2247 = ORIENTED_EDGE('',*,*,#2248,.T.);
#2248 = EDGE_CURVE('',#2241,#535,#2249,.T.);
#2249 = LINE('',#2250,#2251);
#2250 = CARTESIAN_POINT('',(0.91,-5.E-02,-8.165));
#2251 = VECTOR('',#2252,1.);
#2252 = DIRECTION('',(0.,-6.343736115607E-17,1.));
#2253 = ORIENTED_EDGE('',*,*,#558,.T.);
#2254 = PLANE('',#2255);
#2255 = AXIS2_PLACEMENT_3D('',#2256,#2257,#2258);
#2256 = CARTESIAN_POINT('',(0.91,-5.E-02,-8.165));
#2257 = DIRECTION('',(1.,0.,-0.));
#2258 = DIRECTION('',(-0.,0.,-1.));
#2259 = ADVANCED_FACE('',(#2260),#2285,.T.);
#2260 = FACE_BOUND('',#2261,.T.);
#2261 = EDGE_LOOP('',(#2262,#2270,#2278,#2284));
#2262 = ORIENTED_EDGE('',*,*,#2263,.F.);
#2263 = EDGE_CURVE('',#2264,#2233,#2266,.T.);
#2264 = VERTEX_POINT('',#2265);
#2265 = CARTESIAN_POINT('',(-0.91,-0.87,-8.165));
#2266 = LINE('',#2267,#2268);
#2267 = CARTESIAN_POINT('',(-0.91,-0.87,-8.165));
#2268 = VECTOR('',#2269,1.);
#2269 = DIRECTION('',(1.,3.723221746173E-17,0.));
#2270 = ORIENTED_EDGE('',*,*,#2271,.F.);
#2271 = EDGE_CURVE('',#2272,#2264,#2274,.T.);
#2272 = VERTEX_POINT('',#2273);
#2273 = CARTESIAN_POINT('',(-0.91,-5.E-02,-8.165));
#2274 = LINE('',#2275,#2276);
#2275 = CARTESIAN_POINT('',(-0.91,-5.E-02,-8.165));
#2276 = VECTOR('',#2277,1.);
#2277 = DIRECTION('',(-0.,-1.,-0.));
#2278 = ORIENTED_EDGE('',*,*,#2279,.T.);
#2279 = EDGE_CURVE('',#2272,#2241,#2280,.T.);
#2280 = LINE('',#2281,#2282);
#2281 = CARTESIAN_POINT('',(-0.91,-5.E-02,-8.165));
#2282 = VECTOR('',#2283,1.);
#2283 = DIRECTION('',(1.,3.723221746173E-17,0.));
#2284 = ORIENTED_EDGE('',*,*,#2240,.T.);
#2285 = PLANE('',#2286);
#2286 = AXIS2_PLACEMENT_3D('',#2287,#2288,#2289);
#2287 = CARTESIAN_POINT('',(-0.91,-5.E-02,-8.165));
#2288 = DIRECTION('',(0.,0.,-1.));
#2289 = DIRECTION('',(-1.,0.,-0.));
#2290 = ADVANCED_FACE('',(#2291),#2307,.T.);
#2291 = FACE_BOUND('',#2292,.T.);
#2292 = EDGE_LOOP('',(#2293,#2299,#2300,#2306));
#2293 = ORIENTED_EDGE('',*,*,#2294,.F.);
#2294 = EDGE_CURVE('',#543,#2264,#2295,.T.);
#2295 = LINE('',#2296,#2297);
#2296 = CARTESIAN_POINT('',(-0.91,-0.87,-6.99));
#2297 = VECTOR('',#2298,1.);
#2298 = DIRECTION('',(0.,-4.036922982659E-16,-1.));
#2299 = ORIENTED_EDGE('',*,*,#542,.F.);
#2300 = ORIENTED_EDGE('',*,*,#2301,.T.);
#2301 = EDGE_CURVE('',#533,#2272,#2302,.T.);
#2302 = LINE('',#2303,#2304);
#2303 = CARTESIAN_POINT('',(-0.91,-5.E-02,-6.99));
#2304 = VECTOR('',#2305,1.);
#2305 = DIRECTION('',(0.,-4.036922982659E-16,-1.));
#2306 = ORIENTED_EDGE('',*,*,#2271,.T.);
#2307 = PLANE('',#2308);
#2308 = AXIS2_PLACEMENT_3D('',#2309,#2310,#2311);
#2309 = CARTESIAN_POINT('',(-0.91,-5.E-02,-6.99));
#2310 = DIRECTION('',(-1.,0.,-0.));
#2311 = DIRECTION('',(0.,0.,1.));
#2312 = ADVANCED_FACE('',(#2313),#2319,.F.);
#2313 = FACE_BOUND('',#2314,.T.);
#2314 = EDGE_LOOP('',(#2315,#2316,#2317,#2318));
#2315 = ORIENTED_EDGE('',*,*,#532,.T.);
#2316 = ORIENTED_EDGE('',*,*,#2248,.F.);
#2317 = ORIENTED_EDGE('',*,*,#2279,.F.);
#2318 = ORIENTED_EDGE('',*,*,#2301,.F.);
#2319 = PLANE('',#2320);
#2320 = AXIS2_PLACEMENT_3D('',#2321,#2322,#2323);
#2321 = CARTESIAN_POINT('',(0.,-5.E-02,0.));
#2322 = DIRECTION('',(0.,-1.,0.));
#2323 = DIRECTION('',(0.,-0.,-1.));
#2324 = ADVANCED_FACE('',(#2325),#2331,.T.);
#2325 = FACE_BOUND('',#2326,.T.);
#2326 = EDGE_LOOP('',(#2327,#2328,#2329,#2330));
#2327 = ORIENTED_EDGE('',*,*,#550,.F.);
#2328 = ORIENTED_EDGE('',*,*,#2294,.T.);
#2329 = ORIENTED_EDGE('',*,*,#2263,.T.);
#2330 = ORIENTED_EDGE('',*,*,#2232,.T.);
#2331 = PLANE('',#2332);
#2332 = AXIS2_PLACEMENT_3D('',#2333,#2334,#2335);
#2333 = CARTESIAN_POINT('',(0.,-0.87,0.));
#2334 = DIRECTION('',(0.,-1.,0.));
#2335 = DIRECTION('',(0.,-0.,-1.));
#2336 = ADVANCED_FACE('',(#2337),#2371,.T.);
#2337 = FACE_BOUND('',#2338,.T.);
#2338 = EDGE_LOOP('',(#2339,#2349,#2357,#2365));
#2339 = ORIENTED_EDGE('',*,*,#2340,.F.);
#2340 = EDGE_CURVE('',#2341,#2343,#2345,.T.);
#2341 = VERTEX_POINT('',#2342);
#2342 = CARTESIAN_POINT('',(-7.82,-0.87,-5.82));
#2343 = VERTEX_POINT('',#2344);
#2344 = CARTESIAN_POINT('',(-7.82,-0.87,-7.82));
#2345 = LINE('',#2346,#2347);
#2346 = CARTESIAN_POINT('',(-7.82,-0.87,-5.82));
#2347 = VECTOR('',#2348,1.);
#2348 = DIRECTION('',(0.,1.118083490376E-16,-1.));
#2349 = ORIENTED_EDGE('',*,*,#2350,.F.);
#2350 = EDGE_CURVE('',#2351,#2341,#2353,.T.);
#2351 = VERTEX_POINT('',#2352);
#2352 = CARTESIAN_POINT('',(-7.82,-5.E-02,-5.82));
#2353 = LINE('',#2354,#2355);
#2354 = CARTESIAN_POINT('',(-7.82,-5.E-02,-5.82));
#2355 = VECTOR('',#2356,1.);
#2356 = DIRECTION('',(-0.,-1.,-0.));
#2357 = ORIENTED_EDGE('',*,*,#2358,.T.);
#2358 = EDGE_CURVE('',#2351,#2359,#2361,.T.);
#2359 = VERTEX_POINT('',#2360);
#2360 = CARTESIAN_POINT('',(-7.82,-5.E-02,-7.82));
#2361 = LINE('',#2362,#2363);
#2362 = CARTESIAN_POINT('',(-7.82,-5.E-02,-5.82));
#2363 = VECTOR('',#2364,1.);
#2364 = DIRECTION('',(0.,1.118083490376E-16,-1.));
#2365 = ORIENTED_EDGE('',*,*,#2366,.T.);
#2366 = EDGE_CURVE('',#2359,#2343,#2367,.T.);
#2367 = LINE('',#2368,#2369);
#2368 = CARTESIAN_POINT('',(-7.82,-5.E-02,-7.82));
#2369 = VECTOR('',#2370,1.);
#2370 = DIRECTION('',(-0.,-1.,-0.));
#2371 = PLANE('',#2372);
#2372 = AXIS2_PLACEMENT_3D('',#2373,#2374,#2375);
#2373 = CARTESIAN_POINT('',(-7.82,-5.E-02,-5.82));
#2374 = DIRECTION('',(-1.,0.,0.));
#2375 = DIRECTION('',(0.,0.,1.));
#2376 = ADVANCED_FACE('',(#2377),#2402,.T.);
#2377 = FACE_BOUND('',#2378,.T.);
#2378 = EDGE_LOOP('',(#2379,#2387,#2388,#2396));
#2379 = ORIENTED_EDGE('',*,*,#2380,.F.);
#2380 = EDGE_CURVE('',#2343,#2381,#2383,.T.);
#2381 = VERTEX_POINT('',#2382);
#2382 = CARTESIAN_POINT('',(-2.82,-0.87,-7.82));
#2383 = LINE('',#2384,#2385);
#2384 = CARTESIAN_POINT('',(-7.82,-0.87,-7.82));
#2385 = VECTOR('',#2386,1.);
#2386 = DIRECTION('',(1.,-1.219727444046E-16,0.));
#2387 = ORIENTED_EDGE('',*,*,#2366,.F.);
#2388 = ORIENTED_EDGE('',*,*,#2389,.T.);
#2389 = EDGE_CURVE('',#2359,#2390,#2392,.T.);
#2390 = VERTEX_POINT('',#2391);
#2391 = CARTESIAN_POINT('',(-2.82,-5.E-02,-7.82));
#2392 = LINE('',#2393,#2394);
#2393 = CARTESIAN_POINT('',(-7.82,-5.E-02,-7.82));
#2394 = VECTOR('',#2395,1.);
#2395 = DIRECTION('',(1.,-1.219727444046E-16,0.));
#2396 = ORIENTED_EDGE('',*,*,#2397,.T.);
#2397 = EDGE_CURVE('',#2390,#2381,#2398,.T.);
#2398 = LINE('',#2399,#2400);
#2399 = CARTESIAN_POINT('',(-2.82,-5.E-02,-7.82));
#2400 = VECTOR('',#2401,1.);
#2401 = DIRECTION('',(-0.,-1.,-0.));
#2402 = PLANE('',#2403);
#2403 = AXIS2_PLACEMENT_3D('',#2404,#2405,#2406);
#2404 = CARTESIAN_POINT('',(-7.82,-5.E-02,-7.82));
#2405 = DIRECTION('',(0.,0.,-1.));
#2406 = DIRECTION('',(-1.,0.,-0.));
#2407 = ADVANCED_FACE('',(#2408),#2424,.T.);
#2408 = FACE_BOUND('',#2409,.T.);
#2409 = EDGE_LOOP('',(#2410,#2416,#2417,#2423));
#2410 = ORIENTED_EDGE('',*,*,#2411,.F.);
#2411 = EDGE_CURVE('',#2381,#567,#2412,.T.);
#2412 = LINE('',#2413,#2414);
#2413 = CARTESIAN_POINT('',(-2.82,-0.87,-7.82));
#2414 = VECTOR('',#2415,1.);
#2415 = DIRECTION('',(0.,9.307157203565E-16,1.));
#2416 = ORIENTED_EDGE('',*,*,#2397,.F.);
#2417 = ORIENTED_EDGE('',*,*,#2418,.T.);
#2418 = EDGE_CURVE('',#2390,#575,#2419,.T.);
#2419 = LINE('',#2420,#2421);
#2420 = CARTESIAN_POINT('',(-2.82,-5.E-02,-7.82));
#2421 = VECTOR('',#2422,1.);
#2422 = DIRECTION('',(0.,9.307157203565E-16,1.));
#2423 = ORIENTED_EDGE('',*,*,#574,.T.);
#2424 = PLANE('',#2425);
#2425 = AXIS2_PLACEMENT_3D('',#2426,#2427,#2428);
#2426 = CARTESIAN_POINT('',(-2.82,-5.E-02,-7.82));
#2427 = DIRECTION('',(1.,0.,0.));
#2428 = DIRECTION('',(0.,0.,-1.));
#2429 = ADVANCED_FACE('',(#2430),#2446,.T.);
#2430 = FACE_BOUND('',#2431,.T.);
#2431 = EDGE_LOOP('',(#2432,#2438,#2439,#2445));
#2432 = ORIENTED_EDGE('',*,*,#2433,.F.);
#2433 = EDGE_CURVE('',#494,#2341,#2434,.T.);
#2434 = LINE('',#2435,#2436);
#2435 = CARTESIAN_POINT('',(-6.99,-0.87,-5.82));
#2436 = VECTOR('',#2437,1.);
#2437 = DIRECTION('',(-1.,0.,0.));
#2438 = ORIENTED_EDGE('',*,*,#493,.F.);
#2439 = ORIENTED_EDGE('',*,*,#2440,.T.);
#2440 = EDGE_CURVE('',#486,#2351,#2441,.T.);
#2441 = LINE('',#2442,#2443);
#2442 = CARTESIAN_POINT('',(-6.99,-5.E-02,-5.82));
#2443 = VECTOR('',#2444,1.);
#2444 = DIRECTION('',(-1.,0.,0.));
#2445 = ORIENTED_EDGE('',*,*,#2350,.T.);
#2446 = PLANE('',#2447);
#2447 = AXIS2_PLACEMENT_3D('',#2448,#2449,#2450);
#2448 = CARTESIAN_POINT('',(-6.99,-5.E-02,-5.82));
#2449 = DIRECTION('',(0.,-0.,1.));
#2450 = DIRECTION('',(1.,0.,0.));
#2451 = ADVANCED_FACE('',(#2452),#2460,.T.);
#2452 = FACE_BOUND('',#2453,.T.);
#2453 = EDGE_LOOP('',(#2454,#2455,#2456,#2457,#2458,#2459));
#2454 = ORIENTED_EDGE('',*,*,#2358,.F.);
#2455 = ORIENTED_EDGE('',*,*,#2440,.F.);
#2456 = ORIENTED_EDGE('',*,*,#485,.F.);
#2457 = ORIENTED_EDGE('',*,*,#582,.F.);
#2458 = ORIENTED_EDGE('',*,*,#2418,.F.);
#2459 = ORIENTED_EDGE('',*,*,#2389,.F.);
#2460 = PLANE('',#2461);
#2461 = AXIS2_PLACEMENT_3D('',#2462,#2463,#2464);
#2462 = CARTESIAN_POINT('',(0.,-5.E-02,0.));
#2463 = DIRECTION('',(0.,1.,-0.));
#2464 = DIRECTION('',(0.,0.,1.));
#2465 = ADVANCED_FACE('',(#2466),#2474,.F.);
#2466 = FACE_BOUND('',#2467,.T.);
#2467 = EDGE_LOOP('',(#2468,#2469,#2470,#2471,#2472,#2473));
#2468 = ORIENTED_EDGE('',*,*,#2340,.T.);
#2469 = ORIENTED_EDGE('',*,*,#2380,.T.);
#2470 = ORIENTED_EDGE('',*,*,#2411,.T.);
#2471 = ORIENTED_EDGE('',*,*,#566,.T.);
#2472 = ORIENTED_EDGE('',*,*,#501,.T.);
#2473 = ORIENTED_EDGE('',*,*,#2433,.T.);
#2474 = PLANE('',#2475);
#2475 = AXIS2_PLACEMENT_3D('',#2476,#2477,#2478);
#2476 = CARTESIAN_POINT('',(0.,-0.87,0.));
#2477 = DIRECTION('',(0.,1.,-0.));
#2478 = DIRECTION('',(0.,0.,1.));
#2479 = ADVANCED_FACE('',(#2480),#2514,.F.);
#2480 = FACE_BOUND('',#2481,.T.);
#2481 = EDGE_LOOP('',(#2482,#2492,#2500,#2508));
#2482 = ORIENTED_EDGE('',*,*,#2483,.T.);
#2483 = EDGE_CURVE('',#2484,#2486,#2488,.T.);
#2484 = VERTEX_POINT('',#2485);
#2485 = CARTESIAN_POINT('',(-7.82,-0.87,5.82));
#2486 = VERTEX_POINT('',#2487);
#2487 = CARTESIAN_POINT('',(-7.82,-0.87,7.82));
#2488 = LINE('',#2489,#2490);
#2489 = CARTESIAN_POINT('',(-7.82,-0.87,5.82));
#2490 = VECTOR('',#2491,1.);
#2491 = DIRECTION('',(0.,1.118083490376E-16,1.));
#2492 = ORIENTED_EDGE('',*,*,#2493,.F.);
#2493 = EDGE_CURVE('',#2494,#2486,#2496,.T.);
#2494 = VERTEX_POINT('',#2495);
#2495 = CARTESIAN_POINT('',(-7.82,-5.E-02,7.82));
#2496 = LINE('',#2497,#2498);
#2497 = CARTESIAN_POINT('',(-7.82,-5.E-02,7.82));
#2498 = VECTOR('',#2499,1.);
#2499 = DIRECTION('',(-0.,-1.,-0.));
#2500 = ORIENTED_EDGE('',*,*,#2501,.F.);
#2501 = EDGE_CURVE('',#2502,#2494,#2504,.T.);
#2502 = VERTEX_POINT('',#2503);
#2503 = CARTESIAN_POINT('',(-7.82,-5.E-02,5.82));
#2504 = LINE('',#2505,#2506);
#2505 = CARTESIAN_POINT('',(-7.82,-5.E-02,5.82));
#2506 = VECTOR('',#2507,1.);
#2507 = DIRECTION('',(0.,1.118083490376E-16,1.));
#2508 = ORIENTED_EDGE('',*,*,#2509,.T.);
#2509 = EDGE_CURVE('',#2502,#2484,#2510,.T.);
#2510 = LINE('',#2511,#2512);
#2511 = CARTESIAN_POINT('',(-7.82,-5.E-02,5.82));
#2512 = VECTOR('',#2513,1.);
#2513 = DIRECTION('',(-0.,-1.,-0.));
#2514 = PLANE('',#2515);
#2515 = AXIS2_PLACEMENT_3D('',#2516,#2517,#2518);
#2516 = CARTESIAN_POINT('',(-7.82,-5.E-02,5.82));
#2517 = DIRECTION('',(1.,0.,0.));
#2518 = DIRECTION('',(0.,0.,-1.));
#2519 = ADVANCED_FACE('',(#2520),#2545,.F.);
#2520 = FACE_BOUND('',#2521,.T.);
#2521 = EDGE_LOOP('',(#2522,#2530,#2538,#2544));
#2522 = ORIENTED_EDGE('',*,*,#2523,.T.);
#2523 = EDGE_CURVE('',#2486,#2524,#2526,.T.);
#2524 = VERTEX_POINT('',#2525);
#2525 = CARTESIAN_POINT('',(-2.82,-0.87,7.82));
#2526 = LINE('',#2527,#2528);
#2527 = CARTESIAN_POINT('',(-7.82,-0.87,7.82));
#2528 = VECTOR('',#2529,1.);
#2529 = DIRECTION('',(1.,-1.219727444046E-16,0.));
#2530 = ORIENTED_EDGE('',*,*,#2531,.F.);
#2531 = EDGE_CURVE('',#2532,#2524,#2534,.T.);
#2532 = VERTEX_POINT('',#2533);
#2533 = CARTESIAN_POINT('',(-2.82,-5.E-02,7.82));
#2534 = LINE('',#2535,#2536);
#2535 = CARTESIAN_POINT('',(-2.82,-5.E-02,7.82));
#2536 = VECTOR('',#2537,1.);
#2537 = DIRECTION('',(-0.,-1.,-0.));
#2538 = ORIENTED_EDGE('',*,*,#2539,.F.);
#2539 = EDGE_CURVE('',#2494,#2532,#2540,.T.);
#2540 = LINE('',#2541,#2542);
#2541 = CARTESIAN_POINT('',(-7.82,-5.E-02,7.82));
#2542 = VECTOR('',#2543,1.);
#2543 = DIRECTION('',(1.,-1.219727444046E-16,0.));
#2544 = ORIENTED_EDGE('',*,*,#2493,.T.);
#2545 = PLANE('',#2546);
#2546 = AXIS2_PLACEMENT_3D('',#2547,#2548,#2549);
#2547 = CARTESIAN_POINT('',(-7.82,-5.E-02,7.82));
#2548 = DIRECTION('',(0.,0.,-1.));
#2549 = DIRECTION('',(-1.,0.,-0.));
#2550 = ADVANCED_FACE('',(#2551),#2567,.F.);
#2551 = FACE_BOUND('',#2552,.T.);
#2552 = EDGE_LOOP('',(#2553,#2559,#2560,#2566));
#2553 = ORIENTED_EDGE('',*,*,#2554,.T.);
#2554 = EDGE_CURVE('',#2524,#309,#2555,.T.);
#2555 = LINE('',#2556,#2557);
#2556 = CARTESIAN_POINT('',(-2.82,-0.87,7.82));
#2557 = VECTOR('',#2558,1.);
#2558 = DIRECTION('',(0.,9.307157203565E-16,-1.));
#2559 = ORIENTED_EDGE('',*,*,#398,.F.);
#2560 = ORIENTED_EDGE('',*,*,#2561,.F.);
#2561 = EDGE_CURVE('',#2532,#391,#2562,.T.);
#2562 = LINE('',#2563,#2564);
#2563 = CARTESIAN_POINT('',(-2.82,-5.E-02,7.82));
#2564 = VECTOR('',#2565,1.);
#2565 = DIRECTION('',(0.,9.307157203565E-16,-1.));
#2566 = ORIENTED_EDGE('',*,*,#2531,.T.);
#2567 = PLANE('',#2568);
#2568 = AXIS2_PLACEMENT_3D('',#2569,#2570,#2571);
#2569 = CARTESIAN_POINT('',(-2.82,-5.E-02,7.82));
#2570 = DIRECTION('',(-1.,0.,0.));
#2571 = DIRECTION('',(0.,0.,1.));
#2572 = ADVANCED_FACE('',(#2573),#2589,.F.);
#2573 = FACE_BOUND('',#2574,.T.);
#2574 = EDGE_LOOP('',(#2575,#2581,#2582,#2588));
#2575 = ORIENTED_EDGE('',*,*,#2576,.T.);
#2576 = EDGE_CURVE('',#447,#2484,#2577,.T.);
#2577 = LINE('',#2578,#2579);
#2578 = CARTESIAN_POINT('',(-6.99,-0.87,5.82));
#2579 = VECTOR('',#2580,1.);
#2580 = DIRECTION('',(-1.,0.,0.));
#2581 = ORIENTED_EDGE('',*,*,#2509,.F.);
#2582 = ORIENTED_EDGE('',*,*,#2583,.F.);
#2583 = EDGE_CURVE('',#455,#2502,#2584,.T.);
#2584 = LINE('',#2585,#2586);
#2585 = CARTESIAN_POINT('',(-6.99,-5.E-02,5.82));
#2586 = VECTOR('',#2587,1.);
#2587 = DIRECTION('',(-1.,0.,0.));
#2588 = ORIENTED_EDGE('',*,*,#454,.T.);
#2589 = PLANE('',#2590);
#2590 = AXIS2_PLACEMENT_3D('',#2591,#2592,#2593);
#2591 = CARTESIAN_POINT('',(-6.99,-5.E-02,5.82));
#2592 = DIRECTION('',(0.,-0.,1.));
#2593 = DIRECTION('',(1.,0.,0.));
#2594 = ADVANCED_FACE('',(#2595),#2603,.T.);
#2595 = FACE_BOUND('',#2596,.T.);
#2596 = EDGE_LOOP('',(#2597,#2598,#2599,#2600,#2601,#2602));
#2597 = ORIENTED_EDGE('',*,*,#2583,.T.);
#2598 = ORIENTED_EDGE('',*,*,#2501,.T.);
#2599 = ORIENTED_EDGE('',*,*,#2539,.T.);
#2600 = ORIENTED_EDGE('',*,*,#2561,.T.);
#2601 = ORIENTED_EDGE('',*,*,#390,.T.);
#2602 = ORIENTED_EDGE('',*,*,#462,.T.);
#2603 = PLANE('',#2604);
#2604 = AXIS2_PLACEMENT_3D('',#2605,#2606,#2607);
#2605 = CARTESIAN_POINT('',(0.,-5.E-02,0.));
#2606 = DIRECTION('',(0.,1.,-0.));
#2607 = DIRECTION('',(0.,0.,1.));
#2608 = ADVANCED_FACE('',(#2609),#2617,.F.);
#2609 = FACE_BOUND('',#2610,.T.);
#2610 = EDGE_LOOP('',(#2611,#2612,#2613,#2614,#2615,#2616));
#2611 = ORIENTED_EDGE('',*,*,#2576,.F.);
#2612 = ORIENTED_EDGE('',*,*,#446,.F.);
#2613 = ORIENTED_EDGE('',*,*,#308,.F.);
#2614 = ORIENTED_EDGE('',*,*,#2554,.F.);
#2615 = ORIENTED_EDGE('',*,*,#2523,.F.);
#2616 = ORIENTED_EDGE('',*,*,#2483,.F.);
#2617 = PLANE('',#2618);
#2618 = AXIS2_PLACEMENT_3D('',#2619,#2620,#2621);
#2619 = CARTESIAN_POINT('',(0.,-0.87,0.));
#2620 = DIRECTION('',(0.,1.,-0.));
#2621 = DIRECTION('',(0.,0.,1.));
#2622 = ADVANCED_FACE('',(#2623),#2648,.F.);
#2623 = FACE_BOUND('',#2624,.T.);
#2624 = EDGE_LOOP('',(#2625,#2633,#2634,#2642));
#2625 = ORIENTED_EDGE('',*,*,#2626,.T.);
#2626 = EDGE_CURVE('',#2627,#425,#2629,.T.);
#2627 = VERTEX_POINT('',#2628);
#2628 = CARTESIAN_POINT('',(0.91,-0.87,8.165));
#2629 = LINE('',#2630,#2631);
#2630 = CARTESIAN_POINT('',(0.91,-0.87,8.165));
#2631 = VECTOR('',#2632,1.);
#2632 = DIRECTION('',(0.,-6.343736115607E-17,-1.));
#2633 = ORIENTED_EDGE('',*,*,#424,.F.);
#2634 = ORIENTED_EDGE('',*,*,#2635,.F.);
#2635 = EDGE_CURVE('',#2636,#417,#2638,.T.);
#2636 = VERTEX_POINT('',#2637);
#2637 = CARTESIAN_POINT('',(0.91,-5.E-02,8.165));
#2638 = LINE('',#2639,#2640);
#2639 = CARTESIAN_POINT('',(0.91,-5.E-02,8.165));
#2640 = VECTOR('',#2641,1.);
#2641 = DIRECTION('',(0.,-6.343736115607E-17,-1.));
#2642 = ORIENTED_EDGE('',*,*,#2643,.T.);
#2643 = EDGE_CURVE('',#2636,#2627,#2644,.T.);
#2644 = LINE('',#2645,#2646);
#2645 = CARTESIAN_POINT('',(0.91,-5.E-02,8.165));
#2646 = VECTOR('',#2647,1.);
#2647 = DIRECTION('',(-0.,-1.,-0.));
#2648 = PLANE('',#2649);
#2649 = AXIS2_PLACEMENT_3D('',#2650,#2651,#2652);
#2650 = CARTESIAN_POINT('',(0.91,-5.E-02,8.165));
#2651 = DIRECTION('',(-1.,0.,-0.));
#2652 = DIRECTION('',(0.,0.,1.));
#2653 = ADVANCED_FACE('',(#2654),#2679,.F.);
#2654 = FACE_BOUND('',#2655,.T.);
#2655 = EDGE_LOOP('',(#2656,#2664,#2665,#2673));
#2656 = ORIENTED_EDGE('',*,*,#2657,.T.);
#2657 = EDGE_CURVE('',#2658,#2627,#2660,.T.);
#2658 = VERTEX_POINT('',#2659);
#2659 = CARTESIAN_POINT('',(-0.91,-0.87,8.165));
#2660 = LINE('',#2661,#2662);
#2661 = CARTESIAN_POINT('',(-0.91,-0.87,8.165));
#2662 = VECTOR('',#2663,1.);
#2663 = DIRECTION('',(1.,3.723221746173E-17,0.));
#2664 = ORIENTED_EDGE('',*,*,#2643,.F.);
#2665 = ORIENTED_EDGE('',*,*,#2666,.F.);
#2666 = EDGE_CURVE('',#2667,#2636,#2669,.T.);
#2667 = VERTEX_POINT('',#2668);
#2668 = CARTESIAN_POINT('',(-0.91,-5.E-02,8.165));
#2669 = LINE('',#2670,#2671);
#2670 = CARTESIAN_POINT('',(-0.91,-5.E-02,8.165));
#2671 = VECTOR('',#2672,1.);
#2672 = DIRECTION('',(1.,3.723221746173E-17,0.));
#2673 = ORIENTED_EDGE('',*,*,#2674,.T.);
#2674 = EDGE_CURVE('',#2667,#2658,#2675,.T.);
#2675 = LINE('',#2676,#2677);
#2676 = CARTESIAN_POINT('',(-0.91,-5.E-02,8.165));
#2677 = VECTOR('',#2678,1.);
#2678 = DIRECTION('',(-0.,-1.,-0.));
#2679 = PLANE('',#2680);
#2680 = AXIS2_PLACEMENT_3D('',#2681,#2682,#2683);
#2681 = CARTESIAN_POINT('',(-0.91,-5.E-02,8.165));
#2682 = DIRECTION('',(0.,0.,-1.));
#2683 = DIRECTION('',(-1.,0.,-0.));
#2684 = ADVANCED_FACE('',(#2685),#2701,.F.);
#2685 = FACE_BOUND('',#2686,.T.);
#2686 = EDGE_LOOP('',(#2687,#2693,#2694,#2700));
#2687 = ORIENTED_EDGE('',*,*,#2688,.T.);
#2688 = EDGE_CURVE('',#409,#2658,#2689,.T.);
#2689 = LINE('',#2690,#2691);
#2690 = CARTESIAN_POINT('',(-0.91,-0.87,6.99));
#2691 = VECTOR('',#2692,1.);
#2692 = DIRECTION('',(0.,-4.036922982659E-16,1.));
#2693 = ORIENTED_EDGE('',*,*,#2674,.F.);
#2694 = ORIENTED_EDGE('',*,*,#2695,.F.);
#2695 = EDGE_CURVE('',#407,#2667,#2696,.T.);
#2696 = LINE('',#2697,#2698);
#2697 = CARTESIAN_POINT('',(-0.91,-5.E-02,6.99));
#2698 = VECTOR('',#2699,1.);
#2699 = DIRECTION('',(0.,-4.036922982659E-16,1.));
#2700 = ORIENTED_EDGE('',*,*,#406,.T.);
#2701 = PLANE('',#2702);
#2702 = AXIS2_PLACEMENT_3D('',#2703,#2704,#2705);
#2703 = CARTESIAN_POINT('',(-0.91,-5.E-02,6.99));
#2704 = DIRECTION('',(1.,0.,-0.));
#2705 = DIRECTION('',(-0.,0.,-1.));
#2706 = ADVANCED_FACE('',(#2707),#2713,.F.);
#2707 = FACE_BOUND('',#2708,.T.);
#2708 = EDGE_LOOP('',(#2709,#2710,#2711,#2712));
#2709 = ORIENTED_EDGE('',*,*,#2695,.T.);
#2710 = ORIENTED_EDGE('',*,*,#2666,.T.);
#2711 = ORIENTED_EDGE('',*,*,#2635,.T.);
#2712 = ORIENTED_EDGE('',*,*,#416,.F.);
#2713 = PLANE('',#2714);
#2714 = AXIS2_PLACEMENT_3D('',#2715,#2716,#2717);
#2715 = CARTESIAN_POINT('',(0.,-5.E-02,0.));
#2716 = DIRECTION('',(0.,-1.,0.));
#2717 = DIRECTION('',(0.,-0.,-1.));
#2718 = ADVANCED_FACE('',(#2719),#2725,.T.);
#2719 = FACE_BOUND('',#2720,.T.);
#2720 = EDGE_LOOP('',(#2721,#2722,#2723,#2724));
#2721 = ORIENTED_EDGE('',*,*,#2688,.F.);
#2722 = ORIENTED_EDGE('',*,*,#432,.T.);
#2723 = ORIENTED_EDGE('',*,*,#2626,.F.);
#2724 = ORIENTED_EDGE('',*,*,#2657,.F.);
#2725 = PLANE('',#2726);
#2726 = AXIS2_PLACEMENT_3D('',#2727,#2728,#2729);
#2727 = CARTESIAN_POINT('',(0.,-0.87,0.));
#2728 = DIRECTION('',(0.,-1.,0.));
#2729 = DIRECTION('',(0.,-0.,-1.));
#2730 = ADVANCED_FACE('',(#2731),#2737,.T.);
#2731 = FACE_BOUND('',#2732,.T.);
#2732 = EDGE_LOOP('',(#2733,#2734,#2735,#2736));
#2733 = ORIENTED_EDGE('',*,*,#181,.F.);
#2734 = ORIENTED_EDGE('',*,*,#1200,.F.);
#2735 = ORIENTED_EDGE('',*,*,#198,.T.);
#2736 = ORIENTED_EDGE('',*,*,#1055,.F.);
#2737 = CONICAL_SURFACE('',#2738,1.925,0.523598775598);
#2738 = AXIS2_PLACEMENT_3D('',#2739,#2740,#2741);
#2739 = CARTESIAN_POINT('',(3.835680304721E-17,-7.857179676972,
    3.429011037631E-16));
#2740 = DIRECTION('',(-0.,1.,-0.));
#2741 = DIRECTION('',(0.,0.,1.));
#2742 = ADVANCED_FACE('',(#2743),#2749,.T.);
#2743 = FACE_BOUND('',#2744,.T.);
#2744 = EDGE_LOOP('',(#2745,#2746,#2747,#2748));
#2745 = ORIENTED_EDGE('',*,*,#139,.F.);
#2746 = ORIENTED_EDGE('',*,*,#1216,.F.);
#2747 = ORIENTED_EDGE('',*,*,#156,.T.);
#2748 = ORIENTED_EDGE('',*,*,#1073,.F.);
#2749 = CONICAL_SURFACE('',#2750,0.8,0.523598775598);
#2750 = AXIS2_PLACEMENT_3D('',#2751,#2752,#2753);
#2751 = CARTESIAN_POINT('',(-4.95,-7.857179676972,-6.828762922874E-16));
#2752 = DIRECTION('',(-0.,1.,-0.));
#2753 = DIRECTION('',(0.,0.,1.));
#2754 = ADVANCED_FACE('',(#2755),#2761,.T.);
#2755 = FACE_BOUND('',#2756,.T.);
#2756 = EDGE_LOOP('',(#2757,#2758,#2759,#2760));
#2757 = ORIENTED_EDGE('',*,*,#97,.F.);
#2758 = ORIENTED_EDGE('',*,*,#1184,.F.);
#2759 = ORIENTED_EDGE('',*,*,#114,.T.);
#2760 = ORIENTED_EDGE('',*,*,#1037,.F.);
#2761 = CONICAL_SURFACE('',#2762,0.8,0.523598775598);
#2762 = AXIS2_PLACEMENT_3D('',#2763,#2764,#2765);
#2763 = CARTESIAN_POINT('',(4.95,-7.857179676972,-6.828762922874E-16));
#2764 = DIRECTION('',(-0.,1.,-0.));
#2765 = DIRECTION('',(0.,0.,1.));
#2766 = ( GEOMETRIC_REPRESENTATION_CONTEXT(3) 
GLOBAL_UNCERTAINTY_ASSIGNED_CONTEXT((#2770)) 
GLOBAL_UNIT_ASSIGNED_CONTEXT((#2767,#2768,#2769)) REPRESENTATION_CONTEXT
('Context #1','3D Context with UNIT and UNCERTAINTY') );
#2767 = ( LENGTH_UNIT() NAMED_UNIT(*) SI_UNIT(.MILLI.,.METRE.) );
#2768 = ( NAMED_UNIT(*) PLANE_ANGLE_UNIT() SI_UNIT($,.RADIAN.) );
#2769 = ( NAMED_UNIT(*) SI_UNIT($,.STERADIAN.) SOLID_ANGLE_UNIT() );
#2770 = UNCERTAINTY_MEASURE_WITH_UNIT(LENGTH_MEASURE(1.E-07),#2767,
  'distance_accuracy_value','confusion accuracy');
#2771 = CONTEXT_DEPENDENT_SHAPE_REPRESENTATION(#2772,#2774);
#2772 = ( REPRESENTATION_RELATIONSHIP('','',#79,#56) 
REPRESENTATION_RELATIONSHIP_WITH_TRANSFORMATION(#2773) 
SHAPE_REPRESENTATION_RELATIONSHIP() );
#2773 = ITEM_DEFINED_TRANSFORMATION('','',#11,#57);
#2774 = PRODUCT_DEFINITION_SHAPE('Placement','Placement of an item',
  #2775);
#2775 = NEXT_ASSEMBLY_USAGE_OCCURRENCE('1','=>[0:1:1:3]','',#51,#74,$);
#2776 = PRODUCT_RELATED_PRODUCT_CATEGORY('part',$,(#76));
#2777 = CONTEXT_DEPENDENT_SHAPE_REPRESENTATION(#2778,#2780);
#2778 = ( REPRESENTATION_RELATIONSHIP('','',#56,#10) 
REPRESENTATION_RELATIONSHIP_WITH_TRANSFORMATION(#2779) 
SHAPE_REPRESENTATION_RELATIONSHIP() );
#2779 = ITEM_DEFINED_TRANSFORMATION('','',#11,#19);
#2780 = PRODUCT_DEFINITION_SHAPE('Placement','Placement of an item',
  #2781);
#2781 = NEXT_ASSEMBLY_USAGE_OCCURRENCE('3','SW1','',#5,#51,$);
#2782 = CONTEXT_DEPENDENT_SHAPE_REPRESENTATION(#2783,#2785);
#2783 = ( REPRESENTATION_RELATIONSHIP('','',#56,#10) 
REPRESENTATION_RELATIONSHIP_WITH_TRANSFORMATION(#2784) 
SHAPE_REPRESENTATION_RELATIONSHIP() );
#2784 = ITEM_DEFINED_TRANSFORMATION('','',#11,#23);
#2785 = PRODUCT_DEFINITION_SHAPE('Placement','Placement of an item',
  #2786);
#2786 = NEXT_ASSEMBLY_USAGE_OCCURRENCE('4','SW2','',#5,#51,$);
#2787 = CONTEXT_DEPENDENT_SHAPE_REPRESENTATION(#2788,#2790);
#2788 = ( REPRESENTATION_RELATIONSHIP('','',#56,#10) 
REPRESENTATION_RELATIONSHIP_WITH_TRANSFORMATION(#2789) 
SHAPE_REPRESENTATION_RELATIONSHIP() );
#2789 = ITEM_DEFINED_TRANSFORMATION('','',#11,#27);
#2790 = PRODUCT_DEFINITION_SHAPE('Placement','Placement of an item',
  #2791);
#2791 = NEXT_ASSEMBLY_USAGE_OCCURRENCE('5','SW3','',#5,#51,$);
#2792 = SHAPE_DEFINITION_REPRESENTATION(#2793,#2799);
#2793 = PRODUCT_DEFINITION_SHAPE('','',#2794);
#2794 = PRODUCT_DEFINITION('design','',#2795,#2798);
#2795 = PRODUCT_DEFINITION_FORMATION('','',#2796);
#2796 = PRODUCT('Buzzer_12x9.5RM7.6','Buzzer_12x9.5RM7.6','',(#2797));
#2797 = PRODUCT_CONTEXT('',#2,'mechanical');
#2798 = PRODUCT_DEFINITION_CONTEXT('part definition',#2,'design');
#2799 = SHAPE_REPRESENTATION('',(#11,#2800),#2804);
#2800 = AXIS2_PLACEMENT_3D('',#2801,#2802,#2803);
#2801 = CARTESIAN_POINT('',(0.,0.,0.));
#2802 = DIRECTION('',(0.,0.,1.));
#2803 = DIRECTION('',(1.,0.,-0.));
#2804 = ( GEOMETRIC_REPRESENTATION_CONTEXT(3) 
GLOBAL_UNCERTAINTY_ASSIGNED_CONTEXT((#2808)) 
GLOBAL_UNIT_ASSIGNED_CONTEXT((#2805,#2806,#2807)) REPRESENTATION_CONTEXT
('Context #1','3D Context with UNIT and UNCERTAINTY') );
#2805 = ( LENGTH_UNIT() NAMED_UNIT(*) SI_UNIT(.MILLI.,.METRE.) );
#2806 = ( NAMED_UNIT(*) PLANE_ANGLE_UNIT() SI_UNIT($,.RADIAN.) );
#2807 = ( NAMED_UNIT(*) SI_UNIT($,.STERADIAN.) SOLID_ANGLE_UNIT() );
#2808 = UNCERTAINTY_MEASURE_WITH_UNIT(LENGTH_MEASURE(1.E-07),#2805,
  'distance_accuracy_value','confusion accuracy');
#2809 = CONTEXT_DEPENDENT_SHAPE_REPRESENTATION(#2810,#2812);
#2810 = ( REPRESENTATION_RELATIONSHIP('','',#2799,#10) 
REPRESENTATION_RELATIONSHIP_WITH_TRANSFORMATION(#2811) 
SHAPE_REPRESENTATION_RELATIONSHIP() );
#2811 = ITEM_DEFINED_TRANSFORMATION('','',#11,#31);
#2812 = PRODUCT_DEFINITION_SHAPE('Placement','Placement of an item',
  #2813);
#2813 = NEXT_ASSEMBLY_USAGE_OCCURRENCE('7','BZ1','',#5,#2794,$);
#2814 = PRODUCT_RELATED_PRODUCT_CATEGORY('part',$,(#2796));
#2815 = SHAPE_DEFINITION_REPRESENTATION(#2816,#2822);
#2816 = PRODUCT_DEFINITION_SHAPE('','',#2817);
#2817 = PRODUCT_DEFINITION('design','',#2818,#2821);
#2818 = PRODUCT_DEFINITION_FORMATION('','',#2819);
#2819 = PRODUCT('Buzzer_12x95RM76','Buzzer_12x95RM76','',(#2820));
#2820 = PRODUCT_CONTEXT('',#2,'mechanical');
#2821 = PRODUCT_DEFINITION_CONTEXT('part definition',#2,'design');
#2822 = ADVANCED_BREP_SHAPE_REPRESENTATION('',(#11,#2823),#3115);
#2823 = MANIFOLD_SOLID_BREP('',#2824);
#2824 = CLOSED_SHELL('',(#2825,#2858,#2884,#2910,#2941,#2961,#2986,#3011
    ,#3036,#3062,#3088,#3097,#3106));
#2825 = ADVANCED_FACE('',(#2826),#2853,.T.);
#2826 = FACE_BOUND('',#2827,.T.);
#2827 = EDGE_LOOP('',(#2828,#2837,#2845,#2852));
#2828 = ORIENTED_EDGE('',*,*,#2829,.T.);
#2829 = EDGE_CURVE('',#2830,#2830,#2832,.T.);
#2830 = VERTEX_POINT('',#2831);
#2831 = CARTESIAN_POINT('',(9.8,1.804356723968E-35,0.33));
#2832 = CIRCLE('',#2833,6.);
#2833 = AXIS2_PLACEMENT_3D('',#2834,#2835,#2836);
#2834 = CARTESIAN_POINT('',(3.8,1.804356723968E-35,0.33));
#2835 = DIRECTION('',(-8.559688641721E-35,6.014522413226E-35,1.));
#2836 = DIRECTION('',(1.,6.690258951221E-52,8.559688641721E-35));
#2837 = ORIENTED_EDGE('',*,*,#2838,.T.);
#2838 = EDGE_CURVE('',#2830,#2839,#2841,.T.);
#2839 = VERTEX_POINT('',#2840);
#2840 = CARTESIAN_POINT('',(9.8,-8.91040357515E-35,8.048518518519));
#2841 = LINE('',#2842,#2843);
#2842 = CARTESIAN_POINT('',(9.8,0.,3.E-02));
#2843 = VECTOR('',#2844,1.);
#2844 = DIRECTION('',(0.,0.,1.));
#2845 = ORIENTED_EDGE('',*,*,#2846,.F.);
#2846 = EDGE_CURVE('',#2839,#2839,#2847,.T.);
#2847 = CIRCLE('',#2848,6.);
#2848 = AXIS2_PLACEMENT_3D('',#2849,#2850,#2851);
#2849 = CARTESIAN_POINT('',(3.8,-8.91040357515E-35,8.048518518519));
#2850 = DIRECTION('',(-8.559688641721E-35,6.014522413226E-35,1.));
#2851 = DIRECTION('',(1.,8.259101077374E-51,8.559688641721E-35));
#2852 = ORIENTED_EDGE('',*,*,#2838,.F.);
#2853 = CYLINDRICAL_SURFACE('',#2854,6.);
#2854 = AXIS2_PLACEMENT_3D('',#2855,#2856,#2857);
#2855 = CARTESIAN_POINT('',(3.8,0.,3.E-02));
#2856 = DIRECTION('',(-0.,-0.,-1.));
#2857 = DIRECTION('',(1.,0.,0.));
#2858 = ADVANCED_FACE('',(#2859),#2879,.T.);
#2859 = FACE_BOUND('',#2860,.T.);
#2860 = EDGE_LOOP('',(#2861,#2870,#2877,#2878));
#2861 = ORIENTED_EDGE('',*,*,#2862,.T.);
#2862 = EDGE_CURVE('',#2863,#2863,#2865,.T.);
#2863 = VERTEX_POINT('',#2864);
#2864 = CARTESIAN_POINT('',(9.5,2.672764710092E-51,3.E-02));
#2865 = CIRCLE('',#2866,5.7);
#2866 = AXIS2_PLACEMENT_3D('',#2867,#2868,#2869);
#2867 = CARTESIAN_POINT('',(3.8,0.,3.E-02));
#2868 = DIRECTION('',(-8.559688641721E-35,6.014522413226E-35,1.));
#2869 = DIRECTION('',(1.,6.690258951221E-52,8.559688641721E-35));
#2870 = ORIENTED_EDGE('',*,*,#2871,.F.);
#2871 = EDGE_CURVE('',#2830,#2863,#2872,.T.);
#2872 = CIRCLE('',#2873,0.3);
#2873 = AXIS2_PLACEMENT_3D('',#2874,#2875,#2876);
#2874 = CARTESIAN_POINT('',(9.5,9.021783619839E-37,0.33));
#2875 = DIRECTION('',(3.007261206613E-36,1.,-6.014522413226E-35));
#2876 = DIRECTION('',(1.,-3.007261206613E-36,8.559688641721E-35));
#2877 = ORIENTED_EDGE('',*,*,#2829,.F.);
#2878 = ORIENTED_EDGE('',*,*,#2871,.T.);
#2879 = TOROIDAL_SURFACE('',#2880,5.7,0.3);
#2880 = AXIS2_PLACEMENT_3D('',#2881,#2882,#2883);
#2881 = CARTESIAN_POINT('',(3.8,1.804356723968E-35,0.33));
#2882 = DIRECTION('',(8.559688641721E-35,-6.014522413226E-35,-1.));
#2883 = DIRECTION('',(1.,6.690258951221E-52,8.559688641721E-35));
#2884 = ADVANCED_FACE('',(#2885),#2905,.T.);
#2885 = FACE_BOUND('',#2886,.T.);
#2886 = EDGE_LOOP('',(#2887,#2896,#2897,#2898));
#2887 = ORIENTED_EDGE('',*,*,#2888,.F.);
#2888 = EDGE_CURVE('',#2839,#2889,#2891,.T.);
#2889 = VERTEX_POINT('',#2890);
#2890 = CARTESIAN_POINT('',(8.318518518519,3.207317652111E-50,9.53));
#2891 = CIRCLE('',#2892,1.481481481481);
#2892 = AXIS2_PLACEMENT_3D('',#2893,#2894,#2895);
#2893 = CARTESIAN_POINT('',(8.318518518519,-8.91040357515E-35,
    8.048518518519));
#2894 = DIRECTION('',(8.259101077374E-51,-1.,6.014522413226E-35));
#2895 = DIRECTION('',(1.,8.259101077374E-51,8.559688641721E-35));
#2896 = ORIENTED_EDGE('',*,*,#2846,.T.);
#2897 = ORIENTED_EDGE('',*,*,#2888,.T.);
#2898 = ORIENTED_EDGE('',*,*,#2899,.F.);
#2899 = EDGE_CURVE('',#2889,#2889,#2900,.T.);
#2900 = CIRCLE('',#2901,4.518518518519);
#2901 = AXIS2_PLACEMENT_3D('',#2902,#2903,#2904);
#2902 = CARTESIAN_POINT('',(3.8,0.,9.53));
#2903 = DIRECTION('',(-8.559688641721E-35,6.014522413226E-35,1.));
#2904 = DIRECTION('',(1.,8.259101077374E-51,8.559688641721E-35));
#2905 = TOROIDAL_SURFACE('',#2906,4.518518518519,1.481481481481);
#2906 = AXIS2_PLACEMENT_3D('',#2907,#2908,#2909);
#2907 = CARTESIAN_POINT('',(3.8,-8.91040357515E-35,8.048518518519));
#2908 = DIRECTION('',(-8.559688641721E-35,6.014522413226E-35,1.));
#2909 = DIRECTION('',(1.,8.259101077374E-51,8.559688641721E-35));
#2910 = ADVANCED_FACE('',(#2911,#2914,#2925),#2936,.F.);
#2911 = FACE_BOUND('',#2912,.F.);
#2912 = EDGE_LOOP('',(#2913));
#2913 = ORIENTED_EDGE('',*,*,#2862,.T.);
#2914 = FACE_BOUND('',#2915,.F.);
#2915 = EDGE_LOOP('',(#2916));
#2916 = ORIENTED_EDGE('',*,*,#2917,.F.);
#2917 = EDGE_CURVE('',#2918,#2918,#2920,.T.);
#2918 = VERTEX_POINT('',#2919);
#2919 = CARTESIAN_POINT('',(0.45,0.,3.E-02));
#2920 = CIRCLE('',#2921,0.45);
#2921 = AXIS2_PLACEMENT_3D('',#2922,#2923,#2924);
#2922 = CARTESIAN_POINT('',(0.,0.,3.E-02));
#2923 = DIRECTION('',(0.,0.,1.));
#2924 = DIRECTION('',(1.,0.,-0.));
#2925 = FACE_BOUND('',#2926,.F.);
#2926 = EDGE_LOOP('',(#2927));
#2927 = ORIENTED_EDGE('',*,*,#2928,.F.);
#2928 = EDGE_CURVE('',#2929,#2929,#2931,.T.);
#2929 = VERTEX_POINT('',#2930);
#2930 = CARTESIAN_POINT('',(8.05,0.,3.E-02));
#2931 = CIRCLE('',#2932,0.45);
#2932 = AXIS2_PLACEMENT_3D('',#2933,#2934,#2935);
#2933 = CARTESIAN_POINT('',(7.6,0.,3.E-02));
#2934 = DIRECTION('',(0.,0.,1.));
#2935 = DIRECTION('',(1.,0.,-0.));
#2936 = PLANE('',#2937);
#2937 = AXIS2_PLACEMENT_3D('',#2938,#2939,#2940);
#2938 = CARTESIAN_POINT('',(3.8,2.108840176837E-16,3.E-02));
#2939 = DIRECTION('',(-8.559688641721E-35,6.014522413226E-35,1.));
#2940 = DIRECTION('',(1.,0.,8.559688641721E-35));
#2941 = ADVANCED_FACE('',(#2942,#2945),#2956,.T.);
#2942 = FACE_BOUND('',#2943,.T.);
#2943 = EDGE_LOOP('',(#2944));
#2944 = ORIENTED_EDGE('',*,*,#2899,.T.);
#2945 = FACE_BOUND('',#2946,.T.);
#2946 = EDGE_LOOP('',(#2947));
#2947 = ORIENTED_EDGE('',*,*,#2948,.T.);
#2948 = EDGE_CURVE('',#2949,#2949,#2951,.T.);
#2949 = VERTEX_POINT('',#2950);
#2950 = CARTESIAN_POINT('',(4.8,0.,9.53));
#2951 = CIRCLE('',#2952,1.);
#2952 = AXIS2_PLACEMENT_3D('',#2953,#2954,#2955);
#2953 = CARTESIAN_POINT('',(3.8,0.,9.53));
#2954 = DIRECTION('',(0.,0.,-1.));
#2955 = DIRECTION('',(1.,0.,0.));
#2956 = PLANE('',#2957);
#2957 = AXIS2_PLACEMENT_3D('',#2958,#2959,#2960);
#2958 = CARTESIAN_POINT('',(3.8,2.108840176837E-16,9.53));
#2959 = DIRECTION('',(-8.559688641721E-35,6.014522413226E-35,1.));
#2960 = DIRECTION('',(1.,0.,8.559688641721E-35));
#2961 = ADVANCED_FACE('',(#2962),#2981,.T.);
#2962 = FACE_BOUND('',#2963,.T.);
#2963 = EDGE_LOOP('',(#2964,#2965,#2973,#2980));
#2964 = ORIENTED_EDGE('',*,*,#2917,.F.);
#2965 = ORIENTED_EDGE('',*,*,#2966,.T.);
#2966 = EDGE_CURVE('',#2918,#2967,#2969,.T.);
#2967 = VERTEX_POINT('',#2968);
#2968 = CARTESIAN_POINT('',(0.45,0.,-2.82));
#2969 = LINE('',#2970,#2971);
#2970 = CARTESIAN_POINT('',(0.45,0.,1.03));
#2971 = VECTOR('',#2972,1.);
#2972 = DIRECTION('',(-0.,-0.,-1.));
#2973 = ORIENTED_EDGE('',*,*,#2974,.T.);
#2974 = EDGE_CURVE('',#2967,#2967,#2975,.T.);
#2975 = CIRCLE('',#2976,0.45);
#2976 = AXIS2_PLACEMENT_3D('',#2977,#2978,#2979);
#2977 = CARTESIAN_POINT('',(0.,0.,-2.82));
#2978 = DIRECTION('',(0.,0.,1.));
#2979 = DIRECTION('',(1.,0.,-0.));
#2980 = ORIENTED_EDGE('',*,*,#2966,.F.);
#2981 = CYLINDRICAL_SURFACE('',#2982,0.45);
#2982 = AXIS2_PLACEMENT_3D('',#2983,#2984,#2985);
#2983 = CARTESIAN_POINT('',(0.,0.,1.03));
#2984 = DIRECTION('',(0.,0.,1.));
#2985 = DIRECTION('',(1.,0.,-0.));
#2986 = ADVANCED_FACE('',(#2987),#3006,.T.);
#2987 = FACE_BOUND('',#2988,.T.);
#2988 = EDGE_LOOP('',(#2989,#2990,#2998,#3005));
#2989 = ORIENTED_EDGE('',*,*,#2928,.F.);
#2990 = ORIENTED_EDGE('',*,*,#2991,.T.);
#2991 = EDGE_CURVE('',#2929,#2992,#2994,.T.);
#2992 = VERTEX_POINT('',#2993);
#2993 = CARTESIAN_POINT('',(8.05,6.042804770876E-33,-2.82));
#2994 = LINE('',#2995,#2996);
#2995 = CARTESIAN_POINT('',(8.05,0.,1.03));
#2996 = VECTOR('',#2997,1.);
#2997 = DIRECTION('',(-0.,-0.,-1.));
#2998 = ORIENTED_EDGE('',*,*,#2999,.T.);
#2999 = EDGE_CURVE('',#2992,#2992,#3000,.T.);
#3000 = CIRCLE('',#3001,0.45);
#3001 = AXIS2_PLACEMENT_3D('',#3002,#3003,#3004);
#3002 = CARTESIAN_POINT('',(7.6,-1.29542663314E-31,-2.82));
#3003 = DIRECTION('',(-1.19708830782E-30,3.357113761597E-32,1.));
#3004 = DIRECTION('',(1.,3.013010401886E-31,1.19708830782E-30));
#3005 = ORIENTED_EDGE('',*,*,#2991,.F.);
#3006 = CYLINDRICAL_SURFACE('',#3007,0.45);
#3007 = AXIS2_PLACEMENT_3D('',#3008,#3009,#3010);
#3008 = CARTESIAN_POINT('',(7.6,0.,1.03));
#3009 = DIRECTION('',(0.,0.,1.));
#3010 = DIRECTION('',(1.,0.,-0.));
#3011 = ADVANCED_FACE('',(#3012),#3031,.F.);
#3012 = FACE_BOUND('',#3013,.F.);
#3013 = EDGE_LOOP('',(#3014,#3022,#3023,#3024));
#3014 = ORIENTED_EDGE('',*,*,#3015,.T.);
#3015 = EDGE_CURVE('',#3016,#2949,#3018,.T.);
#3016 = VERTEX_POINT('',#3017);
#3017 = CARTESIAN_POINT('',(4.8,0.,9.33));
#3018 = LINE('',#3019,#3020);
#3019 = CARTESIAN_POINT('',(4.8,0.,1.93));
#3020 = VECTOR('',#3021,1.);
#3021 = DIRECTION('',(0.,0.,1.));
#3022 = ORIENTED_EDGE('',*,*,#2948,.T.);
#3023 = ORIENTED_EDGE('',*,*,#3015,.F.);
#3024 = ORIENTED_EDGE('',*,*,#3025,.T.);
#3025 = EDGE_CURVE('',#3016,#3016,#3026,.T.);
#3026 = CIRCLE('',#3027,1.);
#3027 = AXIS2_PLACEMENT_3D('',#3028,#3029,#3030);
#3028 = CARTESIAN_POINT('',(3.8,0.,9.33));
#3029 = DIRECTION('',(0.,0.,1.));
#3030 = DIRECTION('',(1.,0.,-0.));
#3031 = CYLINDRICAL_SURFACE('',#3032,1.);
#3032 = AXIS2_PLACEMENT_3D('',#3033,#3034,#3035);
#3033 = CARTESIAN_POINT('',(3.8,0.,1.93));
#3034 = DIRECTION('',(-0.,-0.,-1.));
#3035 = DIRECTION('',(1.,0.,0.));
#3036 = ADVANCED_FACE('',(#3037),#3057,.T.);
#3037 = FACE_BOUND('',#3038,.T.);
#3038 = EDGE_LOOP('',(#3039,#3048,#3055,#3056));
#3039 = ORIENTED_EDGE('',*,*,#3040,.T.);
#3040 = EDGE_CURVE('',#3041,#3041,#3043,.T.);
#3041 = VERTEX_POINT('',#3042);
#3042 = CARTESIAN_POINT('',(0.27,0.,-3.));
#3043 = CIRCLE('',#3044,0.27);
#3044 = AXIS2_PLACEMENT_3D('',#3045,#3046,#3047);
#3045 = CARTESIAN_POINT('',(0.,0.,-3.));
#3046 = DIRECTION('',(0.,0.,1.));
#3047 = DIRECTION('',(1.,0.,-0.));
#3048 = ORIENTED_EDGE('',*,*,#3049,.F.);
#3049 = EDGE_CURVE('',#2967,#3041,#3050,.T.);
#3050 = CIRCLE('',#3051,0.18);
#3051 = AXIS2_PLACEMENT_3D('',#3052,#3053,#3054);
#3052 = CARTESIAN_POINT('',(0.27,0.,-2.82));
#3053 = DIRECTION('',(-0.,1.,0.));
#3054 = DIRECTION('',(1.,0.,0.));
#3055 = ORIENTED_EDGE('',*,*,#2974,.F.);
#3056 = ORIENTED_EDGE('',*,*,#3049,.T.);
#3057 = TOROIDAL_SURFACE('',#3058,0.27,0.18);
#3058 = AXIS2_PLACEMENT_3D('',#3059,#3060,#3061);
#3059 = CARTESIAN_POINT('',(0.,0.,-2.82));
#3060 = DIRECTION('',(-0.,-0.,-1.));
#3061 = DIRECTION('',(1.,0.,0.));
#3062 = ADVANCED_FACE('',(#3063),#3083,.T.);
#3063 = FACE_BOUND('',#3064,.T.);
#3064 = EDGE_LOOP('',(#3065,#3074,#3081,#3082));
#3065 = ORIENTED_EDGE('',*,*,#3066,.T.);
#3066 = EDGE_CURVE('',#3067,#3067,#3069,.T.);
#3067 = VERTEX_POINT('',#3068);
#3068 = CARTESIAN_POINT('',(7.87,-5.423418723394E-32,-3.));
#3069 = CIRCLE('',#3070,0.27);
#3070 = AXIS2_PLACEMENT_3D('',#3071,#3072,#3073);
#3071 = CARTESIAN_POINT('',(7.6,-1.355854680849E-31,-3.));
#3072 = DIRECTION('',(-1.19708830782E-30,3.357113761597E-32,1.));
#3073 = DIRECTION('',(1.,3.013010401886E-31,1.19708830782E-30));
#3074 = ORIENTED_EDGE('',*,*,#3075,.F.);
#3075 = EDGE_CURVE('',#2992,#3067,#3076,.T.);
#3076 = CIRCLE('',#3077,0.18);
#3077 = AXIS2_PLACEMENT_3D('',#3078,#3079,#3080);
#3078 = CARTESIAN_POINT('',(7.87,-5.181706532559E-32,-2.82));
#3079 = DIRECTION('',(-2.878725851422E-31,1.,-3.357113761597E-32));
#3080 = DIRECTION('',(1.,2.878725851422E-31,1.19708830782E-30));
#3081 = ORIENTED_EDGE('',*,*,#2999,.F.);
#3082 = ORIENTED_EDGE('',*,*,#3075,.T.);
#3083 = TOROIDAL_SURFACE('',#3084,0.27,0.18);
#3084 = AXIS2_PLACEMENT_3D('',#3085,#3086,#3087);
#3085 = CARTESIAN_POINT('',(7.6,-1.29542663314E-31,-2.82));
#3086 = DIRECTION('',(1.19708830782E-30,-3.357113761597E-32,-1.));
#3087 = DIRECTION('',(1.,3.013010401886E-31,1.19708830782E-30));
#3088 = ADVANCED_FACE('',(#3089),#3092,.T.);
#3089 = FACE_BOUND('',#3090,.T.);
#3090 = EDGE_LOOP('',(#3091));
#3091 = ORIENTED_EDGE('',*,*,#3025,.T.);
#3092 = PLANE('',#3093);
#3093 = AXIS2_PLACEMENT_3D('',#3094,#3095,#3096);
#3094 = CARTESIAN_POINT('',(3.8,8.737595245399E-17,9.33));
#3095 = DIRECTION('',(-4.930380657631E-31,-1.632186346944E-32,1.));
#3096 = DIRECTION('',(1.,0.,4.930380657631E-31));
#3097 = ADVANCED_FACE('',(#3098),#3101,.F.);
#3098 = FACE_BOUND('',#3099,.F.);
#3099 = EDGE_LOOP('',(#3100));
#3100 = ORIENTED_EDGE('',*,*,#3040,.T.);
#3101 = PLANE('',#3102);
#3102 = AXIS2_PLACEMENT_3D('',#3103,#3104,#3105);
#3103 = CARTESIAN_POINT('',(-1.18701400394E-17,2.911085817041E-17,-3.));
#3104 = DIRECTION('',(0.,0.,1.));
#3105 = DIRECTION('',(1.,0.,-0.));
#3106 = ADVANCED_FACE('',(#3107),#3110,.F.);
#3107 = FACE_BOUND('',#3108,.F.);
#3108 = EDGE_LOOP('',(#3109));
#3109 = ORIENTED_EDGE('',*,*,#3066,.T.);
#3110 = PLANE('',#3111);
#3111 = AXIS2_PLACEMENT_3D('',#3112,#3113,#3114);
#3112 = CARTESIAN_POINT('',(7.6,-1.836970198721E-17,-3.));
#3113 = DIRECTION('',(-1.19708830782E-30,3.357113761597E-32,1.));
#3114 = DIRECTION('',(1.,0.,1.19708830782E-30));
#3115 = ( GEOMETRIC_REPRESENTATION_CONTEXT(3) 
GLOBAL_UNCERTAINTY_ASSIGNED_CONTEXT((#3119)) 
GLOBAL_UNIT_ASSIGNED_CONTEXT((#3116,#3117,#3118)) REPRESENTATION_CONTEXT
('Context #1','3D Context with UNIT and UNCERTAINTY') );
#3116 = ( LENGTH_UNIT() NAMED_UNIT(*) SI_UNIT(.MILLI.,.METRE.) );
#3117 = ( NAMED_UNIT(*) PLANE_ANGLE_UNIT() SI_UNIT($,.RADIAN.) );
#3118 = ( NAMED_UNIT(*) SI_UNIT($,.STERADIAN.) SOLID_ANGLE_UNIT() );
#3119 = UNCERTAINTY_MEASURE_WITH_UNIT(LENGTH_MEASURE(1.E-07),#3116,
  'distance_accuracy_value','confusion accuracy');
#3120 = CONTEXT_DEPENDENT_SHAPE_REPRESENTATION(#3121,#3123);
#3121 = ( REPRESENTATION_RELATIONSHIP('','',#2822,#2799) 
REPRESENTATION_RELATIONSHIP_WITH_TRANSFORMATION(#3122) 
SHAPE_REPRESENTATION_RELATIONSHIP() );
#3122 = ITEM_DEFINED_TRANSFORMATION('','',#11,#2800);
#3123 = PRODUCT_DEFINITION_SHAPE('Placement','Placement of an item',
  #3124);
#3124 = NEXT_ASSEMBLY_USAGE_OCCURRENCE('6','=>[0:1:1:5]','',#2794,#2817,
  $);
#3125 = PRODUCT_RELATED_PRODUCT_CATEGORY('part',$,(#2819));
#3126 = SHAPE_DEFINITION_REPRESENTATION(#3127,#3133);
#3127 = PRODUCT_DEFINITION_SHAPE('','',#3128);
#3128 = PRODUCT_DEFINITION('design','',#3129,#3132);
#3129 = PRODUCT_DEFINITION_FORMATION('','',#3130);
#3130 = PRODUCT('PinSocket_1x08_P2.54mm_Vertical',
  'PinSocket_1x08_P2.54mm_Vertical','',(#3131));
#3131 = PRODUCT_CONTEXT('',#2,'mechanical');
#3132 = PRODUCT_DEFINITION_CONTEXT('part definition',#2,'design');
#3133 = SHAPE_REPRESENTATION('',(#11,#3134),#3138);
#3134 = AXIS2_PLACEMENT_3D('',#3135,#3136,#3137);
#3135 = CARTESIAN_POINT('',(0.,0.,0.));
#3136 = DIRECTION('',(0.,0.,1.));
#3137 = DIRECTION('',(1.,0.,-0.));
#3138 = ( GEOMETRIC_REPRESENTATION_CONTEXT(3) 
GLOBAL_UNCERTAINTY_ASSIGNED_CONTEXT((#3142)) 
GLOBAL_UNIT_ASSIGNED_CONTEXT((#3139,#3140,#3141)) REPRESENTATION_CONTEXT
('Context #1','3D Context with UNIT and UNCERTAINTY') );
#3139 = ( LENGTH_UNIT() NAMED_UNIT(*) SI_UNIT(.MILLI.,.METRE.) );
#3140 = ( NAMED_UNIT(*) PLANE_ANGLE_UNIT() SI_UNIT($,.RADIAN.) );
#3141 = ( NAMED_UNIT(*) SI_UNIT($,.STERADIAN.) SOLID_ANGLE_UNIT() );
#3142 = UNCERTAINTY_MEASURE_WITH_UNIT(LENGTH_MEASURE(1.E-07),#3139,
  'distance_accuracy_value','confusion accuracy');
#3143 = CONTEXT_DEPENDENT_SHAPE_REPRESENTATION(#3144,#3146);
#3144 = ( REPRESENTATION_RELATIONSHIP('','',#3133,#10) 
REPRESENTATION_RELATIONSHIP_WITH_TRANSFORMATION(#3145) 
SHAPE_REPRESENTATION_RELATIONSHIP() );
#3145 = ITEM_DEFINED_TRANSFORMATION('','',#11,#35);
#3146 = PRODUCT_DEFINITION_SHAPE('Placement','Placement of an item',
  #3147);
#3147 = NEXT_ASSEMBLY_USAGE_OCCURRENCE('9','J1','',#5,#3128,$);
#3148 = PRODUCT_RELATED_PRODUCT_CATEGORY('part',$,(#3130));
#3149 = SHAPE_DEFINITION_REPRESENTATION(#3150,#3156);
#3150 = PRODUCT_DEFINITION_SHAPE('','',#3151);
#3151 = PRODUCT_DEFINITION('design','',#3152,#3155);
#3152 = PRODUCT_DEFINITION_FORMATION('','',#3153);
#3153 = PRODUCT('PinSocket_1x08_P2.54mm_Vertical',
  'PinSocket_1x08_P2.54mm_Vertical','',(#3154));
#3154 = PRODUCT_CONTEXT('',#2,'mechanical');
#3155 = PRODUCT_DEFINITION_CONTEXT('part definition',#2,'design');
#3156 = ADVANCED_BREP_SHAPE_REPRESENTATION('',(#11,#3157),#9647);
#3157 = MANIFOLD_SOLID_BREP('',#3158);
#3158 = CLOSED_SHELL('',(#3159,#3199,#3262,#3325,#3342,#3631,#3653,#3670
    ,#4215,#4227,#4239,#4270,#4294,#4318,#4335,#4366,#4390,#4414,#4431,
    #4462,#4486,#4510,#4527,#4558,#4582,#4606,#4623,#4654,#4678,#4702,
    #4719,#4750,#4774,#4798,#4815,#4846,#4870,#4894,#4911,#4942,#4966,
    #4990,#5007,#5024,#5071,#5088,#5135,#5152,#5199,#5216,#5263,#5280,
    #5327,#5344,#5391,#5408,#5455,#5472,#5519,#5536,#5583,#5600,#5647,
    #5664,#5711,#5728,#5775,#5792,#5839,#5856,#5903,#5920,#5967,#5984,
    #6031,#6062,#6118,#6142,#6191,#6222,#6278,#6302,#6351,#6382,#6438,
    #6462,#6511,#6542,#6598,#6622,#6671,#6702,#6758,#6782,#6831,#6862,
    #6918,#6942,#6991,#7022,#7078,#7102,#7151,#7182,#7238,#7262,#7311,
    #7328,#7345,#7362,#7379,#7391,#7408,#7425,#7442,#7459,#7471,#7488,
    #7505,#7522,#7539,#7551,#7568,#7585,#7602,#7619,#7631,#7648,#7665,
    #7682,#7699,#7711,#7728,#7745,#7762,#7779,#7791,#7808,#7825,#7842,
    #7859,#7871,#7888,#7905,#7922,#7939,#7951,#7968,#7985,#8034,#8058,
    #8100,#8117,#8134,#8151,#8200,#8224,#8266,#8283,#8300,#8317,#8366,
    #8390,#8432,#8449,#8466,#8483,#8532,#8556,#8598,#8615,#8632,#8649,
    #8698,#8722,#8764,#8781,#8798,#8815,#8864,#8888,#8930,#8947,#8964,
    #8981,#9030,#9054,#9096,#9113,#9130,#9147,#9196,#9220,#9262,#9279,
    #9296,#9313,#9325,#9342,#9359,#9371,#9388,#9405,#9417,#9434,#9451,
    #9463,#9480,#9497,#9509,#9526,#9543,#9555,#9572,#9589,#9601,#9618,
    #9635));
#3159 = ADVANCED_FACE('',(#3160),#3194,.F.);
#3160 = FACE_BOUND('',#3161,.F.);
#3161 = EDGE_LOOP('',(#3162,#3172,#3180,#3188));
#3162 = ORIENTED_EDGE('',*,*,#3163,.T.);
#3163 = EDGE_CURVE('',#3164,#3166,#3168,.T.);
#3164 = VERTEX_POINT('',#3165);
#3165 = CARTESIAN_POINT('',(1.27,-19.05,0.));
#3166 = VERTEX_POINT('',#3167);
#3167 = CARTESIAN_POINT('',(1.27,-19.05,8.5));
#3168 = LINE('',#3169,#3170);
#3169 = CARTESIAN_POINT('',(1.27,-19.05,0.));
#3170 = VECTOR('',#3171,1.);
#3171 = DIRECTION('',(0.,0.,1.));
#3172 = ORIENTED_EDGE('',*,*,#3173,.T.);
#3173 = EDGE_CURVE('',#3166,#3174,#3176,.T.);
#3174 = VERTEX_POINT('',#3175);
#3175 = CARTESIAN_POINT('',(1.27,1.27,8.5));
#3176 = LINE('',#3177,#3178);
#3177 = CARTESIAN_POINT('',(1.27,-19.05,8.5));
#3178 = VECTOR('',#3179,1.);
#3179 = DIRECTION('',(1.110223024625E-16,1.,0.));
#3180 = ORIENTED_EDGE('',*,*,#3181,.F.);
#3181 = EDGE_CURVE('',#3182,#3174,#3184,.T.);
#3182 = VERTEX_POINT('',#3183);
#3183 = CARTESIAN_POINT('',(1.27,1.27,0.));
#3184 = LINE('',#3185,#3186);
#3185 = CARTESIAN_POINT('',(1.27,1.27,0.));
#3186 = VECTOR('',#3187,1.);
#3187 = DIRECTION('',(0.,0.,1.));
#3188 = ORIENTED_EDGE('',*,*,#3189,.F.);
#3189 = EDGE_CURVE('',#3164,#3182,#3190,.T.);
#3190 = LINE('',#3191,#3192);
#3191 = CARTESIAN_POINT('',(1.27,-19.05,0.));
#3192 = VECTOR('',#3193,1.);
#3193 = DIRECTION('',(1.110223024625E-16,1.,0.));
#3194 = PLANE('',#3195);
#3195 = AXIS2_PLACEMENT_3D('',#3196,#3197,#3198);
#3196 = CARTESIAN_POINT('',(1.27,-19.05,0.));
#3197 = DIRECTION('',(-1.,1.110223024625E-16,0.));
#3198 = DIRECTION('',(1.110223024625E-16,1.,0.));
#3199 = ADVANCED_FACE('',(#3200),#3257,.F.);
#3200 = FACE_BOUND('',#3201,.F.);
#3201 = EDGE_LOOP('',(#3202,#3212,#3220,#3226,#3227,#3235,#3243,#3251));
#3202 = ORIENTED_EDGE('',*,*,#3203,.F.);
#3203 = EDGE_CURVE('',#3204,#3206,#3208,.T.);
#3204 = VERTEX_POINT('',#3205);
#3205 = CARTESIAN_POINT('',(-1.27,-19.05,0.));
#3206 = VERTEX_POINT('',#3207);
#3207 = CARTESIAN_POINT('',(-0.846666666667,-19.05,0.));
#3208 = LINE('',#3209,#3210);
#3209 = CARTESIAN_POINT('',(-1.27,-19.05,0.));
#3210 = VECTOR('',#3211,1.);
#3211 = DIRECTION('',(1.,-1.110223024625E-16,0.));
#3212 = ORIENTED_EDGE('',*,*,#3213,.T.);
#3213 = EDGE_CURVE('',#3204,#3214,#3216,.T.);
#3214 = VERTEX_POINT('',#3215);
#3215 = CARTESIAN_POINT('',(-1.27,-19.05,8.5));
#3216 = LINE('',#3217,#3218);
#3217 = CARTESIAN_POINT('',(-1.27,-19.05,0.));
#3218 = VECTOR('',#3219,1.);
#3219 = DIRECTION('',(0.,0.,1.));
#3220 = ORIENTED_EDGE('',*,*,#3221,.T.);
#3221 = EDGE_CURVE('',#3214,#3166,#3222,.T.);
#3222 = LINE('',#3223,#3224);
#3223 = CARTESIAN_POINT('',(-1.27,-19.05,8.5));
#3224 = VECTOR('',#3225,1.);
#3225 = DIRECTION('',(1.,-1.110223024625E-16,0.));
#3226 = ORIENTED_EDGE('',*,*,#3163,.F.);
#3227 = ORIENTED_EDGE('',*,*,#3228,.F.);
#3228 = EDGE_CURVE('',#3229,#3164,#3231,.T.);
#3229 = VERTEX_POINT('',#3230);
#3230 = CARTESIAN_POINT('',(0.846666666667,-19.05,0.));
#3231 = LINE('',#3232,#3233);
#3232 = CARTESIAN_POINT('',(-1.27,-19.05,0.));
#3233 = VECTOR('',#3234,1.);
#3234 = DIRECTION('',(1.,-1.110223024625E-16,0.));
#3235 = ORIENTED_EDGE('',*,*,#3236,.T.);
#3236 = EDGE_CURVE('',#3229,#3237,#3239,.T.);
#3237 = VERTEX_POINT('',#3238);
#3238 = CARTESIAN_POINT('',(0.846666666667,-19.05,0.2));
#3239 = LINE('',#3240,#3241);
#3240 = CARTESIAN_POINT('',(0.846666666667,-19.05,0.));
#3241 = VECTOR('',#3242,1.);
#3242 = DIRECTION('',(0.,0.,1.));
#3243 = ORIENTED_EDGE('',*,*,#3244,.F.);
#3244 = EDGE_CURVE('',#3245,#3237,#3247,.T.);
#3245 = VERTEX_POINT('',#3246);
#3246 = CARTESIAN_POINT('',(-0.846666666667,-19.05,0.2));
#3247 = LINE('',#3248,#3249);
#3248 = CARTESIAN_POINT('',(-0.846666666667,-19.05,0.2));
#3249 = VECTOR('',#3250,1.);
#3250 = DIRECTION('',(1.,-1.110223024625E-16,0.));
#3251 = ORIENTED_EDGE('',*,*,#3252,.F.);
#3252 = EDGE_CURVE('',#3206,#3245,#3253,.T.);
#3253 = LINE('',#3254,#3255);
#3254 = CARTESIAN_POINT('',(-0.846666666667,-19.05,0.));
#3255 = VECTOR('',#3256,1.);
#3256 = DIRECTION('',(0.,0.,1.));
#3257 = PLANE('',#3258);
#3258 = AXIS2_PLACEMENT_3D('',#3259,#3260,#3261);
#3259 = CARTESIAN_POINT('',(-1.27,-19.05,0.));
#3260 = DIRECTION('',(1.110223024625E-16,1.,0.));
#3261 = DIRECTION('',(1.,-1.110223024625E-16,0.));
#3262 = ADVANCED_FACE('',(#3263),#3320,.F.);
#3263 = FACE_BOUND('',#3264,.F.);
#3264 = EDGE_LOOP('',(#3265,#3273,#3274,#3282,#3290,#3298,#3306,#3314));
#3265 = ORIENTED_EDGE('',*,*,#3266,.F.);
#3266 = EDGE_CURVE('',#3182,#3267,#3269,.T.);
#3267 = VERTEX_POINT('',#3268);
#3268 = CARTESIAN_POINT('',(0.846666666667,1.27,0.));
#3269 = LINE('',#3270,#3271);
#3270 = CARTESIAN_POINT('',(1.27,1.27,0.));
#3271 = VECTOR('',#3272,1.);
#3272 = DIRECTION('',(-1.,1.110223024625E-16,0.));
#3273 = ORIENTED_EDGE('',*,*,#3181,.T.);
#3274 = ORIENTED_EDGE('',*,*,#3275,.T.);
#3275 = EDGE_CURVE('',#3174,#3276,#3278,.T.);
#3276 = VERTEX_POINT('',#3277);
#3277 = CARTESIAN_POINT('',(-1.27,1.27,8.5));
#3278 = LINE('',#3279,#3280);
#3279 = CARTESIAN_POINT('',(1.27,1.27,8.5));
#3280 = VECTOR('',#3281,1.);
#3281 = DIRECTION('',(-1.,1.110223024625E-16,0.));
#3282 = ORIENTED_EDGE('',*,*,#3283,.F.);
#3283 = EDGE_CURVE('',#3284,#3276,#3286,.T.);
#3284 = VERTEX_POINT('',#3285);
#3285 = CARTESIAN_POINT('',(-1.27,1.27,0.));
#3286 = LINE('',#3287,#3288);
#3287 = CARTESIAN_POINT('',(-1.27,1.27,0.));
#3288 = VECTOR('',#3289,1.);
#3289 = DIRECTION('',(0.,0.,1.));
#3290 = ORIENTED_EDGE('',*,*,#3291,.F.);
#3291 = EDGE_CURVE('',#3292,#3284,#3294,.T.);
#3292 = VERTEX_POINT('',#3293);
#3293 = CARTESIAN_POINT('',(-0.846666666667,1.27,0.));
#3294 = LINE('',#3295,#3296);
#3295 = CARTESIAN_POINT('',(1.27,1.27,0.));
#3296 = VECTOR('',#3297,1.);
#3297 = DIRECTION('',(-1.,1.110223024625E-16,0.));
#3298 = ORIENTED_EDGE('',*,*,#3299,.T.);
#3299 = EDGE_CURVE('',#3292,#3300,#3302,.T.);
#3300 = VERTEX_POINT('',#3301);
#3301 = CARTESIAN_POINT('',(-0.846666666667,1.27,0.2));
#3302 = LINE('',#3303,#3304);
#3303 = CARTESIAN_POINT('',(-0.846666666667,1.27,0.));
#3304 = VECTOR('',#3305,1.);
#3305 = DIRECTION('',(0.,0.,1.));
#3306 = ORIENTED_EDGE('',*,*,#3307,.F.);
#3307 = EDGE_CURVE('',#3308,#3300,#3310,.T.);
#3308 = VERTEX_POINT('',#3309);
#3309 = CARTESIAN_POINT('',(0.846666666667,1.27,0.2));
#3310 = LINE('',#3311,#3312);
#3311 = CARTESIAN_POINT('',(0.846666666667,1.27,0.2));
#3312 = VECTOR('',#3313,1.);
#3313 = DIRECTION('',(-1.,1.110223024625E-16,0.));
#3314 = ORIENTED_EDGE('',*,*,#3315,.F.);
#3315 = EDGE_CURVE('',#3267,#3308,#3316,.T.);
#3316 = LINE('',#3317,#3318);
#3317 = CARTESIAN_POINT('',(0.846666666667,1.27,0.));
#3318 = VECTOR('',#3319,1.);
#3319 = DIRECTION('',(0.,0.,1.));
#3320 = PLANE('',#3321);
#3321 = AXIS2_PLACEMENT_3D('',#3322,#3323,#3324);
#3322 = CARTESIAN_POINT('',(1.27,1.27,0.));
#3323 = DIRECTION('',(-1.110223024625E-16,-1.,0.));
#3324 = DIRECTION('',(-1.,1.110223024625E-16,0.));
#3325 = ADVANCED_FACE('',(#3326),#3337,.F.);
#3326 = FACE_BOUND('',#3327,.F.);
#3327 = EDGE_LOOP('',(#3328,#3329,#3330,#3331));
#3328 = ORIENTED_EDGE('',*,*,#3228,.T.);
#3329 = ORIENTED_EDGE('',*,*,#3189,.T.);
#3330 = ORIENTED_EDGE('',*,*,#3266,.T.);
#3331 = ORIENTED_EDGE('',*,*,#3332,.F.);
#3332 = EDGE_CURVE('',#3229,#3267,#3333,.T.);
#3333 = LINE('',#3334,#3335);
#3334 = CARTESIAN_POINT('',(0.846666666667,-19.05,0.));
#3335 = VECTOR('',#3336,1.);
#3336 = DIRECTION('',(1.110223024625E-16,1.,0.));
#3337 = PLANE('',#3338);
#3338 = AXIS2_PLACEMENT_3D('',#3339,#3340,#3341);
#3339 = CARTESIAN_POINT('',(-9.592326932761E-16,-8.89,0.));
#3340 = DIRECTION('',(0.,0.,1.));
#3341 = DIRECTION('',(1.110223024625E-16,1.,-0.));
#3342 = ADVANCED_FACE('',(#3343,#3354,#3388,#3422,#3456,#3490,#3524,
    #3558,#3592),#3626,.T.);
#3343 = FACE_BOUND('',#3344,.T.);
#3344 = EDGE_LOOP('',(#3345,#3346,#3347,#3353));
#3345 = ORIENTED_EDGE('',*,*,#3173,.T.);
#3346 = ORIENTED_EDGE('',*,*,#3275,.T.);
#3347 = ORIENTED_EDGE('',*,*,#3348,.T.);
#3348 = EDGE_CURVE('',#3276,#3214,#3349,.T.);
#3349 = LINE('',#3350,#3351);
#3350 = CARTESIAN_POINT('',(-1.27,1.27,8.5));
#3351 = VECTOR('',#3352,1.);
#3352 = DIRECTION('',(-1.110223024625E-16,-1.,0.));
#3353 = ORIENTED_EDGE('',*,*,#3221,.T.);
#3354 = FACE_BOUND('',#3355,.T.);
#3355 = EDGE_LOOP('',(#3356,#3366,#3374,#3382));
#3356 = ORIENTED_EDGE('',*,*,#3357,.F.);
#3357 = EDGE_CURVE('',#3358,#3360,#3362,.T.);
#3358 = VERTEX_POINT('',#3359);
#3359 = CARTESIAN_POINT('',(0.6,-18.38,8.5));
#3360 = VERTEX_POINT('',#3361);
#3361 = CARTESIAN_POINT('',(0.6,-17.18,8.5));
#3362 = LINE('',#3363,#3364);
#3363 = CARTESIAN_POINT('',(0.6,-18.38,8.5));
#3364 = VECTOR('',#3365,1.);
#3365 = DIRECTION('',(1.110223024625E-16,1.,0.));
#3366 = ORIENTED_EDGE('',*,*,#3367,.F.);
#3367 = EDGE_CURVE('',#3368,#3358,#3370,.T.);
#3368 = VERTEX_POINT('',#3369);
#3369 = CARTESIAN_POINT('',(-0.6,-18.38,8.5));
#3370 = LINE('',#3371,#3372);
#3371 = CARTESIAN_POINT('',(-0.6,-18.38,8.5));
#3372 = VECTOR('',#3373,1.);
#3373 = DIRECTION('',(1.,-1.110223024625E-16,0.));
#3374 = ORIENTED_EDGE('',*,*,#3375,.F.);
#3375 = EDGE_CURVE('',#3376,#3368,#3378,.T.);
#3376 = VERTEX_POINT('',#3377);
#3377 = CARTESIAN_POINT('',(-0.6,-17.18,8.5));
#3378 = LINE('',#3379,#3380);
#3379 = CARTESIAN_POINT('',(-0.6,-17.18,8.5));
#3380 = VECTOR('',#3381,1.);
#3381 = DIRECTION('',(-1.110223024625E-16,-1.,0.));
#3382 = ORIENTED_EDGE('',*,*,#3383,.F.);
#3383 = EDGE_CURVE('',#3360,#3376,#3384,.T.);
#3384 = LINE('',#3385,#3386);
#3385 = CARTESIAN_POINT('',(0.6,-17.18,8.5));
#3386 = VECTOR('',#3387,1.);
#3387 = DIRECTION('',(-1.,1.110223024625E-16,0.));
#3388 = FACE_BOUND('',#3389,.T.);
#3389 = EDGE_LOOP('',(#3390,#3400,#3408,#3416));
#3390 = ORIENTED_EDGE('',*,*,#3391,.F.);
#3391 = EDGE_CURVE('',#3392,#3394,#3396,.T.);
#3392 = VERTEX_POINT('',#3393);
#3393 = CARTESIAN_POINT('',(0.6,-15.84,8.5));
#3394 = VERTEX_POINT('',#3395);
#3395 = CARTESIAN_POINT('',(0.6,-14.64,8.5));
#3396 = LINE('',#3397,#3398);
#3397 = CARTESIAN_POINT('',(0.6,-15.84,8.5));
#3398 = VECTOR('',#3399,1.);
#3399 = DIRECTION('',(1.110223024625E-16,1.,0.));
#3400 = ORIENTED_EDGE('',*,*,#3401,.F.);
#3401 = EDGE_CURVE('',#3402,#3392,#3404,.T.);
#3402 = VERTEX_POINT('',#3403);
#3403 = CARTESIAN_POINT('',(-0.6,-15.84,8.5));
#3404 = LINE('',#3405,#3406);
#3405 = CARTESIAN_POINT('',(-0.6,-15.84,8.5));
#3406 = VECTOR('',#3407,1.);
#3407 = DIRECTION('',(1.,-1.110223024625E-16,0.));
#3408 = ORIENTED_EDGE('',*,*,#3409,.F.);
#3409 = EDGE_CURVE('',#3410,#3402,#3412,.T.);
#3410 = VERTEX_POINT('',#3411);
#3411 = CARTESIAN_POINT('',(-0.6,-14.64,8.5));
#3412 = LINE('',#3413,#3414);
#3413 = CARTESIAN_POINT('',(-0.6,-14.64,8.5));
#3414 = VECTOR('',#3415,1.);
#3415 = DIRECTION('',(-1.110223024625E-16,-1.,0.));
#3416 = ORIENTED_EDGE('',*,*,#3417,.F.);
#3417 = EDGE_CURVE('',#3394,#3410,#3418,.T.);
#3418 = LINE('',#3419,#3420);
#3419 = CARTESIAN_POINT('',(0.6,-14.64,8.5));
#3420 = VECTOR('',#3421,1.);
#3421 = DIRECTION('',(-1.,1.110223024625E-16,0.));
#3422 = FACE_BOUND('',#3423,.T.);
#3423 = EDGE_LOOP('',(#3424,#3434,#3442,#3450));
#3424 = ORIENTED_EDGE('',*,*,#3425,.F.);
#3425 = EDGE_CURVE('',#3426,#3428,#3430,.T.);
#3426 = VERTEX_POINT('',#3427);
#3427 = CARTESIAN_POINT('',(0.6,-13.3,8.5));
#3428 = VERTEX_POINT('',#3429);
#3429 = CARTESIAN_POINT('',(0.6,-12.1,8.5));
#3430 = LINE('',#3431,#3432);
#3431 = CARTESIAN_POINT('',(0.6,-13.3,8.5));
#3432 = VECTOR('',#3433,1.);
#3433 = DIRECTION('',(1.110223024625E-16,1.,0.));
#3434 = ORIENTED_EDGE('',*,*,#3435,.F.);
#3435 = EDGE_CURVE('',#3436,#3426,#3438,.T.);
#3436 = VERTEX_POINT('',#3437);
#3437 = CARTESIAN_POINT('',(-0.6,-13.3,8.5));
#3438 = LINE('',#3439,#3440);
#3439 = CARTESIAN_POINT('',(-0.6,-13.3,8.5));
#3440 = VECTOR('',#3441,1.);
#3441 = DIRECTION('',(1.,-1.110223024625E-16,0.));
#3442 = ORIENTED_EDGE('',*,*,#3443,.F.);
#3443 = EDGE_CURVE('',#3444,#3436,#3446,.T.);
#3444 = VERTEX_POINT('',#3445);
#3445 = CARTESIAN_POINT('',(-0.6,-12.1,8.5));
#3446 = LINE('',#3447,#3448);
#3447 = CARTESIAN_POINT('',(-0.6,-12.1,8.5));
#3448 = VECTOR('',#3449,1.);
#3449 = DIRECTION('',(-1.110223024625E-16,-1.,0.));
#3450 = ORIENTED_EDGE('',*,*,#3451,.F.);
#3451 = EDGE_CURVE('',#3428,#3444,#3452,.T.);
#3452 = LINE('',#3453,#3454);
#3453 = CARTESIAN_POINT('',(0.6,-12.1,8.5));
#3454 = VECTOR('',#3455,1.);
#3455 = DIRECTION('',(-1.,1.110223024625E-16,0.));
#3456 = FACE_BOUND('',#3457,.T.);
#3457 = EDGE_LOOP('',(#3458,#3468,#3476,#3484));
#3458 = ORIENTED_EDGE('',*,*,#3459,.F.);
#3459 = EDGE_CURVE('',#3460,#3462,#3464,.T.);
#3460 = VERTEX_POINT('',#3461);
#3461 = CARTESIAN_POINT('',(0.6,-10.76,8.5));
#3462 = VERTEX_POINT('',#3463);
#3463 = CARTESIAN_POINT('',(0.6,-9.56,8.5));
#3464 = LINE('',#3465,#3466);
#3465 = CARTESIAN_POINT('',(0.6,-10.76,8.5));
#3466 = VECTOR('',#3467,1.);
#3467 = DIRECTION('',(1.110223024625E-16,1.,0.));
#3468 = ORIENTED_EDGE('',*,*,#3469,.F.);
#3469 = EDGE_CURVE('',#3470,#3460,#3472,.T.);
#3470 = VERTEX_POINT('',#3471);
#3471 = CARTESIAN_POINT('',(-0.6,-10.76,8.5));
#3472 = LINE('',#3473,#3474);
#3473 = CARTESIAN_POINT('',(-0.6,-10.76,8.5));
#3474 = VECTOR('',#3475,1.);
#3475 = DIRECTION('',(1.,-1.110223024625E-16,0.));
#3476 = ORIENTED_EDGE('',*,*,#3477,.F.);
#3477 = EDGE_CURVE('',#3478,#3470,#3480,.T.);
#3478 = VERTEX_POINT('',#3479);
#3479 = CARTESIAN_POINT('',(-0.6,-9.56,8.5));
#3480 = LINE('',#3481,#3482);
#3481 = CARTESIAN_POINT('',(-0.6,-9.56,8.5));
#3482 = VECTOR('',#3483,1.);
#3483 = DIRECTION('',(-1.110223024625E-16,-1.,0.));
#3484 = ORIENTED_EDGE('',*,*,#3485,.F.);
#3485 = EDGE_CURVE('',#3462,#3478,#3486,.T.);
#3486 = LINE('',#3487,#3488);
#3487 = CARTESIAN_POINT('',(0.6,-9.56,8.5));
#3488 = VECTOR('',#3489,1.);
#3489 = DIRECTION('',(-1.,1.110223024625E-16,0.));
#3490 = FACE_BOUND('',#3491,.T.);
#3491 = EDGE_LOOP('',(#3492,#3502,#3510,#3518));
#3492 = ORIENTED_EDGE('',*,*,#3493,.F.);
#3493 = EDGE_CURVE('',#3494,#3496,#3498,.T.);
#3494 = VERTEX_POINT('',#3495);
#3495 = CARTESIAN_POINT('',(0.6,-8.22,8.5));
#3496 = VERTEX_POINT('',#3497);
#3497 = CARTESIAN_POINT('',(0.6,-7.02,8.5));
#3498 = LINE('',#3499,#3500);
#3499 = CARTESIAN_POINT('',(0.6,-8.22,8.5));
#3500 = VECTOR('',#3501,1.);
#3501 = DIRECTION('',(1.110223024625E-16,1.,0.));
#3502 = ORIENTED_EDGE('',*,*,#3503,.F.);
#3503 = EDGE_CURVE('',#3504,#3494,#3506,.T.);
#3504 = VERTEX_POINT('',#3505);
#3505 = CARTESIAN_POINT('',(-0.6,-8.22,8.5));
#3506 = LINE('',#3507,#3508);
#3507 = CARTESIAN_POINT('',(-0.6,-8.22,8.5));
#3508 = VECTOR('',#3509,1.);
#3509 = DIRECTION('',(1.,-1.110223024625E-16,0.));
#3510 = ORIENTED_EDGE('',*,*,#3511,.F.);
#3511 = EDGE_CURVE('',#3512,#3504,#3514,.T.);
#3512 = VERTEX_POINT('',#3513);
#3513 = CARTESIAN_POINT('',(-0.6,-7.02,8.5));
#3514 = LINE('',#3515,#3516);
#3515 = CARTESIAN_POINT('',(-0.6,-7.02,8.5));
#3516 = VECTOR('',#3517,1.);
#3517 = DIRECTION('',(-1.110223024625E-16,-1.,0.));
#3518 = ORIENTED_EDGE('',*,*,#3519,.F.);
#3519 = EDGE_CURVE('',#3496,#3512,#3520,.T.);
#3520 = LINE('',#3521,#3522);
#3521 = CARTESIAN_POINT('',(0.6,-7.02,8.5));
#3522 = VECTOR('',#3523,1.);
#3523 = DIRECTION('',(-1.,1.110223024625E-16,0.));
#3524 = FACE_BOUND('',#3525,.T.);
#3525 = EDGE_LOOP('',(#3526,#3536,#3544,#3552));
#3526 = ORIENTED_EDGE('',*,*,#3527,.F.);
#3527 = EDGE_CURVE('',#3528,#3530,#3532,.T.);
#3528 = VERTEX_POINT('',#3529);
#3529 = CARTESIAN_POINT('',(0.6,-5.68,8.5));
#3530 = VERTEX_POINT('',#3531);
#3531 = CARTESIAN_POINT('',(0.6,-4.48,8.5));
#3532 = LINE('',#3533,#3534);
#3533 = CARTESIAN_POINT('',(0.6,-5.68,8.5));
#3534 = VECTOR('',#3535,1.);
#3535 = DIRECTION('',(1.110223024625E-16,1.,0.));
#3536 = ORIENTED_EDGE('',*,*,#3537,.F.);
#3537 = EDGE_CURVE('',#3538,#3528,#3540,.T.);
#3538 = VERTEX_POINT('',#3539);
#3539 = CARTESIAN_POINT('',(-0.6,-5.68,8.5));
#3540 = LINE('',#3541,#3542);
#3541 = CARTESIAN_POINT('',(-0.6,-5.68,8.5));
#3542 = VECTOR('',#3543,1.);
#3543 = DIRECTION('',(1.,-1.110223024625E-16,0.));
#3544 = ORIENTED_EDGE('',*,*,#3545,.F.);
#3545 = EDGE_CURVE('',#3546,#3538,#3548,.T.);
#3546 = VERTEX_POINT('',#3547);
#3547 = CARTESIAN_POINT('',(-0.6,-4.48,8.5));
#3548 = LINE('',#3549,#3550);
#3549 = CARTESIAN_POINT('',(-0.6,-4.48,8.5));
#3550 = VECTOR('',#3551,1.);
#3551 = DIRECTION('',(-1.110223024625E-16,-1.,0.));
#3552 = ORIENTED_EDGE('',*,*,#3553,.F.);
#3553 = EDGE_CURVE('',#3530,#3546,#3554,.T.);
#3554 = LINE('',#3555,#3556);
#3555 = CARTESIAN_POINT('',(0.6,-4.48,8.5));
#3556 = VECTOR('',#3557,1.);
#3557 = DIRECTION('',(-1.,1.110223024625E-16,0.));
#3558 = FACE_BOUND('',#3559,.T.);
#3559 = EDGE_LOOP('',(#3560,#3570,#3578,#3586));
#3560 = ORIENTED_EDGE('',*,*,#3561,.F.);
#3561 = EDGE_CURVE('',#3562,#3564,#3566,.T.);
#3562 = VERTEX_POINT('',#3563);
#3563 = CARTESIAN_POINT('',(0.6,-3.14,8.5));
#3564 = VERTEX_POINT('',#3565);
#3565 = CARTESIAN_POINT('',(0.6,-1.94,8.5));
#3566 = LINE('',#3567,#3568);
#3567 = CARTESIAN_POINT('',(0.6,-3.14,8.5));
#3568 = VECTOR('',#3569,1.);
#3569 = DIRECTION('',(1.110223024625E-16,1.,0.));
#3570 = ORIENTED_EDGE('',*,*,#3571,.F.);
#3571 = EDGE_CURVE('',#3572,#3562,#3574,.T.);
#3572 = VERTEX_POINT('',#3573);
#3573 = CARTESIAN_POINT('',(-0.6,-3.14,8.5));
#3574 = LINE('',#3575,#3576);
#3575 = CARTESIAN_POINT('',(-0.6,-3.14,8.5));
#3576 = VECTOR('',#3577,1.);
#3577 = DIRECTION('',(1.,-1.110223024625E-16,0.));
#3578 = ORIENTED_EDGE('',*,*,#3579,.F.);
#3579 = EDGE_CURVE('',#3580,#3572,#3582,.T.);
#3580 = VERTEX_POINT('',#3581);
#3581 = CARTESIAN_POINT('',(-0.6,-1.94,8.5));
#3582 = LINE('',#3583,#3584);
#3583 = CARTESIAN_POINT('',(-0.6,-1.94,8.5));
#3584 = VECTOR('',#3585,1.);
#3585 = DIRECTION('',(-1.110223024625E-16,-1.,0.));
#3586 = ORIENTED_EDGE('',*,*,#3587,.F.);
#3587 = EDGE_CURVE('',#3564,#3580,#3588,.T.);
#3588 = LINE('',#3589,#3590);
#3589 = CARTESIAN_POINT('',(0.6,-1.94,8.5));
#3590 = VECTOR('',#3591,1.);
#3591 = DIRECTION('',(-1.,1.110223024625E-16,0.));
#3592 = FACE_BOUND('',#3593,.T.);
#3593 = EDGE_LOOP('',(#3594,#3604,#3612,#3620));
#3594 = ORIENTED_EDGE('',*,*,#3595,.F.);
#3595 = EDGE_CURVE('',#3596,#3598,#3600,.T.);
#3596 = VERTEX_POINT('',#3597);
#3597 = CARTESIAN_POINT('',(0.6,-0.6,8.5));
#3598 = VERTEX_POINT('',#3599);
#3599 = CARTESIAN_POINT('',(0.6,0.6,8.5));
#3600 = LINE('',#3601,#3602);
#3601 = CARTESIAN_POINT('',(0.6,-0.6,8.5));
#3602 = VECTOR('',#3603,1.);
#3603 = DIRECTION('',(1.110223024625E-16,1.,0.));
#3604 = ORIENTED_EDGE('',*,*,#3605,.F.);
#3605 = EDGE_CURVE('',#3606,#3596,#3608,.T.);
#3606 = VERTEX_POINT('',#3607);
#3607 = CARTESIAN_POINT('',(-0.6,-0.6,8.5));
#3608 = LINE('',#3609,#3610);
#3609 = CARTESIAN_POINT('',(-0.6,-0.6,8.5));
#3610 = VECTOR('',#3611,1.);
#3611 = DIRECTION('',(1.,-1.110223024625E-16,0.));
#3612 = ORIENTED_EDGE('',*,*,#3613,.F.);
#3613 = EDGE_CURVE('',#3614,#3606,#3616,.T.);
#3614 = VERTEX_POINT('',#3615);
#3615 = CARTESIAN_POINT('',(-0.6,0.6,8.5));
#3616 = LINE('',#3617,#3618);
#3617 = CARTESIAN_POINT('',(-0.6,0.6,8.5));
#3618 = VECTOR('',#3619,1.);
#3619 = DIRECTION('',(-1.110223024625E-16,-1.,0.));
#3620 = ORIENTED_EDGE('',*,*,#3621,.F.);
#3621 = EDGE_CURVE('',#3598,#3614,#3622,.T.);
#3622 = LINE('',#3623,#3624);
#3623 = CARTESIAN_POINT('',(0.6,0.6,8.5));
#3624 = VECTOR('',#3625,1.);
#3625 = DIRECTION('',(-1.,1.110223024625E-16,0.));
#3626 = PLANE('',#3627);
#3627 = AXIS2_PLACEMENT_3D('',#3628,#3629,#3630);
#3628 = CARTESIAN_POINT('',(-9.592326932761E-16,-8.89,8.5));
#3629 = DIRECTION('',(0.,0.,1.));
#3630 = DIRECTION('',(1.110223024625E-16,1.,-0.));
#3631 = ADVANCED_FACE('',(#3632),#3648,.F.);
#3632 = FACE_BOUND('',#3633,.F.);
#3633 = EDGE_LOOP('',(#3634,#3635,#3641,#3642));
#3634 = ORIENTED_EDGE('',*,*,#3203,.T.);
#3635 = ORIENTED_EDGE('',*,*,#3636,.F.);
#3636 = EDGE_CURVE('',#3292,#3206,#3637,.T.);
#3637 = LINE('',#3638,#3639);
#3638 = CARTESIAN_POINT('',(-0.846666666667,1.27,0.));
#3639 = VECTOR('',#3640,1.);
#3640 = DIRECTION('',(-1.110223024625E-16,-1.,0.));
#3641 = ORIENTED_EDGE('',*,*,#3291,.T.);
#3642 = ORIENTED_EDGE('',*,*,#3643,.T.);
#3643 = EDGE_CURVE('',#3284,#3204,#3644,.T.);
#3644 = LINE('',#3645,#3646);
#3645 = CARTESIAN_POINT('',(-1.27,1.27,0.));
#3646 = VECTOR('',#3647,1.);
#3647 = DIRECTION('',(-1.110223024625E-16,-1.,0.));
#3648 = PLANE('',#3649);
#3649 = AXIS2_PLACEMENT_3D('',#3650,#3651,#3652);
#3650 = CARTESIAN_POINT('',(-9.592326932761E-16,-8.89,0.));
#3651 = DIRECTION('',(0.,0.,1.));
#3652 = DIRECTION('',(1.110223024625E-16,1.,-0.));
#3653 = ADVANCED_FACE('',(#3654),#3665,.T.);
#3654 = FACE_BOUND('',#3655,.T.);
#3655 = EDGE_LOOP('',(#3656,#3657,#3663,#3664));
#3656 = ORIENTED_EDGE('',*,*,#3299,.T.);
#3657 = ORIENTED_EDGE('',*,*,#3658,.T.);
#3658 = EDGE_CURVE('',#3300,#3245,#3659,.T.);
#3659 = LINE('',#3660,#3661);
#3660 = CARTESIAN_POINT('',(-0.846666666667,1.27,0.2));
#3661 = VECTOR('',#3662,1.);
#3662 = DIRECTION('',(-1.110223024625E-16,-1.,0.));
#3663 = ORIENTED_EDGE('',*,*,#3252,.F.);
#3664 = ORIENTED_EDGE('',*,*,#3636,.F.);
#3665 = PLANE('',#3666);
#3666 = AXIS2_PLACEMENT_3D('',#3667,#3668,#3669);
#3667 = CARTESIAN_POINT('',(-0.846666666667,1.27,0.));
#3668 = DIRECTION('',(1.,-1.110223024625E-16,0.));
#3669 = DIRECTION('',(-1.110223024625E-16,-1.,0.));
#3670 = ADVANCED_FACE('',(#3671,#3682,#3748,#3814,#3880,#3946,#4012,
    #4078,#4144),#4210,.F.);
#3671 = FACE_BOUND('',#3672,.F.);
#3672 = EDGE_LOOP('',(#3673,#3679,#3680,#3681));
#3673 = ORIENTED_EDGE('',*,*,#3674,.T.);
#3674 = EDGE_CURVE('',#3237,#3308,#3675,.T.);
#3675 = LINE('',#3676,#3677);
#3676 = CARTESIAN_POINT('',(0.846666666667,-19.05,0.2));
#3677 = VECTOR('',#3678,1.);
#3678 = DIRECTION('',(1.110223024625E-16,1.,0.));
#3679 = ORIENTED_EDGE('',*,*,#3307,.T.);
#3680 = ORIENTED_EDGE('',*,*,#3658,.T.);
#3681 = ORIENTED_EDGE('',*,*,#3244,.T.);
#3682 = FACE_BOUND('',#3683,.F.);
#3683 = EDGE_LOOP('',(#3684,#3694,#3702,#3710,#3718,#3726,#3734,#3742));
#3684 = ORIENTED_EDGE('',*,*,#3685,.F.);
#3685 = EDGE_CURVE('',#3686,#3688,#3690,.T.);
#3686 = VERTEX_POINT('',#3687);
#3687 = CARTESIAN_POINT('',(-0.1,-18.23,0.2));
#3688 = VERTEX_POINT('',#3689);
#3689 = CARTESIAN_POINT('',(0.1,-18.23,0.2));
#3690 = LINE('',#3691,#3692);
#3691 = CARTESIAN_POINT('',(-0.1,-18.23,0.2));
#3692 = VECTOR('',#3693,1.);
#3693 = DIRECTION('',(1.,-1.110223024625E-16,0.));
#3694 = ORIENTED_EDGE('',*,*,#3695,.T.);
#3695 = EDGE_CURVE('',#3686,#3696,#3698,.T.);
#3696 = VERTEX_POINT('',#3697);
#3697 = CARTESIAN_POINT('',(-0.1,-18.08,0.2));
#3698 = LINE('',#3699,#3700);
#3699 = CARTESIAN_POINT('',(-0.1,-18.23,0.2));
#3700 = VECTOR('',#3701,1.);
#3701 = DIRECTION('',(1.110223024625E-16,1.,0.));
#3702 = ORIENTED_EDGE('',*,*,#3703,.F.);
#3703 = EDGE_CURVE('',#3704,#3696,#3706,.T.);
#3704 = VERTEX_POINT('',#3705);
#3705 = CARTESIAN_POINT('',(-0.1,-17.48,0.2));
#3706 = LINE('',#3707,#3708);
#3707 = CARTESIAN_POINT('',(-0.1,-13.335,0.2));
#3708 = VECTOR('',#3709,1.);
#3709 = DIRECTION('',(-1.110223024625E-16,-1.,0.));
#3710 = ORIENTED_EDGE('',*,*,#3711,.T.);
#3711 = EDGE_CURVE('',#3704,#3712,#3714,.T.);
#3712 = VERTEX_POINT('',#3713);
#3713 = CARTESIAN_POINT('',(-0.1,-17.33,0.2));
#3714 = LINE('',#3715,#3716);
#3715 = CARTESIAN_POINT('',(-0.1,-18.23,0.2));
#3716 = VECTOR('',#3717,1.);
#3717 = DIRECTION('',(1.110223024625E-16,1.,0.));
#3718 = ORIENTED_EDGE('',*,*,#3719,.T.);
#3719 = EDGE_CURVE('',#3712,#3720,#3722,.T.);
#3720 = VERTEX_POINT('',#3721);
#3721 = CARTESIAN_POINT('',(0.1,-17.33,0.2));
#3722 = LINE('',#3723,#3724);
#3723 = CARTESIAN_POINT('',(-0.1,-17.33,0.2));
#3724 = VECTOR('',#3725,1.);
#3725 = DIRECTION('',(1.,-1.110223024625E-16,0.));
#3726 = ORIENTED_EDGE('',*,*,#3727,.T.);
#3727 = EDGE_CURVE('',#3720,#3728,#3730,.T.);
#3728 = VERTEX_POINT('',#3729);
#3729 = CARTESIAN_POINT('',(0.1,-17.48,0.2));
#3730 = LINE('',#3731,#3732);
#3731 = CARTESIAN_POINT('',(0.1,-17.33,0.2));
#3732 = VECTOR('',#3733,1.);
#3733 = DIRECTION('',(-1.110223024625E-16,-1.,0.));
#3734 = ORIENTED_EDGE('',*,*,#3735,.T.);
#3735 = EDGE_CURVE('',#3728,#3736,#3738,.T.);
#3736 = VERTEX_POINT('',#3737);
#3737 = CARTESIAN_POINT('',(0.1,-18.08,0.2));
#3738 = LINE('',#3739,#3740);
#3739 = CARTESIAN_POINT('',(0.1,-13.335,0.2));
#3740 = VECTOR('',#3741,1.);
#3741 = DIRECTION('',(-1.110223024625E-16,-1.,0.));
#3742 = ORIENTED_EDGE('',*,*,#3743,.T.);
#3743 = EDGE_CURVE('',#3736,#3688,#3744,.T.);
#3744 = LINE('',#3745,#3746);
#3745 = CARTESIAN_POINT('',(0.1,-17.33,0.2));
#3746 = VECTOR('',#3747,1.);
#3747 = DIRECTION('',(-1.110223024625E-16,-1.,0.));
#3748 = FACE_BOUND('',#3749,.F.);
#3749 = EDGE_LOOP('',(#3750,#3760,#3768,#3776,#3784,#3792,#3800,#3808));
#3750 = ORIENTED_EDGE('',*,*,#3751,.F.);
#3751 = EDGE_CURVE('',#3752,#3754,#3756,.T.);
#3752 = VERTEX_POINT('',#3753);
#3753 = CARTESIAN_POINT('',(-0.1,-15.69,0.2));
#3754 = VERTEX_POINT('',#3755);
#3755 = CARTESIAN_POINT('',(0.1,-15.69,0.2));
#3756 = LINE('',#3757,#3758);
#3757 = CARTESIAN_POINT('',(-0.1,-15.69,0.2));
#3758 = VECTOR('',#3759,1.);
#3759 = DIRECTION('',(1.,-1.110223024625E-16,0.));
#3760 = ORIENTED_EDGE('',*,*,#3761,.T.);
#3761 = EDGE_CURVE('',#3752,#3762,#3764,.T.);
#3762 = VERTEX_POINT('',#3763);
#3763 = CARTESIAN_POINT('',(-0.1,-15.54,0.2));
#3764 = LINE('',#3765,#3766);
#3765 = CARTESIAN_POINT('',(-0.1,-15.69,0.2));
#3766 = VECTOR('',#3767,1.);
#3767 = DIRECTION('',(1.110223024625E-16,1.,0.));
#3768 = ORIENTED_EDGE('',*,*,#3769,.F.);
#3769 = EDGE_CURVE('',#3770,#3762,#3772,.T.);
#3770 = VERTEX_POINT('',#3771);
#3771 = CARTESIAN_POINT('',(-0.1,-14.94,0.2));
#3772 = LINE('',#3773,#3774);
#3773 = CARTESIAN_POINT('',(-0.1,-12.065,0.2));
#3774 = VECTOR('',#3775,1.);
#3775 = DIRECTION('',(-1.110223024625E-16,-1.,0.));
#3776 = ORIENTED_EDGE('',*,*,#3777,.T.);
#3777 = EDGE_CURVE('',#3770,#3778,#3780,.T.);
#3778 = VERTEX_POINT('',#3779);
#3779 = CARTESIAN_POINT('',(-0.1,-14.79,0.2));
#3780 = LINE('',#3781,#3782);
#3781 = CARTESIAN_POINT('',(-0.1,-15.69,0.2));
#3782 = VECTOR('',#3783,1.);
#3783 = DIRECTION('',(1.110223024625E-16,1.,0.));
#3784 = ORIENTED_EDGE('',*,*,#3785,.T.);
#3785 = EDGE_CURVE('',#3778,#3786,#3788,.T.);
#3786 = VERTEX_POINT('',#3787);
#3787 = CARTESIAN_POINT('',(0.1,-14.79,0.2));
#3788 = LINE('',#3789,#3790);
#3789 = CARTESIAN_POINT('',(-0.1,-14.79,0.2));
#3790 = VECTOR('',#3791,1.);
#3791 = DIRECTION('',(1.,-1.110223024625E-16,0.));
#3792 = ORIENTED_EDGE('',*,*,#3793,.T.);
#3793 = EDGE_CURVE('',#3786,#3794,#3796,.T.);
#3794 = VERTEX_POINT('',#3795);
#3795 = CARTESIAN_POINT('',(0.1,-14.94,0.2));
#3796 = LINE('',#3797,#3798);
#3797 = CARTESIAN_POINT('',(0.1,-14.79,0.2));
#3798 = VECTOR('',#3799,1.);
#3799 = DIRECTION('',(-1.110223024625E-16,-1.,0.));
#3800 = ORIENTED_EDGE('',*,*,#3801,.T.);
#3801 = EDGE_CURVE('',#3794,#3802,#3804,.T.);
#3802 = VERTEX_POINT('',#3803);
#3803 = CARTESIAN_POINT('',(0.1,-15.54,0.2));
#3804 = LINE('',#3805,#3806);
#3805 = CARTESIAN_POINT('',(0.1,-12.065,0.2));
#3806 = VECTOR('',#3807,1.);
#3807 = DIRECTION('',(-1.110223024625E-16,-1.,0.));
#3808 = ORIENTED_EDGE('',*,*,#3809,.T.);
#3809 = EDGE_CURVE('',#3802,#3754,#3810,.T.);
#3810 = LINE('',#3811,#3812);
#3811 = CARTESIAN_POINT('',(0.1,-14.79,0.2));
#3812 = VECTOR('',#3813,1.);
#3813 = DIRECTION('',(-1.110223024625E-16,-1.,0.));
#3814 = FACE_BOUND('',#3815,.F.);
#3815 = EDGE_LOOP('',(#3816,#3826,#3834,#3842,#3850,#3858,#3866,#3874));
#3816 = ORIENTED_EDGE('',*,*,#3817,.F.);
#3817 = EDGE_CURVE('',#3818,#3820,#3822,.T.);
#3818 = VERTEX_POINT('',#3819);
#3819 = CARTESIAN_POINT('',(-0.1,-13.15,0.2));
#3820 = VERTEX_POINT('',#3821);
#3821 = CARTESIAN_POINT('',(0.1,-13.15,0.2));
#3822 = LINE('',#3823,#3824);
#3823 = CARTESIAN_POINT('',(-0.1,-13.15,0.2));
#3824 = VECTOR('',#3825,1.);
#3825 = DIRECTION('',(1.,-1.110223024625E-16,0.));
#3826 = ORIENTED_EDGE('',*,*,#3827,.T.);
#3827 = EDGE_CURVE('',#3818,#3828,#3830,.T.);
#3828 = VERTEX_POINT('',#3829);
#3829 = CARTESIAN_POINT('',(-0.1,-13.,0.2));
#3830 = LINE('',#3831,#3832);
#3831 = CARTESIAN_POINT('',(-0.1,-13.15,0.2));
#3832 = VECTOR('',#3833,1.);
#3833 = DIRECTION('',(1.110223024625E-16,1.,0.));
#3834 = ORIENTED_EDGE('',*,*,#3835,.F.);
#3835 = EDGE_CURVE('',#3836,#3828,#3838,.T.);
#3836 = VERTEX_POINT('',#3837);
#3837 = CARTESIAN_POINT('',(-0.1,-12.4,0.2));
#3838 = LINE('',#3839,#3840);
#3839 = CARTESIAN_POINT('',(-0.1,-10.795,0.2));
#3840 = VECTOR('',#3841,1.);
#3841 = DIRECTION('',(-1.110223024625E-16,-1.,0.));
#3842 = ORIENTED_EDGE('',*,*,#3843,.T.);
#3843 = EDGE_CURVE('',#3836,#3844,#3846,.T.);
#3844 = VERTEX_POINT('',#3845);
#3845 = CARTESIAN_POINT('',(-0.1,-12.25,0.2));
#3846 = LINE('',#3847,#3848);
#3847 = CARTESIAN_POINT('',(-0.1,-13.15,0.2));
#3848 = VECTOR('',#3849,1.);
#3849 = DIRECTION('',(1.110223024625E-16,1.,0.));
#3850 = ORIENTED_EDGE('',*,*,#3851,.T.);
#3851 = EDGE_CURVE('',#3844,#3852,#3854,.T.);
#3852 = VERTEX_POINT('',#3853);
#3853 = CARTESIAN_POINT('',(0.1,-12.25,0.2));
#3854 = LINE('',#3855,#3856);
#3855 = CARTESIAN_POINT('',(-0.1,-12.25,0.2));
#3856 = VECTOR('',#3857,1.);
#3857 = DIRECTION('',(1.,-1.110223024625E-16,0.));
#3858 = ORIENTED_EDGE('',*,*,#3859,.T.);
#3859 = EDGE_CURVE('',#3852,#3860,#3862,.T.);
#3860 = VERTEX_POINT('',#3861);
#3861 = CARTESIAN_POINT('',(0.1,-12.4,0.2));
#3862 = LINE('',#3863,#3864);
#3863 = CARTESIAN_POINT('',(0.1,-12.25,0.2));
#3864 = VECTOR('',#3865,1.);
#3865 = DIRECTION('',(-1.110223024625E-16,-1.,0.));
#3866 = ORIENTED_EDGE('',*,*,#3867,.T.);
#3867 = EDGE_CURVE('',#3860,#3868,#3870,.T.);
#3868 = VERTEX_POINT('',#3869);
#3869 = CARTESIAN_POINT('',(0.1,-13.,0.2));
#3870 = LINE('',#3871,#3872);
#3871 = CARTESIAN_POINT('',(0.1,-10.795,0.2));
#3872 = VECTOR('',#3873,1.);
#3873 = DIRECTION('',(-1.110223024625E-16,-1.,0.));
#3874 = ORIENTED_EDGE('',*,*,#3875,.T.);
#3875 = EDGE_CURVE('',#3868,#3820,#3876,.T.);
#3876 = LINE('',#3877,#3878);
#3877 = CARTESIAN_POINT('',(0.1,-12.25,0.2));
#3878 = VECTOR('',#3879,1.);
#3879 = DIRECTION('',(-1.110223024625E-16,-1.,0.));
#3880 = FACE_BOUND('',#3881,.F.);
#3881 = EDGE_LOOP('',(#3882,#3892,#3900,#3908,#3916,#3924,#3932,#3940));
#3882 = ORIENTED_EDGE('',*,*,#3883,.F.);
#3883 = EDGE_CURVE('',#3884,#3886,#3888,.T.);
#3884 = VERTEX_POINT('',#3885);
#3885 = CARTESIAN_POINT('',(-0.1,-10.61,0.2));
#3886 = VERTEX_POINT('',#3887);
#3887 = CARTESIAN_POINT('',(0.1,-10.61,0.2));
#3888 = LINE('',#3889,#3890);
#3889 = CARTESIAN_POINT('',(-0.1,-10.61,0.2));
#3890 = VECTOR('',#3891,1.);
#3891 = DIRECTION('',(1.,-1.110223024625E-16,0.));
#3892 = ORIENTED_EDGE('',*,*,#3893,.T.);
#3893 = EDGE_CURVE('',#3884,#3894,#3896,.T.);
#3894 = VERTEX_POINT('',#3895);
#3895 = CARTESIAN_POINT('',(-0.1,-10.46,0.2));
#3896 = LINE('',#3897,#3898);
#3897 = CARTESIAN_POINT('',(-0.1,-10.61,0.2));
#3898 = VECTOR('',#3899,1.);
#3899 = DIRECTION('',(1.110223024625E-16,1.,0.));
#3900 = ORIENTED_EDGE('',*,*,#3901,.F.);
#3901 = EDGE_CURVE('',#3902,#3894,#3904,.T.);
#3902 = VERTEX_POINT('',#3903);
#3903 = CARTESIAN_POINT('',(-0.1,-9.86,0.2));
#3904 = LINE('',#3905,#3906);
#3905 = CARTESIAN_POINT('',(-0.1,-9.525,0.2));
#3906 = VECTOR('',#3907,1.);
#3907 = DIRECTION('',(-1.110223024625E-16,-1.,0.));
#3908 = ORIENTED_EDGE('',*,*,#3909,.T.);
#3909 = EDGE_CURVE('',#3902,#3910,#3912,.T.);
#3910 = VERTEX_POINT('',#3911);
#3911 = CARTESIAN_POINT('',(-0.1,-9.71,0.2));
#3912 = LINE('',#3913,#3914);
#3913 = CARTESIAN_POINT('',(-0.1,-10.61,0.2));
#3914 = VECTOR('',#3915,1.);
#3915 = DIRECTION('',(1.110223024625E-16,1.,0.));
#3916 = ORIENTED_EDGE('',*,*,#3917,.T.);
#3917 = EDGE_CURVE('',#3910,#3918,#3920,.T.);
#3918 = VERTEX_POINT('',#3919);
#3919 = CARTESIAN_POINT('',(0.1,-9.71,0.2));
#3920 = LINE('',#3921,#3922);
#3921 = CARTESIAN_POINT('',(-0.1,-9.71,0.2));
#3922 = VECTOR('',#3923,1.);
#3923 = DIRECTION('',(1.,-1.110223024625E-16,0.));
#3924 = ORIENTED_EDGE('',*,*,#3925,.T.);
#3925 = EDGE_CURVE('',#3918,#3926,#3928,.T.);
#3926 = VERTEX_POINT('',#3927);
#3927 = CARTESIAN_POINT('',(0.1,-9.86,0.2));
#3928 = LINE('',#3929,#3930);
#3929 = CARTESIAN_POINT('',(0.1,-9.71,0.2));
#3930 = VECTOR('',#3931,1.);
#3931 = DIRECTION('',(-1.110223024625E-16,-1.,0.));
#3932 = ORIENTED_EDGE('',*,*,#3933,.T.);
#3933 = EDGE_CURVE('',#3926,#3934,#3936,.T.);
#3934 = VERTEX_POINT('',#3935);
#3935 = CARTESIAN_POINT('',(0.1,-10.46,0.2));
#3936 = LINE('',#3937,#3938);
#3937 = CARTESIAN_POINT('',(0.1,-9.525,0.2));
#3938 = VECTOR('',#3939,1.);
#3939 = DIRECTION('',(-1.110223024625E-16,-1.,0.));
#3940 = ORIENTED_EDGE('',*,*,#3941,.T.);
#3941 = EDGE_CURVE('',#3934,#3886,#3942,.T.);
#3942 = LINE('',#3943,#3944);
#3943 = CARTESIAN_POINT('',(0.1,-9.71,0.2));
#3944 = VECTOR('',#3945,1.);
#3945 = DIRECTION('',(-1.110223024625E-16,-1.,0.));
#3946 = FACE_BOUND('',#3947,.F.);
#3947 = EDGE_LOOP('',(#3948,#3958,#3966,#3974,#3982,#3990,#3998,#4006));
#3948 = ORIENTED_EDGE('',*,*,#3949,.F.);
#3949 = EDGE_CURVE('',#3950,#3952,#3954,.T.);
#3950 = VERTEX_POINT('',#3951);
#3951 = CARTESIAN_POINT('',(-0.1,-8.07,0.2));
#3952 = VERTEX_POINT('',#3953);
#3953 = CARTESIAN_POINT('',(0.1,-8.07,0.2));
#3954 = LINE('',#3955,#3956);
#3955 = CARTESIAN_POINT('',(-0.1,-8.07,0.2));
#3956 = VECTOR('',#3957,1.);
#3957 = DIRECTION('',(1.,-1.110223024625E-16,0.));
#3958 = ORIENTED_EDGE('',*,*,#3959,.T.);
#3959 = EDGE_CURVE('',#3950,#3960,#3962,.T.);
#3960 = VERTEX_POINT('',#3961);
#3961 = CARTESIAN_POINT('',(-0.1,-7.92,0.2));
#3962 = LINE('',#3963,#3964);
#3963 = CARTESIAN_POINT('',(-0.1,-8.07,0.2));
#3964 = VECTOR('',#3965,1.);
#3965 = DIRECTION('',(1.110223024625E-16,1.,0.));
#3966 = ORIENTED_EDGE('',*,*,#3967,.F.);
#3967 = EDGE_CURVE('',#3968,#3960,#3970,.T.);
#3968 = VERTEX_POINT('',#3969);
#3969 = CARTESIAN_POINT('',(-0.1,-7.32,0.2));
#3970 = LINE('',#3971,#3972);
#3971 = CARTESIAN_POINT('',(-0.1,-8.255,0.2));
#3972 = VECTOR('',#3973,1.);
#3973 = DIRECTION('',(-1.110223024625E-16,-1.,0.));
#3974 = ORIENTED_EDGE('',*,*,#3975,.T.);
#3975 = EDGE_CURVE('',#3968,#3976,#3978,.T.);
#3976 = VERTEX_POINT('',#3977);
#3977 = CARTESIAN_POINT('',(-0.1,-7.17,0.2));
#3978 = LINE('',#3979,#3980);
#3979 = CARTESIAN_POINT('',(-0.1,-8.07,0.2));
#3980 = VECTOR('',#3981,1.);
#3981 = DIRECTION('',(1.110223024625E-16,1.,0.));
#3982 = ORIENTED_EDGE('',*,*,#3983,.T.);
#3983 = EDGE_CURVE('',#3976,#3984,#3986,.T.);
#3984 = VERTEX_POINT('',#3985);
#3985 = CARTESIAN_POINT('',(0.1,-7.17,0.2));
#3986 = LINE('',#3987,#3988);
#3987 = CARTESIAN_POINT('',(-0.1,-7.17,0.2));
#3988 = VECTOR('',#3989,1.);
#3989 = DIRECTION('',(1.,-1.110223024625E-16,0.));
#3990 = ORIENTED_EDGE('',*,*,#3991,.T.);
#3991 = EDGE_CURVE('',#3984,#3992,#3994,.T.);
#3992 = VERTEX_POINT('',#3993);
#3993 = CARTESIAN_POINT('',(0.1,-7.32,0.2));
#3994 = LINE('',#3995,#3996);
#3995 = CARTESIAN_POINT('',(0.1,-7.17,0.2));
#3996 = VECTOR('',#3997,1.);
#3997 = DIRECTION('',(-1.110223024625E-16,-1.,0.));
#3998 = ORIENTED_EDGE('',*,*,#3999,.T.);
#3999 = EDGE_CURVE('',#3992,#4000,#4002,.T.);
#4000 = VERTEX_POINT('',#4001);
#4001 = CARTESIAN_POINT('',(0.1,-7.92,0.2));
#4002 = LINE('',#4003,#4004);
#4003 = CARTESIAN_POINT('',(0.1,-8.255,0.2));
#4004 = VECTOR('',#4005,1.);
#4005 = DIRECTION('',(-1.110223024625E-16,-1.,0.));
#4006 = ORIENTED_EDGE('',*,*,#4007,.T.);
#4007 = EDGE_CURVE('',#4000,#3952,#4008,.T.);
#4008 = LINE('',#4009,#4010);
#4009 = CARTESIAN_POINT('',(0.1,-7.17,0.2));
#4010 = VECTOR('',#4011,1.);
#4011 = DIRECTION('',(-1.110223024625E-16,-1.,0.));
#4012 = FACE_BOUND('',#4013,.F.);
#4013 = EDGE_LOOP('',(#4014,#4024,#4032,#4040,#4048,#4056,#4064,#4072));
#4014 = ORIENTED_EDGE('',*,*,#4015,.F.);
#4015 = EDGE_CURVE('',#4016,#4018,#4020,.T.);
#4016 = VERTEX_POINT('',#4017);
#4017 = CARTESIAN_POINT('',(-0.1,-5.53,0.2));
#4018 = VERTEX_POINT('',#4019);
#4019 = CARTESIAN_POINT('',(0.1,-5.53,0.2));
#4020 = LINE('',#4021,#4022);
#4021 = CARTESIAN_POINT('',(-0.1,-5.53,0.2));
#4022 = VECTOR('',#4023,1.);
#4023 = DIRECTION('',(1.,-1.110223024625E-16,0.));
#4024 = ORIENTED_EDGE('',*,*,#4025,.T.);
#4025 = EDGE_CURVE('',#4016,#4026,#4028,.T.);
#4026 = VERTEX_POINT('',#4027);
#4027 = CARTESIAN_POINT('',(-0.1,-5.38,0.2));
#4028 = LINE('',#4029,#4030);
#4029 = CARTESIAN_POINT('',(-0.1,-5.53,0.2));
#4030 = VECTOR('',#4031,1.);
#4031 = DIRECTION('',(1.110223024625E-16,1.,0.));
#4032 = ORIENTED_EDGE('',*,*,#4033,.F.);
#4033 = EDGE_CURVE('',#4034,#4026,#4036,.T.);
#4034 = VERTEX_POINT('',#4035);
#4035 = CARTESIAN_POINT('',(-0.1,-4.78,0.2));
#4036 = LINE('',#4037,#4038);
#4037 = CARTESIAN_POINT('',(-0.1,-6.985,0.2));
#4038 = VECTOR('',#4039,1.);
#4039 = DIRECTION('',(-1.110223024625E-16,-1.,0.));
#4040 = ORIENTED_EDGE('',*,*,#4041,.T.);
#4041 = EDGE_CURVE('',#4034,#4042,#4044,.T.);
#4042 = VERTEX_POINT('',#4043);
#4043 = CARTESIAN_POINT('',(-0.1,-4.63,0.2));
#4044 = LINE('',#4045,#4046);
#4045 = CARTESIAN_POINT('',(-0.1,-5.53,0.2));
#4046 = VECTOR('',#4047,1.);
#4047 = DIRECTION('',(1.110223024625E-16,1.,0.));
#4048 = ORIENTED_EDGE('',*,*,#4049,.T.);
#4049 = EDGE_CURVE('',#4042,#4050,#4052,.T.);
#4050 = VERTEX_POINT('',#4051);
#4051 = CARTESIAN_POINT('',(0.1,-4.63,0.2));
#4052 = LINE('',#4053,#4054);
#4053 = CARTESIAN_POINT('',(-0.1,-4.63,0.2));
#4054 = VECTOR('',#4055,1.);
#4055 = DIRECTION('',(1.,-1.110223024625E-16,0.));
#4056 = ORIENTED_EDGE('',*,*,#4057,.T.);
#4057 = EDGE_CURVE('',#4050,#4058,#4060,.T.);
#4058 = VERTEX_POINT('',#4059);
#4059 = CARTESIAN_POINT('',(0.1,-4.78,0.2));
#4060 = LINE('',#4061,#4062);
#4061 = CARTESIAN_POINT('',(0.1,-4.63,0.2));
#4062 = VECTOR('',#4063,1.);
#4063 = DIRECTION('',(-1.110223024625E-16,-1.,0.));
#4064 = ORIENTED_EDGE('',*,*,#4065,.T.);
#4065 = EDGE_CURVE('',#4058,#4066,#4068,.T.);
#4066 = VERTEX_POINT('',#4067);
#4067 = CARTESIAN_POINT('',(0.1,-5.38,0.2));
#4068 = LINE('',#4069,#4070);
#4069 = CARTESIAN_POINT('',(0.1,-6.985,0.2));
#4070 = VECTOR('',#4071,1.);
#4071 = DIRECTION('',(-1.110223024625E-16,-1.,0.));
#4072 = ORIENTED_EDGE('',*,*,#4073,.T.);
#4073 = EDGE_CURVE('',#4066,#4018,#4074,.T.);
#4074 = LINE('',#4075,#4076);
#4075 = CARTESIAN_POINT('',(0.1,-4.63,0.2));
#4076 = VECTOR('',#4077,1.);
#4077 = DIRECTION('',(-1.110223024625E-16,-1.,0.));
#4078 = FACE_BOUND('',#4079,.F.);
#4079 = EDGE_LOOP('',(#4080,#4090,#4098,#4106,#4114,#4122,#4130,#4138));
#4080 = ORIENTED_EDGE('',*,*,#4081,.F.);
#4081 = EDGE_CURVE('',#4082,#4084,#4086,.T.);
#4082 = VERTEX_POINT('',#4083);
#4083 = CARTESIAN_POINT('',(-0.1,-2.99,0.2));
#4084 = VERTEX_POINT('',#4085);
#4085 = CARTESIAN_POINT('',(0.1,-2.99,0.2));
#4086 = LINE('',#4087,#4088);
#4087 = CARTESIAN_POINT('',(-0.1,-2.99,0.2));
#4088 = VECTOR('',#4089,1.);
#4089 = DIRECTION('',(1.,-1.110223024625E-16,0.));
#4090 = ORIENTED_EDGE('',*,*,#4091,.T.);
#4091 = EDGE_CURVE('',#4082,#4092,#4094,.T.);
#4092 = VERTEX_POINT('',#4093);
#4093 = CARTESIAN_POINT('',(-0.1,-2.84,0.2));
#4094 = LINE('',#4095,#4096);
#4095 = CARTESIAN_POINT('',(-0.1,-2.99,0.2));
#4096 = VECTOR('',#4097,1.);
#4097 = DIRECTION('',(1.110223024625E-16,1.,0.));
#4098 = ORIENTED_EDGE('',*,*,#4099,.F.);
#4099 = EDGE_CURVE('',#4100,#4092,#4102,.T.);
#4100 = VERTEX_POINT('',#4101);
#4101 = CARTESIAN_POINT('',(-0.1,-2.24,0.2));
#4102 = LINE('',#4103,#4104);
#4103 = CARTESIAN_POINT('',(-0.1,-5.715,0.2));
#4104 = VECTOR('',#4105,1.);
#4105 = DIRECTION('',(-1.110223024625E-16,-1.,0.));
#4106 = ORIENTED_EDGE('',*,*,#4107,.T.);
#4107 = EDGE_CURVE('',#4100,#4108,#4110,.T.);
#4108 = VERTEX_POINT('',#4109);
#4109 = CARTESIAN_POINT('',(-0.1,-2.09,0.2));
#4110 = LINE('',#4111,#4112);
#4111 = CARTESIAN_POINT('',(-0.1,-2.99,0.2));
#4112 = VECTOR('',#4113,1.);
#4113 = DIRECTION('',(1.110223024625E-16,1.,0.));
#4114 = ORIENTED_EDGE('',*,*,#4115,.T.);
#4115 = EDGE_CURVE('',#4108,#4116,#4118,.T.);
#4116 = VERTEX_POINT('',#4117);
#4117 = CARTESIAN_POINT('',(0.1,-2.09,0.2));
#4118 = LINE('',#4119,#4120);
#4119 = CARTESIAN_POINT('',(-0.1,-2.09,0.2));
#4120 = VECTOR('',#4121,1.);
#4121 = DIRECTION('',(1.,-1.110223024625E-16,0.));
#4122 = ORIENTED_EDGE('',*,*,#4123,.T.);
#4123 = EDGE_CURVE('',#4116,#4124,#4126,.T.);
#4124 = VERTEX_POINT('',#4125);
#4125 = CARTESIAN_POINT('',(0.1,-2.24,0.2));
#4126 = LINE('',#4127,#4128);
#4127 = CARTESIAN_POINT('',(0.1,-2.09,0.2));
#4128 = VECTOR('',#4129,1.);
#4129 = DIRECTION('',(-1.110223024625E-16,-1.,0.));
#4130 = ORIENTED_EDGE('',*,*,#4131,.T.);
#4131 = EDGE_CURVE('',#4124,#4132,#4134,.T.);
#4132 = VERTEX_POINT('',#4133);
#4133 = CARTESIAN_POINT('',(0.1,-2.84,0.2));
#4134 = LINE('',#4135,#4136);
#4135 = CARTESIAN_POINT('',(0.1,-5.715,0.2));
#4136 = VECTOR('',#4137,1.);
#4137 = DIRECTION('',(-1.110223024625E-16,-1.,0.));
#4138 = ORIENTED_EDGE('',*,*,#4139,.T.);
#4139 = EDGE_CURVE('',#4132,#4084,#4140,.T.);
#4140 = LINE('',#4141,#4142);
#4141 = CARTESIAN_POINT('',(0.1,-2.09,0.2));
#4142 = VECTOR('',#4143,1.);
#4143 = DIRECTION('',(-1.110223024625E-16,-1.,0.));
#4144 = FACE_BOUND('',#4145,.F.);
#4145 = EDGE_LOOP('',(#4146,#4156,#4164,#4172,#4180,#4188,#4196,#4204));
#4146 = ORIENTED_EDGE('',*,*,#4147,.F.);
#4147 = EDGE_CURVE('',#4148,#4150,#4152,.T.);
#4148 = VERTEX_POINT('',#4149);
#4149 = CARTESIAN_POINT('',(-0.1,-0.45,0.2));
#4150 = VERTEX_POINT('',#4151);
#4151 = CARTESIAN_POINT('',(0.1,-0.45,0.2));
#4152 = LINE('',#4153,#4154);
#4153 = CARTESIAN_POINT('',(-0.1,-0.45,0.2));
#4154 = VECTOR('',#4155,1.);
#4155 = DIRECTION('',(1.,-1.110223024625E-16,0.));
#4156 = ORIENTED_EDGE('',*,*,#4157,.T.);
#4157 = EDGE_CURVE('',#4148,#4158,#4160,.T.);
#4158 = VERTEX_POINT('',#4159);
#4159 = CARTESIAN_POINT('',(-0.1,-0.3,0.2));
#4160 = LINE('',#4161,#4162);
#4161 = CARTESIAN_POINT('',(-0.1,-0.45,0.2));
#4162 = VECTOR('',#4163,1.);
#4163 = DIRECTION('',(1.110223024625E-16,1.,0.));
#4164 = ORIENTED_EDGE('',*,*,#4165,.F.);
#4165 = EDGE_CURVE('',#4166,#4158,#4168,.T.);
#4166 = VERTEX_POINT('',#4167);
#4167 = CARTESIAN_POINT('',(-0.1,0.3,0.2));
#4168 = LINE('',#4169,#4170);
#4169 = CARTESIAN_POINT('',(-0.1,-4.445,0.2));
#4170 = VECTOR('',#4171,1.);
#4171 = DIRECTION('',(-1.110223024625E-16,-1.,0.));
#4172 = ORIENTED_EDGE('',*,*,#4173,.T.);
#4173 = EDGE_CURVE('',#4166,#4174,#4176,.T.);
#4174 = VERTEX_POINT('',#4175);
#4175 = CARTESIAN_POINT('',(-0.1,0.45,0.2));
#4176 = LINE('',#4177,#4178);
#4177 = CARTESIAN_POINT('',(-0.1,-0.45,0.2));
#4178 = VECTOR('',#4179,1.);
#4179 = DIRECTION('',(1.110223024625E-16,1.,0.));
#4180 = ORIENTED_EDGE('',*,*,#4181,.T.);
#4181 = EDGE_CURVE('',#4174,#4182,#4184,.T.);
#4182 = VERTEX_POINT('',#4183);
#4183 = CARTESIAN_POINT('',(0.1,0.45,0.2));
#4184 = LINE('',#4185,#4186);
#4185 = CARTESIAN_POINT('',(-0.1,0.45,0.2));
#4186 = VECTOR('',#4187,1.);
#4187 = DIRECTION('',(1.,-1.110223024625E-16,0.));
#4188 = ORIENTED_EDGE('',*,*,#4189,.T.);
#4189 = EDGE_CURVE('',#4182,#4190,#4192,.T.);
#4190 = VERTEX_POINT('',#4191);
#4191 = CARTESIAN_POINT('',(0.1,0.3,0.2));
#4192 = LINE('',#4193,#4194);
#4193 = CARTESIAN_POINT('',(0.1,0.45,0.2));
#4194 = VECTOR('',#4195,1.);
#4195 = DIRECTION('',(-1.110223024625E-16,-1.,0.));
#4196 = ORIENTED_EDGE('',*,*,#4197,.T.);
#4197 = EDGE_CURVE('',#4190,#4198,#4200,.T.);
#4198 = VERTEX_POINT('',#4199);
#4199 = CARTESIAN_POINT('',(0.1,-0.3,0.2));
#4200 = LINE('',#4201,#4202);
#4201 = CARTESIAN_POINT('',(0.1,-4.445,0.2));
#4202 = VECTOR('',#4203,1.);
#4203 = DIRECTION('',(-1.110223024625E-16,-1.,0.));
#4204 = ORIENTED_EDGE('',*,*,#4205,.T.);
#4205 = EDGE_CURVE('',#4198,#4150,#4206,.T.);
#4206 = LINE('',#4207,#4208);
#4207 = CARTESIAN_POINT('',(0.1,0.45,0.2));
#4208 = VECTOR('',#4209,1.);
#4209 = DIRECTION('',(-1.110223024625E-16,-1.,0.));
#4210 = PLANE('',#4211);
#4211 = AXIS2_PLACEMENT_3D('',#4212,#4213,#4214);
#4212 = CARTESIAN_POINT('',(-9.592326932761E-16,-8.89,0.2));
#4213 = DIRECTION('',(0.,0.,1.));
#4214 = DIRECTION('',(1.110223024625E-16,1.,-0.));
#4215 = ADVANCED_FACE('',(#4216),#4222,.T.);
#4216 = FACE_BOUND('',#4217,.T.);
#4217 = EDGE_LOOP('',(#4218,#4219,#4220,#4221));
#4218 = ORIENTED_EDGE('',*,*,#3236,.T.);
#4219 = ORIENTED_EDGE('',*,*,#3674,.T.);
#4220 = ORIENTED_EDGE('',*,*,#3315,.F.);
#4221 = ORIENTED_EDGE('',*,*,#3332,.F.);
#4222 = PLANE('',#4223);
#4223 = AXIS2_PLACEMENT_3D('',#4224,#4225,#4226);
#4224 = CARTESIAN_POINT('',(0.846666666667,-19.05,0.));
#4225 = DIRECTION('',(-1.,1.110223024625E-16,0.));
#4226 = DIRECTION('',(1.110223024625E-16,1.,0.));
#4227 = ADVANCED_FACE('',(#4228),#4234,.F.);
#4228 = FACE_BOUND('',#4229,.F.);
#4229 = EDGE_LOOP('',(#4230,#4231,#4232,#4233));
#4230 = ORIENTED_EDGE('',*,*,#3283,.T.);
#4231 = ORIENTED_EDGE('',*,*,#3348,.T.);
#4232 = ORIENTED_EDGE('',*,*,#3213,.F.);
#4233 = ORIENTED_EDGE('',*,*,#3643,.F.);
#4234 = PLANE('',#4235);
#4235 = AXIS2_PLACEMENT_3D('',#4236,#4237,#4238);
#4236 = CARTESIAN_POINT('',(-1.27,1.27,0.));
#4237 = DIRECTION('',(1.,-1.110223024625E-16,0.));
#4238 = DIRECTION('',(-1.110223024625E-16,-1.,0.));
#4239 = ADVANCED_FACE('',(#4240),#4265,.T.);
#4240 = FACE_BOUND('',#4241,.T.);
#4241 = EDGE_LOOP('',(#4242,#4250,#4251,#4259));
#4242 = ORIENTED_EDGE('',*,*,#4243,.F.);
#4243 = EDGE_CURVE('',#3358,#4244,#4246,.T.);
#4244 = VERTEX_POINT('',#4245);
#4245 = CARTESIAN_POINT('',(0.3,-18.08,8.2));
#4246 = LINE('',#4247,#4248);
#4247 = CARTESIAN_POINT('',(0.3,-18.08,8.2));
#4248 = VECTOR('',#4249,1.);
#4249 = DIRECTION('',(-0.57735026919,0.57735026919,-0.57735026919));
#4250 = ORIENTED_EDGE('',*,*,#3357,.T.);
#4251 = ORIENTED_EDGE('',*,*,#4252,.T.);
#4252 = EDGE_CURVE('',#3360,#4253,#4255,.T.);
#4253 = VERTEX_POINT('',#4254);
#4254 = CARTESIAN_POINT('',(0.3,-17.48,8.2));
#4255 = LINE('',#4256,#4257);
#4256 = CARTESIAN_POINT('',(0.3,-17.48,8.2));
#4257 = VECTOR('',#4258,1.);
#4258 = DIRECTION('',(-0.57735026919,-0.57735026919,-0.57735026919));
#4259 = ORIENTED_EDGE('',*,*,#4260,.F.);
#4260 = EDGE_CURVE('',#4244,#4253,#4261,.T.);
#4261 = LINE('',#4262,#4263);
#4262 = CARTESIAN_POINT('',(0.3,-18.38,8.2));
#4263 = VECTOR('',#4264,1.);
#4264 = DIRECTION('',(1.110223024625E-16,1.,0.));
#4265 = PLANE('',#4266);
#4266 = AXIS2_PLACEMENT_3D('',#4267,#4268,#4269);
#4267 = CARTESIAN_POINT('',(0.45,-18.38,8.35));
#4268 = DIRECTION('',(-0.707106781187,7.850462293414E-17,0.707106781187)
  );
#4269 = DIRECTION('',(1.110223024625E-16,1.,2.680278185005E-29));
#4270 = ADVANCED_FACE('',(#4271),#4289,.T.);
#4271 = FACE_BOUND('',#4272,.T.);
#4272 = EDGE_LOOP('',(#4273,#4274,#4275,#4283));
#4273 = ORIENTED_EDGE('',*,*,#4252,.F.);
#4274 = ORIENTED_EDGE('',*,*,#3383,.T.);
#4275 = ORIENTED_EDGE('',*,*,#4276,.T.);
#4276 = EDGE_CURVE('',#3376,#4277,#4279,.T.);
#4277 = VERTEX_POINT('',#4278);
#4278 = CARTESIAN_POINT('',(-0.3,-17.48,8.2));
#4279 = LINE('',#4280,#4281);
#4280 = CARTESIAN_POINT('',(-0.3,-17.48,8.2));
#4281 = VECTOR('',#4282,1.);
#4282 = DIRECTION('',(0.57735026919,-0.57735026919,-0.57735026919));
#4283 = ORIENTED_EDGE('',*,*,#4284,.F.);
#4284 = EDGE_CURVE('',#4253,#4277,#4285,.T.);
#4285 = LINE('',#4286,#4287);
#4286 = CARTESIAN_POINT('',(0.6,-17.48,8.2));
#4287 = VECTOR('',#4288,1.);
#4288 = DIRECTION('',(-1.,1.110223024625E-16,0.));
#4289 = PLANE('',#4290);
#4290 = AXIS2_PLACEMENT_3D('',#4291,#4292,#4293);
#4291 = CARTESIAN_POINT('',(0.6,-17.33,8.35));
#4292 = DIRECTION('',(-7.850462293414E-17,-0.707106781187,0.707106781187
    ));
#4293 = DIRECTION('',(-1.,1.110223024625E-16,2.680278185005E-29));
#4294 = ADVANCED_FACE('',(#4295),#4313,.T.);
#4295 = FACE_BOUND('',#4296,.T.);
#4296 = EDGE_LOOP('',(#4297,#4298,#4299,#4307));
#4297 = ORIENTED_EDGE('',*,*,#4276,.F.);
#4298 = ORIENTED_EDGE('',*,*,#3375,.T.);
#4299 = ORIENTED_EDGE('',*,*,#4300,.T.);
#4300 = EDGE_CURVE('',#3368,#4301,#4303,.T.);
#4301 = VERTEX_POINT('',#4302);
#4302 = CARTESIAN_POINT('',(-0.3,-18.08,8.2));
#4303 = LINE('',#4304,#4305);
#4304 = CARTESIAN_POINT('',(-0.3,-18.08,8.2));
#4305 = VECTOR('',#4306,1.);
#4306 = DIRECTION('',(0.57735026919,0.57735026919,-0.57735026919));
#4307 = ORIENTED_EDGE('',*,*,#4308,.F.);
#4308 = EDGE_CURVE('',#4277,#4301,#4309,.T.);
#4309 = LINE('',#4310,#4311);
#4310 = CARTESIAN_POINT('',(-0.3,-17.18,8.2));
#4311 = VECTOR('',#4312,1.);
#4312 = DIRECTION('',(-1.110223024625E-16,-1.,0.));
#4313 = PLANE('',#4314);
#4314 = AXIS2_PLACEMENT_3D('',#4315,#4316,#4317);
#4315 = CARTESIAN_POINT('',(-0.45,-17.18,8.35));
#4316 = DIRECTION('',(0.707106781187,-7.850462293414E-17,0.707106781187)
  );
#4317 = DIRECTION('',(-1.110223024625E-16,-1.,2.680278185005E-29));
#4318 = ADVANCED_FACE('',(#4319),#4330,.T.);
#4319 = FACE_BOUND('',#4320,.T.);
#4320 = EDGE_LOOP('',(#4321,#4322,#4323,#4324));
#4321 = ORIENTED_EDGE('',*,*,#4300,.F.);
#4322 = ORIENTED_EDGE('',*,*,#3367,.T.);
#4323 = ORIENTED_EDGE('',*,*,#4243,.T.);
#4324 = ORIENTED_EDGE('',*,*,#4325,.F.);
#4325 = EDGE_CURVE('',#4301,#4244,#4326,.T.);
#4326 = LINE('',#4327,#4328);
#4327 = CARTESIAN_POINT('',(-0.6,-18.08,8.2));
#4328 = VECTOR('',#4329,1.);
#4329 = DIRECTION('',(1.,-1.110223024625E-16,0.));
#4330 = PLANE('',#4331);
#4331 = AXIS2_PLACEMENT_3D('',#4332,#4333,#4334);
#4332 = CARTESIAN_POINT('',(-0.6,-18.23,8.35));
#4333 = DIRECTION('',(7.850462293414E-17,0.707106781187,0.707106781187)
  );
#4334 = DIRECTION('',(1.,-1.110223024625E-16,2.680278185005E-29));
#4335 = ADVANCED_FACE('',(#4336),#4361,.T.);
#4336 = FACE_BOUND('',#4337,.T.);
#4337 = EDGE_LOOP('',(#4338,#4346,#4347,#4355));
#4338 = ORIENTED_EDGE('',*,*,#4339,.F.);
#4339 = EDGE_CURVE('',#3392,#4340,#4342,.T.);
#4340 = VERTEX_POINT('',#4341);
#4341 = CARTESIAN_POINT('',(0.3,-15.54,8.2));
#4342 = LINE('',#4343,#4344);
#4343 = CARTESIAN_POINT('',(0.3,-15.54,8.2));
#4344 = VECTOR('',#4345,1.);
#4345 = DIRECTION('',(-0.57735026919,0.57735026919,-0.57735026919));
#4346 = ORIENTED_EDGE('',*,*,#3391,.T.);
#4347 = ORIENTED_EDGE('',*,*,#4348,.T.);
#4348 = EDGE_CURVE('',#3394,#4349,#4351,.T.);
#4349 = VERTEX_POINT('',#4350);
#4350 = CARTESIAN_POINT('',(0.3,-14.94,8.2));
#4351 = LINE('',#4352,#4353);
#4352 = CARTESIAN_POINT('',(0.3,-14.94,8.2));
#4353 = VECTOR('',#4354,1.);
#4354 = DIRECTION('',(-0.57735026919,-0.57735026919,-0.57735026919));
#4355 = ORIENTED_EDGE('',*,*,#4356,.F.);
#4356 = EDGE_CURVE('',#4340,#4349,#4357,.T.);
#4357 = LINE('',#4358,#4359);
#4358 = CARTESIAN_POINT('',(0.3,-15.84,8.2));
#4359 = VECTOR('',#4360,1.);
#4360 = DIRECTION('',(1.110223024625E-16,1.,0.));
#4361 = PLANE('',#4362);
#4362 = AXIS2_PLACEMENT_3D('',#4363,#4364,#4365);
#4363 = CARTESIAN_POINT('',(0.45,-15.84,8.35));
#4364 = DIRECTION('',(-0.707106781187,7.850462293414E-17,0.707106781187)
  );
#4365 = DIRECTION('',(1.110223024625E-16,1.,2.680278185005E-29));
#4366 = ADVANCED_FACE('',(#4367),#4385,.T.);
#4367 = FACE_BOUND('',#4368,.T.);
#4368 = EDGE_LOOP('',(#4369,#4370,#4371,#4379));
#4369 = ORIENTED_EDGE('',*,*,#4348,.F.);
#4370 = ORIENTED_EDGE('',*,*,#3417,.T.);
#4371 = ORIENTED_EDGE('',*,*,#4372,.T.);
#4372 = EDGE_CURVE('',#3410,#4373,#4375,.T.);
#4373 = VERTEX_POINT('',#4374);
#4374 = CARTESIAN_POINT('',(-0.3,-14.94,8.2));
#4375 = LINE('',#4376,#4377);
#4376 = CARTESIAN_POINT('',(-0.3,-14.94,8.2));
#4377 = VECTOR('',#4378,1.);
#4378 = DIRECTION('',(0.57735026919,-0.57735026919,-0.57735026919));
#4379 = ORIENTED_EDGE('',*,*,#4380,.F.);
#4380 = EDGE_CURVE('',#4349,#4373,#4381,.T.);
#4381 = LINE('',#4382,#4383);
#4382 = CARTESIAN_POINT('',(0.6,-14.94,8.2));
#4383 = VECTOR('',#4384,1.);
#4384 = DIRECTION('',(-1.,1.110223024625E-16,0.));
#4385 = PLANE('',#4386);
#4386 = AXIS2_PLACEMENT_3D('',#4387,#4388,#4389);
#4387 = CARTESIAN_POINT('',(0.6,-14.79,8.35));
#4388 = DIRECTION('',(-7.850462293414E-17,-0.707106781187,0.707106781187
    ));
#4389 = DIRECTION('',(-1.,1.110223024625E-16,2.680278185005E-29));
#4390 = ADVANCED_FACE('',(#4391),#4409,.T.);
#4391 = FACE_BOUND('',#4392,.T.);
#4392 = EDGE_LOOP('',(#4393,#4394,#4395,#4403));
#4393 = ORIENTED_EDGE('',*,*,#4372,.F.);
#4394 = ORIENTED_EDGE('',*,*,#3409,.T.);
#4395 = ORIENTED_EDGE('',*,*,#4396,.T.);
#4396 = EDGE_CURVE('',#3402,#4397,#4399,.T.);
#4397 = VERTEX_POINT('',#4398);
#4398 = CARTESIAN_POINT('',(-0.3,-15.54,8.2));
#4399 = LINE('',#4400,#4401);
#4400 = CARTESIAN_POINT('',(-0.3,-15.54,8.2));
#4401 = VECTOR('',#4402,1.);
#4402 = DIRECTION('',(0.57735026919,0.57735026919,-0.57735026919));
#4403 = ORIENTED_EDGE('',*,*,#4404,.F.);
#4404 = EDGE_CURVE('',#4373,#4397,#4405,.T.);
#4405 = LINE('',#4406,#4407);
#4406 = CARTESIAN_POINT('',(-0.3,-14.64,8.2));
#4407 = VECTOR('',#4408,1.);
#4408 = DIRECTION('',(-1.110223024625E-16,-1.,0.));
#4409 = PLANE('',#4410);
#4410 = AXIS2_PLACEMENT_3D('',#4411,#4412,#4413);
#4411 = CARTESIAN_POINT('',(-0.45,-14.64,8.35));
#4412 = DIRECTION('',(0.707106781187,-7.850462293414E-17,0.707106781187)
  );
#4413 = DIRECTION('',(-1.110223024625E-16,-1.,2.680278185005E-29));
#4414 = ADVANCED_FACE('',(#4415),#4426,.T.);
#4415 = FACE_BOUND('',#4416,.T.);
#4416 = EDGE_LOOP('',(#4417,#4418,#4419,#4420));
#4417 = ORIENTED_EDGE('',*,*,#4396,.F.);
#4418 = ORIENTED_EDGE('',*,*,#3401,.T.);
#4419 = ORIENTED_EDGE('',*,*,#4339,.T.);
#4420 = ORIENTED_EDGE('',*,*,#4421,.F.);
#4421 = EDGE_CURVE('',#4397,#4340,#4422,.T.);
#4422 = LINE('',#4423,#4424);
#4423 = CARTESIAN_POINT('',(-0.6,-15.54,8.2));
#4424 = VECTOR('',#4425,1.);
#4425 = DIRECTION('',(1.,-1.110223024625E-16,0.));
#4426 = PLANE('',#4427);
#4427 = AXIS2_PLACEMENT_3D('',#4428,#4429,#4430);
#4428 = CARTESIAN_POINT('',(-0.6,-15.69,8.35));
#4429 = DIRECTION('',(7.850462293414E-17,0.707106781187,0.707106781187)
  );
#4430 = DIRECTION('',(1.,-1.110223024625E-16,2.680278185005E-29));
#4431 = ADVANCED_FACE('',(#4432),#4457,.T.);
#4432 = FACE_BOUND('',#4433,.T.);
#4433 = EDGE_LOOP('',(#4434,#4442,#4443,#4451));
#4434 = ORIENTED_EDGE('',*,*,#4435,.F.);
#4435 = EDGE_CURVE('',#3426,#4436,#4438,.T.);
#4436 = VERTEX_POINT('',#4437);
#4437 = CARTESIAN_POINT('',(0.3,-13.,8.2));
#4438 = LINE('',#4439,#4440);
#4439 = CARTESIAN_POINT('',(0.3,-13.,8.2));
#4440 = VECTOR('',#4441,1.);
#4441 = DIRECTION('',(-0.57735026919,0.57735026919,-0.57735026919));
#4442 = ORIENTED_EDGE('',*,*,#3425,.T.);
#4443 = ORIENTED_EDGE('',*,*,#4444,.T.);
#4444 = EDGE_CURVE('',#3428,#4445,#4447,.T.);
#4445 = VERTEX_POINT('',#4446);
#4446 = CARTESIAN_POINT('',(0.3,-12.4,8.2));
#4447 = LINE('',#4448,#4449);
#4448 = CARTESIAN_POINT('',(0.3,-12.4,8.2));
#4449 = VECTOR('',#4450,1.);
#4450 = DIRECTION('',(-0.57735026919,-0.57735026919,-0.57735026919));
#4451 = ORIENTED_EDGE('',*,*,#4452,.F.);
#4452 = EDGE_CURVE('',#4436,#4445,#4453,.T.);
#4453 = LINE('',#4454,#4455);
#4454 = CARTESIAN_POINT('',(0.3,-13.3,8.2));
#4455 = VECTOR('',#4456,1.);
#4456 = DIRECTION('',(1.110223024625E-16,1.,0.));
#4457 = PLANE('',#4458);
#4458 = AXIS2_PLACEMENT_3D('',#4459,#4460,#4461);
#4459 = CARTESIAN_POINT('',(0.45,-13.3,8.35));
#4460 = DIRECTION('',(-0.707106781187,7.850462293414E-17,0.707106781187)
  );
#4461 = DIRECTION('',(1.110223024625E-16,1.,2.680278185005E-29));
#4462 = ADVANCED_FACE('',(#4463),#4481,.T.);
#4463 = FACE_BOUND('',#4464,.T.);
#4464 = EDGE_LOOP('',(#4465,#4466,#4467,#4475));
#4465 = ORIENTED_EDGE('',*,*,#4444,.F.);
#4466 = ORIENTED_EDGE('',*,*,#3451,.T.);
#4467 = ORIENTED_EDGE('',*,*,#4468,.T.);
#4468 = EDGE_CURVE('',#3444,#4469,#4471,.T.);
#4469 = VERTEX_POINT('',#4470);
#4470 = CARTESIAN_POINT('',(-0.3,-12.4,8.2));
#4471 = LINE('',#4472,#4473);
#4472 = CARTESIAN_POINT('',(-0.3,-12.4,8.2));
#4473 = VECTOR('',#4474,1.);
#4474 = DIRECTION('',(0.57735026919,-0.57735026919,-0.57735026919));
#4475 = ORIENTED_EDGE('',*,*,#4476,.F.);
#4476 = EDGE_CURVE('',#4445,#4469,#4477,.T.);
#4477 = LINE('',#4478,#4479);
#4478 = CARTESIAN_POINT('',(0.6,-12.4,8.2));
#4479 = VECTOR('',#4480,1.);
#4480 = DIRECTION('',(-1.,1.110223024625E-16,0.));
#4481 = PLANE('',#4482);
#4482 = AXIS2_PLACEMENT_3D('',#4483,#4484,#4485);
#4483 = CARTESIAN_POINT('',(0.6,-12.25,8.35));
#4484 = DIRECTION('',(-7.850462293414E-17,-0.707106781187,0.707106781187
    ));
#4485 = DIRECTION('',(-1.,1.110223024625E-16,2.680278185005E-29));
#4486 = ADVANCED_FACE('',(#4487),#4505,.T.);
#4487 = FACE_BOUND('',#4488,.T.);
#4488 = EDGE_LOOP('',(#4489,#4490,#4491,#4499));
#4489 = ORIENTED_EDGE('',*,*,#4468,.F.);
#4490 = ORIENTED_EDGE('',*,*,#3443,.T.);
#4491 = ORIENTED_EDGE('',*,*,#4492,.T.);
#4492 = EDGE_CURVE('',#3436,#4493,#4495,.T.);
#4493 = VERTEX_POINT('',#4494);
#4494 = CARTESIAN_POINT('',(-0.3,-13.,8.2));
#4495 = LINE('',#4496,#4497);
#4496 = CARTESIAN_POINT('',(-0.3,-13.,8.2));
#4497 = VECTOR('',#4498,1.);
#4498 = DIRECTION('',(0.57735026919,0.57735026919,-0.57735026919));
#4499 = ORIENTED_EDGE('',*,*,#4500,.F.);
#4500 = EDGE_CURVE('',#4469,#4493,#4501,.T.);
#4501 = LINE('',#4502,#4503);
#4502 = CARTESIAN_POINT('',(-0.3,-12.1,8.2));
#4503 = VECTOR('',#4504,1.);
#4504 = DIRECTION('',(-1.110223024625E-16,-1.,0.));
#4505 = PLANE('',#4506);
#4506 = AXIS2_PLACEMENT_3D('',#4507,#4508,#4509);
#4507 = CARTESIAN_POINT('',(-0.45,-12.1,8.35));
#4508 = DIRECTION('',(0.707106781187,-7.850462293414E-17,0.707106781187)
  );
#4509 = DIRECTION('',(-1.110223024625E-16,-1.,2.680278185005E-29));
#4510 = ADVANCED_FACE('',(#4511),#4522,.T.);
#4511 = FACE_BOUND('',#4512,.T.);
#4512 = EDGE_LOOP('',(#4513,#4514,#4515,#4516));
#4513 = ORIENTED_EDGE('',*,*,#4492,.F.);
#4514 = ORIENTED_EDGE('',*,*,#3435,.T.);
#4515 = ORIENTED_EDGE('',*,*,#4435,.T.);
#4516 = ORIENTED_EDGE('',*,*,#4517,.F.);
#4517 = EDGE_CURVE('',#4493,#4436,#4518,.T.);
#4518 = LINE('',#4519,#4520);
#4519 = CARTESIAN_POINT('',(-0.6,-13.,8.2));
#4520 = VECTOR('',#4521,1.);
#4521 = DIRECTION('',(1.,-1.110223024625E-16,0.));
#4522 = PLANE('',#4523);
#4523 = AXIS2_PLACEMENT_3D('',#4524,#4525,#4526);
#4524 = CARTESIAN_POINT('',(-0.6,-13.15,8.35));
#4525 = DIRECTION('',(7.850462293414E-17,0.707106781187,0.707106781187)
  );
#4526 = DIRECTION('',(1.,-1.110223024625E-16,2.680278185005E-29));
#4527 = ADVANCED_FACE('',(#4528),#4553,.T.);
#4528 = FACE_BOUND('',#4529,.T.);
#4529 = EDGE_LOOP('',(#4530,#4538,#4539,#4547));
#4530 = ORIENTED_EDGE('',*,*,#4531,.F.);
#4531 = EDGE_CURVE('',#3460,#4532,#4534,.T.);
#4532 = VERTEX_POINT('',#4533);
#4533 = CARTESIAN_POINT('',(0.3,-10.46,8.2));
#4534 = LINE('',#4535,#4536);
#4535 = CARTESIAN_POINT('',(0.3,-10.46,8.2));
#4536 = VECTOR('',#4537,1.);
#4537 = DIRECTION('',(-0.57735026919,0.57735026919,-0.57735026919));
#4538 = ORIENTED_EDGE('',*,*,#3459,.T.);
#4539 = ORIENTED_EDGE('',*,*,#4540,.T.);
#4540 = EDGE_CURVE('',#3462,#4541,#4543,.T.);
#4541 = VERTEX_POINT('',#4542);
#4542 = CARTESIAN_POINT('',(0.3,-9.86,8.2));
#4543 = LINE('',#4544,#4545);
#4544 = CARTESIAN_POINT('',(0.3,-9.86,8.2));
#4545 = VECTOR('',#4546,1.);
#4546 = DIRECTION('',(-0.57735026919,-0.57735026919,-0.57735026919));
#4547 = ORIENTED_EDGE('',*,*,#4548,.F.);
#4548 = EDGE_CURVE('',#4532,#4541,#4549,.T.);
#4549 = LINE('',#4550,#4551);
#4550 = CARTESIAN_POINT('',(0.3,-10.76,8.2));
#4551 = VECTOR('',#4552,1.);
#4552 = DIRECTION('',(1.110223024625E-16,1.,0.));
#4553 = PLANE('',#4554);
#4554 = AXIS2_PLACEMENT_3D('',#4555,#4556,#4557);
#4555 = CARTESIAN_POINT('',(0.45,-10.76,8.35));
#4556 = DIRECTION('',(-0.707106781187,7.850462293414E-17,0.707106781187)
  );
#4557 = DIRECTION('',(1.110223024625E-16,1.,2.680278185005E-29));
#4558 = ADVANCED_FACE('',(#4559),#4577,.T.);
#4559 = FACE_BOUND('',#4560,.T.);
#4560 = EDGE_LOOP('',(#4561,#4562,#4563,#4571));
#4561 = ORIENTED_EDGE('',*,*,#4540,.F.);
#4562 = ORIENTED_EDGE('',*,*,#3485,.T.);
#4563 = ORIENTED_EDGE('',*,*,#4564,.T.);
#4564 = EDGE_CURVE('',#3478,#4565,#4567,.T.);
#4565 = VERTEX_POINT('',#4566);
#4566 = CARTESIAN_POINT('',(-0.3,-9.86,8.2));
#4567 = LINE('',#4568,#4569);
#4568 = CARTESIAN_POINT('',(-0.3,-9.86,8.2));
#4569 = VECTOR('',#4570,1.);
#4570 = DIRECTION('',(0.57735026919,-0.57735026919,-0.57735026919));
#4571 = ORIENTED_EDGE('',*,*,#4572,.F.);
#4572 = EDGE_CURVE('',#4541,#4565,#4573,.T.);
#4573 = LINE('',#4574,#4575);
#4574 = CARTESIAN_POINT('',(0.6,-9.86,8.2));
#4575 = VECTOR('',#4576,1.);
#4576 = DIRECTION('',(-1.,1.110223024625E-16,0.));
#4577 = PLANE('',#4578);
#4578 = AXIS2_PLACEMENT_3D('',#4579,#4580,#4581);
#4579 = CARTESIAN_POINT('',(0.6,-9.71,8.35));
#4580 = DIRECTION('',(-7.850462293414E-17,-0.707106781187,0.707106781187
    ));
#4581 = DIRECTION('',(-1.,1.110223024625E-16,2.680278185005E-29));
#4582 = ADVANCED_FACE('',(#4583),#4601,.T.);
#4583 = FACE_BOUND('',#4584,.T.);
#4584 = EDGE_LOOP('',(#4585,#4586,#4587,#4595));
#4585 = ORIENTED_EDGE('',*,*,#4564,.F.);
#4586 = ORIENTED_EDGE('',*,*,#3477,.T.);
#4587 = ORIENTED_EDGE('',*,*,#4588,.T.);
#4588 = EDGE_CURVE('',#3470,#4589,#4591,.T.);
#4589 = VERTEX_POINT('',#4590);
#4590 = CARTESIAN_POINT('',(-0.3,-10.46,8.2));
#4591 = LINE('',#4592,#4593);
#4592 = CARTESIAN_POINT('',(-0.3,-10.46,8.2));
#4593 = VECTOR('',#4594,1.);
#4594 = DIRECTION('',(0.57735026919,0.57735026919,-0.57735026919));
#4595 = ORIENTED_EDGE('',*,*,#4596,.F.);
#4596 = EDGE_CURVE('',#4565,#4589,#4597,.T.);
#4597 = LINE('',#4598,#4599);
#4598 = CARTESIAN_POINT('',(-0.3,-9.56,8.2));
#4599 = VECTOR('',#4600,1.);
#4600 = DIRECTION('',(-1.110223024625E-16,-1.,0.));
#4601 = PLANE('',#4602);
#4602 = AXIS2_PLACEMENT_3D('',#4603,#4604,#4605);
#4603 = CARTESIAN_POINT('',(-0.45,-9.56,8.35));
#4604 = DIRECTION('',(0.707106781187,-7.850462293414E-17,0.707106781187)
  );
#4605 = DIRECTION('',(-1.110223024625E-16,-1.,2.680278185005E-29));
#4606 = ADVANCED_FACE('',(#4607),#4618,.T.);
#4607 = FACE_BOUND('',#4608,.T.);
#4608 = EDGE_LOOP('',(#4609,#4610,#4611,#4612));
#4609 = ORIENTED_EDGE('',*,*,#4588,.F.);
#4610 = ORIENTED_EDGE('',*,*,#3469,.T.);
#4611 = ORIENTED_EDGE('',*,*,#4531,.T.);
#4612 = ORIENTED_EDGE('',*,*,#4613,.F.);
#4613 = EDGE_CURVE('',#4589,#4532,#4614,.T.);
#4614 = LINE('',#4615,#4616);
#4615 = CARTESIAN_POINT('',(-0.6,-10.46,8.2));
#4616 = VECTOR('',#4617,1.);
#4617 = DIRECTION('',(1.,-1.110223024625E-16,0.));
#4618 = PLANE('',#4619);
#4619 = AXIS2_PLACEMENT_3D('',#4620,#4621,#4622);
#4620 = CARTESIAN_POINT('',(-0.6,-10.61,8.35));
#4621 = DIRECTION('',(7.850462293414E-17,0.707106781187,0.707106781187)
  );
#4622 = DIRECTION('',(1.,-1.110223024625E-16,2.680278185005E-29));
#4623 = ADVANCED_FACE('',(#4624),#4649,.T.);
#4624 = FACE_BOUND('',#4625,.T.);
#4625 = EDGE_LOOP('',(#4626,#4634,#4635,#4643));
#4626 = ORIENTED_EDGE('',*,*,#4627,.F.);
#4627 = EDGE_CURVE('',#3494,#4628,#4630,.T.);
#4628 = VERTEX_POINT('',#4629);
#4629 = CARTESIAN_POINT('',(0.3,-7.92,8.2));
#4630 = LINE('',#4631,#4632);
#4631 = CARTESIAN_POINT('',(0.3,-7.92,8.2));
#4632 = VECTOR('',#4633,1.);
#4633 = DIRECTION('',(-0.57735026919,0.57735026919,-0.57735026919));
#4634 = ORIENTED_EDGE('',*,*,#3493,.T.);
#4635 = ORIENTED_EDGE('',*,*,#4636,.T.);
#4636 = EDGE_CURVE('',#3496,#4637,#4639,.T.);
#4637 = VERTEX_POINT('',#4638);
#4638 = CARTESIAN_POINT('',(0.3,-7.32,8.2));
#4639 = LINE('',#4640,#4641);
#4640 = CARTESIAN_POINT('',(0.3,-7.32,8.2));
#4641 = VECTOR('',#4642,1.);
#4642 = DIRECTION('',(-0.57735026919,-0.57735026919,-0.57735026919));
#4643 = ORIENTED_EDGE('',*,*,#4644,.F.);
#4644 = EDGE_CURVE('',#4628,#4637,#4645,.T.);
#4645 = LINE('',#4646,#4647);
#4646 = CARTESIAN_POINT('',(0.3,-8.22,8.2));
#4647 = VECTOR('',#4648,1.);
#4648 = DIRECTION('',(1.110223024625E-16,1.,0.));
#4649 = PLANE('',#4650);
#4650 = AXIS2_PLACEMENT_3D('',#4651,#4652,#4653);
#4651 = CARTESIAN_POINT('',(0.45,-8.22,8.35));
#4652 = DIRECTION('',(-0.707106781187,7.850462293414E-17,0.707106781187)
  );
#4653 = DIRECTION('',(1.110223024625E-16,1.,2.680278185005E-29));
#4654 = ADVANCED_FACE('',(#4655),#4673,.T.);
#4655 = FACE_BOUND('',#4656,.T.);
#4656 = EDGE_LOOP('',(#4657,#4658,#4659,#4667));
#4657 = ORIENTED_EDGE('',*,*,#4636,.F.);
#4658 = ORIENTED_EDGE('',*,*,#3519,.T.);
#4659 = ORIENTED_EDGE('',*,*,#4660,.T.);
#4660 = EDGE_CURVE('',#3512,#4661,#4663,.T.);
#4661 = VERTEX_POINT('',#4662);
#4662 = CARTESIAN_POINT('',(-0.3,-7.32,8.2));
#4663 = LINE('',#4664,#4665);
#4664 = CARTESIAN_POINT('',(-0.3,-7.32,8.2));
#4665 = VECTOR('',#4666,1.);
#4666 = DIRECTION('',(0.57735026919,-0.57735026919,-0.57735026919));
#4667 = ORIENTED_EDGE('',*,*,#4668,.F.);
#4668 = EDGE_CURVE('',#4637,#4661,#4669,.T.);
#4669 = LINE('',#4670,#4671);
#4670 = CARTESIAN_POINT('',(0.6,-7.32,8.2));
#4671 = VECTOR('',#4672,1.);
#4672 = DIRECTION('',(-1.,1.110223024625E-16,0.));
#4673 = PLANE('',#4674);
#4674 = AXIS2_PLACEMENT_3D('',#4675,#4676,#4677);
#4675 = CARTESIAN_POINT('',(0.6,-7.17,8.35));
#4676 = DIRECTION('',(-7.850462293414E-17,-0.707106781187,0.707106781187
    ));
#4677 = DIRECTION('',(-1.,1.110223024625E-16,2.680278185005E-29));
#4678 = ADVANCED_FACE('',(#4679),#4697,.T.);
#4679 = FACE_BOUND('',#4680,.T.);
#4680 = EDGE_LOOP('',(#4681,#4682,#4683,#4691));
#4681 = ORIENTED_EDGE('',*,*,#4660,.F.);
#4682 = ORIENTED_EDGE('',*,*,#3511,.T.);
#4683 = ORIENTED_EDGE('',*,*,#4684,.T.);
#4684 = EDGE_CURVE('',#3504,#4685,#4687,.T.);
#4685 = VERTEX_POINT('',#4686);
#4686 = CARTESIAN_POINT('',(-0.3,-7.92,8.2));
#4687 = LINE('',#4688,#4689);
#4688 = CARTESIAN_POINT('',(-0.3,-7.92,8.2));
#4689 = VECTOR('',#4690,1.);
#4690 = DIRECTION('',(0.57735026919,0.57735026919,-0.57735026919));
#4691 = ORIENTED_EDGE('',*,*,#4692,.F.);
#4692 = EDGE_CURVE('',#4661,#4685,#4693,.T.);
#4693 = LINE('',#4694,#4695);
#4694 = CARTESIAN_POINT('',(-0.3,-7.02,8.2));
#4695 = VECTOR('',#4696,1.);
#4696 = DIRECTION('',(-1.110223024625E-16,-1.,0.));
#4697 = PLANE('',#4698);
#4698 = AXIS2_PLACEMENT_3D('',#4699,#4700,#4701);
#4699 = CARTESIAN_POINT('',(-0.45,-7.02,8.35));
#4700 = DIRECTION('',(0.707106781187,-7.850462293414E-17,0.707106781187)
  );
#4701 = DIRECTION('',(-1.110223024625E-16,-1.,2.680278185005E-29));
#4702 = ADVANCED_FACE('',(#4703),#4714,.T.);
#4703 = FACE_BOUND('',#4704,.T.);
#4704 = EDGE_LOOP('',(#4705,#4706,#4707,#4708));
#4705 = ORIENTED_EDGE('',*,*,#4684,.F.);
#4706 = ORIENTED_EDGE('',*,*,#3503,.T.);
#4707 = ORIENTED_EDGE('',*,*,#4627,.T.);
#4708 = ORIENTED_EDGE('',*,*,#4709,.F.);
#4709 = EDGE_CURVE('',#4685,#4628,#4710,.T.);
#4710 = LINE('',#4711,#4712);
#4711 = CARTESIAN_POINT('',(-0.6,-7.92,8.2));
#4712 = VECTOR('',#4713,1.);
#4713 = DIRECTION('',(1.,-1.110223024625E-16,0.));
#4714 = PLANE('',#4715);
#4715 = AXIS2_PLACEMENT_3D('',#4716,#4717,#4718);
#4716 = CARTESIAN_POINT('',(-0.6,-8.07,8.35));
#4717 = DIRECTION('',(7.850462293414E-17,0.707106781187,0.707106781187)
  );
#4718 = DIRECTION('',(1.,-1.110223024625E-16,2.680278185005E-29));
#4719 = ADVANCED_FACE('',(#4720),#4745,.T.);
#4720 = FACE_BOUND('',#4721,.T.);
#4721 = EDGE_LOOP('',(#4722,#4730,#4731,#4739));
#4722 = ORIENTED_EDGE('',*,*,#4723,.F.);
#4723 = EDGE_CURVE('',#3528,#4724,#4726,.T.);
#4724 = VERTEX_POINT('',#4725);
#4725 = CARTESIAN_POINT('',(0.3,-5.38,8.2));
#4726 = LINE('',#4727,#4728);
#4727 = CARTESIAN_POINT('',(0.3,-5.38,8.2));
#4728 = VECTOR('',#4729,1.);
#4729 = DIRECTION('',(-0.57735026919,0.57735026919,-0.57735026919));
#4730 = ORIENTED_EDGE('',*,*,#3527,.T.);
#4731 = ORIENTED_EDGE('',*,*,#4732,.T.);
#4732 = EDGE_CURVE('',#3530,#4733,#4735,.T.);
#4733 = VERTEX_POINT('',#4734);
#4734 = CARTESIAN_POINT('',(0.3,-4.78,8.2));
#4735 = LINE('',#4736,#4737);
#4736 = CARTESIAN_POINT('',(0.3,-4.78,8.2));
#4737 = VECTOR('',#4738,1.);
#4738 = DIRECTION('',(-0.57735026919,-0.57735026919,-0.57735026919));
#4739 = ORIENTED_EDGE('',*,*,#4740,.F.);
#4740 = EDGE_CURVE('',#4724,#4733,#4741,.T.);
#4741 = LINE('',#4742,#4743);
#4742 = CARTESIAN_POINT('',(0.3,-5.68,8.2));
#4743 = VECTOR('',#4744,1.);
#4744 = DIRECTION('',(1.110223024625E-16,1.,0.));
#4745 = PLANE('',#4746);
#4746 = AXIS2_PLACEMENT_3D('',#4747,#4748,#4749);
#4747 = CARTESIAN_POINT('',(0.45,-5.68,8.35));
#4748 = DIRECTION('',(-0.707106781187,7.850462293414E-17,0.707106781187)
  );
#4749 = DIRECTION('',(1.110223024625E-16,1.,2.680278185005E-29));
#4750 = ADVANCED_FACE('',(#4751),#4769,.T.);
#4751 = FACE_BOUND('',#4752,.T.);
#4752 = EDGE_LOOP('',(#4753,#4754,#4755,#4763));
#4753 = ORIENTED_EDGE('',*,*,#4732,.F.);
#4754 = ORIENTED_EDGE('',*,*,#3553,.T.);
#4755 = ORIENTED_EDGE('',*,*,#4756,.T.);
#4756 = EDGE_CURVE('',#3546,#4757,#4759,.T.);
#4757 = VERTEX_POINT('',#4758);
#4758 = CARTESIAN_POINT('',(-0.3,-4.78,8.2));
#4759 = LINE('',#4760,#4761);
#4760 = CARTESIAN_POINT('',(-0.3,-4.78,8.2));
#4761 = VECTOR('',#4762,1.);
#4762 = DIRECTION('',(0.57735026919,-0.57735026919,-0.57735026919));
#4763 = ORIENTED_EDGE('',*,*,#4764,.F.);
#4764 = EDGE_CURVE('',#4733,#4757,#4765,.T.);
#4765 = LINE('',#4766,#4767);
#4766 = CARTESIAN_POINT('',(0.6,-4.78,8.2));
#4767 = VECTOR('',#4768,1.);
#4768 = DIRECTION('',(-1.,1.110223024625E-16,0.));
#4769 = PLANE('',#4770);
#4770 = AXIS2_PLACEMENT_3D('',#4771,#4772,#4773);
#4771 = CARTESIAN_POINT('',(0.6,-4.63,8.35));
#4772 = DIRECTION('',(-7.850462293414E-17,-0.707106781187,0.707106781187
    ));
#4773 = DIRECTION('',(-1.,1.110223024625E-16,2.680278185005E-29));
#4774 = ADVANCED_FACE('',(#4775),#4793,.T.);
#4775 = FACE_BOUND('',#4776,.T.);
#4776 = EDGE_LOOP('',(#4777,#4778,#4779,#4787));
#4777 = ORIENTED_EDGE('',*,*,#4756,.F.);
#4778 = ORIENTED_EDGE('',*,*,#3545,.T.);
#4779 = ORIENTED_EDGE('',*,*,#4780,.T.);
#4780 = EDGE_CURVE('',#3538,#4781,#4783,.T.);
#4781 = VERTEX_POINT('',#4782);
#4782 = CARTESIAN_POINT('',(-0.3,-5.38,8.2));
#4783 = LINE('',#4784,#4785);
#4784 = CARTESIAN_POINT('',(-0.3,-5.38,8.2));
#4785 = VECTOR('',#4786,1.);
#4786 = DIRECTION('',(0.57735026919,0.57735026919,-0.57735026919));
#4787 = ORIENTED_EDGE('',*,*,#4788,.F.);
#4788 = EDGE_CURVE('',#4757,#4781,#4789,.T.);
#4789 = LINE('',#4790,#4791);
#4790 = CARTESIAN_POINT('',(-0.3,-4.48,8.2));
#4791 = VECTOR('',#4792,1.);
#4792 = DIRECTION('',(-1.110223024625E-16,-1.,0.));
#4793 = PLANE('',#4794);
#4794 = AXIS2_PLACEMENT_3D('',#4795,#4796,#4797);
#4795 = CARTESIAN_POINT('',(-0.45,-4.48,8.35));
#4796 = DIRECTION('',(0.707106781187,-7.850462293414E-17,0.707106781187)
  );
#4797 = DIRECTION('',(-1.110223024625E-16,-1.,2.680278185005E-29));
#4798 = ADVANCED_FACE('',(#4799),#4810,.T.);
#4799 = FACE_BOUND('',#4800,.T.);
#4800 = EDGE_LOOP('',(#4801,#4802,#4803,#4804));
#4801 = ORIENTED_EDGE('',*,*,#4780,.F.);
#4802 = ORIENTED_EDGE('',*,*,#3537,.T.);
#4803 = ORIENTED_EDGE('',*,*,#4723,.T.);
#4804 = ORIENTED_EDGE('',*,*,#4805,.F.);
#4805 = EDGE_CURVE('',#4781,#4724,#4806,.T.);
#4806 = LINE('',#4807,#4808);
#4807 = CARTESIAN_POINT('',(-0.6,-5.38,8.2));
#4808 = VECTOR('',#4809,1.);
#4809 = DIRECTION('',(1.,-1.110223024625E-16,0.));
#4810 = PLANE('',#4811);
#4811 = AXIS2_PLACEMENT_3D('',#4812,#4813,#4814);
#4812 = CARTESIAN_POINT('',(-0.6,-5.53,8.35));
#4813 = DIRECTION('',(7.850462293414E-17,0.707106781187,0.707106781187)
  );
#4814 = DIRECTION('',(1.,-1.110223024625E-16,2.680278185005E-29));
#4815 = ADVANCED_FACE('',(#4816),#4841,.T.);
#4816 = FACE_BOUND('',#4817,.T.);
#4817 = EDGE_LOOP('',(#4818,#4826,#4827,#4835));
#4818 = ORIENTED_EDGE('',*,*,#4819,.F.);
#4819 = EDGE_CURVE('',#3562,#4820,#4822,.T.);
#4820 = VERTEX_POINT('',#4821);
#4821 = CARTESIAN_POINT('',(0.3,-2.84,8.2));
#4822 = LINE('',#4823,#4824);
#4823 = CARTESIAN_POINT('',(0.3,-2.84,8.2));
#4824 = VECTOR('',#4825,1.);
#4825 = DIRECTION('',(-0.57735026919,0.57735026919,-0.57735026919));
#4826 = ORIENTED_EDGE('',*,*,#3561,.T.);
#4827 = ORIENTED_EDGE('',*,*,#4828,.T.);
#4828 = EDGE_CURVE('',#3564,#4829,#4831,.T.);
#4829 = VERTEX_POINT('',#4830);
#4830 = CARTESIAN_POINT('',(0.3,-2.24,8.2));
#4831 = LINE('',#4832,#4833);
#4832 = CARTESIAN_POINT('',(0.3,-2.24,8.2));
#4833 = VECTOR('',#4834,1.);
#4834 = DIRECTION('',(-0.57735026919,-0.57735026919,-0.57735026919));
#4835 = ORIENTED_EDGE('',*,*,#4836,.F.);
#4836 = EDGE_CURVE('',#4820,#4829,#4837,.T.);
#4837 = LINE('',#4838,#4839);
#4838 = CARTESIAN_POINT('',(0.3,-3.14,8.2));
#4839 = VECTOR('',#4840,1.);
#4840 = DIRECTION('',(1.110223024625E-16,1.,0.));
#4841 = PLANE('',#4842);
#4842 = AXIS2_PLACEMENT_3D('',#4843,#4844,#4845);
#4843 = CARTESIAN_POINT('',(0.45,-3.14,8.35));
#4844 = DIRECTION('',(-0.707106781187,7.850462293414E-17,0.707106781187)
  );
#4845 = DIRECTION('',(1.110223024625E-16,1.,2.680278185005E-29));
#4846 = ADVANCED_FACE('',(#4847),#4865,.T.);
#4847 = FACE_BOUND('',#4848,.T.);
#4848 = EDGE_LOOP('',(#4849,#4850,#4851,#4859));
#4849 = ORIENTED_EDGE('',*,*,#4828,.F.);
#4850 = ORIENTED_EDGE('',*,*,#3587,.T.);
#4851 = ORIENTED_EDGE('',*,*,#4852,.T.);
#4852 = EDGE_CURVE('',#3580,#4853,#4855,.T.);
#4853 = VERTEX_POINT('',#4854);
#4854 = CARTESIAN_POINT('',(-0.3,-2.24,8.2));
#4855 = LINE('',#4856,#4857);
#4856 = CARTESIAN_POINT('',(-0.3,-2.24,8.2));
#4857 = VECTOR('',#4858,1.);
#4858 = DIRECTION('',(0.57735026919,-0.57735026919,-0.57735026919));
#4859 = ORIENTED_EDGE('',*,*,#4860,.F.);
#4860 = EDGE_CURVE('',#4829,#4853,#4861,.T.);
#4861 = LINE('',#4862,#4863);
#4862 = CARTESIAN_POINT('',(0.6,-2.24,8.2));
#4863 = VECTOR('',#4864,1.);
#4864 = DIRECTION('',(-1.,1.110223024625E-16,0.));
#4865 = PLANE('',#4866);
#4866 = AXIS2_PLACEMENT_3D('',#4867,#4868,#4869);
#4867 = CARTESIAN_POINT('',(0.6,-2.09,8.35));
#4868 = DIRECTION('',(-7.850462293414E-17,-0.707106781187,0.707106781187
    ));
#4869 = DIRECTION('',(-1.,1.110223024625E-16,2.680278185005E-29));
#4870 = ADVANCED_FACE('',(#4871),#4889,.T.);
#4871 = FACE_BOUND('',#4872,.T.);
#4872 = EDGE_LOOP('',(#4873,#4874,#4875,#4883));
#4873 = ORIENTED_EDGE('',*,*,#4852,.F.);
#4874 = ORIENTED_EDGE('',*,*,#3579,.T.);
#4875 = ORIENTED_EDGE('',*,*,#4876,.T.);
#4876 = EDGE_CURVE('',#3572,#4877,#4879,.T.);
#4877 = VERTEX_POINT('',#4878);
#4878 = CARTESIAN_POINT('',(-0.3,-2.84,8.2));
#4879 = LINE('',#4880,#4881);
#4880 = CARTESIAN_POINT('',(-0.3,-2.84,8.2));
#4881 = VECTOR('',#4882,1.);
#4882 = DIRECTION('',(0.57735026919,0.57735026919,-0.57735026919));
#4883 = ORIENTED_EDGE('',*,*,#4884,.F.);
#4884 = EDGE_CURVE('',#4853,#4877,#4885,.T.);
#4885 = LINE('',#4886,#4887);
#4886 = CARTESIAN_POINT('',(-0.3,-1.94,8.2));
#4887 = VECTOR('',#4888,1.);
#4888 = DIRECTION('',(-1.110223024625E-16,-1.,0.));
#4889 = PLANE('',#4890);
#4890 = AXIS2_PLACEMENT_3D('',#4891,#4892,#4893);
#4891 = CARTESIAN_POINT('',(-0.45,-1.94,8.35));
#4892 = DIRECTION('',(0.707106781187,-7.850462293414E-17,0.707106781187)
  );
#4893 = DIRECTION('',(-1.110223024625E-16,-1.,2.680278185005E-29));
#4894 = ADVANCED_FACE('',(#4895),#4906,.T.);
#4895 = FACE_BOUND('',#4896,.T.);
#4896 = EDGE_LOOP('',(#4897,#4898,#4899,#4900));
#4897 = ORIENTED_EDGE('',*,*,#4876,.F.);
#4898 = ORIENTED_EDGE('',*,*,#3571,.T.);
#4899 = ORIENTED_EDGE('',*,*,#4819,.T.);
#4900 = ORIENTED_EDGE('',*,*,#4901,.F.);
#4901 = EDGE_CURVE('',#4877,#4820,#4902,.T.);
#4902 = LINE('',#4903,#4904);
#4903 = CARTESIAN_POINT('',(-0.6,-2.84,8.2));
#4904 = VECTOR('',#4905,1.);
#4905 = DIRECTION('',(1.,-1.110223024625E-16,0.));
#4906 = PLANE('',#4907);
#4907 = AXIS2_PLACEMENT_3D('',#4908,#4909,#4910);
#4908 = CARTESIAN_POINT('',(-0.6,-2.99,8.35));
#4909 = DIRECTION('',(7.850462293414E-17,0.707106781187,0.707106781187)
  );
#4910 = DIRECTION('',(1.,-1.110223024625E-16,2.680278185005E-29));
#4911 = ADVANCED_FACE('',(#4912),#4937,.T.);
#4912 = FACE_BOUND('',#4913,.T.);
#4913 = EDGE_LOOP('',(#4914,#4922,#4923,#4931));
#4914 = ORIENTED_EDGE('',*,*,#4915,.F.);
#4915 = EDGE_CURVE('',#3596,#4916,#4918,.T.);
#4916 = VERTEX_POINT('',#4917);
#4917 = CARTESIAN_POINT('',(0.3,-0.3,8.2));
#4918 = LINE('',#4919,#4920);
#4919 = CARTESIAN_POINT('',(0.3,-0.3,8.2));
#4920 = VECTOR('',#4921,1.);
#4921 = DIRECTION('',(-0.57735026919,0.57735026919,-0.57735026919));
#4922 = ORIENTED_EDGE('',*,*,#3595,.T.);
#4923 = ORIENTED_EDGE('',*,*,#4924,.T.);
#4924 = EDGE_CURVE('',#3598,#4925,#4927,.T.);
#4925 = VERTEX_POINT('',#4926);
#4926 = CARTESIAN_POINT('',(0.3,0.3,8.2));
#4927 = LINE('',#4928,#4929);
#4928 = CARTESIAN_POINT('',(0.3,0.3,8.2));
#4929 = VECTOR('',#4930,1.);
#4930 = DIRECTION('',(-0.57735026919,-0.57735026919,-0.57735026919));
#4931 = ORIENTED_EDGE('',*,*,#4932,.F.);
#4932 = EDGE_CURVE('',#4916,#4925,#4933,.T.);
#4933 = LINE('',#4934,#4935);
#4934 = CARTESIAN_POINT('',(0.3,-0.6,8.2));
#4935 = VECTOR('',#4936,1.);
#4936 = DIRECTION('',(1.110223024625E-16,1.,0.));
#4937 = PLANE('',#4938);
#4938 = AXIS2_PLACEMENT_3D('',#4939,#4940,#4941);
#4939 = CARTESIAN_POINT('',(0.45,-0.6,8.35));
#4940 = DIRECTION('',(-0.707106781187,7.850462293414E-17,0.707106781187)
  );
#4941 = DIRECTION('',(1.110223024625E-16,1.,2.680278185005E-29));
#4942 = ADVANCED_FACE('',(#4943),#4961,.T.);
#4943 = FACE_BOUND('',#4944,.T.);
#4944 = EDGE_LOOP('',(#4945,#4946,#4947,#4955));
#4945 = ORIENTED_EDGE('',*,*,#4924,.F.);
#4946 = ORIENTED_EDGE('',*,*,#3621,.T.);
#4947 = ORIENTED_EDGE('',*,*,#4948,.T.);
#4948 = EDGE_CURVE('',#3614,#4949,#4951,.T.);
#4949 = VERTEX_POINT('',#4950);
#4950 = CARTESIAN_POINT('',(-0.3,0.3,8.2));
#4951 = LINE('',#4952,#4953);
#4952 = CARTESIAN_POINT('',(-0.3,0.3,8.2));
#4953 = VECTOR('',#4954,1.);
#4954 = DIRECTION('',(0.57735026919,-0.57735026919,-0.57735026919));
#4955 = ORIENTED_EDGE('',*,*,#4956,.F.);
#4956 = EDGE_CURVE('',#4925,#4949,#4957,.T.);
#4957 = LINE('',#4958,#4959);
#4958 = CARTESIAN_POINT('',(0.6,0.3,8.2));
#4959 = VECTOR('',#4960,1.);
#4960 = DIRECTION('',(-1.,1.110223024625E-16,0.));
#4961 = PLANE('',#4962);
#4962 = AXIS2_PLACEMENT_3D('',#4963,#4964,#4965);
#4963 = CARTESIAN_POINT('',(0.6,0.45,8.35));
#4964 = DIRECTION('',(-7.850462293414E-17,-0.707106781187,0.707106781187
    ));
#4965 = DIRECTION('',(-1.,1.110223024625E-16,2.680278185005E-29));
#4966 = ADVANCED_FACE('',(#4967),#4985,.T.);
#4967 = FACE_BOUND('',#4968,.T.);
#4968 = EDGE_LOOP('',(#4969,#4970,#4971,#4979));
#4969 = ORIENTED_EDGE('',*,*,#4948,.F.);
#4970 = ORIENTED_EDGE('',*,*,#3613,.T.);
#4971 = ORIENTED_EDGE('',*,*,#4972,.T.);
#4972 = EDGE_CURVE('',#3606,#4973,#4975,.T.);
#4973 = VERTEX_POINT('',#4974);
#4974 = CARTESIAN_POINT('',(-0.3,-0.3,8.2));
#4975 = LINE('',#4976,#4977);
#4976 = CARTESIAN_POINT('',(-0.3,-0.3,8.2));
#4977 = VECTOR('',#4978,1.);
#4978 = DIRECTION('',(0.57735026919,0.57735026919,-0.57735026919));
#4979 = ORIENTED_EDGE('',*,*,#4980,.F.);
#4980 = EDGE_CURVE('',#4949,#4973,#4981,.T.);
#4981 = LINE('',#4982,#4983);
#4982 = CARTESIAN_POINT('',(-0.3,0.6,8.2));
#4983 = VECTOR('',#4984,1.);
#4984 = DIRECTION('',(-1.110223024625E-16,-1.,0.));
#4985 = PLANE('',#4986);
#4986 = AXIS2_PLACEMENT_3D('',#4987,#4988,#4989);
#4987 = CARTESIAN_POINT('',(-0.45,0.6,8.35));
#4988 = DIRECTION('',(0.707106781187,-7.850462293414E-17,0.707106781187)
  );
#4989 = DIRECTION('',(-1.110223024625E-16,-1.,2.680278185005E-29));
#4990 = ADVANCED_FACE('',(#4991),#5002,.T.);
#4991 = FACE_BOUND('',#4992,.T.);
#4992 = EDGE_LOOP('',(#4993,#4994,#4995,#4996));
#4993 = ORIENTED_EDGE('',*,*,#4972,.F.);
#4994 = ORIENTED_EDGE('',*,*,#3605,.T.);
#4995 = ORIENTED_EDGE('',*,*,#4915,.T.);
#4996 = ORIENTED_EDGE('',*,*,#4997,.F.);
#4997 = EDGE_CURVE('',#4973,#4916,#4998,.T.);
#4998 = LINE('',#4999,#5000);
#4999 = CARTESIAN_POINT('',(-0.6,-0.3,8.2));
#5000 = VECTOR('',#5001,1.);
#5001 = DIRECTION('',(1.,-1.110223024625E-16,0.));
#5002 = PLANE('',#5003);
#5003 = AXIS2_PLACEMENT_3D('',#5004,#5005,#5006);
#5004 = CARTESIAN_POINT('',(-0.6,-0.45,8.35));
#5005 = DIRECTION('',(7.850462293414E-17,0.707106781187,0.707106781187)
  );
#5006 = DIRECTION('',(1.,-1.110223024625E-16,2.680278185005E-29));
#5007 = ADVANCED_FACE('',(#5008),#5019,.T.);
#5008 = FACE_BOUND('',#5009,.T.);
#5009 = EDGE_LOOP('',(#5010,#5011,#5012,#5018));
#5010 = ORIENTED_EDGE('',*,*,#3685,.F.);
#5011 = ORIENTED_EDGE('',*,*,#3695,.T.);
#5012 = ORIENTED_EDGE('',*,*,#5013,.T.);
#5013 = EDGE_CURVE('',#3696,#3736,#5014,.T.);
#5014 = LINE('',#5015,#5016);
#5015 = CARTESIAN_POINT('',(-0.1,-18.08,0.2));
#5016 = VECTOR('',#5017,1.);
#5017 = DIRECTION('',(1.,-1.110223024625E-16,0.));
#5018 = ORIENTED_EDGE('',*,*,#3743,.T.);
#5019 = PLANE('',#5020);
#5020 = AXIS2_PLACEMENT_3D('',#5021,#5022,#5023);
#5021 = CARTESIAN_POINT('',(-0.1,-18.08,0.2));
#5022 = DIRECTION('',(0.,-0.,-1.));
#5023 = DIRECTION('',(-1.110223024625E-16,-1.,0.));
#5024 = ADVANCED_FACE('',(#5025),#5066,.F.);
#5025 = FACE_BOUND('',#5026,.F.);
#5026 = EDGE_LOOP('',(#5027,#5035,#5036,#5044,#5052,#5060));
#5027 = ORIENTED_EDGE('',*,*,#5028,.T.);
#5028 = EDGE_CURVE('',#5029,#3736,#5031,.T.);
#5029 = VERTEX_POINT('',#5030);
#5030 = CARTESIAN_POINT('',(0.1,-18.08,-2.5));
#5031 = LINE('',#5032,#5033);
#5032 = CARTESIAN_POINT('',(0.1,-18.08,-2.5));
#5033 = VECTOR('',#5034,1.);
#5034 = DIRECTION('',(0.,0.,1.));
#5035 = ORIENTED_EDGE('',*,*,#3735,.F.);
#5036 = ORIENTED_EDGE('',*,*,#5037,.T.);
#5037 = EDGE_CURVE('',#3728,#5038,#5040,.T.);
#5038 = VERTEX_POINT('',#5039);
#5039 = CARTESIAN_POINT('',(0.1,-17.48,-2.5));
#5040 = LINE('',#5041,#5042);
#5041 = CARTESIAN_POINT('',(0.1,-17.48,0.2));
#5042 = VECTOR('',#5043,1.);
#5043 = DIRECTION('',(0.,0.,-1.));
#5044 = ORIENTED_EDGE('',*,*,#5045,.T.);
#5045 = EDGE_CURVE('',#5038,#5046,#5048,.T.);
#5046 = VERTEX_POINT('',#5047);
#5047 = CARTESIAN_POINT('',(0.1,-17.63,-3.1));
#5048 = LINE('',#5049,#5050);
#5049 = CARTESIAN_POINT('',(0.1,-17.48,-2.5));
#5050 = VECTOR('',#5051,1.);
#5051 = DIRECTION('',(-2.692686352073E-17,-0.242535625036,
    -0.970142500145));
#5052 = ORIENTED_EDGE('',*,*,#5053,.T.);
#5053 = EDGE_CURVE('',#5046,#5054,#5056,.T.);
#5054 = VERTEX_POINT('',#5055);
#5055 = CARTESIAN_POINT('',(0.1,-17.93,-3.1));
#5056 = LINE('',#5057,#5058);
#5057 = CARTESIAN_POINT('',(0.1,-17.63,-3.1));
#5058 = VECTOR('',#5059,1.);
#5059 = DIRECTION('',(-1.110223024625E-16,-1.,0.));
#5060 = ORIENTED_EDGE('',*,*,#5061,.T.);
#5061 = EDGE_CURVE('',#5054,#5029,#5062,.T.);
#5062 = LINE('',#5063,#5064);
#5063 = CARTESIAN_POINT('',(0.1,-17.93,-3.1));
#5064 = VECTOR('',#5065,1.);
#5065 = DIRECTION('',(-2.692686352073E-17,-0.242535625036,0.970142500145
    ));
#5066 = PLANE('',#5067);
#5067 = AXIS2_PLACEMENT_3D('',#5068,#5069,#5070);
#5068 = CARTESIAN_POINT('',(0.1,-17.78,3.911477598424));
#5069 = DIRECTION('',(-1.,1.110223024625E-16,0.));
#5070 = DIRECTION('',(0.,0.,1.));
#5071 = ADVANCED_FACE('',(#5072),#5083,.T.);
#5072 = FACE_BOUND('',#5073,.T.);
#5073 = EDGE_LOOP('',(#5074,#5080,#5081,#5082));
#5074 = ORIENTED_EDGE('',*,*,#5075,.F.);
#5075 = EDGE_CURVE('',#3704,#3728,#5076,.T.);
#5076 = LINE('',#5077,#5078);
#5077 = CARTESIAN_POINT('',(-0.1,-17.48,0.2));
#5078 = VECTOR('',#5079,1.);
#5079 = DIRECTION('',(1.,-1.110223024625E-16,0.));
#5080 = ORIENTED_EDGE('',*,*,#3711,.T.);
#5081 = ORIENTED_EDGE('',*,*,#3719,.T.);
#5082 = ORIENTED_EDGE('',*,*,#3727,.T.);
#5083 = PLANE('',#5084);
#5084 = AXIS2_PLACEMENT_3D('',#5085,#5086,#5087);
#5085 = CARTESIAN_POINT('',(-0.1,-18.08,0.2));
#5086 = DIRECTION('',(0.,-0.,-1.));
#5087 = DIRECTION('',(-1.110223024625E-16,-1.,0.));
#5088 = ADVANCED_FACE('',(#5089),#5130,.T.);
#5089 = FACE_BOUND('',#5090,.T.);
#5090 = EDGE_LOOP('',(#5091,#5099,#5100,#5108,#5116,#5124));
#5091 = ORIENTED_EDGE('',*,*,#5092,.T.);
#5092 = EDGE_CURVE('',#5093,#3696,#5095,.T.);
#5093 = VERTEX_POINT('',#5094);
#5094 = CARTESIAN_POINT('',(-0.1,-18.08,-2.5));
#5095 = LINE('',#5096,#5097);
#5096 = CARTESIAN_POINT('',(-0.1,-18.08,-2.5));
#5097 = VECTOR('',#5098,1.);
#5098 = DIRECTION('',(0.,0.,1.));
#5099 = ORIENTED_EDGE('',*,*,#3703,.F.);
#5100 = ORIENTED_EDGE('',*,*,#5101,.T.);
#5101 = EDGE_CURVE('',#3704,#5102,#5104,.T.);
#5102 = VERTEX_POINT('',#5103);
#5103 = CARTESIAN_POINT('',(-0.1,-17.48,-2.5));
#5104 = LINE('',#5105,#5106);
#5105 = CARTESIAN_POINT('',(-0.1,-17.48,0.2));
#5106 = VECTOR('',#5107,1.);
#5107 = DIRECTION('',(0.,0.,-1.));
#5108 = ORIENTED_EDGE('',*,*,#5109,.T.);
#5109 = EDGE_CURVE('',#5102,#5110,#5112,.T.);
#5110 = VERTEX_POINT('',#5111);
#5111 = CARTESIAN_POINT('',(-0.1,-17.63,-3.1));
#5112 = LINE('',#5113,#5114);
#5113 = CARTESIAN_POINT('',(-0.1,-17.48,-2.5));
#5114 = VECTOR('',#5115,1.);
#5115 = DIRECTION('',(-2.692686352073E-17,-0.242535625036,
    -0.970142500145));
#5116 = ORIENTED_EDGE('',*,*,#5117,.F.);
#5117 = EDGE_CURVE('',#5118,#5110,#5120,.T.);
#5118 = VERTEX_POINT('',#5119);
#5119 = CARTESIAN_POINT('',(-0.1,-17.93,-3.1));
#5120 = LINE('',#5121,#5122);
#5121 = CARTESIAN_POINT('',(-0.1,-17.93,-3.1));
#5122 = VECTOR('',#5123,1.);
#5123 = DIRECTION('',(1.110223024625E-16,1.,0.));
#5124 = ORIENTED_EDGE('',*,*,#5125,.T.);
#5125 = EDGE_CURVE('',#5118,#5093,#5126,.T.);
#5126 = LINE('',#5127,#5128);
#5127 = CARTESIAN_POINT('',(-0.1,-17.93,-3.1));
#5128 = VECTOR('',#5129,1.);
#5129 = DIRECTION('',(-2.692686352073E-17,-0.242535625036,0.970142500145
    ));
#5130 = PLANE('',#5131);
#5131 = AXIS2_PLACEMENT_3D('',#5132,#5133,#5134);
#5132 = CARTESIAN_POINT('',(-0.1,-17.78,3.911477598424));
#5133 = DIRECTION('',(-1.,1.110223024625E-16,0.));
#5134 = DIRECTION('',(0.,0.,1.));
#5135 = ADVANCED_FACE('',(#5136),#5147,.T.);
#5136 = FACE_BOUND('',#5137,.T.);
#5137 = EDGE_LOOP('',(#5138,#5139,#5140,#5146));
#5138 = ORIENTED_EDGE('',*,*,#3751,.F.);
#5139 = ORIENTED_EDGE('',*,*,#3761,.T.);
#5140 = ORIENTED_EDGE('',*,*,#5141,.T.);
#5141 = EDGE_CURVE('',#3762,#3802,#5142,.T.);
#5142 = LINE('',#5143,#5144);
#5143 = CARTESIAN_POINT('',(-0.1,-15.54,0.2));
#5144 = VECTOR('',#5145,1.);
#5145 = DIRECTION('',(1.,-1.110223024625E-16,0.));
#5146 = ORIENTED_EDGE('',*,*,#3809,.T.);
#5147 = PLANE('',#5148);
#5148 = AXIS2_PLACEMENT_3D('',#5149,#5150,#5151);
#5149 = CARTESIAN_POINT('',(-0.1,-15.54,0.2));
#5150 = DIRECTION('',(0.,-0.,-1.));
#5151 = DIRECTION('',(-1.110223024625E-16,-1.,0.));
#5152 = ADVANCED_FACE('',(#5153),#5194,.F.);
#5153 = FACE_BOUND('',#5154,.F.);
#5154 = EDGE_LOOP('',(#5155,#5163,#5164,#5172,#5180,#5188));
#5155 = ORIENTED_EDGE('',*,*,#5156,.T.);
#5156 = EDGE_CURVE('',#5157,#3802,#5159,.T.);
#5157 = VERTEX_POINT('',#5158);
#5158 = CARTESIAN_POINT('',(0.1,-15.54,-2.5));
#5159 = LINE('',#5160,#5161);
#5160 = CARTESIAN_POINT('',(0.1,-15.54,-2.5));
#5161 = VECTOR('',#5162,1.);
#5162 = DIRECTION('',(0.,0.,1.));
#5163 = ORIENTED_EDGE('',*,*,#3801,.F.);
#5164 = ORIENTED_EDGE('',*,*,#5165,.T.);
#5165 = EDGE_CURVE('',#3794,#5166,#5168,.T.);
#5166 = VERTEX_POINT('',#5167);
#5167 = CARTESIAN_POINT('',(0.1,-14.94,-2.5));
#5168 = LINE('',#5169,#5170);
#5169 = CARTESIAN_POINT('',(0.1,-14.94,0.2));
#5170 = VECTOR('',#5171,1.);
#5171 = DIRECTION('',(0.,0.,-1.));
#5172 = ORIENTED_EDGE('',*,*,#5173,.T.);
#5173 = EDGE_CURVE('',#5166,#5174,#5176,.T.);
#5174 = VERTEX_POINT('',#5175);
#5175 = CARTESIAN_POINT('',(0.1,-15.09,-3.1));
#5176 = LINE('',#5177,#5178);
#5177 = CARTESIAN_POINT('',(0.1,-14.94,-2.5));
#5178 = VECTOR('',#5179,1.);
#5179 = DIRECTION('',(-2.692686352073E-17,-0.242535625036,
    -0.970142500145));
#5180 = ORIENTED_EDGE('',*,*,#5181,.T.);
#5181 = EDGE_CURVE('',#5174,#5182,#5184,.T.);
#5182 = VERTEX_POINT('',#5183);
#5183 = CARTESIAN_POINT('',(0.1,-15.39,-3.1));
#5184 = LINE('',#5185,#5186);
#5185 = CARTESIAN_POINT('',(0.1,-15.09,-3.1));
#5186 = VECTOR('',#5187,1.);
#5187 = DIRECTION('',(-1.110223024625E-16,-1.,0.));
#5188 = ORIENTED_EDGE('',*,*,#5189,.T.);
#5189 = EDGE_CURVE('',#5182,#5157,#5190,.T.);
#5190 = LINE('',#5191,#5192);
#5191 = CARTESIAN_POINT('',(0.1,-15.39,-3.1));
#5192 = VECTOR('',#5193,1.);
#5193 = DIRECTION('',(-2.692686352073E-17,-0.242535625036,0.970142500145
    ));
#5194 = PLANE('',#5195);
#5195 = AXIS2_PLACEMENT_3D('',#5196,#5197,#5198);
#5196 = CARTESIAN_POINT('',(0.1,-15.24,3.911477598424));
#5197 = DIRECTION('',(-1.,1.110223024625E-16,0.));
#5198 = DIRECTION('',(0.,0.,1.));
#5199 = ADVANCED_FACE('',(#5200),#5211,.T.);
#5200 = FACE_BOUND('',#5201,.T.);
#5201 = EDGE_LOOP('',(#5202,#5208,#5209,#5210));
#5202 = ORIENTED_EDGE('',*,*,#5203,.F.);
#5203 = EDGE_CURVE('',#3770,#3794,#5204,.T.);
#5204 = LINE('',#5205,#5206);
#5205 = CARTESIAN_POINT('',(-0.1,-14.94,0.2));
#5206 = VECTOR('',#5207,1.);
#5207 = DIRECTION('',(1.,-1.110223024625E-16,0.));
#5208 = ORIENTED_EDGE('',*,*,#3777,.T.);
#5209 = ORIENTED_EDGE('',*,*,#3785,.T.);
#5210 = ORIENTED_EDGE('',*,*,#3793,.T.);
#5211 = PLANE('',#5212);
#5212 = AXIS2_PLACEMENT_3D('',#5213,#5214,#5215);
#5213 = CARTESIAN_POINT('',(-0.1,-15.54,0.2));
#5214 = DIRECTION('',(0.,-0.,-1.));
#5215 = DIRECTION('',(-1.110223024625E-16,-1.,0.));
#5216 = ADVANCED_FACE('',(#5217),#5258,.T.);
#5217 = FACE_BOUND('',#5218,.T.);
#5218 = EDGE_LOOP('',(#5219,#5227,#5228,#5236,#5244,#5252));
#5219 = ORIENTED_EDGE('',*,*,#5220,.T.);
#5220 = EDGE_CURVE('',#5221,#3762,#5223,.T.);
#5221 = VERTEX_POINT('',#5222);
#5222 = CARTESIAN_POINT('',(-0.1,-15.54,-2.5));
#5223 = LINE('',#5224,#5225);
#5224 = CARTESIAN_POINT('',(-0.1,-15.54,-2.5));
#5225 = VECTOR('',#5226,1.);
#5226 = DIRECTION('',(0.,0.,1.));
#5227 = ORIENTED_EDGE('',*,*,#3769,.F.);
#5228 = ORIENTED_EDGE('',*,*,#5229,.T.);
#5229 = EDGE_CURVE('',#3770,#5230,#5232,.T.);
#5230 = VERTEX_POINT('',#5231);
#5231 = CARTESIAN_POINT('',(-0.1,-14.94,-2.5));
#5232 = LINE('',#5233,#5234);
#5233 = CARTESIAN_POINT('',(-0.1,-14.94,0.2));
#5234 = VECTOR('',#5235,1.);
#5235 = DIRECTION('',(0.,0.,-1.));
#5236 = ORIENTED_EDGE('',*,*,#5237,.T.);
#5237 = EDGE_CURVE('',#5230,#5238,#5240,.T.);
#5238 = VERTEX_POINT('',#5239);
#5239 = CARTESIAN_POINT('',(-0.1,-15.09,-3.1));
#5240 = LINE('',#5241,#5242);
#5241 = CARTESIAN_POINT('',(-0.1,-14.94,-2.5));
#5242 = VECTOR('',#5243,1.);
#5243 = DIRECTION('',(-2.692686352073E-17,-0.242535625036,
    -0.970142500145));
#5244 = ORIENTED_EDGE('',*,*,#5245,.F.);
#5245 = EDGE_CURVE('',#5246,#5238,#5248,.T.);
#5246 = VERTEX_POINT('',#5247);
#5247 = CARTESIAN_POINT('',(-0.1,-15.39,-3.1));
#5248 = LINE('',#5249,#5250);
#5249 = CARTESIAN_POINT('',(-0.1,-15.39,-3.1));
#5250 = VECTOR('',#5251,1.);
#5251 = DIRECTION('',(1.110223024625E-16,1.,0.));
#5252 = ORIENTED_EDGE('',*,*,#5253,.T.);
#5253 = EDGE_CURVE('',#5246,#5221,#5254,.T.);
#5254 = LINE('',#5255,#5256);
#5255 = CARTESIAN_POINT('',(-0.1,-15.39,-3.1));
#5256 = VECTOR('',#5257,1.);
#5257 = DIRECTION('',(-2.692686352073E-17,-0.242535625036,0.970142500145
    ));
#5258 = PLANE('',#5259);
#5259 = AXIS2_PLACEMENT_3D('',#5260,#5261,#5262);
#5260 = CARTESIAN_POINT('',(-0.1,-15.24,3.911477598424));
#5261 = DIRECTION('',(-1.,1.110223024625E-16,0.));
#5262 = DIRECTION('',(0.,0.,1.));
#5263 = ADVANCED_FACE('',(#5264),#5275,.T.);
#5264 = FACE_BOUND('',#5265,.T.);
#5265 = EDGE_LOOP('',(#5266,#5267,#5268,#5274));
#5266 = ORIENTED_EDGE('',*,*,#3817,.F.);
#5267 = ORIENTED_EDGE('',*,*,#3827,.T.);
#5268 = ORIENTED_EDGE('',*,*,#5269,.T.);
#5269 = EDGE_CURVE('',#3828,#3868,#5270,.T.);
#5270 = LINE('',#5271,#5272);
#5271 = CARTESIAN_POINT('',(-0.1,-13.,0.2));
#5272 = VECTOR('',#5273,1.);
#5273 = DIRECTION('',(1.,-1.110223024625E-16,0.));
#5274 = ORIENTED_EDGE('',*,*,#3875,.T.);
#5275 = PLANE('',#5276);
#5276 = AXIS2_PLACEMENT_3D('',#5277,#5278,#5279);
#5277 = CARTESIAN_POINT('',(-0.1,-13.,0.2));
#5278 = DIRECTION('',(0.,-0.,-1.));
#5279 = DIRECTION('',(-1.110223024625E-16,-1.,0.));
#5280 = ADVANCED_FACE('',(#5281),#5322,.F.);
#5281 = FACE_BOUND('',#5282,.F.);
#5282 = EDGE_LOOP('',(#5283,#5291,#5292,#5300,#5308,#5316));
#5283 = ORIENTED_EDGE('',*,*,#5284,.T.);
#5284 = EDGE_CURVE('',#5285,#3868,#5287,.T.);
#5285 = VERTEX_POINT('',#5286);
#5286 = CARTESIAN_POINT('',(0.1,-13.,-2.5));
#5287 = LINE('',#5288,#5289);
#5288 = CARTESIAN_POINT('',(0.1,-13.,-2.5));
#5289 = VECTOR('',#5290,1.);
#5290 = DIRECTION('',(0.,0.,1.));
#5291 = ORIENTED_EDGE('',*,*,#3867,.F.);
#5292 = ORIENTED_EDGE('',*,*,#5293,.T.);
#5293 = EDGE_CURVE('',#3860,#5294,#5296,.T.);
#5294 = VERTEX_POINT('',#5295);
#5295 = CARTESIAN_POINT('',(0.1,-12.4,-2.5));
#5296 = LINE('',#5297,#5298);
#5297 = CARTESIAN_POINT('',(0.1,-12.4,0.2));
#5298 = VECTOR('',#5299,1.);
#5299 = DIRECTION('',(0.,0.,-1.));
#5300 = ORIENTED_EDGE('',*,*,#5301,.T.);
#5301 = EDGE_CURVE('',#5294,#5302,#5304,.T.);
#5302 = VERTEX_POINT('',#5303);
#5303 = CARTESIAN_POINT('',(0.1,-12.55,-3.1));
#5304 = LINE('',#5305,#5306);
#5305 = CARTESIAN_POINT('',(0.1,-12.4,-2.5));
#5306 = VECTOR('',#5307,1.);
#5307 = DIRECTION('',(-2.692686352073E-17,-0.242535625036,
    -0.970142500145));
#5308 = ORIENTED_EDGE('',*,*,#5309,.T.);
#5309 = EDGE_CURVE('',#5302,#5310,#5312,.T.);
#5310 = VERTEX_POINT('',#5311);
#5311 = CARTESIAN_POINT('',(0.1,-12.85,-3.1));
#5312 = LINE('',#5313,#5314);
#5313 = CARTESIAN_POINT('',(0.1,-12.55,-3.1));
#5314 = VECTOR('',#5315,1.);
#5315 = DIRECTION('',(-1.110223024625E-16,-1.,0.));
#5316 = ORIENTED_EDGE('',*,*,#5317,.T.);
#5317 = EDGE_CURVE('',#5310,#5285,#5318,.T.);
#5318 = LINE('',#5319,#5320);
#5319 = CARTESIAN_POINT('',(0.1,-12.85,-3.1));
#5320 = VECTOR('',#5321,1.);
#5321 = DIRECTION('',(-2.692686352073E-17,-0.242535625036,0.970142500145
    ));
#5322 = PLANE('',#5323);
#5323 = AXIS2_PLACEMENT_3D('',#5324,#5325,#5326);
#5324 = CARTESIAN_POINT('',(0.1,-12.7,3.911477598424));
#5325 = DIRECTION('',(-1.,1.110223024625E-16,0.));
#5326 = DIRECTION('',(0.,0.,1.));
#5327 = ADVANCED_FACE('',(#5328),#5339,.T.);
#5328 = FACE_BOUND('',#5329,.T.);
#5329 = EDGE_LOOP('',(#5330,#5336,#5337,#5338));
#5330 = ORIENTED_EDGE('',*,*,#5331,.F.);
#5331 = EDGE_CURVE('',#3836,#3860,#5332,.T.);
#5332 = LINE('',#5333,#5334);
#5333 = CARTESIAN_POINT('',(-0.1,-12.4,0.2));
#5334 = VECTOR('',#5335,1.);
#5335 = DIRECTION('',(1.,-1.110223024625E-16,0.));
#5336 = ORIENTED_EDGE('',*,*,#3843,.T.);
#5337 = ORIENTED_EDGE('',*,*,#3851,.T.);
#5338 = ORIENTED_EDGE('',*,*,#3859,.T.);
#5339 = PLANE('',#5340);
#5340 = AXIS2_PLACEMENT_3D('',#5341,#5342,#5343);
#5341 = CARTESIAN_POINT('',(-0.1,-13.,0.2));
#5342 = DIRECTION('',(0.,-0.,-1.));
#5343 = DIRECTION('',(-1.110223024625E-16,-1.,0.));
#5344 = ADVANCED_FACE('',(#5345),#5386,.T.);
#5345 = FACE_BOUND('',#5346,.T.);
#5346 = EDGE_LOOP('',(#5347,#5355,#5356,#5364,#5372,#5380));
#5347 = ORIENTED_EDGE('',*,*,#5348,.T.);
#5348 = EDGE_CURVE('',#5349,#3828,#5351,.T.);
#5349 = VERTEX_POINT('',#5350);
#5350 = CARTESIAN_POINT('',(-0.1,-13.,-2.5));
#5351 = LINE('',#5352,#5353);
#5352 = CARTESIAN_POINT('',(-0.1,-13.,-2.5));
#5353 = VECTOR('',#5354,1.);
#5354 = DIRECTION('',(0.,0.,1.));
#5355 = ORIENTED_EDGE('',*,*,#3835,.F.);
#5356 = ORIENTED_EDGE('',*,*,#5357,.T.);
#5357 = EDGE_CURVE('',#3836,#5358,#5360,.T.);
#5358 = VERTEX_POINT('',#5359);
#5359 = CARTESIAN_POINT('',(-0.1,-12.4,-2.5));
#5360 = LINE('',#5361,#5362);
#5361 = CARTESIAN_POINT('',(-0.1,-12.4,0.2));
#5362 = VECTOR('',#5363,1.);
#5363 = DIRECTION('',(0.,0.,-1.));
#5364 = ORIENTED_EDGE('',*,*,#5365,.T.);
#5365 = EDGE_CURVE('',#5358,#5366,#5368,.T.);
#5366 = VERTEX_POINT('',#5367);
#5367 = CARTESIAN_POINT('',(-0.1,-12.55,-3.1));
#5368 = LINE('',#5369,#5370);
#5369 = CARTESIAN_POINT('',(-0.1,-12.4,-2.5));
#5370 = VECTOR('',#5371,1.);
#5371 = DIRECTION('',(-2.692686352073E-17,-0.242535625036,
    -0.970142500145));
#5372 = ORIENTED_EDGE('',*,*,#5373,.F.);
#5373 = EDGE_CURVE('',#5374,#5366,#5376,.T.);
#5374 = VERTEX_POINT('',#5375);
#5375 = CARTESIAN_POINT('',(-0.1,-12.85,-3.1));
#5376 = LINE('',#5377,#5378);
#5377 = CARTESIAN_POINT('',(-0.1,-12.85,-3.1));
#5378 = VECTOR('',#5379,1.);
#5379 = DIRECTION('',(1.110223024625E-16,1.,0.));
#5380 = ORIENTED_EDGE('',*,*,#5381,.T.);
#5381 = EDGE_CURVE('',#5374,#5349,#5382,.T.);
#5382 = LINE('',#5383,#5384);
#5383 = CARTESIAN_POINT('',(-0.1,-12.85,-3.1));
#5384 = VECTOR('',#5385,1.);
#5385 = DIRECTION('',(-2.692686352073E-17,-0.242535625036,0.970142500145
    ));
#5386 = PLANE('',#5387);
#5387 = AXIS2_PLACEMENT_3D('',#5388,#5389,#5390);
#5388 = CARTESIAN_POINT('',(-0.1,-12.7,3.911477598424));
#5389 = DIRECTION('',(-1.,1.110223024625E-16,0.));
#5390 = DIRECTION('',(0.,0.,1.));
#5391 = ADVANCED_FACE('',(#5392),#5403,.T.);
#5392 = FACE_BOUND('',#5393,.T.);
#5393 = EDGE_LOOP('',(#5394,#5395,#5396,#5402));
#5394 = ORIENTED_EDGE('',*,*,#3883,.F.);
#5395 = ORIENTED_EDGE('',*,*,#3893,.T.);
#5396 = ORIENTED_EDGE('',*,*,#5397,.T.);
#5397 = EDGE_CURVE('',#3894,#3934,#5398,.T.);
#5398 = LINE('',#5399,#5400);
#5399 = CARTESIAN_POINT('',(-0.1,-10.46,0.2));
#5400 = VECTOR('',#5401,1.);
#5401 = DIRECTION('',(1.,-1.110223024625E-16,0.));
#5402 = ORIENTED_EDGE('',*,*,#3941,.T.);
#5403 = PLANE('',#5404);
#5404 = AXIS2_PLACEMENT_3D('',#5405,#5406,#5407);
#5405 = CARTESIAN_POINT('',(-0.1,-10.46,0.2));
#5406 = DIRECTION('',(0.,-0.,-1.));
#5407 = DIRECTION('',(-1.110223024625E-16,-1.,0.));
#5408 = ADVANCED_FACE('',(#5409),#5450,.F.);
#5409 = FACE_BOUND('',#5410,.F.);
#5410 = EDGE_LOOP('',(#5411,#5419,#5420,#5428,#5436,#5444));
#5411 = ORIENTED_EDGE('',*,*,#5412,.T.);
#5412 = EDGE_CURVE('',#5413,#3934,#5415,.T.);
#5413 = VERTEX_POINT('',#5414);
#5414 = CARTESIAN_POINT('',(0.1,-10.46,-2.5));
#5415 = LINE('',#5416,#5417);
#5416 = CARTESIAN_POINT('',(0.1,-10.46,-2.5));
#5417 = VECTOR('',#5418,1.);
#5418 = DIRECTION('',(0.,0.,1.));
#5419 = ORIENTED_EDGE('',*,*,#3933,.F.);
#5420 = ORIENTED_EDGE('',*,*,#5421,.T.);
#5421 = EDGE_CURVE('',#3926,#5422,#5424,.T.);
#5422 = VERTEX_POINT('',#5423);
#5423 = CARTESIAN_POINT('',(0.1,-9.86,-2.5));
#5424 = LINE('',#5425,#5426);
#5425 = CARTESIAN_POINT('',(0.1,-9.86,0.2));
#5426 = VECTOR('',#5427,1.);
#5427 = DIRECTION('',(0.,0.,-1.));
#5428 = ORIENTED_EDGE('',*,*,#5429,.T.);
#5429 = EDGE_CURVE('',#5422,#5430,#5432,.T.);
#5430 = VERTEX_POINT('',#5431);
#5431 = CARTESIAN_POINT('',(0.1,-10.01,-3.1));
#5432 = LINE('',#5433,#5434);
#5433 = CARTESIAN_POINT('',(0.1,-9.86,-2.5));
#5434 = VECTOR('',#5435,1.);
#5435 = DIRECTION('',(-2.692686352073E-17,-0.242535625036,
    -0.970142500145));
#5436 = ORIENTED_EDGE('',*,*,#5437,.T.);
#5437 = EDGE_CURVE('',#5430,#5438,#5440,.T.);
#5438 = VERTEX_POINT('',#5439);
#5439 = CARTESIAN_POINT('',(0.1,-10.31,-3.1));
#5440 = LINE('',#5441,#5442);
#5441 = CARTESIAN_POINT('',(0.1,-10.01,-3.1));
#5442 = VECTOR('',#5443,1.);
#5443 = DIRECTION('',(-1.110223024625E-16,-1.,0.));
#5444 = ORIENTED_EDGE('',*,*,#5445,.T.);
#5445 = EDGE_CURVE('',#5438,#5413,#5446,.T.);
#5446 = LINE('',#5447,#5448);
#5447 = CARTESIAN_POINT('',(0.1,-10.31,-3.1));
#5448 = VECTOR('',#5449,1.);
#5449 = DIRECTION('',(-2.692686352073E-17,-0.242535625036,0.970142500145
    ));
#5450 = PLANE('',#5451);
#5451 = AXIS2_PLACEMENT_3D('',#5452,#5453,#5454);
#5452 = CARTESIAN_POINT('',(0.1,-10.16,3.911477598424));
#5453 = DIRECTION('',(-1.,1.110223024625E-16,0.));
#5454 = DIRECTION('',(0.,0.,1.));
#5455 = ADVANCED_FACE('',(#5456),#5467,.T.);
#5456 = FACE_BOUND('',#5457,.T.);
#5457 = EDGE_LOOP('',(#5458,#5464,#5465,#5466));
#5458 = ORIENTED_EDGE('',*,*,#5459,.F.);
#5459 = EDGE_CURVE('',#3902,#3926,#5460,.T.);
#5460 = LINE('',#5461,#5462);
#5461 = CARTESIAN_POINT('',(-0.1,-9.86,0.2));
#5462 = VECTOR('',#5463,1.);
#5463 = DIRECTION('',(1.,-1.110223024625E-16,0.));
#5464 = ORIENTED_EDGE('',*,*,#3909,.T.);
#5465 = ORIENTED_EDGE('',*,*,#3917,.T.);
#5466 = ORIENTED_EDGE('',*,*,#3925,.T.);
#5467 = PLANE('',#5468);
#5468 = AXIS2_PLACEMENT_3D('',#5469,#5470,#5471);
#5469 = CARTESIAN_POINT('',(-0.1,-10.46,0.2));
#5470 = DIRECTION('',(0.,-0.,-1.));
#5471 = DIRECTION('',(-1.110223024625E-16,-1.,0.));
#5472 = ADVANCED_FACE('',(#5473),#5514,.T.);
#5473 = FACE_BOUND('',#5474,.T.);
#5474 = EDGE_LOOP('',(#5475,#5483,#5484,#5492,#5500,#5508));
#5475 = ORIENTED_EDGE('',*,*,#5476,.T.);
#5476 = EDGE_CURVE('',#5477,#3894,#5479,.T.);
#5477 = VERTEX_POINT('',#5478);
#5478 = CARTESIAN_POINT('',(-0.1,-10.46,-2.5));
#5479 = LINE('',#5480,#5481);
#5480 = CARTESIAN_POINT('',(-0.1,-10.46,-2.5));
#5481 = VECTOR('',#5482,1.);
#5482 = DIRECTION('',(0.,0.,1.));
#5483 = ORIENTED_EDGE('',*,*,#3901,.F.);
#5484 = ORIENTED_EDGE('',*,*,#5485,.T.);
#5485 = EDGE_CURVE('',#3902,#5486,#5488,.T.);
#5486 = VERTEX_POINT('',#5487);
#5487 = CARTESIAN_POINT('',(-0.1,-9.86,-2.5));
#5488 = LINE('',#5489,#5490);
#5489 = CARTESIAN_POINT('',(-0.1,-9.86,0.2));
#5490 = VECTOR('',#5491,1.);
#5491 = DIRECTION('',(0.,0.,-1.));
#5492 = ORIENTED_EDGE('',*,*,#5493,.T.);
#5493 = EDGE_CURVE('',#5486,#5494,#5496,.T.);
#5494 = VERTEX_POINT('',#5495);
#5495 = CARTESIAN_POINT('',(-0.1,-10.01,-3.1));
#5496 = LINE('',#5497,#5498);
#5497 = CARTESIAN_POINT('',(-0.1,-9.86,-2.5));
#5498 = VECTOR('',#5499,1.);
#5499 = DIRECTION('',(-2.692686352073E-17,-0.242535625036,
    -0.970142500145));
#5500 = ORIENTED_EDGE('',*,*,#5501,.F.);
#5501 = EDGE_CURVE('',#5502,#5494,#5504,.T.);
#5502 = VERTEX_POINT('',#5503);
#5503 = CARTESIAN_POINT('',(-0.1,-10.31,-3.1));
#5504 = LINE('',#5505,#5506);
#5505 = CARTESIAN_POINT('',(-0.1,-10.31,-3.1));
#5506 = VECTOR('',#5507,1.);
#5507 = DIRECTION('',(1.110223024625E-16,1.,0.));
#5508 = ORIENTED_EDGE('',*,*,#5509,.T.);
#5509 = EDGE_CURVE('',#5502,#5477,#5510,.T.);
#5510 = LINE('',#5511,#5512);
#5511 = CARTESIAN_POINT('',(-0.1,-10.31,-3.1));
#5512 = VECTOR('',#5513,1.);
#5513 = DIRECTION('',(-2.692686352073E-17,-0.242535625036,0.970142500145
    ));
#5514 = PLANE('',#5515);
#5515 = AXIS2_PLACEMENT_3D('',#5516,#5517,#5518);
#5516 = CARTESIAN_POINT('',(-0.1,-10.16,3.911477598424));
#5517 = DIRECTION('',(-1.,1.110223024625E-16,0.));
#5518 = DIRECTION('',(0.,0.,1.));
#5519 = ADVANCED_FACE('',(#5520),#5531,.T.);
#5520 = FACE_BOUND('',#5521,.T.);
#5521 = EDGE_LOOP('',(#5522,#5523,#5524,#5530));
#5522 = ORIENTED_EDGE('',*,*,#3949,.F.);
#5523 = ORIENTED_EDGE('',*,*,#3959,.T.);
#5524 = ORIENTED_EDGE('',*,*,#5525,.T.);
#5525 = EDGE_CURVE('',#3960,#4000,#5526,.T.);
#5526 = LINE('',#5527,#5528);
#5527 = CARTESIAN_POINT('',(-0.1,-7.92,0.2));
#5528 = VECTOR('',#5529,1.);
#5529 = DIRECTION('',(1.,-1.110223024625E-16,0.));
#5530 = ORIENTED_EDGE('',*,*,#4007,.T.);
#5531 = PLANE('',#5532);
#5532 = AXIS2_PLACEMENT_3D('',#5533,#5534,#5535);
#5533 = CARTESIAN_POINT('',(-0.1,-7.92,0.2));
#5534 = DIRECTION('',(0.,-0.,-1.));
#5535 = DIRECTION('',(-1.110223024625E-16,-1.,0.));
#5536 = ADVANCED_FACE('',(#5537),#5578,.F.);
#5537 = FACE_BOUND('',#5538,.F.);
#5538 = EDGE_LOOP('',(#5539,#5547,#5548,#5556,#5564,#5572));
#5539 = ORIENTED_EDGE('',*,*,#5540,.T.);
#5540 = EDGE_CURVE('',#5541,#4000,#5543,.T.);
#5541 = VERTEX_POINT('',#5542);
#5542 = CARTESIAN_POINT('',(0.1,-7.92,-2.5));
#5543 = LINE('',#5544,#5545);
#5544 = CARTESIAN_POINT('',(0.1,-7.92,-2.5));
#5545 = VECTOR('',#5546,1.);
#5546 = DIRECTION('',(0.,0.,1.));
#5547 = ORIENTED_EDGE('',*,*,#3999,.F.);
#5548 = ORIENTED_EDGE('',*,*,#5549,.T.);
#5549 = EDGE_CURVE('',#3992,#5550,#5552,.T.);
#5550 = VERTEX_POINT('',#5551);
#5551 = CARTESIAN_POINT('',(0.1,-7.32,-2.5));
#5552 = LINE('',#5553,#5554);
#5553 = CARTESIAN_POINT('',(0.1,-7.32,0.2));
#5554 = VECTOR('',#5555,1.);
#5555 = DIRECTION('',(0.,0.,-1.));
#5556 = ORIENTED_EDGE('',*,*,#5557,.T.);
#5557 = EDGE_CURVE('',#5550,#5558,#5560,.T.);
#5558 = VERTEX_POINT('',#5559);
#5559 = CARTESIAN_POINT('',(0.1,-7.47,-3.1));
#5560 = LINE('',#5561,#5562);
#5561 = CARTESIAN_POINT('',(0.1,-7.32,-2.5));
#5562 = VECTOR('',#5563,1.);
#5563 = DIRECTION('',(-2.692686352073E-17,-0.242535625036,
    -0.970142500145));
#5564 = ORIENTED_EDGE('',*,*,#5565,.T.);
#5565 = EDGE_CURVE('',#5558,#5566,#5568,.T.);
#5566 = VERTEX_POINT('',#5567);
#5567 = CARTESIAN_POINT('',(0.1,-7.77,-3.1));
#5568 = LINE('',#5569,#5570);
#5569 = CARTESIAN_POINT('',(0.1,-7.47,-3.1));
#5570 = VECTOR('',#5571,1.);
#5571 = DIRECTION('',(-1.110223024625E-16,-1.,0.));
#5572 = ORIENTED_EDGE('',*,*,#5573,.T.);
#5573 = EDGE_CURVE('',#5566,#5541,#5574,.T.);
#5574 = LINE('',#5575,#5576);
#5575 = CARTESIAN_POINT('',(0.1,-7.77,-3.1));
#5576 = VECTOR('',#5577,1.);
#5577 = DIRECTION('',(-2.692686352073E-17,-0.242535625036,0.970142500145
    ));
#5578 = PLANE('',#5579);
#5579 = AXIS2_PLACEMENT_3D('',#5580,#5581,#5582);
#5580 = CARTESIAN_POINT('',(0.1,-7.62,3.911477598424));
#5581 = DIRECTION('',(-1.,1.110223024625E-16,0.));
#5582 = DIRECTION('',(0.,0.,1.));
#5583 = ADVANCED_FACE('',(#5584),#5595,.T.);
#5584 = FACE_BOUND('',#5585,.T.);
#5585 = EDGE_LOOP('',(#5586,#5592,#5593,#5594));
#5586 = ORIENTED_EDGE('',*,*,#5587,.F.);
#5587 = EDGE_CURVE('',#3968,#3992,#5588,.T.);
#5588 = LINE('',#5589,#5590);
#5589 = CARTESIAN_POINT('',(-0.1,-7.32,0.2));
#5590 = VECTOR('',#5591,1.);
#5591 = DIRECTION('',(1.,-1.110223024625E-16,0.));
#5592 = ORIENTED_EDGE('',*,*,#3975,.T.);
#5593 = ORIENTED_EDGE('',*,*,#3983,.T.);
#5594 = ORIENTED_EDGE('',*,*,#3991,.T.);
#5595 = PLANE('',#5596);
#5596 = AXIS2_PLACEMENT_3D('',#5597,#5598,#5599);
#5597 = CARTESIAN_POINT('',(-0.1,-7.92,0.2));
#5598 = DIRECTION('',(0.,-0.,-1.));
#5599 = DIRECTION('',(-1.110223024625E-16,-1.,0.));
#5600 = ADVANCED_FACE('',(#5601),#5642,.T.);
#5601 = FACE_BOUND('',#5602,.T.);
#5602 = EDGE_LOOP('',(#5603,#5611,#5612,#5620,#5628,#5636));
#5603 = ORIENTED_EDGE('',*,*,#5604,.T.);
#5604 = EDGE_CURVE('',#5605,#3960,#5607,.T.);
#5605 = VERTEX_POINT('',#5606);
#5606 = CARTESIAN_POINT('',(-0.1,-7.92,-2.5));
#5607 = LINE('',#5608,#5609);
#5608 = CARTESIAN_POINT('',(-0.1,-7.92,-2.5));
#5609 = VECTOR('',#5610,1.);
#5610 = DIRECTION('',(0.,0.,1.));
#5611 = ORIENTED_EDGE('',*,*,#3967,.F.);
#5612 = ORIENTED_EDGE('',*,*,#5613,.T.);
#5613 = EDGE_CURVE('',#3968,#5614,#5616,.T.);
#5614 = VERTEX_POINT('',#5615);
#5615 = CARTESIAN_POINT('',(-0.1,-7.32,-2.5));
#5616 = LINE('',#5617,#5618);
#5617 = CARTESIAN_POINT('',(-0.1,-7.32,0.2));
#5618 = VECTOR('',#5619,1.);
#5619 = DIRECTION('',(0.,0.,-1.));
#5620 = ORIENTED_EDGE('',*,*,#5621,.T.);
#5621 = EDGE_CURVE('',#5614,#5622,#5624,.T.);
#5622 = VERTEX_POINT('',#5623);
#5623 = CARTESIAN_POINT('',(-0.1,-7.47,-3.1));
#5624 = LINE('',#5625,#5626);
#5625 = CARTESIAN_POINT('',(-0.1,-7.32,-2.5));
#5626 = VECTOR('',#5627,1.);
#5627 = DIRECTION('',(-2.692686352073E-17,-0.242535625036,
    -0.970142500145));
#5628 = ORIENTED_EDGE('',*,*,#5629,.F.);
#5629 = EDGE_CURVE('',#5630,#5622,#5632,.T.);
#5630 = VERTEX_POINT('',#5631);
#5631 = CARTESIAN_POINT('',(-0.1,-7.77,-3.1));
#5632 = LINE('',#5633,#5634);
#5633 = CARTESIAN_POINT('',(-0.1,-7.77,-3.1));
#5634 = VECTOR('',#5635,1.);
#5635 = DIRECTION('',(1.110223024625E-16,1.,0.));
#5636 = ORIENTED_EDGE('',*,*,#5637,.T.);
#5637 = EDGE_CURVE('',#5630,#5605,#5638,.T.);
#5638 = LINE('',#5639,#5640);
#5639 = CARTESIAN_POINT('',(-0.1,-7.77,-3.1));
#5640 = VECTOR('',#5641,1.);
#5641 = DIRECTION('',(-2.692686352073E-17,-0.242535625036,0.970142500145
    ));
#5642 = PLANE('',#5643);
#5643 = AXIS2_PLACEMENT_3D('',#5644,#5645,#5646);
#5644 = CARTESIAN_POINT('',(-0.1,-7.62,3.911477598424));
#5645 = DIRECTION('',(-1.,1.110223024625E-16,0.));
#5646 = DIRECTION('',(0.,0.,1.));
#5647 = ADVANCED_FACE('',(#5648),#5659,.T.);
#5648 = FACE_BOUND('',#5649,.T.);
#5649 = EDGE_LOOP('',(#5650,#5651,#5652,#5658));
#5650 = ORIENTED_EDGE('',*,*,#4015,.F.);
#5651 = ORIENTED_EDGE('',*,*,#4025,.T.);
#5652 = ORIENTED_EDGE('',*,*,#5653,.T.);
#5653 = EDGE_CURVE('',#4026,#4066,#5654,.T.);
#5654 = LINE('',#5655,#5656);
#5655 = CARTESIAN_POINT('',(-0.1,-5.38,0.2));
#5656 = VECTOR('',#5657,1.);
#5657 = DIRECTION('',(1.,-1.110223024625E-16,0.));
#5658 = ORIENTED_EDGE('',*,*,#4073,.T.);
#5659 = PLANE('',#5660);
#5660 = AXIS2_PLACEMENT_3D('',#5661,#5662,#5663);
#5661 = CARTESIAN_POINT('',(-0.1,-5.38,0.2));
#5662 = DIRECTION('',(0.,-0.,-1.));
#5663 = DIRECTION('',(-1.110223024625E-16,-1.,0.));
#5664 = ADVANCED_FACE('',(#5665),#5706,.F.);
#5665 = FACE_BOUND('',#5666,.F.);
#5666 = EDGE_LOOP('',(#5667,#5675,#5676,#5684,#5692,#5700));
#5667 = ORIENTED_EDGE('',*,*,#5668,.T.);
#5668 = EDGE_CURVE('',#5669,#4066,#5671,.T.);
#5669 = VERTEX_POINT('',#5670);
#5670 = CARTESIAN_POINT('',(0.1,-5.38,-2.5));
#5671 = LINE('',#5672,#5673);
#5672 = CARTESIAN_POINT('',(0.1,-5.38,-2.5));
#5673 = VECTOR('',#5674,1.);
#5674 = DIRECTION('',(0.,0.,1.));
#5675 = ORIENTED_EDGE('',*,*,#4065,.F.);
#5676 = ORIENTED_EDGE('',*,*,#5677,.T.);
#5677 = EDGE_CURVE('',#4058,#5678,#5680,.T.);
#5678 = VERTEX_POINT('',#5679);
#5679 = CARTESIAN_POINT('',(0.1,-4.78,-2.5));
#5680 = LINE('',#5681,#5682);
#5681 = CARTESIAN_POINT('',(0.1,-4.78,0.2));
#5682 = VECTOR('',#5683,1.);
#5683 = DIRECTION('',(0.,0.,-1.));
#5684 = ORIENTED_EDGE('',*,*,#5685,.T.);
#5685 = EDGE_CURVE('',#5678,#5686,#5688,.T.);
#5686 = VERTEX_POINT('',#5687);
#5687 = CARTESIAN_POINT('',(0.1,-4.93,-3.1));
#5688 = LINE('',#5689,#5690);
#5689 = CARTESIAN_POINT('',(0.1,-4.78,-2.5));
#5690 = VECTOR('',#5691,1.);
#5691 = DIRECTION('',(-2.692686352073E-17,-0.242535625036,
    -0.970142500145));
#5692 = ORIENTED_EDGE('',*,*,#5693,.T.);
#5693 = EDGE_CURVE('',#5686,#5694,#5696,.T.);
#5694 = VERTEX_POINT('',#5695);
#5695 = CARTESIAN_POINT('',(0.1,-5.23,-3.1));
#5696 = LINE('',#5697,#5698);
#5697 = CARTESIAN_POINT('',(0.1,-4.93,-3.1));
#5698 = VECTOR('',#5699,1.);
#5699 = DIRECTION('',(-1.110223024625E-16,-1.,0.));
#5700 = ORIENTED_EDGE('',*,*,#5701,.T.);
#5701 = EDGE_CURVE('',#5694,#5669,#5702,.T.);
#5702 = LINE('',#5703,#5704);
#5703 = CARTESIAN_POINT('',(0.1,-5.23,-3.1));
#5704 = VECTOR('',#5705,1.);
#5705 = DIRECTION('',(-2.692686352073E-17,-0.242535625036,0.970142500145
    ));
#5706 = PLANE('',#5707);
#5707 = AXIS2_PLACEMENT_3D('',#5708,#5709,#5710);
#5708 = CARTESIAN_POINT('',(0.1,-5.08,3.911477598424));
#5709 = DIRECTION('',(-1.,1.110223024625E-16,0.));
#5710 = DIRECTION('',(0.,0.,1.));
#5711 = ADVANCED_FACE('',(#5712),#5723,.T.);
#5712 = FACE_BOUND('',#5713,.T.);
#5713 = EDGE_LOOP('',(#5714,#5720,#5721,#5722));
#5714 = ORIENTED_EDGE('',*,*,#5715,.F.);
#5715 = EDGE_CURVE('',#4034,#4058,#5716,.T.);
#5716 = LINE('',#5717,#5718);
#5717 = CARTESIAN_POINT('',(-0.1,-4.78,0.2));
#5718 = VECTOR('',#5719,1.);
#5719 = DIRECTION('',(1.,-1.110223024625E-16,0.));
#5720 = ORIENTED_EDGE('',*,*,#4041,.T.);
#5721 = ORIENTED_EDGE('',*,*,#4049,.T.);
#5722 = ORIENTED_EDGE('',*,*,#4057,.T.);
#5723 = PLANE('',#5724);
#5724 = AXIS2_PLACEMENT_3D('',#5725,#5726,#5727);
#5725 = CARTESIAN_POINT('',(-0.1,-5.38,0.2));
#5726 = DIRECTION('',(0.,-0.,-1.));
#5727 = DIRECTION('',(-1.110223024625E-16,-1.,0.));
#5728 = ADVANCED_FACE('',(#5729),#5770,.T.);
#5729 = FACE_BOUND('',#5730,.T.);
#5730 = EDGE_LOOP('',(#5731,#5739,#5740,#5748,#5756,#5764));
#5731 = ORIENTED_EDGE('',*,*,#5732,.T.);
#5732 = EDGE_CURVE('',#5733,#4026,#5735,.T.);
#5733 = VERTEX_POINT('',#5734);
#5734 = CARTESIAN_POINT('',(-0.1,-5.38,-2.5));
#5735 = LINE('',#5736,#5737);
#5736 = CARTESIAN_POINT('',(-0.1,-5.38,-2.5));
#5737 = VECTOR('',#5738,1.);
#5738 = DIRECTION('',(0.,0.,1.));
#5739 = ORIENTED_EDGE('',*,*,#4033,.F.);
#5740 = ORIENTED_EDGE('',*,*,#5741,.T.);
#5741 = EDGE_CURVE('',#4034,#5742,#5744,.T.);
#5742 = VERTEX_POINT('',#5743);
#5743 = CARTESIAN_POINT('',(-0.1,-4.78,-2.5));
#5744 = LINE('',#5745,#5746);
#5745 = CARTESIAN_POINT('',(-0.1,-4.78,0.2));
#5746 = VECTOR('',#5747,1.);
#5747 = DIRECTION('',(0.,0.,-1.));
#5748 = ORIENTED_EDGE('',*,*,#5749,.T.);
#5749 = EDGE_CURVE('',#5742,#5750,#5752,.T.);
#5750 = VERTEX_POINT('',#5751);
#5751 = CARTESIAN_POINT('',(-0.1,-4.93,-3.1));
#5752 = LINE('',#5753,#5754);
#5753 = CARTESIAN_POINT('',(-0.1,-4.78,-2.5));
#5754 = VECTOR('',#5755,1.);
#5755 = DIRECTION('',(-2.692686352073E-17,-0.242535625036,
    -0.970142500145));
#5756 = ORIENTED_EDGE('',*,*,#5757,.F.);
#5757 = EDGE_CURVE('',#5758,#5750,#5760,.T.);
#5758 = VERTEX_POINT('',#5759);
#5759 = CARTESIAN_POINT('',(-0.1,-5.23,-3.1));
#5760 = LINE('',#5761,#5762);
#5761 = CARTESIAN_POINT('',(-0.1,-5.23,-3.1));
#5762 = VECTOR('',#5763,1.);
#5763 = DIRECTION('',(1.110223024625E-16,1.,0.));
#5764 = ORIENTED_EDGE('',*,*,#5765,.T.);
#5765 = EDGE_CURVE('',#5758,#5733,#5766,.T.);
#5766 = LINE('',#5767,#5768);
#5767 = CARTESIAN_POINT('',(-0.1,-5.23,-3.1));
#5768 = VECTOR('',#5769,1.);
#5769 = DIRECTION('',(-2.692686352073E-17,-0.242535625036,0.970142500145
    ));
#5770 = PLANE('',#5771);
#5771 = AXIS2_PLACEMENT_3D('',#5772,#5773,#5774);
#5772 = CARTESIAN_POINT('',(-0.1,-5.08,3.911477598424));
#5773 = DIRECTION('',(-1.,1.110223024625E-16,0.));
#5774 = DIRECTION('',(0.,0.,1.));
#5775 = ADVANCED_FACE('',(#5776),#5787,.T.);
#5776 = FACE_BOUND('',#5777,.T.);
#5777 = EDGE_LOOP('',(#5778,#5779,#5780,#5786));
#5778 = ORIENTED_EDGE('',*,*,#4081,.F.);
#5779 = ORIENTED_EDGE('',*,*,#4091,.T.);
#5780 = ORIENTED_EDGE('',*,*,#5781,.T.);
#5781 = EDGE_CURVE('',#4092,#4132,#5782,.T.);
#5782 = LINE('',#5783,#5784);
#5783 = CARTESIAN_POINT('',(-0.1,-2.84,0.2));
#5784 = VECTOR('',#5785,1.);
#5785 = DIRECTION('',(1.,-1.110223024625E-16,0.));
#5786 = ORIENTED_EDGE('',*,*,#4139,.T.);
#5787 = PLANE('',#5788);
#5788 = AXIS2_PLACEMENT_3D('',#5789,#5790,#5791);
#5789 = CARTESIAN_POINT('',(-0.1,-2.84,0.2));
#5790 = DIRECTION('',(0.,-0.,-1.));
#5791 = DIRECTION('',(-1.110223024625E-16,-1.,0.));
#5792 = ADVANCED_FACE('',(#5793),#5834,.F.);
#5793 = FACE_BOUND('',#5794,.F.);
#5794 = EDGE_LOOP('',(#5795,#5803,#5804,#5812,#5820,#5828));
#5795 = ORIENTED_EDGE('',*,*,#5796,.T.);
#5796 = EDGE_CURVE('',#5797,#4132,#5799,.T.);
#5797 = VERTEX_POINT('',#5798);
#5798 = CARTESIAN_POINT('',(0.1,-2.84,-2.5));
#5799 = LINE('',#5800,#5801);
#5800 = CARTESIAN_POINT('',(0.1,-2.84,-2.5));
#5801 = VECTOR('',#5802,1.);
#5802 = DIRECTION('',(0.,0.,1.));
#5803 = ORIENTED_EDGE('',*,*,#4131,.F.);
#5804 = ORIENTED_EDGE('',*,*,#5805,.T.);
#5805 = EDGE_CURVE('',#4124,#5806,#5808,.T.);
#5806 = VERTEX_POINT('',#5807);
#5807 = CARTESIAN_POINT('',(0.1,-2.24,-2.5));
#5808 = LINE('',#5809,#5810);
#5809 = CARTESIAN_POINT('',(0.1,-2.24,0.2));
#5810 = VECTOR('',#5811,1.);
#5811 = DIRECTION('',(0.,0.,-1.));
#5812 = ORIENTED_EDGE('',*,*,#5813,.T.);
#5813 = EDGE_CURVE('',#5806,#5814,#5816,.T.);
#5814 = VERTEX_POINT('',#5815);
#5815 = CARTESIAN_POINT('',(0.1,-2.39,-3.1));
#5816 = LINE('',#5817,#5818);
#5817 = CARTESIAN_POINT('',(0.1,-2.24,-2.5));
#5818 = VECTOR('',#5819,1.);
#5819 = DIRECTION('',(-2.692686352073E-17,-0.242535625036,
    -0.970142500145));
#5820 = ORIENTED_EDGE('',*,*,#5821,.T.);
#5821 = EDGE_CURVE('',#5814,#5822,#5824,.T.);
#5822 = VERTEX_POINT('',#5823);
#5823 = CARTESIAN_POINT('',(0.1,-2.69,-3.1));
#5824 = LINE('',#5825,#5826);
#5825 = CARTESIAN_POINT('',(0.1,-2.39,-3.1));
#5826 = VECTOR('',#5827,1.);
#5827 = DIRECTION('',(-1.110223024625E-16,-1.,0.));
#5828 = ORIENTED_EDGE('',*,*,#5829,.T.);
#5829 = EDGE_CURVE('',#5822,#5797,#5830,.T.);
#5830 = LINE('',#5831,#5832);
#5831 = CARTESIAN_POINT('',(0.1,-2.69,-3.1));
#5832 = VECTOR('',#5833,1.);
#5833 = DIRECTION('',(-2.692686352073E-17,-0.242535625036,0.970142500145
    ));
#5834 = PLANE('',#5835);
#5835 = AXIS2_PLACEMENT_3D('',#5836,#5837,#5838);
#5836 = CARTESIAN_POINT('',(0.1,-2.54,3.911477598424));
#5837 = DIRECTION('',(-1.,1.110223024625E-16,0.));
#5838 = DIRECTION('',(0.,0.,1.));
#5839 = ADVANCED_FACE('',(#5840),#5851,.T.);
#5840 = FACE_BOUND('',#5841,.T.);
#5841 = EDGE_LOOP('',(#5842,#5848,#5849,#5850));
#5842 = ORIENTED_EDGE('',*,*,#5843,.F.);
#5843 = EDGE_CURVE('',#4100,#4124,#5844,.T.);
#5844 = LINE('',#5845,#5846);
#5845 = CARTESIAN_POINT('',(-0.1,-2.24,0.2));
#5846 = VECTOR('',#5847,1.);
#5847 = DIRECTION('',(1.,-1.110223024625E-16,0.));
#5848 = ORIENTED_EDGE('',*,*,#4107,.T.);
#5849 = ORIENTED_EDGE('',*,*,#4115,.T.);
#5850 = ORIENTED_EDGE('',*,*,#4123,.T.);
#5851 = PLANE('',#5852);
#5852 = AXIS2_PLACEMENT_3D('',#5853,#5854,#5855);
#5853 = CARTESIAN_POINT('',(-0.1,-2.84,0.2));
#5854 = DIRECTION('',(0.,-0.,-1.));
#5855 = DIRECTION('',(-1.110223024625E-16,-1.,0.));
#5856 = ADVANCED_FACE('',(#5857),#5898,.T.);
#5857 = FACE_BOUND('',#5858,.T.);
#5858 = EDGE_LOOP('',(#5859,#5867,#5868,#5876,#5884,#5892));
#5859 = ORIENTED_EDGE('',*,*,#5860,.T.);
#5860 = EDGE_CURVE('',#5861,#4092,#5863,.T.);
#5861 = VERTEX_POINT('',#5862);
#5862 = CARTESIAN_POINT('',(-0.1,-2.84,-2.5));
#5863 = LINE('',#5864,#5865);
#5864 = CARTESIAN_POINT('',(-0.1,-2.84,-2.5));
#5865 = VECTOR('',#5866,1.);
#5866 = DIRECTION('',(0.,0.,1.));
#5867 = ORIENTED_EDGE('',*,*,#4099,.F.);
#5868 = ORIENTED_EDGE('',*,*,#5869,.T.);
#5869 = EDGE_CURVE('',#4100,#5870,#5872,.T.);
#5870 = VERTEX_POINT('',#5871);
#5871 = CARTESIAN_POINT('',(-0.1,-2.24,-2.5));
#5872 = LINE('',#5873,#5874);
#5873 = CARTESIAN_POINT('',(-0.1,-2.24,0.2));
#5874 = VECTOR('',#5875,1.);
#5875 = DIRECTION('',(0.,0.,-1.));
#5876 = ORIENTED_EDGE('',*,*,#5877,.T.);
#5877 = EDGE_CURVE('',#5870,#5878,#5880,.T.);
#5878 = VERTEX_POINT('',#5879);
#5879 = CARTESIAN_POINT('',(-0.1,-2.39,-3.1));
#5880 = LINE('',#5881,#5882);
#5881 = CARTESIAN_POINT('',(-0.1,-2.24,-2.5));
#5882 = VECTOR('',#5883,1.);
#5883 = DIRECTION('',(-2.692686352073E-17,-0.242535625036,
    -0.970142500145));
#5884 = ORIENTED_EDGE('',*,*,#5885,.F.);
#5885 = EDGE_CURVE('',#5886,#5878,#5888,.T.);
#5886 = VERTEX_POINT('',#5887);
#5887 = CARTESIAN_POINT('',(-0.1,-2.69,-3.1));
#5888 = LINE('',#5889,#5890);
#5889 = CARTESIAN_POINT('',(-0.1,-2.69,-3.1));
#5890 = VECTOR('',#5891,1.);
#5891 = DIRECTION('',(1.110223024625E-16,1.,0.));
#5892 = ORIENTED_EDGE('',*,*,#5893,.T.);
#5893 = EDGE_CURVE('',#5886,#5861,#5894,.T.);
#5894 = LINE('',#5895,#5896);
#5895 = CARTESIAN_POINT('',(-0.1,-2.69,-3.1));
#5896 = VECTOR('',#5897,1.);
#5897 = DIRECTION('',(-2.692686352073E-17,-0.242535625036,0.970142500145
    ));
#5898 = PLANE('',#5899);
#5899 = AXIS2_PLACEMENT_3D('',#5900,#5901,#5902);
#5900 = CARTESIAN_POINT('',(-0.1,-2.54,3.911477598424));
#5901 = DIRECTION('',(-1.,1.110223024625E-16,0.));
#5902 = DIRECTION('',(0.,0.,1.));
#5903 = ADVANCED_FACE('',(#5904),#5915,.T.);
#5904 = FACE_BOUND('',#5905,.T.);
#5905 = EDGE_LOOP('',(#5906,#5907,#5908,#5914));
#5906 = ORIENTED_EDGE('',*,*,#4147,.F.);
#5907 = ORIENTED_EDGE('',*,*,#4157,.T.);
#5908 = ORIENTED_EDGE('',*,*,#5909,.T.);
#5909 = EDGE_CURVE('',#4158,#4198,#5910,.T.);
#5910 = LINE('',#5911,#5912);
#5911 = CARTESIAN_POINT('',(-0.1,-0.3,0.2));
#5912 = VECTOR('',#5913,1.);
#5913 = DIRECTION('',(1.,-1.110223024625E-16,0.));
#5914 = ORIENTED_EDGE('',*,*,#4205,.T.);
#5915 = PLANE('',#5916);
#5916 = AXIS2_PLACEMENT_3D('',#5917,#5918,#5919);
#5917 = CARTESIAN_POINT('',(-0.1,-0.3,0.2));
#5918 = DIRECTION('',(0.,-0.,-1.));
#5919 = DIRECTION('',(-1.110223024625E-16,-1.,0.));
#5920 = ADVANCED_FACE('',(#5921),#5962,.F.);
#5921 = FACE_BOUND('',#5922,.F.);
#5922 = EDGE_LOOP('',(#5923,#5931,#5932,#5940,#5948,#5956));
#5923 = ORIENTED_EDGE('',*,*,#5924,.T.);
#5924 = EDGE_CURVE('',#5925,#4198,#5927,.T.);
#5925 = VERTEX_POINT('',#5926);
#5926 = CARTESIAN_POINT('',(0.1,-0.3,-2.5));
#5927 = LINE('',#5928,#5929);
#5928 = CARTESIAN_POINT('',(0.1,-0.3,-2.5));
#5929 = VECTOR('',#5930,1.);
#5930 = DIRECTION('',(0.,0.,1.));
#5931 = ORIENTED_EDGE('',*,*,#4197,.F.);
#5932 = ORIENTED_EDGE('',*,*,#5933,.T.);
#5933 = EDGE_CURVE('',#4190,#5934,#5936,.T.);
#5934 = VERTEX_POINT('',#5935);
#5935 = CARTESIAN_POINT('',(0.1,0.3,-2.5));
#5936 = LINE('',#5937,#5938);
#5937 = CARTESIAN_POINT('',(0.1,0.3,0.2));
#5938 = VECTOR('',#5939,1.);
#5939 = DIRECTION('',(0.,0.,-1.));
#5940 = ORIENTED_EDGE('',*,*,#5941,.T.);
#5941 = EDGE_CURVE('',#5934,#5942,#5944,.T.);
#5942 = VERTEX_POINT('',#5943);
#5943 = CARTESIAN_POINT('',(0.1,0.15,-3.1));
#5944 = LINE('',#5945,#5946);
#5945 = CARTESIAN_POINT('',(0.1,0.3,-2.5));
#5946 = VECTOR('',#5947,1.);
#5947 = DIRECTION('',(-2.692686352073E-17,-0.242535625036,
    -0.970142500145));
#5948 = ORIENTED_EDGE('',*,*,#5949,.T.);
#5949 = EDGE_CURVE('',#5942,#5950,#5952,.T.);
#5950 = VERTEX_POINT('',#5951);
#5951 = CARTESIAN_POINT('',(0.1,-0.15,-3.1));
#5952 = LINE('',#5953,#5954);
#5953 = CARTESIAN_POINT('',(0.1,0.15,-3.1));
#5954 = VECTOR('',#5955,1.);
#5955 = DIRECTION('',(-1.110223024625E-16,-1.,0.));
#5956 = ORIENTED_EDGE('',*,*,#5957,.T.);
#5957 = EDGE_CURVE('',#5950,#5925,#5958,.T.);
#5958 = LINE('',#5959,#5960);
#5959 = CARTESIAN_POINT('',(0.1,-0.15,-3.1));
#5960 = VECTOR('',#5961,1.);
#5961 = DIRECTION('',(-2.692686352073E-17,-0.242535625036,0.970142500145
    ));
#5962 = PLANE('',#5963);
#5963 = AXIS2_PLACEMENT_3D('',#5964,#5965,#5966);
#5964 = CARTESIAN_POINT('',(0.1,-1.110223024625E-17,3.911477598424));
#5965 = DIRECTION('',(-1.,1.110223024625E-16,0.));
#5966 = DIRECTION('',(0.,0.,1.));
#5967 = ADVANCED_FACE('',(#5968),#5979,.T.);
#5968 = FACE_BOUND('',#5969,.T.);
#5969 = EDGE_LOOP('',(#5970,#5976,#5977,#5978));
#5970 = ORIENTED_EDGE('',*,*,#5971,.F.);
#5971 = EDGE_CURVE('',#4166,#4190,#5972,.T.);
#5972 = LINE('',#5973,#5974);
#5973 = CARTESIAN_POINT('',(-0.1,0.3,0.2));
#5974 = VECTOR('',#5975,1.);
#5975 = DIRECTION('',(1.,-1.110223024625E-16,0.));
#5976 = ORIENTED_EDGE('',*,*,#4173,.T.);
#5977 = ORIENTED_EDGE('',*,*,#4181,.T.);
#5978 = ORIENTED_EDGE('',*,*,#4189,.T.);
#5979 = PLANE('',#5980);
#5980 = AXIS2_PLACEMENT_3D('',#5981,#5982,#5983);
#5981 = CARTESIAN_POINT('',(-0.1,-0.3,0.2));
#5982 = DIRECTION('',(0.,-0.,-1.));
#5983 = DIRECTION('',(-1.110223024625E-16,-1.,0.));
#5984 = ADVANCED_FACE('',(#5985),#6026,.T.);
#5985 = FACE_BOUND('',#5986,.T.);
#5986 = EDGE_LOOP('',(#5987,#5995,#5996,#6004,#6012,#6020));
#5987 = ORIENTED_EDGE('',*,*,#5988,.T.);
#5988 = EDGE_CURVE('',#5989,#4158,#5991,.T.);
#5989 = VERTEX_POINT('',#5990);
#5990 = CARTESIAN_POINT('',(-0.1,-0.3,-2.5));
#5991 = LINE('',#5992,#5993);
#5992 = CARTESIAN_POINT('',(-0.1,-0.3,-2.5));
#5993 = VECTOR('',#5994,1.);
#5994 = DIRECTION('',(0.,0.,1.));
#5995 = ORIENTED_EDGE('',*,*,#4165,.F.);
#5996 = ORIENTED_EDGE('',*,*,#5997,.T.);
#5997 = EDGE_CURVE('',#4166,#5998,#6000,.T.);
#5998 = VERTEX_POINT('',#5999);
#5999 = CARTESIAN_POINT('',(-0.1,0.3,-2.5));
#6000 = LINE('',#6001,#6002);
#6001 = CARTESIAN_POINT('',(-0.1,0.3,0.2));
#6002 = VECTOR('',#6003,1.);
#6003 = DIRECTION('',(0.,0.,-1.));
#6004 = ORIENTED_EDGE('',*,*,#6005,.T.);
#6005 = EDGE_CURVE('',#5998,#6006,#6008,.T.);
#6006 = VERTEX_POINT('',#6007);
#6007 = CARTESIAN_POINT('',(-0.1,0.15,-3.1));
#6008 = LINE('',#6009,#6010);
#6009 = CARTESIAN_POINT('',(-0.1,0.3,-2.5));
#6010 = VECTOR('',#6011,1.);
#6011 = DIRECTION('',(-2.692686352073E-17,-0.242535625036,
    -0.970142500145));
#6012 = ORIENTED_EDGE('',*,*,#6013,.F.);
#6013 = EDGE_CURVE('',#6014,#6006,#6016,.T.);
#6014 = VERTEX_POINT('',#6015);
#6015 = CARTESIAN_POINT('',(-0.1,-0.15,-3.1));
#6016 = LINE('',#6017,#6018);
#6017 = CARTESIAN_POINT('',(-0.1,-0.15,-3.1));
#6018 = VECTOR('',#6019,1.);
#6019 = DIRECTION('',(1.110223024625E-16,1.,0.));
#6020 = ORIENTED_EDGE('',*,*,#6021,.T.);
#6021 = EDGE_CURVE('',#6014,#5989,#6022,.T.);
#6022 = LINE('',#6023,#6024);
#6023 = CARTESIAN_POINT('',(-0.1,-0.15,-3.1));
#6024 = VECTOR('',#6025,1.);
#6025 = DIRECTION('',(-2.692686352073E-17,-0.242535625036,0.970142500145
    ));
#6026 = PLANE('',#6027);
#6027 = AXIS2_PLACEMENT_3D('',#6028,#6029,#6030);
#6028 = CARTESIAN_POINT('',(-0.1,1.110223024625E-17,3.911477598424));
#6029 = DIRECTION('',(-1.,1.110223024625E-16,0.));
#6030 = DIRECTION('',(0.,0.,1.));
#6031 = ADVANCED_FACE('',(#6032),#6057,.F.);
#6032 = FACE_BOUND('',#6033,.F.);
#6033 = EDGE_LOOP('',(#6034,#6042,#6050,#6056));
#6034 = ORIENTED_EDGE('',*,*,#6035,.T.);
#6035 = EDGE_CURVE('',#4244,#6036,#6038,.T.);
#6036 = VERTEX_POINT('',#6037);
#6037 = CARTESIAN_POINT('',(0.3,-18.08,0.9));
#6038 = LINE('',#6039,#6040);
#6039 = CARTESIAN_POINT('',(0.3,-18.08,8.2));
#6040 = VECTOR('',#6041,1.);
#6041 = DIRECTION('',(0.,-0.,-1.));
#6042 = ORIENTED_EDGE('',*,*,#6043,.T.);
#6043 = EDGE_CURVE('',#6036,#6044,#6046,.T.);
#6044 = VERTEX_POINT('',#6045);
#6045 = CARTESIAN_POINT('',(0.3,-17.48,0.9));
#6046 = LINE('',#6047,#6048);
#6047 = CARTESIAN_POINT('',(0.3,-18.08,0.9));
#6048 = VECTOR('',#6049,1.);
#6049 = DIRECTION('',(1.110223024625E-16,1.,0.));
#6050 = ORIENTED_EDGE('',*,*,#6051,.F.);
#6051 = EDGE_CURVE('',#4253,#6044,#6052,.T.);
#6052 = LINE('',#6053,#6054);
#6053 = CARTESIAN_POINT('',(0.3,-17.48,8.2));
#6054 = VECTOR('',#6055,1.);
#6055 = DIRECTION('',(0.,-0.,-1.));
#6056 = ORIENTED_EDGE('',*,*,#4260,.F.);
#6057 = PLANE('',#6058);
#6058 = AXIS2_PLACEMENT_3D('',#6059,#6060,#6061);
#6059 = CARTESIAN_POINT('',(0.3,-18.08,8.2));
#6060 = DIRECTION('',(1.,-1.110223024625E-16,0.));
#6061 = DIRECTION('',(1.110223024625E-16,1.,0.));
#6062 = ADVANCED_FACE('',(#6063),#6113,.F.);
#6063 = FACE_BOUND('',#6064,.F.);
#6064 = EDGE_LOOP('',(#6065,#6066,#6067,#6075,#6083,#6091,#6099,#6107));
#6065 = ORIENTED_EDGE('',*,*,#4284,.F.);
#6066 = ORIENTED_EDGE('',*,*,#6051,.T.);
#6067 = ORIENTED_EDGE('',*,*,#6068,.T.);
#6068 = EDGE_CURVE('',#6044,#6069,#6071,.T.);
#6069 = VERTEX_POINT('',#6070);
#6070 = CARTESIAN_POINT('',(0.1,-17.48,0.9));
#6071 = LINE('',#6072,#6073);
#6072 = CARTESIAN_POINT('',(0.3,-17.48,0.9));
#6073 = VECTOR('',#6074,1.);
#6074 = DIRECTION('',(-1.,1.110223024625E-16,0.));
#6075 = ORIENTED_EDGE('',*,*,#6076,.T.);
#6076 = EDGE_CURVE('',#6069,#6077,#6079,.T.);
#6077 = VERTEX_POINT('',#6078);
#6078 = CARTESIAN_POINT('',(0.1,-17.48,7.4));
#6079 = LINE('',#6080,#6081);
#6080 = CARTESIAN_POINT('',(0.1,-17.48,6.055738799212));
#6081 = VECTOR('',#6082,1.);
#6082 = DIRECTION('',(0.,-0.,1.));
#6083 = ORIENTED_EDGE('',*,*,#6084,.F.);
#6084 = EDGE_CURVE('',#6085,#6077,#6087,.T.);
#6085 = VERTEX_POINT('',#6086);
#6086 = CARTESIAN_POINT('',(-0.1,-17.48,7.4));
#6087 = LINE('',#6088,#6089);
#6088 = CARTESIAN_POINT('',(-0.1,-17.48,7.4));
#6089 = VECTOR('',#6090,1.);
#6090 = DIRECTION('',(1.,-1.110223024625E-16,0.));
#6091 = ORIENTED_EDGE('',*,*,#6092,.F.);
#6092 = EDGE_CURVE('',#6093,#6085,#6095,.T.);
#6093 = VERTEX_POINT('',#6094);
#6094 = CARTESIAN_POINT('',(-0.1,-17.48,0.9));
#6095 = LINE('',#6096,#6097);
#6096 = CARTESIAN_POINT('',(-0.1,-17.48,6.055738799212));
#6097 = VECTOR('',#6098,1.);
#6098 = DIRECTION('',(0.,-0.,1.));
#6099 = ORIENTED_EDGE('',*,*,#6100,.T.);
#6100 = EDGE_CURVE('',#6093,#6101,#6103,.T.);
#6101 = VERTEX_POINT('',#6102);
#6102 = CARTESIAN_POINT('',(-0.3,-17.48,0.9));
#6103 = LINE('',#6104,#6105);
#6104 = CARTESIAN_POINT('',(0.3,-17.48,0.9));
#6105 = VECTOR('',#6106,1.);
#6106 = DIRECTION('',(-1.,1.110223024625E-16,0.));
#6107 = ORIENTED_EDGE('',*,*,#6108,.F.);
#6108 = EDGE_CURVE('',#4277,#6101,#6109,.T.);
#6109 = LINE('',#6110,#6111);
#6110 = CARTESIAN_POINT('',(-0.3,-17.48,8.2));
#6111 = VECTOR('',#6112,1.);
#6112 = DIRECTION('',(0.,-0.,-1.));
#6113 = PLANE('',#6114);
#6114 = AXIS2_PLACEMENT_3D('',#6115,#6116,#6117);
#6115 = CARTESIAN_POINT('',(0.3,-17.48,8.2));
#6116 = DIRECTION('',(1.110223024625E-16,1.,0.));
#6117 = DIRECTION('',(-1.,1.110223024625E-16,0.));
#6118 = ADVANCED_FACE('',(#6119),#6137,.F.);
#6119 = FACE_BOUND('',#6120,.F.);
#6120 = EDGE_LOOP('',(#6121,#6122,#6130,#6136));
#6121 = ORIENTED_EDGE('',*,*,#6108,.T.);
#6122 = ORIENTED_EDGE('',*,*,#6123,.T.);
#6123 = EDGE_CURVE('',#6101,#6124,#6126,.T.);
#6124 = VERTEX_POINT('',#6125);
#6125 = CARTESIAN_POINT('',(-0.3,-18.08,0.9));
#6126 = LINE('',#6127,#6128);
#6127 = CARTESIAN_POINT('',(-0.3,-17.48,0.9));
#6128 = VECTOR('',#6129,1.);
#6129 = DIRECTION('',(-1.110223024625E-16,-1.,0.));
#6130 = ORIENTED_EDGE('',*,*,#6131,.F.);
#6131 = EDGE_CURVE('',#4301,#6124,#6132,.T.);
#6132 = LINE('',#6133,#6134);
#6133 = CARTESIAN_POINT('',(-0.3,-18.08,8.2));
#6134 = VECTOR('',#6135,1.);
#6135 = DIRECTION('',(0.,-0.,-1.));
#6136 = ORIENTED_EDGE('',*,*,#4308,.F.);
#6137 = PLANE('',#6138);
#6138 = AXIS2_PLACEMENT_3D('',#6139,#6140,#6141);
#6139 = CARTESIAN_POINT('',(-0.3,-17.48,8.2));
#6140 = DIRECTION('',(-1.,1.110223024625E-16,0.));
#6141 = DIRECTION('',(-1.110223024625E-16,-1.,0.));
#6142 = ADVANCED_FACE('',(#6143),#6186,.F.);
#6143 = FACE_BOUND('',#6144,.F.);
#6144 = EDGE_LOOP('',(#6145,#6146,#6147,#6155,#6163,#6171,#6179,#6185));
#6145 = ORIENTED_EDGE('',*,*,#4325,.F.);
#6146 = ORIENTED_EDGE('',*,*,#6131,.T.);
#6147 = ORIENTED_EDGE('',*,*,#6148,.T.);
#6148 = EDGE_CURVE('',#6124,#6149,#6151,.T.);
#6149 = VERTEX_POINT('',#6150);
#6150 = CARTESIAN_POINT('',(-0.1,-18.08,0.9));
#6151 = LINE('',#6152,#6153);
#6152 = CARTESIAN_POINT('',(-0.3,-18.08,0.9));
#6153 = VECTOR('',#6154,1.);
#6154 = DIRECTION('',(1.,-1.110223024625E-16,0.));
#6155 = ORIENTED_EDGE('',*,*,#6156,.F.);
#6156 = EDGE_CURVE('',#6157,#6149,#6159,.T.);
#6157 = VERTEX_POINT('',#6158);
#6158 = CARTESIAN_POINT('',(-0.1,-18.08,7.4));
#6159 = LINE('',#6160,#6161);
#6160 = CARTESIAN_POINT('',(-0.1,-18.08,6.055738799212));
#6161 = VECTOR('',#6162,1.);
#6162 = DIRECTION('',(-0.,0.,-1.));
#6163 = ORIENTED_EDGE('',*,*,#6164,.T.);
#6164 = EDGE_CURVE('',#6157,#6165,#6167,.T.);
#6165 = VERTEX_POINT('',#6166);
#6166 = CARTESIAN_POINT('',(0.1,-18.08,7.4));
#6167 = LINE('',#6168,#6169);
#6168 = CARTESIAN_POINT('',(-0.1,-18.08,7.4));
#6169 = VECTOR('',#6170,1.);
#6170 = DIRECTION('',(1.,-1.110223024625E-16,0.));
#6171 = ORIENTED_EDGE('',*,*,#6172,.T.);
#6172 = EDGE_CURVE('',#6165,#6173,#6175,.T.);
#6173 = VERTEX_POINT('',#6174);
#6174 = CARTESIAN_POINT('',(0.1,-18.08,0.9));
#6175 = LINE('',#6176,#6177);
#6176 = CARTESIAN_POINT('',(0.1,-18.08,6.055738799212));
#6177 = VECTOR('',#6178,1.);
#6178 = DIRECTION('',(-0.,0.,-1.));
#6179 = ORIENTED_EDGE('',*,*,#6180,.T.);
#6180 = EDGE_CURVE('',#6173,#6036,#6181,.T.);
#6181 = LINE('',#6182,#6183);
#6182 = CARTESIAN_POINT('',(-0.3,-18.08,0.9));
#6183 = VECTOR('',#6184,1.);
#6184 = DIRECTION('',(1.,-1.110223024625E-16,0.));
#6185 = ORIENTED_EDGE('',*,*,#6035,.F.);
#6186 = PLANE('',#6187);
#6187 = AXIS2_PLACEMENT_3D('',#6188,#6189,#6190);
#6188 = CARTESIAN_POINT('',(-0.3,-18.08,8.2));
#6189 = DIRECTION('',(-1.110223024625E-16,-1.,0.));
#6190 = DIRECTION('',(1.,-1.110223024625E-16,0.));
#6191 = ADVANCED_FACE('',(#6192),#6217,.F.);
#6192 = FACE_BOUND('',#6193,.F.);
#6193 = EDGE_LOOP('',(#6194,#6202,#6210,#6216));
#6194 = ORIENTED_EDGE('',*,*,#6195,.T.);
#6195 = EDGE_CURVE('',#4340,#6196,#6198,.T.);
#6196 = VERTEX_POINT('',#6197);
#6197 = CARTESIAN_POINT('',(0.3,-15.54,0.9));
#6198 = LINE('',#6199,#6200);
#6199 = CARTESIAN_POINT('',(0.3,-15.54,8.2));
#6200 = VECTOR('',#6201,1.);
#6201 = DIRECTION('',(0.,-0.,-1.));
#6202 = ORIENTED_EDGE('',*,*,#6203,.T.);
#6203 = EDGE_CURVE('',#6196,#6204,#6206,.T.);
#6204 = VERTEX_POINT('',#6205);
#6205 = CARTESIAN_POINT('',(0.3,-14.94,0.9));
#6206 = LINE('',#6207,#6208);
#6207 = CARTESIAN_POINT('',(0.3,-15.54,0.9));
#6208 = VECTOR('',#6209,1.);
#6209 = DIRECTION('',(1.110223024625E-16,1.,0.));
#6210 = ORIENTED_EDGE('',*,*,#6211,.F.);
#6211 = EDGE_CURVE('',#4349,#6204,#6212,.T.);
#6212 = LINE('',#6213,#6214);
#6213 = CARTESIAN_POINT('',(0.3,-14.94,8.2));
#6214 = VECTOR('',#6215,1.);
#6215 = DIRECTION('',(0.,-0.,-1.));
#6216 = ORIENTED_EDGE('',*,*,#4356,.F.);
#6217 = PLANE('',#6218);
#6218 = AXIS2_PLACEMENT_3D('',#6219,#6220,#6221);
#6219 = CARTESIAN_POINT('',(0.3,-15.54,8.2));
#6220 = DIRECTION('',(1.,-1.110223024625E-16,0.));
#6221 = DIRECTION('',(1.110223024625E-16,1.,0.));
#6222 = ADVANCED_FACE('',(#6223),#6273,.F.);
#6223 = FACE_BOUND('',#6224,.F.);
#6224 = EDGE_LOOP('',(#6225,#6226,#6227,#6235,#6243,#6251,#6259,#6267));
#6225 = ORIENTED_EDGE('',*,*,#4380,.F.);
#6226 = ORIENTED_EDGE('',*,*,#6211,.T.);
#6227 = ORIENTED_EDGE('',*,*,#6228,.T.);
#6228 = EDGE_CURVE('',#6204,#6229,#6231,.T.);
#6229 = VERTEX_POINT('',#6230);
#6230 = CARTESIAN_POINT('',(0.1,-14.94,0.9));
#6231 = LINE('',#6232,#6233);
#6232 = CARTESIAN_POINT('',(0.3,-14.94,0.9));
#6233 = VECTOR('',#6234,1.);
#6234 = DIRECTION('',(-1.,1.110223024625E-16,0.));
#6235 = ORIENTED_EDGE('',*,*,#6236,.T.);
#6236 = EDGE_CURVE('',#6229,#6237,#6239,.T.);
#6237 = VERTEX_POINT('',#6238);
#6238 = CARTESIAN_POINT('',(0.1,-14.94,7.4));
#6239 = LINE('',#6240,#6241);
#6240 = CARTESIAN_POINT('',(0.1,-14.94,6.055738799212));
#6241 = VECTOR('',#6242,1.);
#6242 = DIRECTION('',(0.,-0.,1.));
#6243 = ORIENTED_EDGE('',*,*,#6244,.F.);
#6244 = EDGE_CURVE('',#6245,#6237,#6247,.T.);
#6245 = VERTEX_POINT('',#6246);
#6246 = CARTESIAN_POINT('',(-0.1,-14.94,7.4));
#6247 = LINE('',#6248,#6249);
#6248 = CARTESIAN_POINT('',(-0.1,-14.94,7.4));
#6249 = VECTOR('',#6250,1.);
#6250 = DIRECTION('',(1.,-1.110223024625E-16,0.));
#6251 = ORIENTED_EDGE('',*,*,#6252,.F.);
#6252 = EDGE_CURVE('',#6253,#6245,#6255,.T.);
#6253 = VERTEX_POINT('',#6254);
#6254 = CARTESIAN_POINT('',(-0.1,-14.94,0.9));
#6255 = LINE('',#6256,#6257);
#6256 = CARTESIAN_POINT('',(-0.1,-14.94,6.055738799212));
#6257 = VECTOR('',#6258,1.);
#6258 = DIRECTION('',(0.,-0.,1.));
#6259 = ORIENTED_EDGE('',*,*,#6260,.T.);
#6260 = EDGE_CURVE('',#6253,#6261,#6263,.T.);
#6261 = VERTEX_POINT('',#6262);
#6262 = CARTESIAN_POINT('',(-0.3,-14.94,0.9));
#6263 = LINE('',#6264,#6265);
#6264 = CARTESIAN_POINT('',(0.3,-14.94,0.9));
#6265 = VECTOR('',#6266,1.);
#6266 = DIRECTION('',(-1.,1.110223024625E-16,0.));
#6267 = ORIENTED_EDGE('',*,*,#6268,.F.);
#6268 = EDGE_CURVE('',#4373,#6261,#6269,.T.);
#6269 = LINE('',#6270,#6271);
#6270 = CARTESIAN_POINT('',(-0.3,-14.94,8.2));
#6271 = VECTOR('',#6272,1.);
#6272 = DIRECTION('',(0.,-0.,-1.));
#6273 = PLANE('',#6274);
#6274 = AXIS2_PLACEMENT_3D('',#6275,#6276,#6277);
#6275 = CARTESIAN_POINT('',(0.3,-14.94,8.2));
#6276 = DIRECTION('',(1.110223024625E-16,1.,0.));
#6277 = DIRECTION('',(-1.,1.110223024625E-16,0.));
#6278 = ADVANCED_FACE('',(#6279),#6297,.F.);
#6279 = FACE_BOUND('',#6280,.F.);
#6280 = EDGE_LOOP('',(#6281,#6282,#6290,#6296));
#6281 = ORIENTED_EDGE('',*,*,#6268,.T.);
#6282 = ORIENTED_EDGE('',*,*,#6283,.T.);
#6283 = EDGE_CURVE('',#6261,#6284,#6286,.T.);
#6284 = VERTEX_POINT('',#6285);
#6285 = CARTESIAN_POINT('',(-0.3,-15.54,0.9));
#6286 = LINE('',#6287,#6288);
#6287 = CARTESIAN_POINT('',(-0.3,-14.94,0.9));
#6288 = VECTOR('',#6289,1.);
#6289 = DIRECTION('',(-1.110223024625E-16,-1.,0.));
#6290 = ORIENTED_EDGE('',*,*,#6291,.F.);
#6291 = EDGE_CURVE('',#4397,#6284,#6292,.T.);
#6292 = LINE('',#6293,#6294);
#6293 = CARTESIAN_POINT('',(-0.3,-15.54,8.2));
#6294 = VECTOR('',#6295,1.);
#6295 = DIRECTION('',(0.,-0.,-1.));
#6296 = ORIENTED_EDGE('',*,*,#4404,.F.);
#6297 = PLANE('',#6298);
#6298 = AXIS2_PLACEMENT_3D('',#6299,#6300,#6301);
#6299 = CARTESIAN_POINT('',(-0.3,-14.94,8.2));
#6300 = DIRECTION('',(-1.,1.110223024625E-16,0.));
#6301 = DIRECTION('',(-1.110223024625E-16,-1.,0.));
#6302 = ADVANCED_FACE('',(#6303),#6346,.F.);
#6303 = FACE_BOUND('',#6304,.F.);
#6304 = EDGE_LOOP('',(#6305,#6306,#6307,#6315,#6323,#6331,#6339,#6345));
#6305 = ORIENTED_EDGE('',*,*,#4421,.F.);
#6306 = ORIENTED_EDGE('',*,*,#6291,.T.);
#6307 = ORIENTED_EDGE('',*,*,#6308,.T.);
#6308 = EDGE_CURVE('',#6284,#6309,#6311,.T.);
#6309 = VERTEX_POINT('',#6310);
#6310 = CARTESIAN_POINT('',(-0.1,-15.54,0.9));
#6311 = LINE('',#6312,#6313);
#6312 = CARTESIAN_POINT('',(-0.3,-15.54,0.9));
#6313 = VECTOR('',#6314,1.);
#6314 = DIRECTION('',(1.,-1.110223024625E-16,0.));
#6315 = ORIENTED_EDGE('',*,*,#6316,.F.);
#6316 = EDGE_CURVE('',#6317,#6309,#6319,.T.);
#6317 = VERTEX_POINT('',#6318);
#6318 = CARTESIAN_POINT('',(-0.1,-15.54,7.4));
#6319 = LINE('',#6320,#6321);
#6320 = CARTESIAN_POINT('',(-0.1,-15.54,6.055738799212));
#6321 = VECTOR('',#6322,1.);
#6322 = DIRECTION('',(-0.,0.,-1.));
#6323 = ORIENTED_EDGE('',*,*,#6324,.T.);
#6324 = EDGE_CURVE('',#6317,#6325,#6327,.T.);
#6325 = VERTEX_POINT('',#6326);
#6326 = CARTESIAN_POINT('',(0.1,-15.54,7.4));
#6327 = LINE('',#6328,#6329);
#6328 = CARTESIAN_POINT('',(-0.1,-15.54,7.4));
#6329 = VECTOR('',#6330,1.);
#6330 = DIRECTION('',(1.,-1.110223024625E-16,0.));
#6331 = ORIENTED_EDGE('',*,*,#6332,.T.);
#6332 = EDGE_CURVE('',#6325,#6333,#6335,.T.);
#6333 = VERTEX_POINT('',#6334);
#6334 = CARTESIAN_POINT('',(0.1,-15.54,0.9));
#6335 = LINE('',#6336,#6337);
#6336 = CARTESIAN_POINT('',(0.1,-15.54,6.055738799212));
#6337 = VECTOR('',#6338,1.);
#6338 = DIRECTION('',(-0.,0.,-1.));
#6339 = ORIENTED_EDGE('',*,*,#6340,.T.);
#6340 = EDGE_CURVE('',#6333,#6196,#6341,.T.);
#6341 = LINE('',#6342,#6343);
#6342 = CARTESIAN_POINT('',(-0.3,-15.54,0.9));
#6343 = VECTOR('',#6344,1.);
#6344 = DIRECTION('',(1.,-1.110223024625E-16,0.));
#6345 = ORIENTED_EDGE('',*,*,#6195,.F.);
#6346 = PLANE('',#6347);
#6347 = AXIS2_PLACEMENT_3D('',#6348,#6349,#6350);
#6348 = CARTESIAN_POINT('',(-0.3,-15.54,8.2));
#6349 = DIRECTION('',(-1.110223024625E-16,-1.,0.));
#6350 = DIRECTION('',(1.,-1.110223024625E-16,0.));
#6351 = ADVANCED_FACE('',(#6352),#6377,.F.);
#6352 = FACE_BOUND('',#6353,.F.);
#6353 = EDGE_LOOP('',(#6354,#6362,#6370,#6376));
#6354 = ORIENTED_EDGE('',*,*,#6355,.T.);
#6355 = EDGE_CURVE('',#4436,#6356,#6358,.T.);
#6356 = VERTEX_POINT('',#6357);
#6357 = CARTESIAN_POINT('',(0.3,-13.,0.9));
#6358 = LINE('',#6359,#6360);
#6359 = CARTESIAN_POINT('',(0.3,-13.,8.2));
#6360 = VECTOR('',#6361,1.);
#6361 = DIRECTION('',(0.,-0.,-1.));
#6362 = ORIENTED_EDGE('',*,*,#6363,.T.);
#6363 = EDGE_CURVE('',#6356,#6364,#6366,.T.);
#6364 = VERTEX_POINT('',#6365);
#6365 = CARTESIAN_POINT('',(0.3,-12.4,0.9));
#6366 = LINE('',#6367,#6368);
#6367 = CARTESIAN_POINT('',(0.3,-13.,0.9));
#6368 = VECTOR('',#6369,1.);
#6369 = DIRECTION('',(1.110223024625E-16,1.,0.));
#6370 = ORIENTED_EDGE('',*,*,#6371,.F.);
#6371 = EDGE_CURVE('',#4445,#6364,#6372,.T.);
#6372 = LINE('',#6373,#6374);
#6373 = CARTESIAN_POINT('',(0.3,-12.4,8.2));
#6374 = VECTOR('',#6375,1.);
#6375 = DIRECTION('',(0.,-0.,-1.));
#6376 = ORIENTED_EDGE('',*,*,#4452,.F.);
#6377 = PLANE('',#6378);
#6378 = AXIS2_PLACEMENT_3D('',#6379,#6380,#6381);
#6379 = CARTESIAN_POINT('',(0.3,-13.,8.2));
#6380 = DIRECTION('',(1.,-1.110223024625E-16,0.));
#6381 = DIRECTION('',(1.110223024625E-16,1.,0.));
#6382 = ADVANCED_FACE('',(#6383),#6433,.F.);
#6383 = FACE_BOUND('',#6384,.F.);
#6384 = EDGE_LOOP('',(#6385,#6386,#6387,#6395,#6403,#6411,#6419,#6427));
#6385 = ORIENTED_EDGE('',*,*,#4476,.F.);
#6386 = ORIENTED_EDGE('',*,*,#6371,.T.);
#6387 = ORIENTED_EDGE('',*,*,#6388,.T.);
#6388 = EDGE_CURVE('',#6364,#6389,#6391,.T.);
#6389 = VERTEX_POINT('',#6390);
#6390 = CARTESIAN_POINT('',(0.1,-12.4,0.9));
#6391 = LINE('',#6392,#6393);
#6392 = CARTESIAN_POINT('',(0.3,-12.4,0.9));
#6393 = VECTOR('',#6394,1.);
#6394 = DIRECTION('',(-1.,1.110223024625E-16,0.));
#6395 = ORIENTED_EDGE('',*,*,#6396,.T.);
#6396 = EDGE_CURVE('',#6389,#6397,#6399,.T.);
#6397 = VERTEX_POINT('',#6398);
#6398 = CARTESIAN_POINT('',(0.1,-12.4,7.4));
#6399 = LINE('',#6400,#6401);
#6400 = CARTESIAN_POINT('',(0.1,-12.4,6.055738799212));
#6401 = VECTOR('',#6402,1.);
#6402 = DIRECTION('',(0.,-0.,1.));
#6403 = ORIENTED_EDGE('',*,*,#6404,.F.);
#6404 = EDGE_CURVE('',#6405,#6397,#6407,.T.);
#6405 = VERTEX_POINT('',#6406);
#6406 = CARTESIAN_POINT('',(-0.1,-12.4,7.4));
#6407 = LINE('',#6408,#6409);
#6408 = CARTESIAN_POINT('',(-0.1,-12.4,7.4));
#6409 = VECTOR('',#6410,1.);
#6410 = DIRECTION('',(1.,-1.110223024625E-16,0.));
#6411 = ORIENTED_EDGE('',*,*,#6412,.F.);
#6412 = EDGE_CURVE('',#6413,#6405,#6415,.T.);
#6413 = VERTEX_POINT('',#6414);
#6414 = CARTESIAN_POINT('',(-0.1,-12.4,0.9));
#6415 = LINE('',#6416,#6417);
#6416 = CARTESIAN_POINT('',(-0.1,-12.4,6.055738799212));
#6417 = VECTOR('',#6418,1.);
#6418 = DIRECTION('',(0.,-0.,1.));
#6419 = ORIENTED_EDGE('',*,*,#6420,.T.);
#6420 = EDGE_CURVE('',#6413,#6421,#6423,.T.);
#6421 = VERTEX_POINT('',#6422);
#6422 = CARTESIAN_POINT('',(-0.3,-12.4,0.9));
#6423 = LINE('',#6424,#6425);
#6424 = CARTESIAN_POINT('',(0.3,-12.4,0.9));
#6425 = VECTOR('',#6426,1.);
#6426 = DIRECTION('',(-1.,1.110223024625E-16,0.));
#6427 = ORIENTED_EDGE('',*,*,#6428,.F.);
#6428 = EDGE_CURVE('',#4469,#6421,#6429,.T.);
#6429 = LINE('',#6430,#6431);
#6430 = CARTESIAN_POINT('',(-0.3,-12.4,8.2));
#6431 = VECTOR('',#6432,1.);
#6432 = DIRECTION('',(0.,-0.,-1.));
#6433 = PLANE('',#6434);
#6434 = AXIS2_PLACEMENT_3D('',#6435,#6436,#6437);
#6435 = CARTESIAN_POINT('',(0.3,-12.4,8.2));
#6436 = DIRECTION('',(1.110223024625E-16,1.,0.));
#6437 = DIRECTION('',(-1.,1.110223024625E-16,0.));
#6438 = ADVANCED_FACE('',(#6439),#6457,.F.);
#6439 = FACE_BOUND('',#6440,.F.);
#6440 = EDGE_LOOP('',(#6441,#6442,#6450,#6456));
#6441 = ORIENTED_EDGE('',*,*,#6428,.T.);
#6442 = ORIENTED_EDGE('',*,*,#6443,.T.);
#6443 = EDGE_CURVE('',#6421,#6444,#6446,.T.);
#6444 = VERTEX_POINT('',#6445);
#6445 = CARTESIAN_POINT('',(-0.3,-13.,0.9));
#6446 = LINE('',#6447,#6448);
#6447 = CARTESIAN_POINT('',(-0.3,-12.4,0.9));
#6448 = VECTOR('',#6449,1.);
#6449 = DIRECTION('',(-1.110223024625E-16,-1.,0.));
#6450 = ORIENTED_EDGE('',*,*,#6451,.F.);
#6451 = EDGE_CURVE('',#4493,#6444,#6452,.T.);
#6452 = LINE('',#6453,#6454);
#6453 = CARTESIAN_POINT('',(-0.3,-13.,8.2));
#6454 = VECTOR('',#6455,1.);
#6455 = DIRECTION('',(0.,-0.,-1.));
#6456 = ORIENTED_EDGE('',*,*,#4500,.F.);
#6457 = PLANE('',#6458);
#6458 = AXIS2_PLACEMENT_3D('',#6459,#6460,#6461);
#6459 = CARTESIAN_POINT('',(-0.3,-12.4,8.2));
#6460 = DIRECTION('',(-1.,1.110223024625E-16,0.));
#6461 = DIRECTION('',(-1.110223024625E-16,-1.,0.));
#6462 = ADVANCED_FACE('',(#6463),#6506,.F.);
#6463 = FACE_BOUND('',#6464,.F.);
#6464 = EDGE_LOOP('',(#6465,#6466,#6467,#6475,#6483,#6491,#6499,#6505));
#6465 = ORIENTED_EDGE('',*,*,#4517,.F.);
#6466 = ORIENTED_EDGE('',*,*,#6451,.T.);
#6467 = ORIENTED_EDGE('',*,*,#6468,.T.);
#6468 = EDGE_CURVE('',#6444,#6469,#6471,.T.);
#6469 = VERTEX_POINT('',#6470);
#6470 = CARTESIAN_POINT('',(-0.1,-13.,0.9));
#6471 = LINE('',#6472,#6473);
#6472 = CARTESIAN_POINT('',(-0.3,-13.,0.9));
#6473 = VECTOR('',#6474,1.);
#6474 = DIRECTION('',(1.,-1.110223024625E-16,0.));
#6475 = ORIENTED_EDGE('',*,*,#6476,.F.);
#6476 = EDGE_CURVE('',#6477,#6469,#6479,.T.);
#6477 = VERTEX_POINT('',#6478);
#6478 = CARTESIAN_POINT('',(-0.1,-13.,7.4));
#6479 = LINE('',#6480,#6481);
#6480 = CARTESIAN_POINT('',(-0.1,-13.,6.055738799212));
#6481 = VECTOR('',#6482,1.);
#6482 = DIRECTION('',(-0.,0.,-1.));
#6483 = ORIENTED_EDGE('',*,*,#6484,.T.);
#6484 = EDGE_CURVE('',#6477,#6485,#6487,.T.);
#6485 = VERTEX_POINT('',#6486);
#6486 = CARTESIAN_POINT('',(0.1,-13.,7.4));
#6487 = LINE('',#6488,#6489);
#6488 = CARTESIAN_POINT('',(-0.1,-13.,7.4));
#6489 = VECTOR('',#6490,1.);
#6490 = DIRECTION('',(1.,-1.110223024625E-16,0.));
#6491 = ORIENTED_EDGE('',*,*,#6492,.T.);
#6492 = EDGE_CURVE('',#6485,#6493,#6495,.T.);
#6493 = VERTEX_POINT('',#6494);
#6494 = CARTESIAN_POINT('',(0.1,-13.,0.9));
#6495 = LINE('',#6496,#6497);
#6496 = CARTESIAN_POINT('',(0.1,-13.,6.055738799212));
#6497 = VECTOR('',#6498,1.);
#6498 = DIRECTION('',(-0.,0.,-1.));
#6499 = ORIENTED_EDGE('',*,*,#6500,.T.);
#6500 = EDGE_CURVE('',#6493,#6356,#6501,.T.);
#6501 = LINE('',#6502,#6503);
#6502 = CARTESIAN_POINT('',(-0.3,-13.,0.9));
#6503 = VECTOR('',#6504,1.);
#6504 = DIRECTION('',(1.,-1.110223024625E-16,0.));
#6505 = ORIENTED_EDGE('',*,*,#6355,.F.);
#6506 = PLANE('',#6507);
#6507 = AXIS2_PLACEMENT_3D('',#6508,#6509,#6510);
#6508 = CARTESIAN_POINT('',(-0.3,-13.,8.2));
#6509 = DIRECTION('',(-1.110223024625E-16,-1.,0.));
#6510 = DIRECTION('',(1.,-1.110223024625E-16,0.));
#6511 = ADVANCED_FACE('',(#6512),#6537,.F.);
#6512 = FACE_BOUND('',#6513,.F.);
#6513 = EDGE_LOOP('',(#6514,#6522,#6530,#6536));
#6514 = ORIENTED_EDGE('',*,*,#6515,.T.);
#6515 = EDGE_CURVE('',#4532,#6516,#6518,.T.);
#6516 = VERTEX_POINT('',#6517);
#6517 = CARTESIAN_POINT('',(0.3,-10.46,0.9));
#6518 = LINE('',#6519,#6520);
#6519 = CARTESIAN_POINT('',(0.3,-10.46,8.2));
#6520 = VECTOR('',#6521,1.);
#6521 = DIRECTION('',(0.,-0.,-1.));
#6522 = ORIENTED_EDGE('',*,*,#6523,.T.);
#6523 = EDGE_CURVE('',#6516,#6524,#6526,.T.);
#6524 = VERTEX_POINT('',#6525);
#6525 = CARTESIAN_POINT('',(0.3,-9.86,0.9));
#6526 = LINE('',#6527,#6528);
#6527 = CARTESIAN_POINT('',(0.3,-10.46,0.9));
#6528 = VECTOR('',#6529,1.);
#6529 = DIRECTION('',(1.110223024625E-16,1.,0.));
#6530 = ORIENTED_EDGE('',*,*,#6531,.F.);
#6531 = EDGE_CURVE('',#4541,#6524,#6532,.T.);
#6532 = LINE('',#6533,#6534);
#6533 = CARTESIAN_POINT('',(0.3,-9.86,8.2));
#6534 = VECTOR('',#6535,1.);
#6535 = DIRECTION('',(0.,-0.,-1.));
#6536 = ORIENTED_EDGE('',*,*,#4548,.F.);
#6537 = PLANE('',#6538);
#6538 = AXIS2_PLACEMENT_3D('',#6539,#6540,#6541);
#6539 = CARTESIAN_POINT('',(0.3,-10.46,8.2));
#6540 = DIRECTION('',(1.,-1.110223024625E-16,0.));
#6541 = DIRECTION('',(1.110223024625E-16,1.,0.));
#6542 = ADVANCED_FACE('',(#6543),#6593,.F.);
#6543 = FACE_BOUND('',#6544,.F.);
#6544 = EDGE_LOOP('',(#6545,#6546,#6547,#6555,#6563,#6571,#6579,#6587));
#6545 = ORIENTED_EDGE('',*,*,#4572,.F.);
#6546 = ORIENTED_EDGE('',*,*,#6531,.T.);
#6547 = ORIENTED_EDGE('',*,*,#6548,.T.);
#6548 = EDGE_CURVE('',#6524,#6549,#6551,.T.);
#6549 = VERTEX_POINT('',#6550);
#6550 = CARTESIAN_POINT('',(0.1,-9.86,0.9));
#6551 = LINE('',#6552,#6553);
#6552 = CARTESIAN_POINT('',(0.3,-9.86,0.9));
#6553 = VECTOR('',#6554,1.);
#6554 = DIRECTION('',(-1.,1.110223024625E-16,0.));
#6555 = ORIENTED_EDGE('',*,*,#6556,.T.);
#6556 = EDGE_CURVE('',#6549,#6557,#6559,.T.);
#6557 = VERTEX_POINT('',#6558);
#6558 = CARTESIAN_POINT('',(0.1,-9.86,7.4));
#6559 = LINE('',#6560,#6561);
#6560 = CARTESIAN_POINT('',(0.1,-9.86,6.055738799212));
#6561 = VECTOR('',#6562,1.);
#6562 = DIRECTION('',(0.,-0.,1.));
#6563 = ORIENTED_EDGE('',*,*,#6564,.F.);
#6564 = EDGE_CURVE('',#6565,#6557,#6567,.T.);
#6565 = VERTEX_POINT('',#6566);
#6566 = CARTESIAN_POINT('',(-0.1,-9.86,7.4));
#6567 = LINE('',#6568,#6569);
#6568 = CARTESIAN_POINT('',(-0.1,-9.86,7.4));
#6569 = VECTOR('',#6570,1.);
#6570 = DIRECTION('',(1.,-1.110223024625E-16,0.));
#6571 = ORIENTED_EDGE('',*,*,#6572,.F.);
#6572 = EDGE_CURVE('',#6573,#6565,#6575,.T.);
#6573 = VERTEX_POINT('',#6574);
#6574 = CARTESIAN_POINT('',(-0.1,-9.86,0.9));
#6575 = LINE('',#6576,#6577);
#6576 = CARTESIAN_POINT('',(-0.1,-9.86,6.055738799212));
#6577 = VECTOR('',#6578,1.);
#6578 = DIRECTION('',(0.,-0.,1.));
#6579 = ORIENTED_EDGE('',*,*,#6580,.T.);
#6580 = EDGE_CURVE('',#6573,#6581,#6583,.T.);
#6581 = VERTEX_POINT('',#6582);
#6582 = CARTESIAN_POINT('',(-0.3,-9.86,0.9));
#6583 = LINE('',#6584,#6585);
#6584 = CARTESIAN_POINT('',(0.3,-9.86,0.9));
#6585 = VECTOR('',#6586,1.);
#6586 = DIRECTION('',(-1.,1.110223024625E-16,0.));
#6587 = ORIENTED_EDGE('',*,*,#6588,.F.);
#6588 = EDGE_CURVE('',#4565,#6581,#6589,.T.);
#6589 = LINE('',#6590,#6591);
#6590 = CARTESIAN_POINT('',(-0.3,-9.86,8.2));
#6591 = VECTOR('',#6592,1.);
#6592 = DIRECTION('',(0.,-0.,-1.));
#6593 = PLANE('',#6594);
#6594 = AXIS2_PLACEMENT_3D('',#6595,#6596,#6597);
#6595 = CARTESIAN_POINT('',(0.3,-9.86,8.2));
#6596 = DIRECTION('',(1.110223024625E-16,1.,0.));
#6597 = DIRECTION('',(-1.,1.110223024625E-16,0.));
#6598 = ADVANCED_FACE('',(#6599),#6617,.F.);
#6599 = FACE_BOUND('',#6600,.F.);
#6600 = EDGE_LOOP('',(#6601,#6602,#6610,#6616));
#6601 = ORIENTED_EDGE('',*,*,#6588,.T.);
#6602 = ORIENTED_EDGE('',*,*,#6603,.T.);
#6603 = EDGE_CURVE('',#6581,#6604,#6606,.T.);
#6604 = VERTEX_POINT('',#6605);
#6605 = CARTESIAN_POINT('',(-0.3,-10.46,0.9));
#6606 = LINE('',#6607,#6608);
#6607 = CARTESIAN_POINT('',(-0.3,-9.86,0.9));
#6608 = VECTOR('',#6609,1.);
#6609 = DIRECTION('',(-1.110223024625E-16,-1.,0.));
#6610 = ORIENTED_EDGE('',*,*,#6611,.F.);
#6611 = EDGE_CURVE('',#4589,#6604,#6612,.T.);
#6612 = LINE('',#6613,#6614);
#6613 = CARTESIAN_POINT('',(-0.3,-10.46,8.2));
#6614 = VECTOR('',#6615,1.);
#6615 = DIRECTION('',(0.,-0.,-1.));
#6616 = ORIENTED_EDGE('',*,*,#4596,.F.);
#6617 = PLANE('',#6618);
#6618 = AXIS2_PLACEMENT_3D('',#6619,#6620,#6621);
#6619 = CARTESIAN_POINT('',(-0.3,-9.86,8.2));
#6620 = DIRECTION('',(-1.,1.110223024625E-16,0.));
#6621 = DIRECTION('',(-1.110223024625E-16,-1.,0.));
#6622 = ADVANCED_FACE('',(#6623),#6666,.F.);
#6623 = FACE_BOUND('',#6624,.F.);
#6624 = EDGE_LOOP('',(#6625,#6626,#6627,#6635,#6643,#6651,#6659,#6665));
#6625 = ORIENTED_EDGE('',*,*,#4613,.F.);
#6626 = ORIENTED_EDGE('',*,*,#6611,.T.);
#6627 = ORIENTED_EDGE('',*,*,#6628,.T.);
#6628 = EDGE_CURVE('',#6604,#6629,#6631,.T.);
#6629 = VERTEX_POINT('',#6630);
#6630 = CARTESIAN_POINT('',(-0.1,-10.46,0.9));
#6631 = LINE('',#6632,#6633);
#6632 = CARTESIAN_POINT('',(-0.3,-10.46,0.9));
#6633 = VECTOR('',#6634,1.);
#6634 = DIRECTION('',(1.,-1.110223024625E-16,0.));
#6635 = ORIENTED_EDGE('',*,*,#6636,.F.);
#6636 = EDGE_CURVE('',#6637,#6629,#6639,.T.);
#6637 = VERTEX_POINT('',#6638);
#6638 = CARTESIAN_POINT('',(-0.1,-10.46,7.4));
#6639 = LINE('',#6640,#6641);
#6640 = CARTESIAN_POINT('',(-0.1,-10.46,6.055738799212));
#6641 = VECTOR('',#6642,1.);
#6642 = DIRECTION('',(-0.,0.,-1.));
#6643 = ORIENTED_EDGE('',*,*,#6644,.T.);
#6644 = EDGE_CURVE('',#6637,#6645,#6647,.T.);
#6645 = VERTEX_POINT('',#6646);
#6646 = CARTESIAN_POINT('',(0.1,-10.46,7.4));
#6647 = LINE('',#6648,#6649);
#6648 = CARTESIAN_POINT('',(-0.1,-10.46,7.4));
#6649 = VECTOR('',#6650,1.);
#6650 = DIRECTION('',(1.,-1.110223024625E-16,0.));
#6651 = ORIENTED_EDGE('',*,*,#6652,.T.);
#6652 = EDGE_CURVE('',#6645,#6653,#6655,.T.);
#6653 = VERTEX_POINT('',#6654);
#6654 = CARTESIAN_POINT('',(0.1,-10.46,0.9));
#6655 = LINE('',#6656,#6657);
#6656 = CARTESIAN_POINT('',(0.1,-10.46,6.055738799212));
#6657 = VECTOR('',#6658,1.);
#6658 = DIRECTION('',(-0.,0.,-1.));
#6659 = ORIENTED_EDGE('',*,*,#6660,.T.);
#6660 = EDGE_CURVE('',#6653,#6516,#6661,.T.);
#6661 = LINE('',#6662,#6663);
#6662 = CARTESIAN_POINT('',(-0.3,-10.46,0.9));
#6663 = VECTOR('',#6664,1.);
#6664 = DIRECTION('',(1.,-1.110223024625E-16,0.));
#6665 = ORIENTED_EDGE('',*,*,#6515,.F.);
#6666 = PLANE('',#6667);
#6667 = AXIS2_PLACEMENT_3D('',#6668,#6669,#6670);
#6668 = CARTESIAN_POINT('',(-0.3,-10.46,8.2));
#6669 = DIRECTION('',(-1.110223024625E-16,-1.,0.));
#6670 = DIRECTION('',(1.,-1.110223024625E-16,0.));
#6671 = ADVANCED_FACE('',(#6672),#6697,.F.);
#6672 = FACE_BOUND('',#6673,.F.);
#6673 = EDGE_LOOP('',(#6674,#6682,#6690,#6696));
#6674 = ORIENTED_EDGE('',*,*,#6675,.T.);
#6675 = EDGE_CURVE('',#4628,#6676,#6678,.T.);
#6676 = VERTEX_POINT('',#6677);
#6677 = CARTESIAN_POINT('',(0.3,-7.92,0.9));
#6678 = LINE('',#6679,#6680);
#6679 = CARTESIAN_POINT('',(0.3,-7.92,8.2));
#6680 = VECTOR('',#6681,1.);
#6681 = DIRECTION('',(0.,-0.,-1.));
#6682 = ORIENTED_EDGE('',*,*,#6683,.T.);
#6683 = EDGE_CURVE('',#6676,#6684,#6686,.T.);
#6684 = VERTEX_POINT('',#6685);
#6685 = CARTESIAN_POINT('',(0.3,-7.32,0.9));
#6686 = LINE('',#6687,#6688);
#6687 = CARTESIAN_POINT('',(0.3,-7.92,0.9));
#6688 = VECTOR('',#6689,1.);
#6689 = DIRECTION('',(1.110223024625E-16,1.,0.));
#6690 = ORIENTED_EDGE('',*,*,#6691,.F.);
#6691 = EDGE_CURVE('',#4637,#6684,#6692,.T.);
#6692 = LINE('',#6693,#6694);
#6693 = CARTESIAN_POINT('',(0.3,-7.32,8.2));
#6694 = VECTOR('',#6695,1.);
#6695 = DIRECTION('',(0.,-0.,-1.));
#6696 = ORIENTED_EDGE('',*,*,#4644,.F.);
#6697 = PLANE('',#6698);
#6698 = AXIS2_PLACEMENT_3D('',#6699,#6700,#6701);
#6699 = CARTESIAN_POINT('',(0.3,-7.92,8.2));
#6700 = DIRECTION('',(1.,-1.110223024625E-16,0.));
#6701 = DIRECTION('',(1.110223024625E-16,1.,0.));
#6702 = ADVANCED_FACE('',(#6703),#6753,.F.);
#6703 = FACE_BOUND('',#6704,.F.);
#6704 = EDGE_LOOP('',(#6705,#6706,#6707,#6715,#6723,#6731,#6739,#6747));
#6705 = ORIENTED_EDGE('',*,*,#4668,.F.);
#6706 = ORIENTED_EDGE('',*,*,#6691,.T.);
#6707 = ORIENTED_EDGE('',*,*,#6708,.T.);
#6708 = EDGE_CURVE('',#6684,#6709,#6711,.T.);
#6709 = VERTEX_POINT('',#6710);
#6710 = CARTESIAN_POINT('',(0.1,-7.32,0.9));
#6711 = LINE('',#6712,#6713);
#6712 = CARTESIAN_POINT('',(0.3,-7.32,0.9));
#6713 = VECTOR('',#6714,1.);
#6714 = DIRECTION('',(-1.,1.110223024625E-16,0.));
#6715 = ORIENTED_EDGE('',*,*,#6716,.T.);
#6716 = EDGE_CURVE('',#6709,#6717,#6719,.T.);
#6717 = VERTEX_POINT('',#6718);
#6718 = CARTESIAN_POINT('',(0.1,-7.32,7.4));
#6719 = LINE('',#6720,#6721);
#6720 = CARTESIAN_POINT('',(0.1,-7.32,6.055738799212));
#6721 = VECTOR('',#6722,1.);
#6722 = DIRECTION('',(0.,-0.,1.));
#6723 = ORIENTED_EDGE('',*,*,#6724,.F.);
#6724 = EDGE_CURVE('',#6725,#6717,#6727,.T.);
#6725 = VERTEX_POINT('',#6726);
#6726 = CARTESIAN_POINT('',(-0.1,-7.32,7.4));
#6727 = LINE('',#6728,#6729);
#6728 = CARTESIAN_POINT('',(-0.1,-7.32,7.4));
#6729 = VECTOR('',#6730,1.);
#6730 = DIRECTION('',(1.,-1.110223024625E-16,0.));
#6731 = ORIENTED_EDGE('',*,*,#6732,.F.);
#6732 = EDGE_CURVE('',#6733,#6725,#6735,.T.);
#6733 = VERTEX_POINT('',#6734);
#6734 = CARTESIAN_POINT('',(-0.1,-7.32,0.9));
#6735 = LINE('',#6736,#6737);
#6736 = CARTESIAN_POINT('',(-0.1,-7.32,6.055738799212));
#6737 = VECTOR('',#6738,1.);
#6738 = DIRECTION('',(0.,-0.,1.));
#6739 = ORIENTED_EDGE('',*,*,#6740,.T.);
#6740 = EDGE_CURVE('',#6733,#6741,#6743,.T.);
#6741 = VERTEX_POINT('',#6742);
#6742 = CARTESIAN_POINT('',(-0.3,-7.32,0.9));
#6743 = LINE('',#6744,#6745);
#6744 = CARTESIAN_POINT('',(0.3,-7.32,0.9));
#6745 = VECTOR('',#6746,1.);
#6746 = DIRECTION('',(-1.,1.110223024625E-16,0.));
#6747 = ORIENTED_EDGE('',*,*,#6748,.F.);
#6748 = EDGE_CURVE('',#4661,#6741,#6749,.T.);
#6749 = LINE('',#6750,#6751);
#6750 = CARTESIAN_POINT('',(-0.3,-7.32,8.2));
#6751 = VECTOR('',#6752,1.);
#6752 = DIRECTION('',(0.,-0.,-1.));
#6753 = PLANE('',#6754);
#6754 = AXIS2_PLACEMENT_3D('',#6755,#6756,#6757);
#6755 = CARTESIAN_POINT('',(0.3,-7.32,8.2));
#6756 = DIRECTION('',(1.110223024625E-16,1.,0.));
#6757 = DIRECTION('',(-1.,1.110223024625E-16,0.));
#6758 = ADVANCED_FACE('',(#6759),#6777,.F.);
#6759 = FACE_BOUND('',#6760,.F.);
#6760 = EDGE_LOOP('',(#6761,#6762,#6770,#6776));
#6761 = ORIENTED_EDGE('',*,*,#6748,.T.);
#6762 = ORIENTED_EDGE('',*,*,#6763,.T.);
#6763 = EDGE_CURVE('',#6741,#6764,#6766,.T.);
#6764 = VERTEX_POINT('',#6765);
#6765 = CARTESIAN_POINT('',(-0.3,-7.92,0.9));
#6766 = LINE('',#6767,#6768);
#6767 = CARTESIAN_POINT('',(-0.3,-7.32,0.9));
#6768 = VECTOR('',#6769,1.);
#6769 = DIRECTION('',(-1.110223024625E-16,-1.,0.));
#6770 = ORIENTED_EDGE('',*,*,#6771,.F.);
#6771 = EDGE_CURVE('',#4685,#6764,#6772,.T.);
#6772 = LINE('',#6773,#6774);
#6773 = CARTESIAN_POINT('',(-0.3,-7.92,8.2));
#6774 = VECTOR('',#6775,1.);
#6775 = DIRECTION('',(0.,-0.,-1.));
#6776 = ORIENTED_EDGE('',*,*,#4692,.F.);
#6777 = PLANE('',#6778);
#6778 = AXIS2_PLACEMENT_3D('',#6779,#6780,#6781);
#6779 = CARTESIAN_POINT('',(-0.3,-7.32,8.2));
#6780 = DIRECTION('',(-1.,1.110223024625E-16,0.));
#6781 = DIRECTION('',(-1.110223024625E-16,-1.,0.));
#6782 = ADVANCED_FACE('',(#6783),#6826,.F.);
#6783 = FACE_BOUND('',#6784,.F.);
#6784 = EDGE_LOOP('',(#6785,#6786,#6787,#6795,#6803,#6811,#6819,#6825));
#6785 = ORIENTED_EDGE('',*,*,#4709,.F.);
#6786 = ORIENTED_EDGE('',*,*,#6771,.T.);
#6787 = ORIENTED_EDGE('',*,*,#6788,.T.);
#6788 = EDGE_CURVE('',#6764,#6789,#6791,.T.);
#6789 = VERTEX_POINT('',#6790);
#6790 = CARTESIAN_POINT('',(-0.1,-7.92,0.9));
#6791 = LINE('',#6792,#6793);
#6792 = CARTESIAN_POINT('',(-0.3,-7.92,0.9));
#6793 = VECTOR('',#6794,1.);
#6794 = DIRECTION('',(1.,-1.110223024625E-16,0.));
#6795 = ORIENTED_EDGE('',*,*,#6796,.F.);
#6796 = EDGE_CURVE('',#6797,#6789,#6799,.T.);
#6797 = VERTEX_POINT('',#6798);
#6798 = CARTESIAN_POINT('',(-0.1,-7.92,7.4));
#6799 = LINE('',#6800,#6801);
#6800 = CARTESIAN_POINT('',(-0.1,-7.92,6.055738799212));
#6801 = VECTOR('',#6802,1.);
#6802 = DIRECTION('',(-0.,0.,-1.));
#6803 = ORIENTED_EDGE('',*,*,#6804,.T.);
#6804 = EDGE_CURVE('',#6797,#6805,#6807,.T.);
#6805 = VERTEX_POINT('',#6806);
#6806 = CARTESIAN_POINT('',(0.1,-7.92,7.4));
#6807 = LINE('',#6808,#6809);
#6808 = CARTESIAN_POINT('',(-0.1,-7.92,7.4));
#6809 = VECTOR('',#6810,1.);
#6810 = DIRECTION('',(1.,-1.110223024625E-16,0.));
#6811 = ORIENTED_EDGE('',*,*,#6812,.T.);
#6812 = EDGE_CURVE('',#6805,#6813,#6815,.T.);
#6813 = VERTEX_POINT('',#6814);
#6814 = CARTESIAN_POINT('',(0.1,-7.92,0.9));
#6815 = LINE('',#6816,#6817);
#6816 = CARTESIAN_POINT('',(0.1,-7.92,6.055738799212));
#6817 = VECTOR('',#6818,1.);
#6818 = DIRECTION('',(-0.,0.,-1.));
#6819 = ORIENTED_EDGE('',*,*,#6820,.T.);
#6820 = EDGE_CURVE('',#6813,#6676,#6821,.T.);
#6821 = LINE('',#6822,#6823);
#6822 = CARTESIAN_POINT('',(-0.3,-7.92,0.9));
#6823 = VECTOR('',#6824,1.);
#6824 = DIRECTION('',(1.,-1.110223024625E-16,0.));
#6825 = ORIENTED_EDGE('',*,*,#6675,.F.);
#6826 = PLANE('',#6827);
#6827 = AXIS2_PLACEMENT_3D('',#6828,#6829,#6830);
#6828 = CARTESIAN_POINT('',(-0.3,-7.92,8.2));
#6829 = DIRECTION('',(-1.110223024625E-16,-1.,0.));
#6830 = DIRECTION('',(1.,-1.110223024625E-16,0.));
#6831 = ADVANCED_FACE('',(#6832),#6857,.F.);
#6832 = FACE_BOUND('',#6833,.F.);
#6833 = EDGE_LOOP('',(#6834,#6842,#6850,#6856));
#6834 = ORIENTED_EDGE('',*,*,#6835,.T.);
#6835 = EDGE_CURVE('',#4724,#6836,#6838,.T.);
#6836 = VERTEX_POINT('',#6837);
#6837 = CARTESIAN_POINT('',(0.3,-5.38,0.9));
#6838 = LINE('',#6839,#6840);
#6839 = CARTESIAN_POINT('',(0.3,-5.38,8.2));
#6840 = VECTOR('',#6841,1.);
#6841 = DIRECTION('',(0.,-0.,-1.));
#6842 = ORIENTED_EDGE('',*,*,#6843,.T.);
#6843 = EDGE_CURVE('',#6836,#6844,#6846,.T.);
#6844 = VERTEX_POINT('',#6845);
#6845 = CARTESIAN_POINT('',(0.3,-4.78,0.9));
#6846 = LINE('',#6847,#6848);
#6847 = CARTESIAN_POINT('',(0.3,-5.38,0.9));
#6848 = VECTOR('',#6849,1.);
#6849 = DIRECTION('',(1.110223024625E-16,1.,0.));
#6850 = ORIENTED_EDGE('',*,*,#6851,.F.);
#6851 = EDGE_CURVE('',#4733,#6844,#6852,.T.);
#6852 = LINE('',#6853,#6854);
#6853 = CARTESIAN_POINT('',(0.3,-4.78,8.2));
#6854 = VECTOR('',#6855,1.);
#6855 = DIRECTION('',(0.,-0.,-1.));
#6856 = ORIENTED_EDGE('',*,*,#4740,.F.);
#6857 = PLANE('',#6858);
#6858 = AXIS2_PLACEMENT_3D('',#6859,#6860,#6861);
#6859 = CARTESIAN_POINT('',(0.3,-5.38,8.2));
#6860 = DIRECTION('',(1.,-1.110223024625E-16,0.));
#6861 = DIRECTION('',(1.110223024625E-16,1.,0.));
#6862 = ADVANCED_FACE('',(#6863),#6913,.F.);
#6863 = FACE_BOUND('',#6864,.F.);
#6864 = EDGE_LOOP('',(#6865,#6866,#6867,#6875,#6883,#6891,#6899,#6907));
#6865 = ORIENTED_EDGE('',*,*,#4764,.F.);
#6866 = ORIENTED_EDGE('',*,*,#6851,.T.);
#6867 = ORIENTED_EDGE('',*,*,#6868,.T.);
#6868 = EDGE_CURVE('',#6844,#6869,#6871,.T.);
#6869 = VERTEX_POINT('',#6870);
#6870 = CARTESIAN_POINT('',(0.1,-4.78,0.9));
#6871 = LINE('',#6872,#6873);
#6872 = CARTESIAN_POINT('',(0.3,-4.78,0.9));
#6873 = VECTOR('',#6874,1.);
#6874 = DIRECTION('',(-1.,1.110223024625E-16,0.));
#6875 = ORIENTED_EDGE('',*,*,#6876,.T.);
#6876 = EDGE_CURVE('',#6869,#6877,#6879,.T.);
#6877 = VERTEX_POINT('',#6878);
#6878 = CARTESIAN_POINT('',(0.1,-4.78,7.4));
#6879 = LINE('',#6880,#6881);
#6880 = CARTESIAN_POINT('',(0.1,-4.78,6.055738799212));
#6881 = VECTOR('',#6882,1.);
#6882 = DIRECTION('',(0.,-0.,1.));
#6883 = ORIENTED_EDGE('',*,*,#6884,.F.);
#6884 = EDGE_CURVE('',#6885,#6877,#6887,.T.);
#6885 = VERTEX_POINT('',#6886);
#6886 = CARTESIAN_POINT('',(-0.1,-4.78,7.4));
#6887 = LINE('',#6888,#6889);
#6888 = CARTESIAN_POINT('',(-0.1,-4.78,7.4));
#6889 = VECTOR('',#6890,1.);
#6890 = DIRECTION('',(1.,-1.110223024625E-16,0.));
#6891 = ORIENTED_EDGE('',*,*,#6892,.F.);
#6892 = EDGE_CURVE('',#6893,#6885,#6895,.T.);
#6893 = VERTEX_POINT('',#6894);
#6894 = CARTESIAN_POINT('',(-0.1,-4.78,0.9));
#6895 = LINE('',#6896,#6897);
#6896 = CARTESIAN_POINT('',(-0.1,-4.78,6.055738799212));
#6897 = VECTOR('',#6898,1.);
#6898 = DIRECTION('',(0.,-0.,1.));
#6899 = ORIENTED_EDGE('',*,*,#6900,.T.);
#6900 = EDGE_CURVE('',#6893,#6901,#6903,.T.);
#6901 = VERTEX_POINT('',#6902);
#6902 = CARTESIAN_POINT('',(-0.3,-4.78,0.9));
#6903 = LINE('',#6904,#6905);
#6904 = CARTESIAN_POINT('',(0.3,-4.78,0.9));
#6905 = VECTOR('',#6906,1.);
#6906 = DIRECTION('',(-1.,1.110223024625E-16,0.));
#6907 = ORIENTED_EDGE('',*,*,#6908,.F.);
#6908 = EDGE_CURVE('',#4757,#6901,#6909,.T.);
#6909 = LINE('',#6910,#6911);
#6910 = CARTESIAN_POINT('',(-0.3,-4.78,8.2));
#6911 = VECTOR('',#6912,1.);
#6912 = DIRECTION('',(0.,-0.,-1.));
#6913 = PLANE('',#6914);
#6914 = AXIS2_PLACEMENT_3D('',#6915,#6916,#6917);
#6915 = CARTESIAN_POINT('',(0.3,-4.78,8.2));
#6916 = DIRECTION('',(1.110223024625E-16,1.,0.));
#6917 = DIRECTION('',(-1.,1.110223024625E-16,0.));
#6918 = ADVANCED_FACE('',(#6919),#6937,.F.);
#6919 = FACE_BOUND('',#6920,.F.);
#6920 = EDGE_LOOP('',(#6921,#6922,#6930,#6936));
#6921 = ORIENTED_EDGE('',*,*,#6908,.T.);
#6922 = ORIENTED_EDGE('',*,*,#6923,.T.);
#6923 = EDGE_CURVE('',#6901,#6924,#6926,.T.);
#6924 = VERTEX_POINT('',#6925);
#6925 = CARTESIAN_POINT('',(-0.3,-5.38,0.9));
#6926 = LINE('',#6927,#6928);
#6927 = CARTESIAN_POINT('',(-0.3,-4.78,0.9));
#6928 = VECTOR('',#6929,1.);
#6929 = DIRECTION('',(-1.110223024625E-16,-1.,0.));
#6930 = ORIENTED_EDGE('',*,*,#6931,.F.);
#6931 = EDGE_CURVE('',#4781,#6924,#6932,.T.);
#6932 = LINE('',#6933,#6934);
#6933 = CARTESIAN_POINT('',(-0.3,-5.38,8.2));
#6934 = VECTOR('',#6935,1.);
#6935 = DIRECTION('',(0.,-0.,-1.));
#6936 = ORIENTED_EDGE('',*,*,#4788,.F.);
#6937 = PLANE('',#6938);
#6938 = AXIS2_PLACEMENT_3D('',#6939,#6940,#6941);
#6939 = CARTESIAN_POINT('',(-0.3,-4.78,8.2));
#6940 = DIRECTION('',(-1.,1.110223024625E-16,0.));
#6941 = DIRECTION('',(-1.110223024625E-16,-1.,0.));
#6942 = ADVANCED_FACE('',(#6943),#6986,.F.);
#6943 = FACE_BOUND('',#6944,.F.);
#6944 = EDGE_LOOP('',(#6945,#6946,#6947,#6955,#6963,#6971,#6979,#6985));
#6945 = ORIENTED_EDGE('',*,*,#4805,.F.);
#6946 = ORIENTED_EDGE('',*,*,#6931,.T.);
#6947 = ORIENTED_EDGE('',*,*,#6948,.T.);
#6948 = EDGE_CURVE('',#6924,#6949,#6951,.T.);
#6949 = VERTEX_POINT('',#6950);
#6950 = CARTESIAN_POINT('',(-0.1,-5.38,0.9));
#6951 = LINE('',#6952,#6953);
#6952 = CARTESIAN_POINT('',(-0.3,-5.38,0.9));
#6953 = VECTOR('',#6954,1.);
#6954 = DIRECTION('',(1.,-1.110223024625E-16,0.));
#6955 = ORIENTED_EDGE('',*,*,#6956,.F.);
#6956 = EDGE_CURVE('',#6957,#6949,#6959,.T.);
#6957 = VERTEX_POINT('',#6958);
#6958 = CARTESIAN_POINT('',(-0.1,-5.38,7.4));
#6959 = LINE('',#6960,#6961);
#6960 = CARTESIAN_POINT('',(-0.1,-5.38,6.055738799212));
#6961 = VECTOR('',#6962,1.);
#6962 = DIRECTION('',(-0.,0.,-1.));
#6963 = ORIENTED_EDGE('',*,*,#6964,.T.);
#6964 = EDGE_CURVE('',#6957,#6965,#6967,.T.);
#6965 = VERTEX_POINT('',#6966);
#6966 = CARTESIAN_POINT('',(0.1,-5.38,7.4));
#6967 = LINE('',#6968,#6969);
#6968 = CARTESIAN_POINT('',(-0.1,-5.38,7.4));
#6969 = VECTOR('',#6970,1.);
#6970 = DIRECTION('',(1.,-1.110223024625E-16,0.));
#6971 = ORIENTED_EDGE('',*,*,#6972,.T.);
#6972 = EDGE_CURVE('',#6965,#6973,#6975,.T.);
#6973 = VERTEX_POINT('',#6974);
#6974 = CARTESIAN_POINT('',(0.1,-5.38,0.9));
#6975 = LINE('',#6976,#6977);
#6976 = CARTESIAN_POINT('',(0.1,-5.38,6.055738799212));
#6977 = VECTOR('',#6978,1.);
#6978 = DIRECTION('',(-0.,0.,-1.));
#6979 = ORIENTED_EDGE('',*,*,#6980,.T.);
#6980 = EDGE_CURVE('',#6973,#6836,#6981,.T.);
#6981 = LINE('',#6982,#6983);
#6982 = CARTESIAN_POINT('',(-0.3,-5.38,0.9));
#6983 = VECTOR('',#6984,1.);
#6984 = DIRECTION('',(1.,-1.110223024625E-16,0.));
#6985 = ORIENTED_EDGE('',*,*,#6835,.F.);
#6986 = PLANE('',#6987);
#6987 = AXIS2_PLACEMENT_3D('',#6988,#6989,#6990);
#6988 = CARTESIAN_POINT('',(-0.3,-5.38,8.2));
#6989 = DIRECTION('',(-1.110223024625E-16,-1.,0.));
#6990 = DIRECTION('',(1.,-1.110223024625E-16,0.));
#6991 = ADVANCED_FACE('',(#6992),#7017,.F.);
#6992 = FACE_BOUND('',#6993,.F.);
#6993 = EDGE_LOOP('',(#6994,#7002,#7010,#7016));
#6994 = ORIENTED_EDGE('',*,*,#6995,.T.);
#6995 = EDGE_CURVE('',#4820,#6996,#6998,.T.);
#6996 = VERTEX_POINT('',#6997);
#6997 = CARTESIAN_POINT('',(0.3,-2.84,0.9));
#6998 = LINE('',#6999,#7000);
#6999 = CARTESIAN_POINT('',(0.3,-2.84,8.2));
#7000 = VECTOR('',#7001,1.);
#7001 = DIRECTION('',(0.,-0.,-1.));
#7002 = ORIENTED_EDGE('',*,*,#7003,.T.);
#7003 = EDGE_CURVE('',#6996,#7004,#7006,.T.);
#7004 = VERTEX_POINT('',#7005);
#7005 = CARTESIAN_POINT('',(0.3,-2.24,0.9));
#7006 = LINE('',#7007,#7008);
#7007 = CARTESIAN_POINT('',(0.3,-2.84,0.9));
#7008 = VECTOR('',#7009,1.);
#7009 = DIRECTION('',(1.110223024625E-16,1.,0.));
#7010 = ORIENTED_EDGE('',*,*,#7011,.F.);
#7011 = EDGE_CURVE('',#4829,#7004,#7012,.T.);
#7012 = LINE('',#7013,#7014);
#7013 = CARTESIAN_POINT('',(0.3,-2.24,8.2));
#7014 = VECTOR('',#7015,1.);
#7015 = DIRECTION('',(0.,-0.,-1.));
#7016 = ORIENTED_EDGE('',*,*,#4836,.F.);
#7017 = PLANE('',#7018);
#7018 = AXIS2_PLACEMENT_3D('',#7019,#7020,#7021);
#7019 = CARTESIAN_POINT('',(0.3,-2.84,8.2));
#7020 = DIRECTION('',(1.,-1.110223024625E-16,0.));
#7021 = DIRECTION('',(1.110223024625E-16,1.,0.));
#7022 = ADVANCED_FACE('',(#7023),#7073,.F.);
#7023 = FACE_BOUND('',#7024,.F.);
#7024 = EDGE_LOOP('',(#7025,#7026,#7027,#7035,#7043,#7051,#7059,#7067));
#7025 = ORIENTED_EDGE('',*,*,#4860,.F.);
#7026 = ORIENTED_EDGE('',*,*,#7011,.T.);
#7027 = ORIENTED_EDGE('',*,*,#7028,.T.);
#7028 = EDGE_CURVE('',#7004,#7029,#7031,.T.);
#7029 = VERTEX_POINT('',#7030);
#7030 = CARTESIAN_POINT('',(0.1,-2.24,0.9));
#7031 = LINE('',#7032,#7033);
#7032 = CARTESIAN_POINT('',(0.3,-2.24,0.9));
#7033 = VECTOR('',#7034,1.);
#7034 = DIRECTION('',(-1.,1.110223024625E-16,0.));
#7035 = ORIENTED_EDGE('',*,*,#7036,.T.);
#7036 = EDGE_CURVE('',#7029,#7037,#7039,.T.);
#7037 = VERTEX_POINT('',#7038);
#7038 = CARTESIAN_POINT('',(0.1,-2.24,7.4));
#7039 = LINE('',#7040,#7041);
#7040 = CARTESIAN_POINT('',(0.1,-2.24,6.055738799212));
#7041 = VECTOR('',#7042,1.);
#7042 = DIRECTION('',(0.,-0.,1.));
#7043 = ORIENTED_EDGE('',*,*,#7044,.F.);
#7044 = EDGE_CURVE('',#7045,#7037,#7047,.T.);
#7045 = VERTEX_POINT('',#7046);
#7046 = CARTESIAN_POINT('',(-0.1,-2.24,7.4));
#7047 = LINE('',#7048,#7049);
#7048 = CARTESIAN_POINT('',(-0.1,-2.24,7.4));
#7049 = VECTOR('',#7050,1.);
#7050 = DIRECTION('',(1.,-1.110223024625E-16,0.));
#7051 = ORIENTED_EDGE('',*,*,#7052,.F.);
#7052 = EDGE_CURVE('',#7053,#7045,#7055,.T.);
#7053 = VERTEX_POINT('',#7054);
#7054 = CARTESIAN_POINT('',(-0.1,-2.24,0.9));
#7055 = LINE('',#7056,#7057);
#7056 = CARTESIAN_POINT('',(-0.1,-2.24,6.055738799212));
#7057 = VECTOR('',#7058,1.);
#7058 = DIRECTION('',(0.,-0.,1.));
#7059 = ORIENTED_EDGE('',*,*,#7060,.T.);
#7060 = EDGE_CURVE('',#7053,#7061,#7063,.T.);
#7061 = VERTEX_POINT('',#7062);
#7062 = CARTESIAN_POINT('',(-0.3,-2.24,0.9));
#7063 = LINE('',#7064,#7065);
#7064 = CARTESIAN_POINT('',(0.3,-2.24,0.9));
#7065 = VECTOR('',#7066,1.);
#7066 = DIRECTION('',(-1.,1.110223024625E-16,0.));
#7067 = ORIENTED_EDGE('',*,*,#7068,.F.);
#7068 = EDGE_CURVE('',#4853,#7061,#7069,.T.);
#7069 = LINE('',#7070,#7071);
#7070 = CARTESIAN_POINT('',(-0.3,-2.24,8.2));
#7071 = VECTOR('',#7072,1.);
#7072 = DIRECTION('',(0.,-0.,-1.));
#7073 = PLANE('',#7074);
#7074 = AXIS2_PLACEMENT_3D('',#7075,#7076,#7077);
#7075 = CARTESIAN_POINT('',(0.3,-2.24,8.2));
#7076 = DIRECTION('',(1.110223024625E-16,1.,0.));
#7077 = DIRECTION('',(-1.,1.110223024625E-16,0.));
#7078 = ADVANCED_FACE('',(#7079),#7097,.F.);
#7079 = FACE_BOUND('',#7080,.F.);
#7080 = EDGE_LOOP('',(#7081,#7082,#7090,#7096));
#7081 = ORIENTED_EDGE('',*,*,#7068,.T.);
#7082 = ORIENTED_EDGE('',*,*,#7083,.T.);
#7083 = EDGE_CURVE('',#7061,#7084,#7086,.T.);
#7084 = VERTEX_POINT('',#7085);
#7085 = CARTESIAN_POINT('',(-0.3,-2.84,0.9));
#7086 = LINE('',#7087,#7088);
#7087 = CARTESIAN_POINT('',(-0.3,-2.24,0.9));
#7088 = VECTOR('',#7089,1.);
#7089 = DIRECTION('',(-1.110223024625E-16,-1.,0.));
#7090 = ORIENTED_EDGE('',*,*,#7091,.F.);
#7091 = EDGE_CURVE('',#4877,#7084,#7092,.T.);
#7092 = LINE('',#7093,#7094);
#7093 = CARTESIAN_POINT('',(-0.3,-2.84,8.2));
#7094 = VECTOR('',#7095,1.);
#7095 = DIRECTION('',(0.,-0.,-1.));
#7096 = ORIENTED_EDGE('',*,*,#4884,.F.);
#7097 = PLANE('',#7098);
#7098 = AXIS2_PLACEMENT_3D('',#7099,#7100,#7101);
#7099 = CARTESIAN_POINT('',(-0.3,-2.24,8.2));
#7100 = DIRECTION('',(-1.,1.110223024625E-16,0.));
#7101 = DIRECTION('',(-1.110223024625E-16,-1.,0.));
#7102 = ADVANCED_FACE('',(#7103),#7146,.F.);
#7103 = FACE_BOUND('',#7104,.F.);
#7104 = EDGE_LOOP('',(#7105,#7106,#7107,#7115,#7123,#7131,#7139,#7145));
#7105 = ORIENTED_EDGE('',*,*,#4901,.F.);
#7106 = ORIENTED_EDGE('',*,*,#7091,.T.);
#7107 = ORIENTED_EDGE('',*,*,#7108,.T.);
#7108 = EDGE_CURVE('',#7084,#7109,#7111,.T.);
#7109 = VERTEX_POINT('',#7110);
#7110 = CARTESIAN_POINT('',(-0.1,-2.84,0.9));
#7111 = LINE('',#7112,#7113);
#7112 = CARTESIAN_POINT('',(-0.3,-2.84,0.9));
#7113 = VECTOR('',#7114,1.);
#7114 = DIRECTION('',(1.,-1.110223024625E-16,0.));
#7115 = ORIENTED_EDGE('',*,*,#7116,.F.);
#7116 = EDGE_CURVE('',#7117,#7109,#7119,.T.);
#7117 = VERTEX_POINT('',#7118);
#7118 = CARTESIAN_POINT('',(-0.1,-2.84,7.4));
#7119 = LINE('',#7120,#7121);
#7120 = CARTESIAN_POINT('',(-0.1,-2.84,6.055738799212));
#7121 = VECTOR('',#7122,1.);
#7122 = DIRECTION('',(-0.,0.,-1.));
#7123 = ORIENTED_EDGE('',*,*,#7124,.T.);
#7124 = EDGE_CURVE('',#7117,#7125,#7127,.T.);
#7125 = VERTEX_POINT('',#7126);
#7126 = CARTESIAN_POINT('',(0.1,-2.84,7.4));
#7127 = LINE('',#7128,#7129);
#7128 = CARTESIAN_POINT('',(-0.1,-2.84,7.4));
#7129 = VECTOR('',#7130,1.);
#7130 = DIRECTION('',(1.,-1.110223024625E-16,0.));
#7131 = ORIENTED_EDGE('',*,*,#7132,.T.);
#7132 = EDGE_CURVE('',#7125,#7133,#7135,.T.);
#7133 = VERTEX_POINT('',#7134);
#7134 = CARTESIAN_POINT('',(0.1,-2.84,0.9));
#7135 = LINE('',#7136,#7137);
#7136 = CARTESIAN_POINT('',(0.1,-2.84,6.055738799212));
#7137 = VECTOR('',#7138,1.);
#7138 = DIRECTION('',(-0.,0.,-1.));
#7139 = ORIENTED_EDGE('',*,*,#7140,.T.);
#7140 = EDGE_CURVE('',#7133,#6996,#7141,.T.);
#7141 = LINE('',#7142,#7143);
#7142 = CARTESIAN_POINT('',(-0.3,-2.84,0.9));
#7143 = VECTOR('',#7144,1.);
#7144 = DIRECTION('',(1.,-1.110223024625E-16,0.));
#7145 = ORIENTED_EDGE('',*,*,#6995,.F.);
#7146 = PLANE('',#7147);
#7147 = AXIS2_PLACEMENT_3D('',#7148,#7149,#7150);
#7148 = CARTESIAN_POINT('',(-0.3,-2.84,8.2));
#7149 = DIRECTION('',(-1.110223024625E-16,-1.,0.));
#7150 = DIRECTION('',(1.,-1.110223024625E-16,0.));
#7151 = ADVANCED_FACE('',(#7152),#7177,.F.);
#7152 = FACE_BOUND('',#7153,.F.);
#7153 = EDGE_LOOP('',(#7154,#7162,#7170,#7176));
#7154 = ORIENTED_EDGE('',*,*,#7155,.T.);
#7155 = EDGE_CURVE('',#4916,#7156,#7158,.T.);
#7156 = VERTEX_POINT('',#7157);
#7157 = CARTESIAN_POINT('',(0.3,-0.3,0.9));
#7158 = LINE('',#7159,#7160);
#7159 = CARTESIAN_POINT('',(0.3,-0.3,8.2));
#7160 = VECTOR('',#7161,1.);
#7161 = DIRECTION('',(0.,-0.,-1.));
#7162 = ORIENTED_EDGE('',*,*,#7163,.T.);
#7163 = EDGE_CURVE('',#7156,#7164,#7166,.T.);
#7164 = VERTEX_POINT('',#7165);
#7165 = CARTESIAN_POINT('',(0.3,0.3,0.9));
#7166 = LINE('',#7167,#7168);
#7167 = CARTESIAN_POINT('',(0.3,-0.3,0.9));
#7168 = VECTOR('',#7169,1.);
#7169 = DIRECTION('',(1.110223024625E-16,1.,0.));
#7170 = ORIENTED_EDGE('',*,*,#7171,.F.);
#7171 = EDGE_CURVE('',#4925,#7164,#7172,.T.);
#7172 = LINE('',#7173,#7174);
#7173 = CARTESIAN_POINT('',(0.3,0.3,8.2));
#7174 = VECTOR('',#7175,1.);
#7175 = DIRECTION('',(0.,-0.,-1.));
#7176 = ORIENTED_EDGE('',*,*,#4932,.F.);
#7177 = PLANE('',#7178);
#7178 = AXIS2_PLACEMENT_3D('',#7179,#7180,#7181);
#7179 = CARTESIAN_POINT('',(0.3,-0.3,8.2));
#7180 = DIRECTION('',(1.,-1.110223024625E-16,0.));
#7181 = DIRECTION('',(1.110223024625E-16,1.,0.));
#7182 = ADVANCED_FACE('',(#7183),#7233,.F.);
#7183 = FACE_BOUND('',#7184,.F.);
#7184 = EDGE_LOOP('',(#7185,#7186,#7187,#7195,#7203,#7211,#7219,#7227));
#7185 = ORIENTED_EDGE('',*,*,#4956,.F.);
#7186 = ORIENTED_EDGE('',*,*,#7171,.T.);
#7187 = ORIENTED_EDGE('',*,*,#7188,.T.);
#7188 = EDGE_CURVE('',#7164,#7189,#7191,.T.);
#7189 = VERTEX_POINT('',#7190);
#7190 = CARTESIAN_POINT('',(0.1,0.3,0.9));
#7191 = LINE('',#7192,#7193);
#7192 = CARTESIAN_POINT('',(0.3,0.3,0.9));
#7193 = VECTOR('',#7194,1.);
#7194 = DIRECTION('',(-1.,1.110223024625E-16,0.));
#7195 = ORIENTED_EDGE('',*,*,#7196,.T.);
#7196 = EDGE_CURVE('',#7189,#7197,#7199,.T.);
#7197 = VERTEX_POINT('',#7198);
#7198 = CARTESIAN_POINT('',(0.1,0.3,7.4));
#7199 = LINE('',#7200,#7201);
#7200 = CARTESIAN_POINT('',(0.1,0.3,6.055738799212));
#7201 = VECTOR('',#7202,1.);
#7202 = DIRECTION('',(0.,-0.,1.));
#7203 = ORIENTED_EDGE('',*,*,#7204,.F.);
#7204 = EDGE_CURVE('',#7205,#7197,#7207,.T.);
#7205 = VERTEX_POINT('',#7206);
#7206 = CARTESIAN_POINT('',(-0.1,0.3,7.4));
#7207 = LINE('',#7208,#7209);
#7208 = CARTESIAN_POINT('',(-0.1,0.3,7.4));
#7209 = VECTOR('',#7210,1.);
#7210 = DIRECTION('',(1.,-1.110223024625E-16,0.));
#7211 = ORIENTED_EDGE('',*,*,#7212,.F.);
#7212 = EDGE_CURVE('',#7213,#7205,#7215,.T.);
#7213 = VERTEX_POINT('',#7214);
#7214 = CARTESIAN_POINT('',(-0.1,0.3,0.9));
#7215 = LINE('',#7216,#7217);
#7216 = CARTESIAN_POINT('',(-0.1,0.3,6.055738799212));
#7217 = VECTOR('',#7218,1.);
#7218 = DIRECTION('',(0.,-0.,1.));
#7219 = ORIENTED_EDGE('',*,*,#7220,.T.);
#7220 = EDGE_CURVE('',#7213,#7221,#7223,.T.);
#7221 = VERTEX_POINT('',#7222);
#7222 = CARTESIAN_POINT('',(-0.3,0.3,0.9));
#7223 = LINE('',#7224,#7225);
#7224 = CARTESIAN_POINT('',(0.3,0.3,0.9));
#7225 = VECTOR('',#7226,1.);
#7226 = DIRECTION('',(-1.,1.110223024625E-16,0.));
#7227 = ORIENTED_EDGE('',*,*,#7228,.F.);
#7228 = EDGE_CURVE('',#4949,#7221,#7229,.T.);
#7229 = LINE('',#7230,#7231);
#7230 = CARTESIAN_POINT('',(-0.3,0.3,8.2));
#7231 = VECTOR('',#7232,1.);
#7232 = DIRECTION('',(0.,-0.,-1.));
#7233 = PLANE('',#7234);
#7234 = AXIS2_PLACEMENT_3D('',#7235,#7236,#7237);
#7235 = CARTESIAN_POINT('',(0.3,0.3,8.2));
#7236 = DIRECTION('',(1.110223024625E-16,1.,0.));
#7237 = DIRECTION('',(-1.,1.110223024625E-16,0.));
#7238 = ADVANCED_FACE('',(#7239),#7257,.F.);
#7239 = FACE_BOUND('',#7240,.F.);
#7240 = EDGE_LOOP('',(#7241,#7242,#7250,#7256));
#7241 = ORIENTED_EDGE('',*,*,#7228,.T.);
#7242 = ORIENTED_EDGE('',*,*,#7243,.T.);
#7243 = EDGE_CURVE('',#7221,#7244,#7246,.T.);
#7244 = VERTEX_POINT('',#7245);
#7245 = CARTESIAN_POINT('',(-0.3,-0.3,0.9));
#7246 = LINE('',#7247,#7248);
#7247 = CARTESIAN_POINT('',(-0.3,0.3,0.9));
#7248 = VECTOR('',#7249,1.);
#7249 = DIRECTION('',(-1.110223024625E-16,-1.,0.));
#7250 = ORIENTED_EDGE('',*,*,#7251,.F.);
#7251 = EDGE_CURVE('',#4973,#7244,#7252,.T.);
#7252 = LINE('',#7253,#7254);
#7253 = CARTESIAN_POINT('',(-0.3,-0.3,8.2));
#7254 = VECTOR('',#7255,1.);
#7255 = DIRECTION('',(0.,-0.,-1.));
#7256 = ORIENTED_EDGE('',*,*,#4980,.F.);
#7257 = PLANE('',#7258);
#7258 = AXIS2_PLACEMENT_3D('',#7259,#7260,#7261);
#7259 = CARTESIAN_POINT('',(-0.3,0.3,8.2));
#7260 = DIRECTION('',(-1.,1.110223024625E-16,0.));
#7261 = DIRECTION('',(-1.110223024625E-16,-1.,0.));
#7262 = ADVANCED_FACE('',(#7263),#7306,.F.);
#7263 = FACE_BOUND('',#7264,.F.);
#7264 = EDGE_LOOP('',(#7265,#7266,#7267,#7275,#7283,#7291,#7299,#7305));
#7265 = ORIENTED_EDGE('',*,*,#4997,.F.);
#7266 = ORIENTED_EDGE('',*,*,#7251,.T.);
#7267 = ORIENTED_EDGE('',*,*,#7268,.T.);
#7268 = EDGE_CURVE('',#7244,#7269,#7271,.T.);
#7269 = VERTEX_POINT('',#7270);
#7270 = CARTESIAN_POINT('',(-0.1,-0.3,0.9));
#7271 = LINE('',#7272,#7273);
#7272 = CARTESIAN_POINT('',(-0.3,-0.3,0.9));
#7273 = VECTOR('',#7274,1.);
#7274 = DIRECTION('',(1.,-1.110223024625E-16,0.));
#7275 = ORIENTED_EDGE('',*,*,#7276,.F.);
#7276 = EDGE_CURVE('',#7277,#7269,#7279,.T.);
#7277 = VERTEX_POINT('',#7278);
#7278 = CARTESIAN_POINT('',(-0.1,-0.3,7.4));
#7279 = LINE('',#7280,#7281);
#7280 = CARTESIAN_POINT('',(-0.1,-0.3,6.055738799212));
#7281 = VECTOR('',#7282,1.);
#7282 = DIRECTION('',(-0.,0.,-1.));
#7283 = ORIENTED_EDGE('',*,*,#7284,.T.);
#7284 = EDGE_CURVE('',#7277,#7285,#7287,.T.);
#7285 = VERTEX_POINT('',#7286);
#7286 = CARTESIAN_POINT('',(0.1,-0.3,7.4));
#7287 = LINE('',#7288,#7289);
#7288 = CARTESIAN_POINT('',(-0.1,-0.3,7.4));
#7289 = VECTOR('',#7290,1.);
#7290 = DIRECTION('',(1.,-1.110223024625E-16,0.));
#7291 = ORIENTED_EDGE('',*,*,#7292,.T.);
#7292 = EDGE_CURVE('',#7285,#7293,#7295,.T.);
#7293 = VERTEX_POINT('',#7294);
#7294 = CARTESIAN_POINT('',(0.1,-0.3,0.9));
#7295 = LINE('',#7296,#7297);
#7296 = CARTESIAN_POINT('',(0.1,-0.3,6.055738799212));
#7297 = VECTOR('',#7298,1.);
#7298 = DIRECTION('',(-0.,0.,-1.));
#7299 = ORIENTED_EDGE('',*,*,#7300,.T.);
#7300 = EDGE_CURVE('',#7293,#7156,#7301,.T.);
#7301 = LINE('',#7302,#7303);
#7302 = CARTESIAN_POINT('',(-0.3,-0.3,0.9));
#7303 = VECTOR('',#7304,1.);
#7304 = DIRECTION('',(1.,-1.110223024625E-16,0.));
#7305 = ORIENTED_EDGE('',*,*,#7155,.F.);
#7306 = PLANE('',#7307);
#7307 = AXIS2_PLACEMENT_3D('',#7308,#7309,#7310);
#7308 = CARTESIAN_POINT('',(-0.3,-0.3,8.2));
#7309 = DIRECTION('',(-1.110223024625E-16,-1.,0.));
#7310 = DIRECTION('',(1.,-1.110223024625E-16,0.));
#7311 = ADVANCED_FACE('',(#7312),#7323,.T.);
#7312 = FACE_BOUND('',#7313,.T.);
#7313 = EDGE_LOOP('',(#7314,#7320,#7321,#7322));
#7314 = ORIENTED_EDGE('',*,*,#7315,.T.);
#7315 = EDGE_CURVE('',#5093,#5029,#7316,.T.);
#7316 = LINE('',#7317,#7318);
#7317 = CARTESIAN_POINT('',(-0.1,-18.08,-2.5));
#7318 = VECTOR('',#7319,1.);
#7319 = DIRECTION('',(1.,-1.110223024625E-16,0.));
#7320 = ORIENTED_EDGE('',*,*,#5028,.T.);
#7321 = ORIENTED_EDGE('',*,*,#5013,.F.);
#7322 = ORIENTED_EDGE('',*,*,#5092,.F.);
#7323 = PLANE('',#7324);
#7324 = AXIS2_PLACEMENT_3D('',#7325,#7326,#7327);
#7325 = CARTESIAN_POINT('',(-0.1,-18.08,-2.5));
#7326 = DIRECTION('',(-1.110223024625E-16,-1.,0.));
#7327 = DIRECTION('',(0.,0.,1.));
#7328 = ADVANCED_FACE('',(#7329),#7340,.T.);
#7329 = FACE_BOUND('',#7330,.T.);
#7330 = EDGE_LOOP('',(#7331,#7337,#7338,#7339));
#7331 = ORIENTED_EDGE('',*,*,#7332,.T.);
#7332 = EDGE_CURVE('',#5118,#5054,#7333,.T.);
#7333 = LINE('',#7334,#7335);
#7334 = CARTESIAN_POINT('',(-0.1,-17.93,-3.1));
#7335 = VECTOR('',#7336,1.);
#7336 = DIRECTION('',(1.,-1.110223024625E-16,0.));
#7337 = ORIENTED_EDGE('',*,*,#5061,.T.);
#7338 = ORIENTED_EDGE('',*,*,#7315,.F.);
#7339 = ORIENTED_EDGE('',*,*,#5125,.F.);
#7340 = PLANE('',#7341);
#7341 = AXIS2_PLACEMENT_3D('',#7342,#7343,#7344);
#7342 = CARTESIAN_POINT('',(-0.1,-17.93,-3.1));
#7343 = DIRECTION('',(-1.077074540829E-16,-0.970142500145,
    -0.242535625036));
#7344 = DIRECTION('',(-2.692686352073E-17,-0.242535625036,0.970142500145
    ));
#7345 = ADVANCED_FACE('',(#7346),#7357,.T.);
#7346 = FACE_BOUND('',#7347,.T.);
#7347 = EDGE_LOOP('',(#7348,#7354,#7355,#7356));
#7348 = ORIENTED_EDGE('',*,*,#7349,.T.);
#7349 = EDGE_CURVE('',#5110,#5046,#7350,.T.);
#7350 = LINE('',#7351,#7352);
#7351 = CARTESIAN_POINT('',(-0.1,-17.63,-3.1));
#7352 = VECTOR('',#7353,1.);
#7353 = DIRECTION('',(1.,-1.110223024625E-16,0.));
#7354 = ORIENTED_EDGE('',*,*,#5053,.T.);
#7355 = ORIENTED_EDGE('',*,*,#7332,.F.);
#7356 = ORIENTED_EDGE('',*,*,#5117,.T.);
#7357 = PLANE('',#7358);
#7358 = AXIS2_PLACEMENT_3D('',#7359,#7360,#7361);
#7359 = CARTESIAN_POINT('',(-0.1,-17.63,-3.1));
#7360 = DIRECTION('',(0.,-0.,-1.));
#7361 = DIRECTION('',(-1.110223024625E-16,-1.,0.));
#7362 = ADVANCED_FACE('',(#7363),#7374,.T.);
#7363 = FACE_BOUND('',#7364,.T.);
#7364 = EDGE_LOOP('',(#7365,#7371,#7372,#7373));
#7365 = ORIENTED_EDGE('',*,*,#7366,.T.);
#7366 = EDGE_CURVE('',#5102,#5038,#7367,.T.);
#7367 = LINE('',#7368,#7369);
#7368 = CARTESIAN_POINT('',(-0.1,-17.48,-2.5));
#7369 = VECTOR('',#7370,1.);
#7370 = DIRECTION('',(1.,-1.110223024625E-16,0.));
#7371 = ORIENTED_EDGE('',*,*,#5045,.T.);
#7372 = ORIENTED_EDGE('',*,*,#7349,.F.);
#7373 = ORIENTED_EDGE('',*,*,#5109,.F.);
#7374 = PLANE('',#7375);
#7375 = AXIS2_PLACEMENT_3D('',#7376,#7377,#7378);
#7376 = CARTESIAN_POINT('',(-0.1,-17.48,-2.5));
#7377 = DIRECTION('',(1.077074540829E-16,0.970142500145,-0.242535625036)
  );
#7378 = DIRECTION('',(-2.692686352073E-17,-0.242535625036,
    -0.970142500145));
#7379 = ADVANCED_FACE('',(#7380),#7386,.T.);
#7380 = FACE_BOUND('',#7381,.T.);
#7381 = EDGE_LOOP('',(#7382,#7383,#7384,#7385));
#7382 = ORIENTED_EDGE('',*,*,#5075,.T.);
#7383 = ORIENTED_EDGE('',*,*,#5037,.T.);
#7384 = ORIENTED_EDGE('',*,*,#7366,.F.);
#7385 = ORIENTED_EDGE('',*,*,#5101,.F.);
#7386 = PLANE('',#7387);
#7387 = AXIS2_PLACEMENT_3D('',#7388,#7389,#7390);
#7388 = CARTESIAN_POINT('',(-0.1,-17.48,0.2));
#7389 = DIRECTION('',(1.110223024625E-16,1.,0.));
#7390 = DIRECTION('',(0.,0.,-1.));
#7391 = ADVANCED_FACE('',(#7392),#7403,.T.);
#7392 = FACE_BOUND('',#7393,.T.);
#7393 = EDGE_LOOP('',(#7394,#7400,#7401,#7402));
#7394 = ORIENTED_EDGE('',*,*,#7395,.T.);
#7395 = EDGE_CURVE('',#5221,#5157,#7396,.T.);
#7396 = LINE('',#7397,#7398);
#7397 = CARTESIAN_POINT('',(-0.1,-15.54,-2.5));
#7398 = VECTOR('',#7399,1.);
#7399 = DIRECTION('',(1.,-1.110223024625E-16,0.));
#7400 = ORIENTED_EDGE('',*,*,#5156,.T.);
#7401 = ORIENTED_EDGE('',*,*,#5141,.F.);
#7402 = ORIENTED_EDGE('',*,*,#5220,.F.);
#7403 = PLANE('',#7404);
#7404 = AXIS2_PLACEMENT_3D('',#7405,#7406,#7407);
#7405 = CARTESIAN_POINT('',(-0.1,-15.54,-2.5));
#7406 = DIRECTION('',(-1.110223024625E-16,-1.,0.));
#7407 = DIRECTION('',(0.,0.,1.));
#7408 = ADVANCED_FACE('',(#7409),#7420,.T.);
#7409 = FACE_BOUND('',#7410,.T.);
#7410 = EDGE_LOOP('',(#7411,#7417,#7418,#7419));
#7411 = ORIENTED_EDGE('',*,*,#7412,.T.);
#7412 = EDGE_CURVE('',#5246,#5182,#7413,.T.);
#7413 = LINE('',#7414,#7415);
#7414 = CARTESIAN_POINT('',(-0.1,-15.39,-3.1));
#7415 = VECTOR('',#7416,1.);
#7416 = DIRECTION('',(1.,-1.110223024625E-16,0.));
#7417 = ORIENTED_EDGE('',*,*,#5189,.T.);
#7418 = ORIENTED_EDGE('',*,*,#7395,.F.);
#7419 = ORIENTED_EDGE('',*,*,#5253,.F.);
#7420 = PLANE('',#7421);
#7421 = AXIS2_PLACEMENT_3D('',#7422,#7423,#7424);
#7422 = CARTESIAN_POINT('',(-0.1,-15.39,-3.1));
#7423 = DIRECTION('',(-1.077074540829E-16,-0.970142500145,
    -0.242535625036));
#7424 = DIRECTION('',(-2.692686352073E-17,-0.242535625036,0.970142500145
    ));
#7425 = ADVANCED_FACE('',(#7426),#7437,.T.);
#7426 = FACE_BOUND('',#7427,.T.);
#7427 = EDGE_LOOP('',(#7428,#7434,#7435,#7436));
#7428 = ORIENTED_EDGE('',*,*,#7429,.T.);
#7429 = EDGE_CURVE('',#5238,#5174,#7430,.T.);
#7430 = LINE('',#7431,#7432);
#7431 = CARTESIAN_POINT('',(-0.1,-15.09,-3.1));
#7432 = VECTOR('',#7433,1.);
#7433 = DIRECTION('',(1.,-1.110223024625E-16,0.));
#7434 = ORIENTED_EDGE('',*,*,#5181,.T.);
#7435 = ORIENTED_EDGE('',*,*,#7412,.F.);
#7436 = ORIENTED_EDGE('',*,*,#5245,.T.);
#7437 = PLANE('',#7438);
#7438 = AXIS2_PLACEMENT_3D('',#7439,#7440,#7441);
#7439 = CARTESIAN_POINT('',(-0.1,-15.09,-3.1));
#7440 = DIRECTION('',(0.,-0.,-1.));
#7441 = DIRECTION('',(-1.110223024625E-16,-1.,0.));
#7442 = ADVANCED_FACE('',(#7443),#7454,.T.);
#7443 = FACE_BOUND('',#7444,.T.);
#7444 = EDGE_LOOP('',(#7445,#7451,#7452,#7453));
#7445 = ORIENTED_EDGE('',*,*,#7446,.T.);
#7446 = EDGE_CURVE('',#5230,#5166,#7447,.T.);
#7447 = LINE('',#7448,#7449);
#7448 = CARTESIAN_POINT('',(-0.1,-14.94,-2.5));
#7449 = VECTOR('',#7450,1.);
#7450 = DIRECTION('',(1.,-1.110223024625E-16,0.));
#7451 = ORIENTED_EDGE('',*,*,#5173,.T.);
#7452 = ORIENTED_EDGE('',*,*,#7429,.F.);
#7453 = ORIENTED_EDGE('',*,*,#5237,.F.);
#7454 = PLANE('',#7455);
#7455 = AXIS2_PLACEMENT_3D('',#7456,#7457,#7458);
#7456 = CARTESIAN_POINT('',(-0.1,-14.94,-2.5));
#7457 = DIRECTION('',(1.077074540829E-16,0.970142500145,-0.242535625036)
  );
#7458 = DIRECTION('',(-2.692686352073E-17,-0.242535625036,
    -0.970142500145));
#7459 = ADVANCED_FACE('',(#7460),#7466,.T.);
#7460 = FACE_BOUND('',#7461,.T.);
#7461 = EDGE_LOOP('',(#7462,#7463,#7464,#7465));
#7462 = ORIENTED_EDGE('',*,*,#5203,.T.);
#7463 = ORIENTED_EDGE('',*,*,#5165,.T.);
#7464 = ORIENTED_EDGE('',*,*,#7446,.F.);
#7465 = ORIENTED_EDGE('',*,*,#5229,.F.);
#7466 = PLANE('',#7467);
#7467 = AXIS2_PLACEMENT_3D('',#7468,#7469,#7470);
#7468 = CARTESIAN_POINT('',(-0.1,-14.94,0.2));
#7469 = DIRECTION('',(1.110223024625E-16,1.,0.));
#7470 = DIRECTION('',(0.,0.,-1.));
#7471 = ADVANCED_FACE('',(#7472),#7483,.T.);
#7472 = FACE_BOUND('',#7473,.T.);
#7473 = EDGE_LOOP('',(#7474,#7480,#7481,#7482));
#7474 = ORIENTED_EDGE('',*,*,#7475,.T.);
#7475 = EDGE_CURVE('',#5349,#5285,#7476,.T.);
#7476 = LINE('',#7477,#7478);
#7477 = CARTESIAN_POINT('',(-0.1,-13.,-2.5));
#7478 = VECTOR('',#7479,1.);
#7479 = DIRECTION('',(1.,-1.110223024625E-16,0.));
#7480 = ORIENTED_EDGE('',*,*,#5284,.T.);
#7481 = ORIENTED_EDGE('',*,*,#5269,.F.);
#7482 = ORIENTED_EDGE('',*,*,#5348,.F.);
#7483 = PLANE('',#7484);
#7484 = AXIS2_PLACEMENT_3D('',#7485,#7486,#7487);
#7485 = CARTESIAN_POINT('',(-0.1,-13.,-2.5));
#7486 = DIRECTION('',(-1.110223024625E-16,-1.,0.));
#7487 = DIRECTION('',(0.,0.,1.));
#7488 = ADVANCED_FACE('',(#7489),#7500,.T.);
#7489 = FACE_BOUND('',#7490,.T.);
#7490 = EDGE_LOOP('',(#7491,#7497,#7498,#7499));
#7491 = ORIENTED_EDGE('',*,*,#7492,.T.);
#7492 = EDGE_CURVE('',#5374,#5310,#7493,.T.);
#7493 = LINE('',#7494,#7495);
#7494 = CARTESIAN_POINT('',(-0.1,-12.85,-3.1));
#7495 = VECTOR('',#7496,1.);
#7496 = DIRECTION('',(1.,-1.110223024625E-16,0.));
#7497 = ORIENTED_EDGE('',*,*,#5317,.T.);
#7498 = ORIENTED_EDGE('',*,*,#7475,.F.);
#7499 = ORIENTED_EDGE('',*,*,#5381,.F.);
#7500 = PLANE('',#7501);
#7501 = AXIS2_PLACEMENT_3D('',#7502,#7503,#7504);
#7502 = CARTESIAN_POINT('',(-0.1,-12.85,-3.1));
#7503 = DIRECTION('',(-1.077074540829E-16,-0.970142500145,
    -0.242535625036));
#7504 = DIRECTION('',(-2.692686352073E-17,-0.242535625036,0.970142500145
    ));
#7505 = ADVANCED_FACE('',(#7506),#7517,.T.);
#7506 = FACE_BOUND('',#7507,.T.);
#7507 = EDGE_LOOP('',(#7508,#7514,#7515,#7516));
#7508 = ORIENTED_EDGE('',*,*,#7509,.T.);
#7509 = EDGE_CURVE('',#5366,#5302,#7510,.T.);
#7510 = LINE('',#7511,#7512);
#7511 = CARTESIAN_POINT('',(-0.1,-12.55,-3.1));
#7512 = VECTOR('',#7513,1.);
#7513 = DIRECTION('',(1.,-1.110223024625E-16,0.));
#7514 = ORIENTED_EDGE('',*,*,#5309,.T.);
#7515 = ORIENTED_EDGE('',*,*,#7492,.F.);
#7516 = ORIENTED_EDGE('',*,*,#5373,.T.);
#7517 = PLANE('',#7518);
#7518 = AXIS2_PLACEMENT_3D('',#7519,#7520,#7521);
#7519 = CARTESIAN_POINT('',(-0.1,-12.55,-3.1));
#7520 = DIRECTION('',(0.,-0.,-1.));
#7521 = DIRECTION('',(-1.110223024625E-16,-1.,0.));
#7522 = ADVANCED_FACE('',(#7523),#7534,.T.);
#7523 = FACE_BOUND('',#7524,.T.);
#7524 = EDGE_LOOP('',(#7525,#7531,#7532,#7533));
#7525 = ORIENTED_EDGE('',*,*,#7526,.T.);
#7526 = EDGE_CURVE('',#5358,#5294,#7527,.T.);
#7527 = LINE('',#7528,#7529);
#7528 = CARTESIAN_POINT('',(-0.1,-12.4,-2.5));
#7529 = VECTOR('',#7530,1.);
#7530 = DIRECTION('',(1.,-1.110223024625E-16,0.));
#7531 = ORIENTED_EDGE('',*,*,#5301,.T.);
#7532 = ORIENTED_EDGE('',*,*,#7509,.F.);
#7533 = ORIENTED_EDGE('',*,*,#5365,.F.);
#7534 = PLANE('',#7535);
#7535 = AXIS2_PLACEMENT_3D('',#7536,#7537,#7538);
#7536 = CARTESIAN_POINT('',(-0.1,-12.4,-2.5));
#7537 = DIRECTION('',(1.077074540829E-16,0.970142500145,-0.242535625036)
  );
#7538 = DIRECTION('',(-2.692686352073E-17,-0.242535625036,
    -0.970142500145));
#7539 = ADVANCED_FACE('',(#7540),#7546,.T.);
#7540 = FACE_BOUND('',#7541,.T.);
#7541 = EDGE_LOOP('',(#7542,#7543,#7544,#7545));
#7542 = ORIENTED_EDGE('',*,*,#5331,.T.);
#7543 = ORIENTED_EDGE('',*,*,#5293,.T.);
#7544 = ORIENTED_EDGE('',*,*,#7526,.F.);
#7545 = ORIENTED_EDGE('',*,*,#5357,.F.);
#7546 = PLANE('',#7547);
#7547 = AXIS2_PLACEMENT_3D('',#7548,#7549,#7550);
#7548 = CARTESIAN_POINT('',(-0.1,-12.4,0.2));
#7549 = DIRECTION('',(1.110223024625E-16,1.,0.));
#7550 = DIRECTION('',(0.,0.,-1.));
#7551 = ADVANCED_FACE('',(#7552),#7563,.T.);
#7552 = FACE_BOUND('',#7553,.T.);
#7553 = EDGE_LOOP('',(#7554,#7560,#7561,#7562));
#7554 = ORIENTED_EDGE('',*,*,#7555,.T.);
#7555 = EDGE_CURVE('',#5477,#5413,#7556,.T.);
#7556 = LINE('',#7557,#7558);
#7557 = CARTESIAN_POINT('',(-0.1,-10.46,-2.5));
#7558 = VECTOR('',#7559,1.);
#7559 = DIRECTION('',(1.,-1.110223024625E-16,0.));
#7560 = ORIENTED_EDGE('',*,*,#5412,.T.);
#7561 = ORIENTED_EDGE('',*,*,#5397,.F.);
#7562 = ORIENTED_EDGE('',*,*,#5476,.F.);
#7563 = PLANE('',#7564);
#7564 = AXIS2_PLACEMENT_3D('',#7565,#7566,#7567);
#7565 = CARTESIAN_POINT('',(-0.1,-10.46,-2.5));
#7566 = DIRECTION('',(-1.110223024625E-16,-1.,0.));
#7567 = DIRECTION('',(0.,0.,1.));
#7568 = ADVANCED_FACE('',(#7569),#7580,.T.);
#7569 = FACE_BOUND('',#7570,.T.);
#7570 = EDGE_LOOP('',(#7571,#7577,#7578,#7579));
#7571 = ORIENTED_EDGE('',*,*,#7572,.T.);
#7572 = EDGE_CURVE('',#5502,#5438,#7573,.T.);
#7573 = LINE('',#7574,#7575);
#7574 = CARTESIAN_POINT('',(-0.1,-10.31,-3.1));
#7575 = VECTOR('',#7576,1.);
#7576 = DIRECTION('',(1.,-1.110223024625E-16,0.));
#7577 = ORIENTED_EDGE('',*,*,#5445,.T.);
#7578 = ORIENTED_EDGE('',*,*,#7555,.F.);
#7579 = ORIENTED_EDGE('',*,*,#5509,.F.);
#7580 = PLANE('',#7581);
#7581 = AXIS2_PLACEMENT_3D('',#7582,#7583,#7584);
#7582 = CARTESIAN_POINT('',(-0.1,-10.31,-3.1));
#7583 = DIRECTION('',(-1.077074540829E-16,-0.970142500145,
    -0.242535625036));
#7584 = DIRECTION('',(-2.692686352073E-17,-0.242535625036,0.970142500145
    ));
#7585 = ADVANCED_FACE('',(#7586),#7597,.T.);
#7586 = FACE_BOUND('',#7587,.T.);
#7587 = EDGE_LOOP('',(#7588,#7594,#7595,#7596));
#7588 = ORIENTED_EDGE('',*,*,#7589,.T.);
#7589 = EDGE_CURVE('',#5494,#5430,#7590,.T.);
#7590 = LINE('',#7591,#7592);
#7591 = CARTESIAN_POINT('',(-0.1,-10.01,-3.1));
#7592 = VECTOR('',#7593,1.);
#7593 = DIRECTION('',(1.,-1.110223024625E-16,0.));
#7594 = ORIENTED_EDGE('',*,*,#5437,.T.);
#7595 = ORIENTED_EDGE('',*,*,#7572,.F.);
#7596 = ORIENTED_EDGE('',*,*,#5501,.T.);
#7597 = PLANE('',#7598);
#7598 = AXIS2_PLACEMENT_3D('',#7599,#7600,#7601);
#7599 = CARTESIAN_POINT('',(-0.1,-10.01,-3.1));
#7600 = DIRECTION('',(0.,-0.,-1.));
#7601 = DIRECTION('',(-1.110223024625E-16,-1.,0.));
#7602 = ADVANCED_FACE('',(#7603),#7614,.T.);
#7603 = FACE_BOUND('',#7604,.T.);
#7604 = EDGE_LOOP('',(#7605,#7611,#7612,#7613));
#7605 = ORIENTED_EDGE('',*,*,#7606,.T.);
#7606 = EDGE_CURVE('',#5486,#5422,#7607,.T.);
#7607 = LINE('',#7608,#7609);
#7608 = CARTESIAN_POINT('',(-0.1,-9.86,-2.5));
#7609 = VECTOR('',#7610,1.);
#7610 = DIRECTION('',(1.,-1.110223024625E-16,0.));
#7611 = ORIENTED_EDGE('',*,*,#5429,.T.);
#7612 = ORIENTED_EDGE('',*,*,#7589,.F.);
#7613 = ORIENTED_EDGE('',*,*,#5493,.F.);
#7614 = PLANE('',#7615);
#7615 = AXIS2_PLACEMENT_3D('',#7616,#7617,#7618);
#7616 = CARTESIAN_POINT('',(-0.1,-9.86,-2.5));
#7617 = DIRECTION('',(1.077074540829E-16,0.970142500145,-0.242535625036)
  );
#7618 = DIRECTION('',(-2.692686352073E-17,-0.242535625036,
    -0.970142500145));
#7619 = ADVANCED_FACE('',(#7620),#7626,.T.);
#7620 = FACE_BOUND('',#7621,.T.);
#7621 = EDGE_LOOP('',(#7622,#7623,#7624,#7625));
#7622 = ORIENTED_EDGE('',*,*,#5459,.T.);
#7623 = ORIENTED_EDGE('',*,*,#5421,.T.);
#7624 = ORIENTED_EDGE('',*,*,#7606,.F.);
#7625 = ORIENTED_EDGE('',*,*,#5485,.F.);
#7626 = PLANE('',#7627);
#7627 = AXIS2_PLACEMENT_3D('',#7628,#7629,#7630);
#7628 = CARTESIAN_POINT('',(-0.1,-9.86,0.2));
#7629 = DIRECTION('',(1.110223024625E-16,1.,0.));
#7630 = DIRECTION('',(0.,0.,-1.));
#7631 = ADVANCED_FACE('',(#7632),#7643,.T.);
#7632 = FACE_BOUND('',#7633,.T.);
#7633 = EDGE_LOOP('',(#7634,#7640,#7641,#7642));
#7634 = ORIENTED_EDGE('',*,*,#7635,.T.);
#7635 = EDGE_CURVE('',#5605,#5541,#7636,.T.);
#7636 = LINE('',#7637,#7638);
#7637 = CARTESIAN_POINT('',(-0.1,-7.92,-2.5));
#7638 = VECTOR('',#7639,1.);
#7639 = DIRECTION('',(1.,-1.110223024625E-16,0.));
#7640 = ORIENTED_EDGE('',*,*,#5540,.T.);
#7641 = ORIENTED_EDGE('',*,*,#5525,.F.);
#7642 = ORIENTED_EDGE('',*,*,#5604,.F.);
#7643 = PLANE('',#7644);
#7644 = AXIS2_PLACEMENT_3D('',#7645,#7646,#7647);
#7645 = CARTESIAN_POINT('',(-0.1,-7.92,-2.5));
#7646 = DIRECTION('',(-1.110223024625E-16,-1.,0.));
#7647 = DIRECTION('',(0.,0.,1.));
#7648 = ADVANCED_FACE('',(#7649),#7660,.T.);
#7649 = FACE_BOUND('',#7650,.T.);
#7650 = EDGE_LOOP('',(#7651,#7657,#7658,#7659));
#7651 = ORIENTED_EDGE('',*,*,#7652,.T.);
#7652 = EDGE_CURVE('',#5630,#5566,#7653,.T.);
#7653 = LINE('',#7654,#7655);
#7654 = CARTESIAN_POINT('',(-0.1,-7.77,-3.1));
#7655 = VECTOR('',#7656,1.);
#7656 = DIRECTION('',(1.,-1.110223024625E-16,0.));
#7657 = ORIENTED_EDGE('',*,*,#5573,.T.);
#7658 = ORIENTED_EDGE('',*,*,#7635,.F.);
#7659 = ORIENTED_EDGE('',*,*,#5637,.F.);
#7660 = PLANE('',#7661);
#7661 = AXIS2_PLACEMENT_3D('',#7662,#7663,#7664);
#7662 = CARTESIAN_POINT('',(-0.1,-7.77,-3.1));
#7663 = DIRECTION('',(-1.077074540829E-16,-0.970142500145,
    -0.242535625036));
#7664 = DIRECTION('',(-2.692686352073E-17,-0.242535625036,0.970142500145
    ));
#7665 = ADVANCED_FACE('',(#7666),#7677,.T.);
#7666 = FACE_BOUND('',#7667,.T.);
#7667 = EDGE_LOOP('',(#7668,#7674,#7675,#7676));
#7668 = ORIENTED_EDGE('',*,*,#7669,.T.);
#7669 = EDGE_CURVE('',#5622,#5558,#7670,.T.);
#7670 = LINE('',#7671,#7672);
#7671 = CARTESIAN_POINT('',(-0.1,-7.47,-3.1));
#7672 = VECTOR('',#7673,1.);
#7673 = DIRECTION('',(1.,-1.110223024625E-16,0.));
#7674 = ORIENTED_EDGE('',*,*,#5565,.T.);
#7675 = ORIENTED_EDGE('',*,*,#7652,.F.);
#7676 = ORIENTED_EDGE('',*,*,#5629,.T.);
#7677 = PLANE('',#7678);
#7678 = AXIS2_PLACEMENT_3D('',#7679,#7680,#7681);
#7679 = CARTESIAN_POINT('',(-0.1,-7.47,-3.1));
#7680 = DIRECTION('',(0.,-0.,-1.));
#7681 = DIRECTION('',(-1.110223024625E-16,-1.,0.));
#7682 = ADVANCED_FACE('',(#7683),#7694,.T.);
#7683 = FACE_BOUND('',#7684,.T.);
#7684 = EDGE_LOOP('',(#7685,#7691,#7692,#7693));
#7685 = ORIENTED_EDGE('',*,*,#7686,.T.);
#7686 = EDGE_CURVE('',#5614,#5550,#7687,.T.);
#7687 = LINE('',#7688,#7689);
#7688 = CARTESIAN_POINT('',(-0.1,-7.32,-2.5));
#7689 = VECTOR('',#7690,1.);
#7690 = DIRECTION('',(1.,-1.110223024625E-16,0.));
#7691 = ORIENTED_EDGE('',*,*,#5557,.T.);
#7692 = ORIENTED_EDGE('',*,*,#7669,.F.);
#7693 = ORIENTED_EDGE('',*,*,#5621,.F.);
#7694 = PLANE('',#7695);
#7695 = AXIS2_PLACEMENT_3D('',#7696,#7697,#7698);
#7696 = CARTESIAN_POINT('',(-0.1,-7.32,-2.5));
#7697 = DIRECTION('',(1.077074540829E-16,0.970142500145,-0.242535625036)
  );
#7698 = DIRECTION('',(-2.692686352073E-17,-0.242535625036,
    -0.970142500145));
#7699 = ADVANCED_FACE('',(#7700),#7706,.T.);
#7700 = FACE_BOUND('',#7701,.T.);
#7701 = EDGE_LOOP('',(#7702,#7703,#7704,#7705));
#7702 = ORIENTED_EDGE('',*,*,#5587,.T.);
#7703 = ORIENTED_EDGE('',*,*,#5549,.T.);
#7704 = ORIENTED_EDGE('',*,*,#7686,.F.);
#7705 = ORIENTED_EDGE('',*,*,#5613,.F.);
#7706 = PLANE('',#7707);
#7707 = AXIS2_PLACEMENT_3D('',#7708,#7709,#7710);
#7708 = CARTESIAN_POINT('',(-0.1,-7.32,0.2));
#7709 = DIRECTION('',(1.110223024625E-16,1.,0.));
#7710 = DIRECTION('',(0.,0.,-1.));
#7711 = ADVANCED_FACE('',(#7712),#7723,.T.);
#7712 = FACE_BOUND('',#7713,.T.);
#7713 = EDGE_LOOP('',(#7714,#7720,#7721,#7722));
#7714 = ORIENTED_EDGE('',*,*,#7715,.T.);
#7715 = EDGE_CURVE('',#5733,#5669,#7716,.T.);
#7716 = LINE('',#7717,#7718);
#7717 = CARTESIAN_POINT('',(-0.1,-5.38,-2.5));
#7718 = VECTOR('',#7719,1.);
#7719 = DIRECTION('',(1.,-1.110223024625E-16,0.));
#7720 = ORIENTED_EDGE('',*,*,#5668,.T.);
#7721 = ORIENTED_EDGE('',*,*,#5653,.F.);
#7722 = ORIENTED_EDGE('',*,*,#5732,.F.);
#7723 = PLANE('',#7724);
#7724 = AXIS2_PLACEMENT_3D('',#7725,#7726,#7727);
#7725 = CARTESIAN_POINT('',(-0.1,-5.38,-2.5));
#7726 = DIRECTION('',(-1.110223024625E-16,-1.,0.));
#7727 = DIRECTION('',(0.,0.,1.));
#7728 = ADVANCED_FACE('',(#7729),#7740,.T.);
#7729 = FACE_BOUND('',#7730,.T.);
#7730 = EDGE_LOOP('',(#7731,#7737,#7738,#7739));
#7731 = ORIENTED_EDGE('',*,*,#7732,.T.);
#7732 = EDGE_CURVE('',#5758,#5694,#7733,.T.);
#7733 = LINE('',#7734,#7735);
#7734 = CARTESIAN_POINT('',(-0.1,-5.23,-3.1));
#7735 = VECTOR('',#7736,1.);
#7736 = DIRECTION('',(1.,-1.110223024625E-16,0.));
#7737 = ORIENTED_EDGE('',*,*,#5701,.T.);
#7738 = ORIENTED_EDGE('',*,*,#7715,.F.);
#7739 = ORIENTED_EDGE('',*,*,#5765,.F.);
#7740 = PLANE('',#7741);
#7741 = AXIS2_PLACEMENT_3D('',#7742,#7743,#7744);
#7742 = CARTESIAN_POINT('',(-0.1,-5.23,-3.1));
#7743 = DIRECTION('',(-1.077074540829E-16,-0.970142500145,
    -0.242535625036));
#7744 = DIRECTION('',(-2.692686352073E-17,-0.242535625036,0.970142500145
    ));
#7745 = ADVANCED_FACE('',(#7746),#7757,.T.);
#7746 = FACE_BOUND('',#7747,.T.);
#7747 = EDGE_LOOP('',(#7748,#7754,#7755,#7756));
#7748 = ORIENTED_EDGE('',*,*,#7749,.T.);
#7749 = EDGE_CURVE('',#5750,#5686,#7750,.T.);
#7750 = LINE('',#7751,#7752);
#7751 = CARTESIAN_POINT('',(-0.1,-4.93,-3.1));
#7752 = VECTOR('',#7753,1.);
#7753 = DIRECTION('',(1.,-1.110223024625E-16,0.));
#7754 = ORIENTED_EDGE('',*,*,#5693,.T.);
#7755 = ORIENTED_EDGE('',*,*,#7732,.F.);
#7756 = ORIENTED_EDGE('',*,*,#5757,.T.);
#7757 = PLANE('',#7758);
#7758 = AXIS2_PLACEMENT_3D('',#7759,#7760,#7761);
#7759 = CARTESIAN_POINT('',(-0.1,-4.93,-3.1));
#7760 = DIRECTION('',(0.,-0.,-1.));
#7761 = DIRECTION('',(-1.110223024625E-16,-1.,0.));
#7762 = ADVANCED_FACE('',(#7763),#7774,.T.);
#7763 = FACE_BOUND('',#7764,.T.);
#7764 = EDGE_LOOP('',(#7765,#7771,#7772,#7773));
#7765 = ORIENTED_EDGE('',*,*,#7766,.T.);
#7766 = EDGE_CURVE('',#5742,#5678,#7767,.T.);
#7767 = LINE('',#7768,#7769);
#7768 = CARTESIAN_POINT('',(-0.1,-4.78,-2.5));
#7769 = VECTOR('',#7770,1.);
#7770 = DIRECTION('',(1.,-1.110223024625E-16,0.));
#7771 = ORIENTED_EDGE('',*,*,#5685,.T.);
#7772 = ORIENTED_EDGE('',*,*,#7749,.F.);
#7773 = ORIENTED_EDGE('',*,*,#5749,.F.);
#7774 = PLANE('',#7775);
#7775 = AXIS2_PLACEMENT_3D('',#7776,#7777,#7778);
#7776 = CARTESIAN_POINT('',(-0.1,-4.78,-2.5));
#7777 = DIRECTION('',(1.077074540829E-16,0.970142500145,-0.242535625036)
  );
#7778 = DIRECTION('',(-2.692686352073E-17,-0.242535625036,
    -0.970142500145));
#7779 = ADVANCED_FACE('',(#7780),#7786,.T.);
#7780 = FACE_BOUND('',#7781,.T.);
#7781 = EDGE_LOOP('',(#7782,#7783,#7784,#7785));
#7782 = ORIENTED_EDGE('',*,*,#5715,.T.);
#7783 = ORIENTED_EDGE('',*,*,#5677,.T.);
#7784 = ORIENTED_EDGE('',*,*,#7766,.F.);
#7785 = ORIENTED_EDGE('',*,*,#5741,.F.);
#7786 = PLANE('',#7787);
#7787 = AXIS2_PLACEMENT_3D('',#7788,#7789,#7790);
#7788 = CARTESIAN_POINT('',(-0.1,-4.78,0.2));
#7789 = DIRECTION('',(1.110223024625E-16,1.,0.));
#7790 = DIRECTION('',(0.,0.,-1.));
#7791 = ADVANCED_FACE('',(#7792),#7803,.T.);
#7792 = FACE_BOUND('',#7793,.T.);
#7793 = EDGE_LOOP('',(#7794,#7800,#7801,#7802));
#7794 = ORIENTED_EDGE('',*,*,#7795,.T.);
#7795 = EDGE_CURVE('',#5861,#5797,#7796,.T.);
#7796 = LINE('',#7797,#7798);
#7797 = CARTESIAN_POINT('',(-0.1,-2.84,-2.5));
#7798 = VECTOR('',#7799,1.);
#7799 = DIRECTION('',(1.,-1.110223024625E-16,0.));
#7800 = ORIENTED_EDGE('',*,*,#5796,.T.);
#7801 = ORIENTED_EDGE('',*,*,#5781,.F.);
#7802 = ORIENTED_EDGE('',*,*,#5860,.F.);
#7803 = PLANE('',#7804);
#7804 = AXIS2_PLACEMENT_3D('',#7805,#7806,#7807);
#7805 = CARTESIAN_POINT('',(-0.1,-2.84,-2.5));
#7806 = DIRECTION('',(-1.110223024625E-16,-1.,0.));
#7807 = DIRECTION('',(0.,0.,1.));
#7808 = ADVANCED_FACE('',(#7809),#7820,.T.);
#7809 = FACE_BOUND('',#7810,.T.);
#7810 = EDGE_LOOP('',(#7811,#7817,#7818,#7819));
#7811 = ORIENTED_EDGE('',*,*,#7812,.T.);
#7812 = EDGE_CURVE('',#5886,#5822,#7813,.T.);
#7813 = LINE('',#7814,#7815);
#7814 = CARTESIAN_POINT('',(-0.1,-2.69,-3.1));
#7815 = VECTOR('',#7816,1.);
#7816 = DIRECTION('',(1.,-1.110223024625E-16,0.));
#7817 = ORIENTED_EDGE('',*,*,#5829,.T.);
#7818 = ORIENTED_EDGE('',*,*,#7795,.F.);
#7819 = ORIENTED_EDGE('',*,*,#5893,.F.);
#7820 = PLANE('',#7821);
#7821 = AXIS2_PLACEMENT_3D('',#7822,#7823,#7824);
#7822 = CARTESIAN_POINT('',(-0.1,-2.69,-3.1));
#7823 = DIRECTION('',(-1.077074540829E-16,-0.970142500145,
    -0.242535625036));
#7824 = DIRECTION('',(-2.692686352073E-17,-0.242535625036,0.970142500145
    ));
#7825 = ADVANCED_FACE('',(#7826),#7837,.T.);
#7826 = FACE_BOUND('',#7827,.T.);
#7827 = EDGE_LOOP('',(#7828,#7834,#7835,#7836));
#7828 = ORIENTED_EDGE('',*,*,#7829,.T.);
#7829 = EDGE_CURVE('',#5878,#5814,#7830,.T.);
#7830 = LINE('',#7831,#7832);
#7831 = CARTESIAN_POINT('',(-0.1,-2.39,-3.1));
#7832 = VECTOR('',#7833,1.);
#7833 = DIRECTION('',(1.,-1.110223024625E-16,0.));
#7834 = ORIENTED_EDGE('',*,*,#5821,.T.);
#7835 = ORIENTED_EDGE('',*,*,#7812,.F.);
#7836 = ORIENTED_EDGE('',*,*,#5885,.T.);
#7837 = PLANE('',#7838);
#7838 = AXIS2_PLACEMENT_3D('',#7839,#7840,#7841);
#7839 = CARTESIAN_POINT('',(-0.1,-2.39,-3.1));
#7840 = DIRECTION('',(0.,-0.,-1.));
#7841 = DIRECTION('',(-1.110223024625E-16,-1.,0.));
#7842 = ADVANCED_FACE('',(#7843),#7854,.T.);
#7843 = FACE_BOUND('',#7844,.T.);
#7844 = EDGE_LOOP('',(#7845,#7851,#7852,#7853));
#7845 = ORIENTED_EDGE('',*,*,#7846,.T.);
#7846 = EDGE_CURVE('',#5870,#5806,#7847,.T.);
#7847 = LINE('',#7848,#7849);
#7848 = CARTESIAN_POINT('',(-0.1,-2.24,-2.5));
#7849 = VECTOR('',#7850,1.);
#7850 = DIRECTION('',(1.,-1.110223024625E-16,0.));
#7851 = ORIENTED_EDGE('',*,*,#5813,.T.);
#7852 = ORIENTED_EDGE('',*,*,#7829,.F.);
#7853 = ORIENTED_EDGE('',*,*,#5877,.F.);
#7854 = PLANE('',#7855);
#7855 = AXIS2_PLACEMENT_3D('',#7856,#7857,#7858);
#7856 = CARTESIAN_POINT('',(-0.1,-2.24,-2.5));
#7857 = DIRECTION('',(1.077074540829E-16,0.970142500145,-0.242535625036)
  );
#7858 = DIRECTION('',(-2.692686352073E-17,-0.242535625036,
    -0.970142500145));
#7859 = ADVANCED_FACE('',(#7860),#7866,.T.);
#7860 = FACE_BOUND('',#7861,.T.);
#7861 = EDGE_LOOP('',(#7862,#7863,#7864,#7865));
#7862 = ORIENTED_EDGE('',*,*,#5843,.T.);
#7863 = ORIENTED_EDGE('',*,*,#5805,.T.);
#7864 = ORIENTED_EDGE('',*,*,#7846,.F.);
#7865 = ORIENTED_EDGE('',*,*,#5869,.F.);
#7866 = PLANE('',#7867);
#7867 = AXIS2_PLACEMENT_3D('',#7868,#7869,#7870);
#7868 = CARTESIAN_POINT('',(-0.1,-2.24,0.2));
#7869 = DIRECTION('',(1.110223024625E-16,1.,0.));
#7870 = DIRECTION('',(0.,0.,-1.));
#7871 = ADVANCED_FACE('',(#7872),#7883,.T.);
#7872 = FACE_BOUND('',#7873,.T.);
#7873 = EDGE_LOOP('',(#7874,#7880,#7881,#7882));
#7874 = ORIENTED_EDGE('',*,*,#7875,.T.);
#7875 = EDGE_CURVE('',#5989,#5925,#7876,.T.);
#7876 = LINE('',#7877,#7878);
#7877 = CARTESIAN_POINT('',(-0.1,-0.3,-2.5));
#7878 = VECTOR('',#7879,1.);
#7879 = DIRECTION('',(1.,-1.110223024625E-16,0.));
#7880 = ORIENTED_EDGE('',*,*,#5924,.T.);
#7881 = ORIENTED_EDGE('',*,*,#5909,.F.);
#7882 = ORIENTED_EDGE('',*,*,#5988,.F.);
#7883 = PLANE('',#7884);
#7884 = AXIS2_PLACEMENT_3D('',#7885,#7886,#7887);
#7885 = CARTESIAN_POINT('',(-0.1,-0.3,-2.5));
#7886 = DIRECTION('',(-1.110223024625E-16,-1.,0.));
#7887 = DIRECTION('',(0.,0.,1.));
#7888 = ADVANCED_FACE('',(#7889),#7900,.T.);
#7889 = FACE_BOUND('',#7890,.T.);
#7890 = EDGE_LOOP('',(#7891,#7897,#7898,#7899));
#7891 = ORIENTED_EDGE('',*,*,#7892,.T.);
#7892 = EDGE_CURVE('',#6014,#5950,#7893,.T.);
#7893 = LINE('',#7894,#7895);
#7894 = CARTESIAN_POINT('',(-0.1,-0.15,-3.1));
#7895 = VECTOR('',#7896,1.);
#7896 = DIRECTION('',(1.,-1.110223024625E-16,0.));
#7897 = ORIENTED_EDGE('',*,*,#5957,.T.);
#7898 = ORIENTED_EDGE('',*,*,#7875,.F.);
#7899 = ORIENTED_EDGE('',*,*,#6021,.F.);
#7900 = PLANE('',#7901);
#7901 = AXIS2_PLACEMENT_3D('',#7902,#7903,#7904);
#7902 = CARTESIAN_POINT('',(-0.1,-0.15,-3.1));
#7903 = DIRECTION('',(-1.077074540829E-16,-0.970142500145,
    -0.242535625036));
#7904 = DIRECTION('',(-2.692686352073E-17,-0.242535625036,0.970142500145
    ));
#7905 = ADVANCED_FACE('',(#7906),#7917,.T.);
#7906 = FACE_BOUND('',#7907,.T.);
#7907 = EDGE_LOOP('',(#7908,#7914,#7915,#7916));
#7908 = ORIENTED_EDGE('',*,*,#7909,.T.);
#7909 = EDGE_CURVE('',#6006,#5942,#7910,.T.);
#7910 = LINE('',#7911,#7912);
#7911 = CARTESIAN_POINT('',(-0.1,0.15,-3.1));
#7912 = VECTOR('',#7913,1.);
#7913 = DIRECTION('',(1.,-1.110223024625E-16,0.));
#7914 = ORIENTED_EDGE('',*,*,#5949,.T.);
#7915 = ORIENTED_EDGE('',*,*,#7892,.F.);
#7916 = ORIENTED_EDGE('',*,*,#6013,.T.);
#7917 = PLANE('',#7918);
#7918 = AXIS2_PLACEMENT_3D('',#7919,#7920,#7921);
#7919 = CARTESIAN_POINT('',(-0.1,0.15,-3.1));
#7920 = DIRECTION('',(0.,-0.,-1.));
#7921 = DIRECTION('',(-1.110223024625E-16,-1.,0.));
#7922 = ADVANCED_FACE('',(#7923),#7934,.T.);
#7923 = FACE_BOUND('',#7924,.T.);
#7924 = EDGE_LOOP('',(#7925,#7931,#7932,#7933));
#7925 = ORIENTED_EDGE('',*,*,#7926,.T.);
#7926 = EDGE_CURVE('',#5998,#5934,#7927,.T.);
#7927 = LINE('',#7928,#7929);
#7928 = CARTESIAN_POINT('',(-0.1,0.3,-2.5));
#7929 = VECTOR('',#7930,1.);
#7930 = DIRECTION('',(1.,-1.110223024625E-16,0.));
#7931 = ORIENTED_EDGE('',*,*,#5941,.T.);
#7932 = ORIENTED_EDGE('',*,*,#7909,.F.);
#7933 = ORIENTED_EDGE('',*,*,#6005,.F.);
#7934 = PLANE('',#7935);
#7935 = AXIS2_PLACEMENT_3D('',#7936,#7937,#7938);
#7936 = CARTESIAN_POINT('',(-0.1,0.3,-2.5));
#7937 = DIRECTION('',(1.077074540829E-16,0.970142500145,-0.242535625036)
  );
#7938 = DIRECTION('',(-2.692686352073E-17,-0.242535625036,
    -0.970142500145));
#7939 = ADVANCED_FACE('',(#7940),#7946,.T.);
#7940 = FACE_BOUND('',#7941,.T.);
#7941 = EDGE_LOOP('',(#7942,#7943,#7944,#7945));
#7942 = ORIENTED_EDGE('',*,*,#5971,.T.);
#7943 = ORIENTED_EDGE('',*,*,#5933,.T.);
#7944 = ORIENTED_EDGE('',*,*,#7926,.F.);
#7945 = ORIENTED_EDGE('',*,*,#5997,.F.);
#7946 = PLANE('',#7947);
#7947 = AXIS2_PLACEMENT_3D('',#7948,#7949,#7950);
#7948 = CARTESIAN_POINT('',(-0.1,0.3,0.2));
#7949 = DIRECTION('',(1.110223024625E-16,1.,0.));
#7950 = DIRECTION('',(0.,0.,-1.));
#7951 = ADVANCED_FACE('',(#7952),#7963,.T.);
#7952 = FACE_BOUND('',#7953,.T.);
#7953 = EDGE_LOOP('',(#7954,#7955,#7956,#7957));
#7954 = ORIENTED_EDGE('',*,*,#6180,.T.);
#7955 = ORIENTED_EDGE('',*,*,#6043,.T.);
#7956 = ORIENTED_EDGE('',*,*,#6068,.T.);
#7957 = ORIENTED_EDGE('',*,*,#7958,.T.);
#7958 = EDGE_CURVE('',#6069,#6173,#7959,.T.);
#7959 = LINE('',#7960,#7961);
#7960 = CARTESIAN_POINT('',(0.1,-17.78,0.9));
#7961 = VECTOR('',#7962,1.);
#7962 = DIRECTION('',(-1.110223024625E-16,-1.,0.));
#7963 = PLANE('',#7964);
#7964 = AXIS2_PLACEMENT_3D('',#7965,#7966,#7967);
#7965 = CARTESIAN_POINT('',(-2.067651605486E-15,-17.78,0.9));
#7966 = DIRECTION('',(0.,0.,1.));
#7967 = DIRECTION('',(1.110223024625E-16,1.,-0.));
#7968 = ADVANCED_FACE('',(#7969),#7980,.T.);
#7969 = FACE_BOUND('',#7970,.T.);
#7970 = EDGE_LOOP('',(#7971,#7972,#7978,#7979));
#7971 = ORIENTED_EDGE('',*,*,#6148,.T.);
#7972 = ORIENTED_EDGE('',*,*,#7973,.F.);
#7973 = EDGE_CURVE('',#6093,#6149,#7974,.T.);
#7974 = LINE('',#7975,#7976);
#7975 = CARTESIAN_POINT('',(-0.1,-17.78,0.9));
#7976 = VECTOR('',#7977,1.);
#7977 = DIRECTION('',(-1.110223024625E-16,-1.,0.));
#7978 = ORIENTED_EDGE('',*,*,#6100,.T.);
#7979 = ORIENTED_EDGE('',*,*,#6123,.T.);
#7980 = PLANE('',#7981);
#7981 = AXIS2_PLACEMENT_3D('',#7982,#7983,#7984);
#7982 = CARTESIAN_POINT('',(-2.067651605486E-15,-17.78,0.9));
#7983 = DIRECTION('',(0.,0.,1.));
#7984 = DIRECTION('',(1.110223024625E-16,1.,-0.));
#7985 = ADVANCED_FACE('',(#7986),#8029,.T.);
#7986 = FACE_BOUND('',#7987,.T.);
#7987 = EDGE_LOOP('',(#7988,#7989,#7997,#8005,#8013,#8021,#8027,#8028));
#7988 = ORIENTED_EDGE('',*,*,#6156,.F.);
#7989 = ORIENTED_EDGE('',*,*,#7990,.T.);
#7990 = EDGE_CURVE('',#6157,#7991,#7993,.T.);
#7991 = VERTEX_POINT('',#7992);
#7992 = CARTESIAN_POINT('',(-0.1,-18.03,7.35));
#7993 = LINE('',#7994,#7995);
#7994 = CARTESIAN_POINT('',(-0.1,-18.08,7.4));
#7995 = VECTOR('',#7996,1.);
#7996 = DIRECTION('',(7.850462293414E-17,0.707106781187,-0.707106781187)
  );
#7997 = ORIENTED_EDGE('',*,*,#7998,.T.);
#7998 = EDGE_CURVE('',#7991,#7999,#8001,.T.);
#7999 = VERTEX_POINT('',#8000);
#8000 = CARTESIAN_POINT('',(-0.1,-18.03,1.25));
#8001 = LINE('',#8002,#8003);
#8002 = CARTESIAN_POINT('',(-0.1,-18.03,7.35));
#8003 = VECTOR('',#8004,1.);
#8004 = DIRECTION('',(0.,0.,-1.));
#8005 = ORIENTED_EDGE('',*,*,#8006,.T.);
#8006 = EDGE_CURVE('',#7999,#8007,#8009,.T.);
#8007 = VERTEX_POINT('',#8008);
#8008 = CARTESIAN_POINT('',(-0.1,-17.53,1.25));
#8009 = LINE('',#8010,#8011);
#8010 = CARTESIAN_POINT('',(-0.1,-18.03,1.25));
#8011 = VECTOR('',#8012,1.);
#8012 = DIRECTION('',(1.110223024625E-16,1.,0.));
#8013 = ORIENTED_EDGE('',*,*,#8014,.T.);
#8014 = EDGE_CURVE('',#8007,#8015,#8017,.T.);
#8015 = VERTEX_POINT('',#8016);
#8016 = CARTESIAN_POINT('',(-0.1,-17.53,7.35));
#8017 = LINE('',#8018,#8019);
#8018 = CARTESIAN_POINT('',(-0.1,-17.53,1.25));
#8019 = VECTOR('',#8020,1.);
#8020 = DIRECTION('',(0.,0.,1.));
#8021 = ORIENTED_EDGE('',*,*,#8022,.T.);
#8022 = EDGE_CURVE('',#8015,#6085,#8023,.T.);
#8023 = LINE('',#8024,#8025);
#8024 = CARTESIAN_POINT('',(-0.1,-17.53,7.35));
#8025 = VECTOR('',#8026,1.);
#8026 = DIRECTION('',(7.850462293414E-17,0.707106781187,0.707106781187)
  );
#8027 = ORIENTED_EDGE('',*,*,#6092,.F.);
#8028 = ORIENTED_EDGE('',*,*,#7973,.T.);
#8029 = PLANE('',#8030);
#8030 = AXIS2_PLACEMENT_3D('',#8031,#8032,#8033);
#8031 = CARTESIAN_POINT('',(-0.1,-17.78,3.911477598424));
#8032 = DIRECTION('',(-1.,1.110223024625E-16,0.));
#8033 = DIRECTION('',(0.,0.,1.));
#8034 = ADVANCED_FACE('',(#8035),#8053,.T.);
#8035 = FACE_BOUND('',#8036,.T.);
#8036 = EDGE_LOOP('',(#8037,#8045,#8051,#8052));
#8037 = ORIENTED_EDGE('',*,*,#8038,.T.);
#8038 = EDGE_CURVE('',#8015,#8039,#8041,.T.);
#8039 = VERTEX_POINT('',#8040);
#8040 = CARTESIAN_POINT('',(0.1,-17.53,7.35));
#8041 = LINE('',#8042,#8043);
#8042 = CARTESIAN_POINT('',(-0.1,-17.53,7.35));
#8043 = VECTOR('',#8044,1.);
#8044 = DIRECTION('',(1.,-1.110223024625E-16,0.));
#8045 = ORIENTED_EDGE('',*,*,#8046,.T.);
#8046 = EDGE_CURVE('',#8039,#6077,#8047,.T.);
#8047 = LINE('',#8048,#8049);
#8048 = CARTESIAN_POINT('',(0.1,-17.53,7.35));
#8049 = VECTOR('',#8050,1.);
#8050 = DIRECTION('',(7.850462293414E-17,0.707106781187,0.707106781187)
  );
#8051 = ORIENTED_EDGE('',*,*,#6084,.F.);
#8052 = ORIENTED_EDGE('',*,*,#8022,.F.);
#8053 = PLANE('',#8054);
#8054 = AXIS2_PLACEMENT_3D('',#8055,#8056,#8057);
#8055 = CARTESIAN_POINT('',(-0.1,-17.53,7.35));
#8056 = DIRECTION('',(-7.850462293414E-17,-0.707106781187,0.707106781187
    ));
#8057 = DIRECTION('',(7.850462293414E-17,0.707106781187,0.707106781187)
  );
#8058 = ADVANCED_FACE('',(#8059),#8095,.F.);
#8059 = FACE_BOUND('',#8060,.F.);
#8060 = EDGE_LOOP('',(#8061,#8062,#8070,#8078,#8086,#8092,#8093,#8094));
#8061 = ORIENTED_EDGE('',*,*,#6172,.F.);
#8062 = ORIENTED_EDGE('',*,*,#8063,.T.);
#8063 = EDGE_CURVE('',#6165,#8064,#8066,.T.);
#8064 = VERTEX_POINT('',#8065);
#8065 = CARTESIAN_POINT('',(0.1,-18.03,7.35));
#8066 = LINE('',#8067,#8068);
#8067 = CARTESIAN_POINT('',(0.1,-18.08,7.4));
#8068 = VECTOR('',#8069,1.);
#8069 = DIRECTION('',(7.850462293414E-17,0.707106781187,-0.707106781187)
  );
#8070 = ORIENTED_EDGE('',*,*,#8071,.T.);
#8071 = EDGE_CURVE('',#8064,#8072,#8074,.T.);
#8072 = VERTEX_POINT('',#8073);
#8073 = CARTESIAN_POINT('',(0.1,-18.03,1.25));
#8074 = LINE('',#8075,#8076);
#8075 = CARTESIAN_POINT('',(0.1,-18.03,7.35));
#8076 = VECTOR('',#8077,1.);
#8077 = DIRECTION('',(0.,0.,-1.));
#8078 = ORIENTED_EDGE('',*,*,#8079,.T.);
#8079 = EDGE_CURVE('',#8072,#8080,#8082,.T.);
#8080 = VERTEX_POINT('',#8081);
#8081 = CARTESIAN_POINT('',(0.1,-17.53,1.25));
#8082 = LINE('',#8083,#8084);
#8083 = CARTESIAN_POINT('',(0.1,-18.03,1.25));
#8084 = VECTOR('',#8085,1.);
#8085 = DIRECTION('',(1.110223024625E-16,1.,0.));
#8086 = ORIENTED_EDGE('',*,*,#8087,.T.);
#8087 = EDGE_CURVE('',#8080,#8039,#8088,.T.);
#8088 = LINE('',#8089,#8090);
#8089 = CARTESIAN_POINT('',(0.1,-17.53,1.25));
#8090 = VECTOR('',#8091,1.);
#8091 = DIRECTION('',(0.,0.,1.));
#8092 = ORIENTED_EDGE('',*,*,#8046,.T.);
#8093 = ORIENTED_EDGE('',*,*,#6076,.F.);
#8094 = ORIENTED_EDGE('',*,*,#7958,.T.);
#8095 = PLANE('',#8096);
#8096 = AXIS2_PLACEMENT_3D('',#8097,#8098,#8099);
#8097 = CARTESIAN_POINT('',(0.1,-17.78,3.911477598424));
#8098 = DIRECTION('',(-1.,1.110223024625E-16,0.));
#8099 = DIRECTION('',(0.,0.,1.));
#8100 = ADVANCED_FACE('',(#8101),#8112,.T.);
#8101 = FACE_BOUND('',#8102,.T.);
#8102 = EDGE_LOOP('',(#8103,#8104,#8105,#8111));
#8103 = ORIENTED_EDGE('',*,*,#6164,.T.);
#8104 = ORIENTED_EDGE('',*,*,#8063,.T.);
#8105 = ORIENTED_EDGE('',*,*,#8106,.F.);
#8106 = EDGE_CURVE('',#7991,#8064,#8107,.T.);
#8107 = LINE('',#8108,#8109);
#8108 = CARTESIAN_POINT('',(-0.1,-18.03,7.35));
#8109 = VECTOR('',#8110,1.);
#8110 = DIRECTION('',(1.,-1.110223024625E-16,0.));
#8111 = ORIENTED_EDGE('',*,*,#7990,.F.);
#8112 = PLANE('',#8113);
#8113 = AXIS2_PLACEMENT_3D('',#8114,#8115,#8116);
#8114 = CARTESIAN_POINT('',(-0.1,-18.08,7.4));
#8115 = DIRECTION('',(7.850462293414E-17,0.707106781187,0.707106781187)
  );
#8116 = DIRECTION('',(7.850462293414E-17,0.707106781187,-0.707106781187)
  );
#8117 = ADVANCED_FACE('',(#8118),#8129,.T.);
#8118 = FACE_BOUND('',#8119,.T.);
#8119 = EDGE_LOOP('',(#8120,#8121,#8122,#8123));
#8120 = ORIENTED_EDGE('',*,*,#6340,.T.);
#8121 = ORIENTED_EDGE('',*,*,#6203,.T.);
#8122 = ORIENTED_EDGE('',*,*,#6228,.T.);
#8123 = ORIENTED_EDGE('',*,*,#8124,.T.);
#8124 = EDGE_CURVE('',#6229,#6333,#8125,.T.);
#8125 = LINE('',#8126,#8127);
#8126 = CARTESIAN_POINT('',(0.1,-15.24,0.9));
#8127 = VECTOR('',#8128,1.);
#8128 = DIRECTION('',(-1.110223024625E-16,-1.,0.));
#8129 = PLANE('',#8130);
#8130 = AXIS2_PLACEMENT_3D('',#8131,#8132,#8133);
#8131 = CARTESIAN_POINT('',(-1.785654957231E-15,-15.24,0.9));
#8132 = DIRECTION('',(0.,0.,1.));
#8133 = DIRECTION('',(1.110223024625E-16,1.,-0.));
#8134 = ADVANCED_FACE('',(#8135),#8146,.T.);
#8135 = FACE_BOUND('',#8136,.T.);
#8136 = EDGE_LOOP('',(#8137,#8138,#8144,#8145));
#8137 = ORIENTED_EDGE('',*,*,#6308,.T.);
#8138 = ORIENTED_EDGE('',*,*,#8139,.F.);
#8139 = EDGE_CURVE('',#6253,#6309,#8140,.T.);
#8140 = LINE('',#8141,#8142);
#8141 = CARTESIAN_POINT('',(-0.1,-15.24,0.9));
#8142 = VECTOR('',#8143,1.);
#8143 = DIRECTION('',(-1.110223024625E-16,-1.,0.));
#8144 = ORIENTED_EDGE('',*,*,#6260,.T.);
#8145 = ORIENTED_EDGE('',*,*,#6283,.T.);
#8146 = PLANE('',#8147);
#8147 = AXIS2_PLACEMENT_3D('',#8148,#8149,#8150);
#8148 = CARTESIAN_POINT('',(-1.785654957231E-15,-15.24,0.9));
#8149 = DIRECTION('',(0.,0.,1.));
#8150 = DIRECTION('',(1.110223024625E-16,1.,-0.));
#8151 = ADVANCED_FACE('',(#8152),#8195,.T.);
#8152 = FACE_BOUND('',#8153,.T.);
#8153 = EDGE_LOOP('',(#8154,#8155,#8163,#8171,#8179,#8187,#8193,#8194));
#8154 = ORIENTED_EDGE('',*,*,#6316,.F.);
#8155 = ORIENTED_EDGE('',*,*,#8156,.T.);
#8156 = EDGE_CURVE('',#6317,#8157,#8159,.T.);
#8157 = VERTEX_POINT('',#8158);
#8158 = CARTESIAN_POINT('',(-0.1,-15.49,7.35));
#8159 = LINE('',#8160,#8161);
#8160 = CARTESIAN_POINT('',(-0.1,-15.54,7.4));
#8161 = VECTOR('',#8162,1.);
#8162 = DIRECTION('',(7.850462293414E-17,0.707106781187,-0.707106781187)
  );
#8163 = ORIENTED_EDGE('',*,*,#8164,.T.);
#8164 = EDGE_CURVE('',#8157,#8165,#8167,.T.);
#8165 = VERTEX_POINT('',#8166);
#8166 = CARTESIAN_POINT('',(-0.1,-15.49,1.25));
#8167 = LINE('',#8168,#8169);
#8168 = CARTESIAN_POINT('',(-0.1,-15.49,7.35));
#8169 = VECTOR('',#8170,1.);
#8170 = DIRECTION('',(0.,0.,-1.));
#8171 = ORIENTED_EDGE('',*,*,#8172,.T.);
#8172 = EDGE_CURVE('',#8165,#8173,#8175,.T.);
#8173 = VERTEX_POINT('',#8174);
#8174 = CARTESIAN_POINT('',(-0.1,-14.99,1.25));
#8175 = LINE('',#8176,#8177);
#8176 = CARTESIAN_POINT('',(-0.1,-15.49,1.25));
#8177 = VECTOR('',#8178,1.);
#8178 = DIRECTION('',(1.110223024625E-16,1.,0.));
#8179 = ORIENTED_EDGE('',*,*,#8180,.T.);
#8180 = EDGE_CURVE('',#8173,#8181,#8183,.T.);
#8181 = VERTEX_POINT('',#8182);
#8182 = CARTESIAN_POINT('',(-0.1,-14.99,7.35));
#8183 = LINE('',#8184,#8185);
#8184 = CARTESIAN_POINT('',(-0.1,-14.99,1.25));
#8185 = VECTOR('',#8186,1.);
#8186 = DIRECTION('',(0.,0.,1.));
#8187 = ORIENTED_EDGE('',*,*,#8188,.T.);
#8188 = EDGE_CURVE('',#8181,#6245,#8189,.T.);
#8189 = LINE('',#8190,#8191);
#8190 = CARTESIAN_POINT('',(-0.1,-14.99,7.35));
#8191 = VECTOR('',#8192,1.);
#8192 = DIRECTION('',(7.850462293414E-17,0.707106781187,0.707106781187)
  );
#8193 = ORIENTED_EDGE('',*,*,#6252,.F.);
#8194 = ORIENTED_EDGE('',*,*,#8139,.T.);
#8195 = PLANE('',#8196);
#8196 = AXIS2_PLACEMENT_3D('',#8197,#8198,#8199);
#8197 = CARTESIAN_POINT('',(-0.1,-15.24,3.911477598424));
#8198 = DIRECTION('',(-1.,1.110223024625E-16,0.));
#8199 = DIRECTION('',(0.,0.,1.));
#8200 = ADVANCED_FACE('',(#8201),#8219,.T.);
#8201 = FACE_BOUND('',#8202,.T.);
#8202 = EDGE_LOOP('',(#8203,#8211,#8217,#8218));
#8203 = ORIENTED_EDGE('',*,*,#8204,.T.);
#8204 = EDGE_CURVE('',#8181,#8205,#8207,.T.);
#8205 = VERTEX_POINT('',#8206);
#8206 = CARTESIAN_POINT('',(0.1,-14.99,7.35));
#8207 = LINE('',#8208,#8209);
#8208 = CARTESIAN_POINT('',(-0.1,-14.99,7.35));
#8209 = VECTOR('',#8210,1.);
#8210 = DIRECTION('',(1.,-1.110223024625E-16,0.));
#8211 = ORIENTED_EDGE('',*,*,#8212,.T.);
#8212 = EDGE_CURVE('',#8205,#6237,#8213,.T.);
#8213 = LINE('',#8214,#8215);
#8214 = CARTESIAN_POINT('',(0.1,-14.99,7.35));
#8215 = VECTOR('',#8216,1.);
#8216 = DIRECTION('',(7.850462293414E-17,0.707106781187,0.707106781187)
  );
#8217 = ORIENTED_EDGE('',*,*,#6244,.F.);
#8218 = ORIENTED_EDGE('',*,*,#8188,.F.);
#8219 = PLANE('',#8220);
#8220 = AXIS2_PLACEMENT_3D('',#8221,#8222,#8223);
#8221 = CARTESIAN_POINT('',(-0.1,-14.99,7.35));
#8222 = DIRECTION('',(-7.850462293414E-17,-0.707106781187,0.707106781187
    ));
#8223 = DIRECTION('',(7.850462293414E-17,0.707106781187,0.707106781187)
  );
#8224 = ADVANCED_FACE('',(#8225),#8261,.F.);
#8225 = FACE_BOUND('',#8226,.F.);
#8226 = EDGE_LOOP('',(#8227,#8228,#8236,#8244,#8252,#8258,#8259,#8260));
#8227 = ORIENTED_EDGE('',*,*,#6332,.F.);
#8228 = ORIENTED_EDGE('',*,*,#8229,.T.);
#8229 = EDGE_CURVE('',#6325,#8230,#8232,.T.);
#8230 = VERTEX_POINT('',#8231);
#8231 = CARTESIAN_POINT('',(0.1,-15.49,7.35));
#8232 = LINE('',#8233,#8234);
#8233 = CARTESIAN_POINT('',(0.1,-15.54,7.4));
#8234 = VECTOR('',#8235,1.);
#8235 = DIRECTION('',(7.850462293414E-17,0.707106781187,-0.707106781187)
  );
#8236 = ORIENTED_EDGE('',*,*,#8237,.T.);
#8237 = EDGE_CURVE('',#8230,#8238,#8240,.T.);
#8238 = VERTEX_POINT('',#8239);
#8239 = CARTESIAN_POINT('',(0.1,-15.49,1.25));
#8240 = LINE('',#8241,#8242);
#8241 = CARTESIAN_POINT('',(0.1,-15.49,7.35));
#8242 = VECTOR('',#8243,1.);
#8243 = DIRECTION('',(0.,0.,-1.));
#8244 = ORIENTED_EDGE('',*,*,#8245,.T.);
#8245 = EDGE_CURVE('',#8238,#8246,#8248,.T.);
#8246 = VERTEX_POINT('',#8247);
#8247 = CARTESIAN_POINT('',(0.1,-14.99,1.25));
#8248 = LINE('',#8249,#8250);
#8249 = CARTESIAN_POINT('',(0.1,-15.49,1.25));
#8250 = VECTOR('',#8251,1.);
#8251 = DIRECTION('',(1.110223024625E-16,1.,0.));
#8252 = ORIENTED_EDGE('',*,*,#8253,.T.);
#8253 = EDGE_CURVE('',#8246,#8205,#8254,.T.);
#8254 = LINE('',#8255,#8256);
#8255 = CARTESIAN_POINT('',(0.1,-14.99,1.25));
#8256 = VECTOR('',#8257,1.);
#8257 = DIRECTION('',(0.,0.,1.));
#8258 = ORIENTED_EDGE('',*,*,#8212,.T.);
#8259 = ORIENTED_EDGE('',*,*,#6236,.F.);
#8260 = ORIENTED_EDGE('',*,*,#8124,.T.);
#8261 = PLANE('',#8262);
#8262 = AXIS2_PLACEMENT_3D('',#8263,#8264,#8265);
#8263 = CARTESIAN_POINT('',(0.1,-15.24,3.911477598424));
#8264 = DIRECTION('',(-1.,1.110223024625E-16,0.));
#8265 = DIRECTION('',(0.,0.,1.));
#8266 = ADVANCED_FACE('',(#8267),#8278,.T.);
#8267 = FACE_BOUND('',#8268,.T.);
#8268 = EDGE_LOOP('',(#8269,#8270,#8271,#8277));
#8269 = ORIENTED_EDGE('',*,*,#6324,.T.);
#8270 = ORIENTED_EDGE('',*,*,#8229,.T.);
#8271 = ORIENTED_EDGE('',*,*,#8272,.F.);
#8272 = EDGE_CURVE('',#8157,#8230,#8273,.T.);
#8273 = LINE('',#8274,#8275);
#8274 = CARTESIAN_POINT('',(-0.1,-15.49,7.35));
#8275 = VECTOR('',#8276,1.);
#8276 = DIRECTION('',(1.,-1.110223024625E-16,0.));
#8277 = ORIENTED_EDGE('',*,*,#8156,.F.);
#8278 = PLANE('',#8279);
#8279 = AXIS2_PLACEMENT_3D('',#8280,#8281,#8282);
#8280 = CARTESIAN_POINT('',(-0.1,-15.54,7.4));
#8281 = DIRECTION('',(7.850462293414E-17,0.707106781187,0.707106781187)
  );
#8282 = DIRECTION('',(7.850462293414E-17,0.707106781187,-0.707106781187)
  );
#8283 = ADVANCED_FACE('',(#8284),#8295,.T.);
#8284 = FACE_BOUND('',#8285,.T.);
#8285 = EDGE_LOOP('',(#8286,#8287,#8288,#8289));
#8286 = ORIENTED_EDGE('',*,*,#6500,.T.);
#8287 = ORIENTED_EDGE('',*,*,#6363,.T.);
#8288 = ORIENTED_EDGE('',*,*,#6388,.T.);
#8289 = ORIENTED_EDGE('',*,*,#8290,.T.);
#8290 = EDGE_CURVE('',#6389,#6493,#8291,.T.);
#8291 = LINE('',#8292,#8293);
#8292 = CARTESIAN_POINT('',(0.1,-12.7,0.9));
#8293 = VECTOR('',#8294,1.);
#8294 = DIRECTION('',(-1.110223024625E-16,-1.,0.));
#8295 = PLANE('',#8296);
#8296 = AXIS2_PLACEMENT_3D('',#8297,#8298,#8299);
#8297 = CARTESIAN_POINT('',(-1.503658308977E-15,-12.7,0.9));
#8298 = DIRECTION('',(0.,0.,1.));
#8299 = DIRECTION('',(1.110223024625E-16,1.,-0.));
#8300 = ADVANCED_FACE('',(#8301),#8312,.T.);
#8301 = FACE_BOUND('',#8302,.T.);
#8302 = EDGE_LOOP('',(#8303,#8304,#8310,#8311));
#8303 = ORIENTED_EDGE('',*,*,#6468,.T.);
#8304 = ORIENTED_EDGE('',*,*,#8305,.F.);
#8305 = EDGE_CURVE('',#6413,#6469,#8306,.T.);
#8306 = LINE('',#8307,#8308);
#8307 = CARTESIAN_POINT('',(-0.1,-12.7,0.9));
#8308 = VECTOR('',#8309,1.);
#8309 = DIRECTION('',(-1.110223024625E-16,-1.,0.));
#8310 = ORIENTED_EDGE('',*,*,#6420,.T.);
#8311 = ORIENTED_EDGE('',*,*,#6443,.T.);
#8312 = PLANE('',#8313);
#8313 = AXIS2_PLACEMENT_3D('',#8314,#8315,#8316);
#8314 = CARTESIAN_POINT('',(-1.503658308977E-15,-12.7,0.9));
#8315 = DIRECTION('',(0.,0.,1.));
#8316 = DIRECTION('',(1.110223024625E-16,1.,-0.));
#8317 = ADVANCED_FACE('',(#8318),#8361,.T.);
#8318 = FACE_BOUND('',#8319,.T.);
#8319 = EDGE_LOOP('',(#8320,#8321,#8329,#8337,#8345,#8353,#8359,#8360));
#8320 = ORIENTED_EDGE('',*,*,#6476,.F.);
#8321 = ORIENTED_EDGE('',*,*,#8322,.T.);
#8322 = EDGE_CURVE('',#6477,#8323,#8325,.T.);
#8323 = VERTEX_POINT('',#8324);
#8324 = CARTESIAN_POINT('',(-0.1,-12.95,7.35));
#8325 = LINE('',#8326,#8327);
#8326 = CARTESIAN_POINT('',(-0.1,-13.,7.4));
#8327 = VECTOR('',#8328,1.);
#8328 = DIRECTION('',(7.850462293414E-17,0.707106781187,-0.707106781187)
  );
#8329 = ORIENTED_EDGE('',*,*,#8330,.T.);
#8330 = EDGE_CURVE('',#8323,#8331,#8333,.T.);
#8331 = VERTEX_POINT('',#8332);
#8332 = CARTESIAN_POINT('',(-0.1,-12.95,1.25));
#8333 = LINE('',#8334,#8335);
#8334 = CARTESIAN_POINT('',(-0.1,-12.95,7.35));
#8335 = VECTOR('',#8336,1.);
#8336 = DIRECTION('',(0.,0.,-1.));
#8337 = ORIENTED_EDGE('',*,*,#8338,.T.);
#8338 = EDGE_CURVE('',#8331,#8339,#8341,.T.);
#8339 = VERTEX_POINT('',#8340);
#8340 = CARTESIAN_POINT('',(-0.1,-12.45,1.25));
#8341 = LINE('',#8342,#8343);
#8342 = CARTESIAN_POINT('',(-0.1,-12.95,1.25));
#8343 = VECTOR('',#8344,1.);
#8344 = DIRECTION('',(1.110223024625E-16,1.,0.));
#8345 = ORIENTED_EDGE('',*,*,#8346,.T.);
#8346 = EDGE_CURVE('',#8339,#8347,#8349,.T.);
#8347 = VERTEX_POINT('',#8348);
#8348 = CARTESIAN_POINT('',(-0.1,-12.45,7.35));
#8349 = LINE('',#8350,#8351);
#8350 = CARTESIAN_POINT('',(-0.1,-12.45,1.25));
#8351 = VECTOR('',#8352,1.);
#8352 = DIRECTION('',(0.,0.,1.));
#8353 = ORIENTED_EDGE('',*,*,#8354,.T.);
#8354 = EDGE_CURVE('',#8347,#6405,#8355,.T.);
#8355 = LINE('',#8356,#8357);
#8356 = CARTESIAN_POINT('',(-0.1,-12.45,7.35));
#8357 = VECTOR('',#8358,1.);
#8358 = DIRECTION('',(7.850462293414E-17,0.707106781187,0.707106781187)
  );
#8359 = ORIENTED_EDGE('',*,*,#6412,.F.);
#8360 = ORIENTED_EDGE('',*,*,#8305,.T.);
#8361 = PLANE('',#8362);
#8362 = AXIS2_PLACEMENT_3D('',#8363,#8364,#8365);
#8363 = CARTESIAN_POINT('',(-0.1,-12.7,3.911477598424));
#8364 = DIRECTION('',(-1.,1.110223024625E-16,0.));
#8365 = DIRECTION('',(0.,0.,1.));
#8366 = ADVANCED_FACE('',(#8367),#8385,.T.);
#8367 = FACE_BOUND('',#8368,.T.);
#8368 = EDGE_LOOP('',(#8369,#8377,#8383,#8384));
#8369 = ORIENTED_EDGE('',*,*,#8370,.T.);
#8370 = EDGE_CURVE('',#8347,#8371,#8373,.T.);
#8371 = VERTEX_POINT('',#8372);
#8372 = CARTESIAN_POINT('',(0.1,-12.45,7.35));
#8373 = LINE('',#8374,#8375);
#8374 = CARTESIAN_POINT('',(-0.1,-12.45,7.35));
#8375 = VECTOR('',#8376,1.);
#8376 = DIRECTION('',(1.,-1.110223024625E-16,0.));
#8377 = ORIENTED_EDGE('',*,*,#8378,.T.);
#8378 = EDGE_CURVE('',#8371,#6397,#8379,.T.);
#8379 = LINE('',#8380,#8381);
#8380 = CARTESIAN_POINT('',(0.1,-12.45,7.35));
#8381 = VECTOR('',#8382,1.);
#8382 = DIRECTION('',(7.850462293414E-17,0.707106781187,0.707106781187)
  );
#8383 = ORIENTED_EDGE('',*,*,#6404,.F.);
#8384 = ORIENTED_EDGE('',*,*,#8354,.F.);
#8385 = PLANE('',#8386);
#8386 = AXIS2_PLACEMENT_3D('',#8387,#8388,#8389);
#8387 = CARTESIAN_POINT('',(-0.1,-12.45,7.35));
#8388 = DIRECTION('',(-7.850462293414E-17,-0.707106781187,0.707106781187
    ));
#8389 = DIRECTION('',(7.850462293414E-17,0.707106781187,0.707106781187)
  );
#8390 = ADVANCED_FACE('',(#8391),#8427,.F.);
#8391 = FACE_BOUND('',#8392,.F.);
#8392 = EDGE_LOOP('',(#8393,#8394,#8402,#8410,#8418,#8424,#8425,#8426));
#8393 = ORIENTED_EDGE('',*,*,#6492,.F.);
#8394 = ORIENTED_EDGE('',*,*,#8395,.T.);
#8395 = EDGE_CURVE('',#6485,#8396,#8398,.T.);
#8396 = VERTEX_POINT('',#8397);
#8397 = CARTESIAN_POINT('',(0.1,-12.95,7.35));
#8398 = LINE('',#8399,#8400);
#8399 = CARTESIAN_POINT('',(0.1,-13.,7.4));
#8400 = VECTOR('',#8401,1.);
#8401 = DIRECTION('',(7.850462293414E-17,0.707106781187,-0.707106781187)
  );
#8402 = ORIENTED_EDGE('',*,*,#8403,.T.);
#8403 = EDGE_CURVE('',#8396,#8404,#8406,.T.);
#8404 = VERTEX_POINT('',#8405);
#8405 = CARTESIAN_POINT('',(0.1,-12.95,1.25));
#8406 = LINE('',#8407,#8408);
#8407 = CARTESIAN_POINT('',(0.1,-12.95,7.35));
#8408 = VECTOR('',#8409,1.);
#8409 = DIRECTION('',(0.,0.,-1.));
#8410 = ORIENTED_EDGE('',*,*,#8411,.T.);
#8411 = EDGE_CURVE('',#8404,#8412,#8414,.T.);
#8412 = VERTEX_POINT('',#8413);
#8413 = CARTESIAN_POINT('',(0.1,-12.45,1.25));
#8414 = LINE('',#8415,#8416);
#8415 = CARTESIAN_POINT('',(0.1,-12.95,1.25));
#8416 = VECTOR('',#8417,1.);
#8417 = DIRECTION('',(1.110223024625E-16,1.,0.));
#8418 = ORIENTED_EDGE('',*,*,#8419,.T.);
#8419 = EDGE_CURVE('',#8412,#8371,#8420,.T.);
#8420 = LINE('',#8421,#8422);
#8421 = CARTESIAN_POINT('',(0.1,-12.45,1.25));
#8422 = VECTOR('',#8423,1.);
#8423 = DIRECTION('',(0.,0.,1.));
#8424 = ORIENTED_EDGE('',*,*,#8378,.T.);
#8425 = ORIENTED_EDGE('',*,*,#6396,.F.);
#8426 = ORIENTED_EDGE('',*,*,#8290,.T.);
#8427 = PLANE('',#8428);
#8428 = AXIS2_PLACEMENT_3D('',#8429,#8430,#8431);
#8429 = CARTESIAN_POINT('',(0.1,-12.7,3.911477598424));
#8430 = DIRECTION('',(-1.,1.110223024625E-16,0.));
#8431 = DIRECTION('',(0.,0.,1.));
#8432 = ADVANCED_FACE('',(#8433),#8444,.T.);
#8433 = FACE_BOUND('',#8434,.T.);
#8434 = EDGE_LOOP('',(#8435,#8436,#8437,#8443));
#8435 = ORIENTED_EDGE('',*,*,#6484,.T.);
#8436 = ORIENTED_EDGE('',*,*,#8395,.T.);
#8437 = ORIENTED_EDGE('',*,*,#8438,.F.);
#8438 = EDGE_CURVE('',#8323,#8396,#8439,.T.);
#8439 = LINE('',#8440,#8441);
#8440 = CARTESIAN_POINT('',(-0.1,-12.95,7.35));
#8441 = VECTOR('',#8442,1.);
#8442 = DIRECTION('',(1.,-1.110223024625E-16,0.));
#8443 = ORIENTED_EDGE('',*,*,#8322,.F.);
#8444 = PLANE('',#8445);
#8445 = AXIS2_PLACEMENT_3D('',#8446,#8447,#8448);
#8446 = CARTESIAN_POINT('',(-0.1,-13.,7.4));
#8447 = DIRECTION('',(7.850462293414E-17,0.707106781187,0.707106781187)
  );
#8448 = DIRECTION('',(7.850462293414E-17,0.707106781187,-0.707106781187)
  );
#8449 = ADVANCED_FACE('',(#8450),#8461,.T.);
#8450 = FACE_BOUND('',#8451,.T.);
#8451 = EDGE_LOOP('',(#8452,#8453,#8454,#8455));
#8452 = ORIENTED_EDGE('',*,*,#6660,.T.);
#8453 = ORIENTED_EDGE('',*,*,#6523,.T.);
#8454 = ORIENTED_EDGE('',*,*,#6548,.T.);
#8455 = ORIENTED_EDGE('',*,*,#8456,.T.);
#8456 = EDGE_CURVE('',#6549,#6653,#8457,.T.);
#8457 = LINE('',#8458,#8459);
#8458 = CARTESIAN_POINT('',(0.1,-10.16,0.9));
#8459 = VECTOR('',#8460,1.);
#8460 = DIRECTION('',(-1.110223024625E-16,-1.,0.));
#8461 = PLANE('',#8462);
#8462 = AXIS2_PLACEMENT_3D('',#8463,#8464,#8465);
#8463 = CARTESIAN_POINT('',(-1.221661660722E-15,-10.16,0.9));
#8464 = DIRECTION('',(0.,0.,1.));
#8465 = DIRECTION('',(1.110223024625E-16,1.,-0.));
#8466 = ADVANCED_FACE('',(#8467),#8478,.T.);
#8467 = FACE_BOUND('',#8468,.T.);
#8468 = EDGE_LOOP('',(#8469,#8470,#8476,#8477));
#8469 = ORIENTED_EDGE('',*,*,#6628,.T.);
#8470 = ORIENTED_EDGE('',*,*,#8471,.F.);
#8471 = EDGE_CURVE('',#6573,#6629,#8472,.T.);
#8472 = LINE('',#8473,#8474);
#8473 = CARTESIAN_POINT('',(-0.1,-10.16,0.9));
#8474 = VECTOR('',#8475,1.);
#8475 = DIRECTION('',(-1.110223024625E-16,-1.,0.));
#8476 = ORIENTED_EDGE('',*,*,#6580,.T.);
#8477 = ORIENTED_EDGE('',*,*,#6603,.T.);
#8478 = PLANE('',#8479);
#8479 = AXIS2_PLACEMENT_3D('',#8480,#8481,#8482);
#8480 = CARTESIAN_POINT('',(-1.221661660722E-15,-10.16,0.9));
#8481 = DIRECTION('',(0.,0.,1.));
#8482 = DIRECTION('',(1.110223024625E-16,1.,-0.));
#8483 = ADVANCED_FACE('',(#8484),#8527,.T.);
#8484 = FACE_BOUND('',#8485,.T.);
#8485 = EDGE_LOOP('',(#8486,#8487,#8495,#8503,#8511,#8519,#8525,#8526));
#8486 = ORIENTED_EDGE('',*,*,#6636,.F.);
#8487 = ORIENTED_EDGE('',*,*,#8488,.T.);
#8488 = EDGE_CURVE('',#6637,#8489,#8491,.T.);
#8489 = VERTEX_POINT('',#8490);
#8490 = CARTESIAN_POINT('',(-0.1,-10.41,7.35));
#8491 = LINE('',#8492,#8493);
#8492 = CARTESIAN_POINT('',(-0.1,-10.46,7.4));
#8493 = VECTOR('',#8494,1.);
#8494 = DIRECTION('',(7.850462293414E-17,0.707106781187,-0.707106781187)
  );
#8495 = ORIENTED_EDGE('',*,*,#8496,.T.);
#8496 = EDGE_CURVE('',#8489,#8497,#8499,.T.);
#8497 = VERTEX_POINT('',#8498);
#8498 = CARTESIAN_POINT('',(-0.1,-10.41,1.25));
#8499 = LINE('',#8500,#8501);
#8500 = CARTESIAN_POINT('',(-0.1,-10.41,7.35));
#8501 = VECTOR('',#8502,1.);
#8502 = DIRECTION('',(0.,0.,-1.));
#8503 = ORIENTED_EDGE('',*,*,#8504,.T.);
#8504 = EDGE_CURVE('',#8497,#8505,#8507,.T.);
#8505 = VERTEX_POINT('',#8506);
#8506 = CARTESIAN_POINT('',(-0.1,-9.91,1.25));
#8507 = LINE('',#8508,#8509);
#8508 = CARTESIAN_POINT('',(-0.1,-10.41,1.25));
#8509 = VECTOR('',#8510,1.);
#8510 = DIRECTION('',(1.110223024625E-16,1.,0.));
#8511 = ORIENTED_EDGE('',*,*,#8512,.T.);
#8512 = EDGE_CURVE('',#8505,#8513,#8515,.T.);
#8513 = VERTEX_POINT('',#8514);
#8514 = CARTESIAN_POINT('',(-0.1,-9.91,7.35));
#8515 = LINE('',#8516,#8517);
#8516 = CARTESIAN_POINT('',(-0.1,-9.91,1.25));
#8517 = VECTOR('',#8518,1.);
#8518 = DIRECTION('',(0.,0.,1.));
#8519 = ORIENTED_EDGE('',*,*,#8520,.T.);
#8520 = EDGE_CURVE('',#8513,#6565,#8521,.T.);
#8521 = LINE('',#8522,#8523);
#8522 = CARTESIAN_POINT('',(-0.1,-9.91,7.35));
#8523 = VECTOR('',#8524,1.);
#8524 = DIRECTION('',(7.850462293414E-17,0.707106781187,0.707106781187)
  );
#8525 = ORIENTED_EDGE('',*,*,#6572,.F.);
#8526 = ORIENTED_EDGE('',*,*,#8471,.T.);
#8527 = PLANE('',#8528);
#8528 = AXIS2_PLACEMENT_3D('',#8529,#8530,#8531);
#8529 = CARTESIAN_POINT('',(-0.1,-10.16,3.911477598424));
#8530 = DIRECTION('',(-1.,1.110223024625E-16,0.));
#8531 = DIRECTION('',(0.,0.,1.));
#8532 = ADVANCED_FACE('',(#8533),#8551,.T.);
#8533 = FACE_BOUND('',#8534,.T.);
#8534 = EDGE_LOOP('',(#8535,#8543,#8549,#8550));
#8535 = ORIENTED_EDGE('',*,*,#8536,.T.);
#8536 = EDGE_CURVE('',#8513,#8537,#8539,.T.);
#8537 = VERTEX_POINT('',#8538);
#8538 = CARTESIAN_POINT('',(0.1,-9.91,7.35));
#8539 = LINE('',#8540,#8541);
#8540 = CARTESIAN_POINT('',(-0.1,-9.91,7.35));
#8541 = VECTOR('',#8542,1.);
#8542 = DIRECTION('',(1.,-1.110223024625E-16,0.));
#8543 = ORIENTED_EDGE('',*,*,#8544,.T.);
#8544 = EDGE_CURVE('',#8537,#6557,#8545,.T.);
#8545 = LINE('',#8546,#8547);
#8546 = CARTESIAN_POINT('',(0.1,-9.91,7.35));
#8547 = VECTOR('',#8548,1.);
#8548 = DIRECTION('',(7.850462293414E-17,0.707106781187,0.707106781187)
  );
#8549 = ORIENTED_EDGE('',*,*,#6564,.F.);
#8550 = ORIENTED_EDGE('',*,*,#8520,.F.);
#8551 = PLANE('',#8552);
#8552 = AXIS2_PLACEMENT_3D('',#8553,#8554,#8555);
#8553 = CARTESIAN_POINT('',(-0.1,-9.91,7.35));
#8554 = DIRECTION('',(-7.850462293414E-17,-0.707106781187,0.707106781187
    ));
#8555 = DIRECTION('',(7.850462293414E-17,0.707106781187,0.707106781187)
  );
#8556 = ADVANCED_FACE('',(#8557),#8593,.F.);
#8557 = FACE_BOUND('',#8558,.F.);
#8558 = EDGE_LOOP('',(#8559,#8560,#8568,#8576,#8584,#8590,#8591,#8592));
#8559 = ORIENTED_EDGE('',*,*,#6652,.F.);
#8560 = ORIENTED_EDGE('',*,*,#8561,.T.);
#8561 = EDGE_CURVE('',#6645,#8562,#8564,.T.);
#8562 = VERTEX_POINT('',#8563);
#8563 = CARTESIAN_POINT('',(0.1,-10.41,7.35));
#8564 = LINE('',#8565,#8566);
#8565 = CARTESIAN_POINT('',(0.1,-10.46,7.4));
#8566 = VECTOR('',#8567,1.);
#8567 = DIRECTION('',(7.850462293414E-17,0.707106781187,-0.707106781187)
  );
#8568 = ORIENTED_EDGE('',*,*,#8569,.T.);
#8569 = EDGE_CURVE('',#8562,#8570,#8572,.T.);
#8570 = VERTEX_POINT('',#8571);
#8571 = CARTESIAN_POINT('',(0.1,-10.41,1.25));
#8572 = LINE('',#8573,#8574);
#8573 = CARTESIAN_POINT('',(0.1,-10.41,7.35));
#8574 = VECTOR('',#8575,1.);
#8575 = DIRECTION('',(0.,0.,-1.));
#8576 = ORIENTED_EDGE('',*,*,#8577,.T.);
#8577 = EDGE_CURVE('',#8570,#8578,#8580,.T.);
#8578 = VERTEX_POINT('',#8579);
#8579 = CARTESIAN_POINT('',(0.1,-9.91,1.25));
#8580 = LINE('',#8581,#8582);
#8581 = CARTESIAN_POINT('',(0.1,-10.41,1.25));
#8582 = VECTOR('',#8583,1.);
#8583 = DIRECTION('',(1.110223024625E-16,1.,0.));
#8584 = ORIENTED_EDGE('',*,*,#8585,.T.);
#8585 = EDGE_CURVE('',#8578,#8537,#8586,.T.);
#8586 = LINE('',#8587,#8588);
#8587 = CARTESIAN_POINT('',(0.1,-9.91,1.25));
#8588 = VECTOR('',#8589,1.);
#8589 = DIRECTION('',(0.,0.,1.));
#8590 = ORIENTED_EDGE('',*,*,#8544,.T.);
#8591 = ORIENTED_EDGE('',*,*,#6556,.F.);
#8592 = ORIENTED_EDGE('',*,*,#8456,.T.);
#8593 = PLANE('',#8594);
#8594 = AXIS2_PLACEMENT_3D('',#8595,#8596,#8597);
#8595 = CARTESIAN_POINT('',(0.1,-10.16,3.911477598424));
#8596 = DIRECTION('',(-1.,1.110223024625E-16,0.));
#8597 = DIRECTION('',(0.,0.,1.));
#8598 = ADVANCED_FACE('',(#8599),#8610,.T.);
#8599 = FACE_BOUND('',#8600,.T.);
#8600 = EDGE_LOOP('',(#8601,#8602,#8603,#8609));
#8601 = ORIENTED_EDGE('',*,*,#6644,.T.);
#8602 = ORIENTED_EDGE('',*,*,#8561,.T.);
#8603 = ORIENTED_EDGE('',*,*,#8604,.F.);
#8604 = EDGE_CURVE('',#8489,#8562,#8605,.T.);
#8605 = LINE('',#8606,#8607);
#8606 = CARTESIAN_POINT('',(-0.1,-10.41,7.35));
#8607 = VECTOR('',#8608,1.);
#8608 = DIRECTION('',(1.,-1.110223024625E-16,0.));
#8609 = ORIENTED_EDGE('',*,*,#8488,.F.);
#8610 = PLANE('',#8611);
#8611 = AXIS2_PLACEMENT_3D('',#8612,#8613,#8614);
#8612 = CARTESIAN_POINT('',(-0.1,-10.46,7.4));
#8613 = DIRECTION('',(7.850462293414E-17,0.707106781187,0.707106781187)
  );
#8614 = DIRECTION('',(7.850462293414E-17,0.707106781187,-0.707106781187)
  );
#8615 = ADVANCED_FACE('',(#8616),#8627,.T.);
#8616 = FACE_BOUND('',#8617,.T.);
#8617 = EDGE_LOOP('',(#8618,#8619,#8620,#8621));
#8618 = ORIENTED_EDGE('',*,*,#6820,.T.);
#8619 = ORIENTED_EDGE('',*,*,#6683,.T.);
#8620 = ORIENTED_EDGE('',*,*,#6708,.T.);
#8621 = ORIENTED_EDGE('',*,*,#8622,.T.);
#8622 = EDGE_CURVE('',#6709,#6813,#8623,.T.);
#8623 = LINE('',#8624,#8625);
#8624 = CARTESIAN_POINT('',(0.1,-7.62,0.9));
#8625 = VECTOR('',#8626,1.);
#8626 = DIRECTION('',(-1.110223024625E-16,-1.,0.));
#8627 = PLANE('',#8628);
#8628 = AXIS2_PLACEMENT_3D('',#8629,#8630,#8631);
#8629 = CARTESIAN_POINT('',(-9.396650124671E-16,-7.62,0.9));
#8630 = DIRECTION('',(0.,0.,1.));
#8631 = DIRECTION('',(1.110223024625E-16,1.,-0.));
#8632 = ADVANCED_FACE('',(#8633),#8644,.T.);
#8633 = FACE_BOUND('',#8634,.T.);
#8634 = EDGE_LOOP('',(#8635,#8636,#8642,#8643));
#8635 = ORIENTED_EDGE('',*,*,#6788,.T.);
#8636 = ORIENTED_EDGE('',*,*,#8637,.F.);
#8637 = EDGE_CURVE('',#6733,#6789,#8638,.T.);
#8638 = LINE('',#8639,#8640);
#8639 = CARTESIAN_POINT('',(-0.1,-7.62,0.9));
#8640 = VECTOR('',#8641,1.);
#8641 = DIRECTION('',(-1.110223024625E-16,-1.,0.));
#8642 = ORIENTED_EDGE('',*,*,#6740,.T.);
#8643 = ORIENTED_EDGE('',*,*,#6763,.T.);
#8644 = PLANE('',#8645);
#8645 = AXIS2_PLACEMENT_3D('',#8646,#8647,#8648);
#8646 = CARTESIAN_POINT('',(-9.396650124671E-16,-7.62,0.9));
#8647 = DIRECTION('',(0.,0.,1.));
#8648 = DIRECTION('',(1.110223024625E-16,1.,-0.));
#8649 = ADVANCED_FACE('',(#8650),#8693,.T.);
#8650 = FACE_BOUND('',#8651,.T.);
#8651 = EDGE_LOOP('',(#8652,#8653,#8661,#8669,#8677,#8685,#8691,#8692));
#8652 = ORIENTED_EDGE('',*,*,#6796,.F.);
#8653 = ORIENTED_EDGE('',*,*,#8654,.T.);
#8654 = EDGE_CURVE('',#6797,#8655,#8657,.T.);
#8655 = VERTEX_POINT('',#8656);
#8656 = CARTESIAN_POINT('',(-0.1,-7.87,7.35));
#8657 = LINE('',#8658,#8659);
#8658 = CARTESIAN_POINT('',(-0.1,-7.92,7.4));
#8659 = VECTOR('',#8660,1.);
#8660 = DIRECTION('',(7.850462293414E-17,0.707106781187,-0.707106781187)
  );
#8661 = ORIENTED_EDGE('',*,*,#8662,.T.);
#8662 = EDGE_CURVE('',#8655,#8663,#8665,.T.);
#8663 = VERTEX_POINT('',#8664);
#8664 = CARTESIAN_POINT('',(-0.1,-7.87,1.25));
#8665 = LINE('',#8666,#8667);
#8666 = CARTESIAN_POINT('',(-0.1,-7.87,7.35));
#8667 = VECTOR('',#8668,1.);
#8668 = DIRECTION('',(0.,0.,-1.));
#8669 = ORIENTED_EDGE('',*,*,#8670,.T.);
#8670 = EDGE_CURVE('',#8663,#8671,#8673,.T.);
#8671 = VERTEX_POINT('',#8672);
#8672 = CARTESIAN_POINT('',(-0.1,-7.37,1.25));
#8673 = LINE('',#8674,#8675);
#8674 = CARTESIAN_POINT('',(-0.1,-7.87,1.25));
#8675 = VECTOR('',#8676,1.);
#8676 = DIRECTION('',(1.110223024625E-16,1.,0.));
#8677 = ORIENTED_EDGE('',*,*,#8678,.T.);
#8678 = EDGE_CURVE('',#8671,#8679,#8681,.T.);
#8679 = VERTEX_POINT('',#8680);
#8680 = CARTESIAN_POINT('',(-0.1,-7.37,7.35));
#8681 = LINE('',#8682,#8683);
#8682 = CARTESIAN_POINT('',(-0.1,-7.37,1.25));
#8683 = VECTOR('',#8684,1.);
#8684 = DIRECTION('',(0.,0.,1.));
#8685 = ORIENTED_EDGE('',*,*,#8686,.T.);
#8686 = EDGE_CURVE('',#8679,#6725,#8687,.T.);
#8687 = LINE('',#8688,#8689);
#8688 = CARTESIAN_POINT('',(-0.1,-7.37,7.35));
#8689 = VECTOR('',#8690,1.);
#8690 = DIRECTION('',(7.850462293414E-17,0.707106781187,0.707106781187)
  );
#8691 = ORIENTED_EDGE('',*,*,#6732,.F.);
#8692 = ORIENTED_EDGE('',*,*,#8637,.T.);
#8693 = PLANE('',#8694);
#8694 = AXIS2_PLACEMENT_3D('',#8695,#8696,#8697);
#8695 = CARTESIAN_POINT('',(-0.1,-7.62,3.911477598424));
#8696 = DIRECTION('',(-1.,1.110223024625E-16,0.));
#8697 = DIRECTION('',(0.,0.,1.));
#8698 = ADVANCED_FACE('',(#8699),#8717,.T.);
#8699 = FACE_BOUND('',#8700,.T.);
#8700 = EDGE_LOOP('',(#8701,#8709,#8715,#8716));
#8701 = ORIENTED_EDGE('',*,*,#8702,.T.);
#8702 = EDGE_CURVE('',#8679,#8703,#8705,.T.);
#8703 = VERTEX_POINT('',#8704);
#8704 = CARTESIAN_POINT('',(0.1,-7.37,7.35));
#8705 = LINE('',#8706,#8707);
#8706 = CARTESIAN_POINT('',(-0.1,-7.37,7.35));
#8707 = VECTOR('',#8708,1.);
#8708 = DIRECTION('',(1.,-1.110223024625E-16,0.));
#8709 = ORIENTED_EDGE('',*,*,#8710,.T.);
#8710 = EDGE_CURVE('',#8703,#6717,#8711,.T.);
#8711 = LINE('',#8712,#8713);
#8712 = CARTESIAN_POINT('',(0.1,-7.37,7.35));
#8713 = VECTOR('',#8714,1.);
#8714 = DIRECTION('',(7.850462293414E-17,0.707106781187,0.707106781187)
  );
#8715 = ORIENTED_EDGE('',*,*,#6724,.F.);
#8716 = ORIENTED_EDGE('',*,*,#8686,.F.);
#8717 = PLANE('',#8718);
#8718 = AXIS2_PLACEMENT_3D('',#8719,#8720,#8721);
#8719 = CARTESIAN_POINT('',(-0.1,-7.37,7.35));
#8720 = DIRECTION('',(-7.850462293414E-17,-0.707106781187,0.707106781187
    ));
#8721 = DIRECTION('',(7.850462293414E-17,0.707106781187,0.707106781187)
  );
#8722 = ADVANCED_FACE('',(#8723),#8759,.F.);
#8723 = FACE_BOUND('',#8724,.F.);
#8724 = EDGE_LOOP('',(#8725,#8726,#8734,#8742,#8750,#8756,#8757,#8758));
#8725 = ORIENTED_EDGE('',*,*,#6812,.F.);
#8726 = ORIENTED_EDGE('',*,*,#8727,.T.);
#8727 = EDGE_CURVE('',#6805,#8728,#8730,.T.);
#8728 = VERTEX_POINT('',#8729);
#8729 = CARTESIAN_POINT('',(0.1,-7.87,7.35));
#8730 = LINE('',#8731,#8732);
#8731 = CARTESIAN_POINT('',(0.1,-7.92,7.4));
#8732 = VECTOR('',#8733,1.);
#8733 = DIRECTION('',(7.850462293414E-17,0.707106781187,-0.707106781187)
  );
#8734 = ORIENTED_EDGE('',*,*,#8735,.T.);
#8735 = EDGE_CURVE('',#8728,#8736,#8738,.T.);
#8736 = VERTEX_POINT('',#8737);
#8737 = CARTESIAN_POINT('',(0.1,-7.87,1.25));
#8738 = LINE('',#8739,#8740);
#8739 = CARTESIAN_POINT('',(0.1,-7.87,7.35));
#8740 = VECTOR('',#8741,1.);
#8741 = DIRECTION('',(0.,0.,-1.));
#8742 = ORIENTED_EDGE('',*,*,#8743,.T.);
#8743 = EDGE_CURVE('',#8736,#8744,#8746,.T.);
#8744 = VERTEX_POINT('',#8745);
#8745 = CARTESIAN_POINT('',(0.1,-7.37,1.25));
#8746 = LINE('',#8747,#8748);
#8747 = CARTESIAN_POINT('',(0.1,-7.87,1.25));
#8748 = VECTOR('',#8749,1.);
#8749 = DIRECTION('',(1.110223024625E-16,1.,0.));
#8750 = ORIENTED_EDGE('',*,*,#8751,.T.);
#8751 = EDGE_CURVE('',#8744,#8703,#8752,.T.);
#8752 = LINE('',#8753,#8754);
#8753 = CARTESIAN_POINT('',(0.1,-7.37,1.25));
#8754 = VECTOR('',#8755,1.);
#8755 = DIRECTION('',(0.,0.,1.));
#8756 = ORIENTED_EDGE('',*,*,#8710,.T.);
#8757 = ORIENTED_EDGE('',*,*,#6716,.F.);
#8758 = ORIENTED_EDGE('',*,*,#8622,.T.);
#8759 = PLANE('',#8760);
#8760 = AXIS2_PLACEMENT_3D('',#8761,#8762,#8763);
#8761 = CARTESIAN_POINT('',(0.1,-7.62,3.911477598424));
#8762 = DIRECTION('',(-1.,1.110223024625E-16,0.));
#8763 = DIRECTION('',(0.,0.,1.));
#8764 = ADVANCED_FACE('',(#8765),#8776,.T.);
#8765 = FACE_BOUND('',#8766,.T.);
#8766 = EDGE_LOOP('',(#8767,#8768,#8769,#8775));
#8767 = ORIENTED_EDGE('',*,*,#6804,.T.);
#8768 = ORIENTED_EDGE('',*,*,#8727,.T.);
#8769 = ORIENTED_EDGE('',*,*,#8770,.F.);
#8770 = EDGE_CURVE('',#8655,#8728,#8771,.T.);
#8771 = LINE('',#8772,#8773);
#8772 = CARTESIAN_POINT('',(-0.1,-7.87,7.35));
#8773 = VECTOR('',#8774,1.);
#8774 = DIRECTION('',(1.,-1.110223024625E-16,0.));
#8775 = ORIENTED_EDGE('',*,*,#8654,.F.);
#8776 = PLANE('',#8777);
#8777 = AXIS2_PLACEMENT_3D('',#8778,#8779,#8780);
#8778 = CARTESIAN_POINT('',(-0.1,-7.92,7.4));
#8779 = DIRECTION('',(7.850462293414E-17,0.707106781187,0.707106781187)
  );
#8780 = DIRECTION('',(7.850462293414E-17,0.707106781187,-0.707106781187)
  );
#8781 = ADVANCED_FACE('',(#8782),#8793,.T.);
#8782 = FACE_BOUND('',#8783,.T.);
#8783 = EDGE_LOOP('',(#8784,#8785,#8786,#8787));
#8784 = ORIENTED_EDGE('',*,*,#6980,.T.);
#8785 = ORIENTED_EDGE('',*,*,#6843,.T.);
#8786 = ORIENTED_EDGE('',*,*,#6868,.T.);
#8787 = ORIENTED_EDGE('',*,*,#8788,.T.);
#8788 = EDGE_CURVE('',#6869,#6973,#8789,.T.);
#8789 = LINE('',#8790,#8791);
#8790 = CARTESIAN_POINT('',(0.1,-5.08,0.9));
#8791 = VECTOR('',#8792,1.);
#8792 = DIRECTION('',(-1.110223024625E-16,-1.,0.));
#8793 = PLANE('',#8794);
#8794 = AXIS2_PLACEMENT_3D('',#8795,#8796,#8797);
#8795 = CARTESIAN_POINT('',(-6.576683642123E-16,-5.08,0.9));
#8796 = DIRECTION('',(0.,0.,1.));
#8797 = DIRECTION('',(1.110223024625E-16,1.,-0.));
#8798 = ADVANCED_FACE('',(#8799),#8810,.T.);
#8799 = FACE_BOUND('',#8800,.T.);
#8800 = EDGE_LOOP('',(#8801,#8802,#8808,#8809));
#8801 = ORIENTED_EDGE('',*,*,#6948,.T.);
#8802 = ORIENTED_EDGE('',*,*,#8803,.F.);
#8803 = EDGE_CURVE('',#6893,#6949,#8804,.T.);
#8804 = LINE('',#8805,#8806);
#8805 = CARTESIAN_POINT('',(-0.1,-5.08,0.9));
#8806 = VECTOR('',#8807,1.);
#8807 = DIRECTION('',(-1.110223024625E-16,-1.,0.));
#8808 = ORIENTED_EDGE('',*,*,#6900,.T.);
#8809 = ORIENTED_EDGE('',*,*,#6923,.T.);
#8810 = PLANE('',#8811);
#8811 = AXIS2_PLACEMENT_3D('',#8812,#8813,#8814);
#8812 = CARTESIAN_POINT('',(-6.576683642123E-16,-5.08,0.9));
#8813 = DIRECTION('',(0.,0.,1.));
#8814 = DIRECTION('',(1.110223024625E-16,1.,-0.));
#8815 = ADVANCED_FACE('',(#8816),#8859,.T.);
#8816 = FACE_BOUND('',#8817,.T.);
#8817 = EDGE_LOOP('',(#8818,#8819,#8827,#8835,#8843,#8851,#8857,#8858));
#8818 = ORIENTED_EDGE('',*,*,#6956,.F.);
#8819 = ORIENTED_EDGE('',*,*,#8820,.T.);
#8820 = EDGE_CURVE('',#6957,#8821,#8823,.T.);
#8821 = VERTEX_POINT('',#8822);
#8822 = CARTESIAN_POINT('',(-0.1,-5.33,7.35));
#8823 = LINE('',#8824,#8825);
#8824 = CARTESIAN_POINT('',(-0.1,-5.38,7.4));
#8825 = VECTOR('',#8826,1.);
#8826 = DIRECTION('',(7.850462293414E-17,0.707106781187,-0.707106781187)
  );
#8827 = ORIENTED_EDGE('',*,*,#8828,.T.);
#8828 = EDGE_CURVE('',#8821,#8829,#8831,.T.);
#8829 = VERTEX_POINT('',#8830);
#8830 = CARTESIAN_POINT('',(-0.1,-5.33,1.25));
#8831 = LINE('',#8832,#8833);
#8832 = CARTESIAN_POINT('',(-0.1,-5.33,7.35));
#8833 = VECTOR('',#8834,1.);
#8834 = DIRECTION('',(0.,0.,-1.));
#8835 = ORIENTED_EDGE('',*,*,#8836,.T.);
#8836 = EDGE_CURVE('',#8829,#8837,#8839,.T.);
#8837 = VERTEX_POINT('',#8838);
#8838 = CARTESIAN_POINT('',(-0.1,-4.83,1.25));
#8839 = LINE('',#8840,#8841);
#8840 = CARTESIAN_POINT('',(-0.1,-5.33,1.25));
#8841 = VECTOR('',#8842,1.);
#8842 = DIRECTION('',(1.110223024625E-16,1.,0.));
#8843 = ORIENTED_EDGE('',*,*,#8844,.T.);
#8844 = EDGE_CURVE('',#8837,#8845,#8847,.T.);
#8845 = VERTEX_POINT('',#8846);
#8846 = CARTESIAN_POINT('',(-0.1,-4.83,7.35));
#8847 = LINE('',#8848,#8849);
#8848 = CARTESIAN_POINT('',(-0.1,-4.83,1.25));
#8849 = VECTOR('',#8850,1.);
#8850 = DIRECTION('',(0.,0.,1.));
#8851 = ORIENTED_EDGE('',*,*,#8852,.T.);
#8852 = EDGE_CURVE('',#8845,#6885,#8853,.T.);
#8853 = LINE('',#8854,#8855);
#8854 = CARTESIAN_POINT('',(-0.1,-4.83,7.35));
#8855 = VECTOR('',#8856,1.);
#8856 = DIRECTION('',(7.850462293414E-17,0.707106781187,0.707106781187)
  );
#8857 = ORIENTED_EDGE('',*,*,#6892,.F.);
#8858 = ORIENTED_EDGE('',*,*,#8803,.T.);
#8859 = PLANE('',#8860);
#8860 = AXIS2_PLACEMENT_3D('',#8861,#8862,#8863);
#8861 = CARTESIAN_POINT('',(-0.1,-5.08,3.911477598424));
#8862 = DIRECTION('',(-1.,1.110223024625E-16,0.));
#8863 = DIRECTION('',(0.,0.,1.));
#8864 = ADVANCED_FACE('',(#8865),#8883,.T.);
#8865 = FACE_BOUND('',#8866,.T.);
#8866 = EDGE_LOOP('',(#8867,#8875,#8881,#8882));
#8867 = ORIENTED_EDGE('',*,*,#8868,.T.);
#8868 = EDGE_CURVE('',#8845,#8869,#8871,.T.);
#8869 = VERTEX_POINT('',#8870);
#8870 = CARTESIAN_POINT('',(0.1,-4.83,7.35));
#8871 = LINE('',#8872,#8873);
#8872 = CARTESIAN_POINT('',(-0.1,-4.83,7.35));
#8873 = VECTOR('',#8874,1.);
#8874 = DIRECTION('',(1.,-1.110223024625E-16,0.));
#8875 = ORIENTED_EDGE('',*,*,#8876,.T.);
#8876 = EDGE_CURVE('',#8869,#6877,#8877,.T.);
#8877 = LINE('',#8878,#8879);
#8878 = CARTESIAN_POINT('',(0.1,-4.83,7.35));
#8879 = VECTOR('',#8880,1.);
#8880 = DIRECTION('',(7.850462293414E-17,0.707106781187,0.707106781187)
  );
#8881 = ORIENTED_EDGE('',*,*,#6884,.F.);
#8882 = ORIENTED_EDGE('',*,*,#8852,.F.);
#8883 = PLANE('',#8884);
#8884 = AXIS2_PLACEMENT_3D('',#8885,#8886,#8887);
#8885 = CARTESIAN_POINT('',(-0.1,-4.83,7.35));
#8886 = DIRECTION('',(-7.850462293414E-17,-0.707106781187,0.707106781187
    ));
#8887 = DIRECTION('',(7.850462293414E-17,0.707106781187,0.707106781187)
  );
#8888 = ADVANCED_FACE('',(#8889),#8925,.F.);
#8889 = FACE_BOUND('',#8890,.F.);
#8890 = EDGE_LOOP('',(#8891,#8892,#8900,#8908,#8916,#8922,#8923,#8924));
#8891 = ORIENTED_EDGE('',*,*,#6972,.F.);
#8892 = ORIENTED_EDGE('',*,*,#8893,.T.);
#8893 = EDGE_CURVE('',#6965,#8894,#8896,.T.);
#8894 = VERTEX_POINT('',#8895);
#8895 = CARTESIAN_POINT('',(0.1,-5.33,7.35));
#8896 = LINE('',#8897,#8898);
#8897 = CARTESIAN_POINT('',(0.1,-5.38,7.4));
#8898 = VECTOR('',#8899,1.);
#8899 = DIRECTION('',(7.850462293414E-17,0.707106781187,-0.707106781187)
  );
#8900 = ORIENTED_EDGE('',*,*,#8901,.T.);
#8901 = EDGE_CURVE('',#8894,#8902,#8904,.T.);
#8902 = VERTEX_POINT('',#8903);
#8903 = CARTESIAN_POINT('',(0.1,-5.33,1.25));
#8904 = LINE('',#8905,#8906);
#8905 = CARTESIAN_POINT('',(0.1,-5.33,7.35));
#8906 = VECTOR('',#8907,1.);
#8907 = DIRECTION('',(0.,0.,-1.));
#8908 = ORIENTED_EDGE('',*,*,#8909,.T.);
#8909 = EDGE_CURVE('',#8902,#8910,#8912,.T.);
#8910 = VERTEX_POINT('',#8911);
#8911 = CARTESIAN_POINT('',(0.1,-4.83,1.25));
#8912 = LINE('',#8913,#8914);
#8913 = CARTESIAN_POINT('',(0.1,-5.33,1.25));
#8914 = VECTOR('',#8915,1.);
#8915 = DIRECTION('',(1.110223024625E-16,1.,0.));
#8916 = ORIENTED_EDGE('',*,*,#8917,.T.);
#8917 = EDGE_CURVE('',#8910,#8869,#8918,.T.);
#8918 = LINE('',#8919,#8920);
#8919 = CARTESIAN_POINT('',(0.1,-4.83,1.25));
#8920 = VECTOR('',#8921,1.);
#8921 = DIRECTION('',(0.,0.,1.));
#8922 = ORIENTED_EDGE('',*,*,#8876,.T.);
#8923 = ORIENTED_EDGE('',*,*,#6876,.F.);
#8924 = ORIENTED_EDGE('',*,*,#8788,.T.);
#8925 = PLANE('',#8926);
#8926 = AXIS2_PLACEMENT_3D('',#8927,#8928,#8929);
#8927 = CARTESIAN_POINT('',(0.1,-5.08,3.911477598424));
#8928 = DIRECTION('',(-1.,1.110223024625E-16,0.));
#8929 = DIRECTION('',(0.,0.,1.));
#8930 = ADVANCED_FACE('',(#8931),#8942,.T.);
#8931 = FACE_BOUND('',#8932,.T.);
#8932 = EDGE_LOOP('',(#8933,#8934,#8935,#8941));
#8933 = ORIENTED_EDGE('',*,*,#6964,.T.);
#8934 = ORIENTED_EDGE('',*,*,#8893,.T.);
#8935 = ORIENTED_EDGE('',*,*,#8936,.F.);
#8936 = EDGE_CURVE('',#8821,#8894,#8937,.T.);
#8937 = LINE('',#8938,#8939);
#8938 = CARTESIAN_POINT('',(-0.1,-5.33,7.35));
#8939 = VECTOR('',#8940,1.);
#8940 = DIRECTION('',(1.,-1.110223024625E-16,0.));
#8941 = ORIENTED_EDGE('',*,*,#8820,.F.);
#8942 = PLANE('',#8943);
#8943 = AXIS2_PLACEMENT_3D('',#8944,#8945,#8946);
#8944 = CARTESIAN_POINT('',(-0.1,-5.38,7.4));
#8945 = DIRECTION('',(7.850462293414E-17,0.707106781187,0.707106781187)
  );
#8946 = DIRECTION('',(7.850462293414E-17,0.707106781187,-0.707106781187)
  );
#8947 = ADVANCED_FACE('',(#8948),#8959,.T.);
#8948 = FACE_BOUND('',#8949,.T.);
#8949 = EDGE_LOOP('',(#8950,#8951,#8952,#8953));
#8950 = ORIENTED_EDGE('',*,*,#7140,.T.);
#8951 = ORIENTED_EDGE('',*,*,#7003,.T.);
#8952 = ORIENTED_EDGE('',*,*,#7028,.T.);
#8953 = ORIENTED_EDGE('',*,*,#8954,.T.);
#8954 = EDGE_CURVE('',#7029,#7133,#8955,.T.);
#8955 = LINE('',#8956,#8957);
#8956 = CARTESIAN_POINT('',(0.1,-2.54,0.9));
#8957 = VECTOR('',#8958,1.);
#8958 = DIRECTION('',(-1.110223024625E-16,-1.,0.));
#8959 = PLANE('',#8960);
#8960 = AXIS2_PLACEMENT_3D('',#8961,#8962,#8963);
#8961 = CARTESIAN_POINT('',(-3.756717159575E-16,-2.54,0.9));
#8962 = DIRECTION('',(0.,0.,1.));
#8963 = DIRECTION('',(1.110223024625E-16,1.,-0.));
#8964 = ADVANCED_FACE('',(#8965),#8976,.T.);
#8965 = FACE_BOUND('',#8966,.T.);
#8966 = EDGE_LOOP('',(#8967,#8968,#8974,#8975));
#8967 = ORIENTED_EDGE('',*,*,#7108,.T.);
#8968 = ORIENTED_EDGE('',*,*,#8969,.F.);
#8969 = EDGE_CURVE('',#7053,#7109,#8970,.T.);
#8970 = LINE('',#8971,#8972);
#8971 = CARTESIAN_POINT('',(-0.1,-2.54,0.9));
#8972 = VECTOR('',#8973,1.);
#8973 = DIRECTION('',(-1.110223024625E-16,-1.,0.));
#8974 = ORIENTED_EDGE('',*,*,#7060,.T.);
#8975 = ORIENTED_EDGE('',*,*,#7083,.T.);
#8976 = PLANE('',#8977);
#8977 = AXIS2_PLACEMENT_3D('',#8978,#8979,#8980);
#8978 = CARTESIAN_POINT('',(-3.756717159575E-16,-2.54,0.9));
#8979 = DIRECTION('',(0.,0.,1.));
#8980 = DIRECTION('',(1.110223024625E-16,1.,-0.));
#8981 = ADVANCED_FACE('',(#8982),#9025,.T.);
#8982 = FACE_BOUND('',#8983,.T.);
#8983 = EDGE_LOOP('',(#8984,#8985,#8993,#9001,#9009,#9017,#9023,#9024));
#8984 = ORIENTED_EDGE('',*,*,#7116,.F.);
#8985 = ORIENTED_EDGE('',*,*,#8986,.T.);
#8986 = EDGE_CURVE('',#7117,#8987,#8989,.T.);
#8987 = VERTEX_POINT('',#8988);
#8988 = CARTESIAN_POINT('',(-0.1,-2.79,7.35));
#8989 = LINE('',#8990,#8991);
#8990 = CARTESIAN_POINT('',(-0.1,-2.84,7.4));
#8991 = VECTOR('',#8992,1.);
#8992 = DIRECTION('',(7.850462293414E-17,0.707106781187,-0.707106781187)
  );
#8993 = ORIENTED_EDGE('',*,*,#8994,.T.);
#8994 = EDGE_CURVE('',#8987,#8995,#8997,.T.);
#8995 = VERTEX_POINT('',#8996);
#8996 = CARTESIAN_POINT('',(-0.1,-2.79,1.25));
#8997 = LINE('',#8998,#8999);
#8998 = CARTESIAN_POINT('',(-0.1,-2.79,7.35));
#8999 = VECTOR('',#9000,1.);
#9000 = DIRECTION('',(0.,0.,-1.));
#9001 = ORIENTED_EDGE('',*,*,#9002,.T.);
#9002 = EDGE_CURVE('',#8995,#9003,#9005,.T.);
#9003 = VERTEX_POINT('',#9004);
#9004 = CARTESIAN_POINT('',(-0.1,-2.29,1.25));
#9005 = LINE('',#9006,#9007);
#9006 = CARTESIAN_POINT('',(-0.1,-2.79,1.25));
#9007 = VECTOR('',#9008,1.);
#9008 = DIRECTION('',(1.110223024625E-16,1.,0.));
#9009 = ORIENTED_EDGE('',*,*,#9010,.T.);
#9010 = EDGE_CURVE('',#9003,#9011,#9013,.T.);
#9011 = VERTEX_POINT('',#9012);
#9012 = CARTESIAN_POINT('',(-0.1,-2.29,7.35));
#9013 = LINE('',#9014,#9015);
#9014 = CARTESIAN_POINT('',(-0.1,-2.29,1.25));
#9015 = VECTOR('',#9016,1.);
#9016 = DIRECTION('',(0.,0.,1.));
#9017 = ORIENTED_EDGE('',*,*,#9018,.T.);
#9018 = EDGE_CURVE('',#9011,#7045,#9019,.T.);
#9019 = LINE('',#9020,#9021);
#9020 = CARTESIAN_POINT('',(-0.1,-2.29,7.35));
#9021 = VECTOR('',#9022,1.);
#9022 = DIRECTION('',(7.850462293414E-17,0.707106781187,0.707106781187)
  );
#9023 = ORIENTED_EDGE('',*,*,#7052,.F.);
#9024 = ORIENTED_EDGE('',*,*,#8969,.T.);
#9025 = PLANE('',#9026);
#9026 = AXIS2_PLACEMENT_3D('',#9027,#9028,#9029);
#9027 = CARTESIAN_POINT('',(-0.1,-2.54,3.911477598424));
#9028 = DIRECTION('',(-1.,1.110223024625E-16,0.));
#9029 = DIRECTION('',(0.,0.,1.));
#9030 = ADVANCED_FACE('',(#9031),#9049,.T.);
#9031 = FACE_BOUND('',#9032,.T.);
#9032 = EDGE_LOOP('',(#9033,#9041,#9047,#9048));
#9033 = ORIENTED_EDGE('',*,*,#9034,.T.);
#9034 = EDGE_CURVE('',#9011,#9035,#9037,.T.);
#9035 = VERTEX_POINT('',#9036);
#9036 = CARTESIAN_POINT('',(0.1,-2.29,7.35));
#9037 = LINE('',#9038,#9039);
#9038 = CARTESIAN_POINT('',(-0.1,-2.29,7.35));
#9039 = VECTOR('',#9040,1.);
#9040 = DIRECTION('',(1.,-1.110223024625E-16,0.));
#9041 = ORIENTED_EDGE('',*,*,#9042,.T.);
#9042 = EDGE_CURVE('',#9035,#7037,#9043,.T.);
#9043 = LINE('',#9044,#9045);
#9044 = CARTESIAN_POINT('',(0.1,-2.29,7.35));
#9045 = VECTOR('',#9046,1.);
#9046 = DIRECTION('',(7.850462293414E-17,0.707106781187,0.707106781187)
  );
#9047 = ORIENTED_EDGE('',*,*,#7044,.F.);
#9048 = ORIENTED_EDGE('',*,*,#9018,.F.);
#9049 = PLANE('',#9050);
#9050 = AXIS2_PLACEMENT_3D('',#9051,#9052,#9053);
#9051 = CARTESIAN_POINT('',(-0.1,-2.29,7.35));
#9052 = DIRECTION('',(-7.850462293414E-17,-0.707106781187,0.707106781187
    ));
#9053 = DIRECTION('',(7.850462293414E-17,0.707106781187,0.707106781187)
  );
#9054 = ADVANCED_FACE('',(#9055),#9091,.F.);
#9055 = FACE_BOUND('',#9056,.F.);
#9056 = EDGE_LOOP('',(#9057,#9058,#9066,#9074,#9082,#9088,#9089,#9090));
#9057 = ORIENTED_EDGE('',*,*,#7132,.F.);
#9058 = ORIENTED_EDGE('',*,*,#9059,.T.);
#9059 = EDGE_CURVE('',#7125,#9060,#9062,.T.);
#9060 = VERTEX_POINT('',#9061);
#9061 = CARTESIAN_POINT('',(0.1,-2.79,7.35));
#9062 = LINE('',#9063,#9064);
#9063 = CARTESIAN_POINT('',(0.1,-2.84,7.4));
#9064 = VECTOR('',#9065,1.);
#9065 = DIRECTION('',(7.850462293414E-17,0.707106781187,-0.707106781187)
  );
#9066 = ORIENTED_EDGE('',*,*,#9067,.T.);
#9067 = EDGE_CURVE('',#9060,#9068,#9070,.T.);
#9068 = VERTEX_POINT('',#9069);
#9069 = CARTESIAN_POINT('',(0.1,-2.79,1.25));
#9070 = LINE('',#9071,#9072);
#9071 = CARTESIAN_POINT('',(0.1,-2.79,7.35));
#9072 = VECTOR('',#9073,1.);
#9073 = DIRECTION('',(0.,0.,-1.));
#9074 = ORIENTED_EDGE('',*,*,#9075,.T.);
#9075 = EDGE_CURVE('',#9068,#9076,#9078,.T.);
#9076 = VERTEX_POINT('',#9077);
#9077 = CARTESIAN_POINT('',(0.1,-2.29,1.25));
#9078 = LINE('',#9079,#9080);
#9079 = CARTESIAN_POINT('',(0.1,-2.79,1.25));
#9080 = VECTOR('',#9081,1.);
#9081 = DIRECTION('',(1.110223024625E-16,1.,0.));
#9082 = ORIENTED_EDGE('',*,*,#9083,.T.);
#9083 = EDGE_CURVE('',#9076,#9035,#9084,.T.);
#9084 = LINE('',#9085,#9086);
#9085 = CARTESIAN_POINT('',(0.1,-2.29,1.25));
#9086 = VECTOR('',#9087,1.);
#9087 = DIRECTION('',(0.,0.,1.));
#9088 = ORIENTED_EDGE('',*,*,#9042,.T.);
#9089 = ORIENTED_EDGE('',*,*,#7036,.F.);
#9090 = ORIENTED_EDGE('',*,*,#8954,.T.);
#9091 = PLANE('',#9092);
#9092 = AXIS2_PLACEMENT_3D('',#9093,#9094,#9095);
#9093 = CARTESIAN_POINT('',(0.1,-2.54,3.911477598424));
#9094 = DIRECTION('',(-1.,1.110223024625E-16,0.));
#9095 = DIRECTION('',(0.,0.,1.));
#9096 = ADVANCED_FACE('',(#9097),#9108,.T.);
#9097 = FACE_BOUND('',#9098,.T.);
#9098 = EDGE_LOOP('',(#9099,#9100,#9101,#9107));
#9099 = ORIENTED_EDGE('',*,*,#7124,.T.);
#9100 = ORIENTED_EDGE('',*,*,#9059,.T.);
#9101 = ORIENTED_EDGE('',*,*,#9102,.F.);
#9102 = EDGE_CURVE('',#8987,#9060,#9103,.T.);
#9103 = LINE('',#9104,#9105);
#9104 = CARTESIAN_POINT('',(-0.1,-2.79,7.35));
#9105 = VECTOR('',#9106,1.);
#9106 = DIRECTION('',(1.,-1.110223024625E-16,0.));
#9107 = ORIENTED_EDGE('',*,*,#8986,.F.);
#9108 = PLANE('',#9109);
#9109 = AXIS2_PLACEMENT_3D('',#9110,#9111,#9112);
#9110 = CARTESIAN_POINT('',(-0.1,-2.84,7.4));
#9111 = DIRECTION('',(7.850462293414E-17,0.707106781187,0.707106781187)
  );
#9112 = DIRECTION('',(7.850462293414E-17,0.707106781187,-0.707106781187)
  );
#9113 = ADVANCED_FACE('',(#9114),#9125,.T.);
#9114 = FACE_BOUND('',#9115,.T.);
#9115 = EDGE_LOOP('',(#9116,#9117,#9118,#9119));
#9116 = ORIENTED_EDGE('',*,*,#7300,.T.);
#9117 = ORIENTED_EDGE('',*,*,#7163,.T.);
#9118 = ORIENTED_EDGE('',*,*,#7188,.T.);
#9119 = ORIENTED_EDGE('',*,*,#9120,.T.);
#9120 = EDGE_CURVE('',#7189,#7293,#9121,.T.);
#9121 = LINE('',#9122,#9123);
#9122 = CARTESIAN_POINT('',(0.1,8.770761894539E-16,0.9));
#9123 = VECTOR('',#9124,1.);
#9124 = DIRECTION('',(-1.110223024625E-16,-1.,0.));
#9125 = PLANE('',#9126);
#9126 = AXIS2_PLACEMENT_3D('',#9127,#9128,#9129);
#9127 = CARTESIAN_POINT('',(-9.367506770275E-17,1.7763568394E-15,0.9));
#9128 = DIRECTION('',(0.,0.,1.));
#9129 = DIRECTION('',(1.110223024625E-16,1.,-0.));
#9130 = ADVANCED_FACE('',(#9131),#9142,.T.);
#9131 = FACE_BOUND('',#9132,.T.);
#9132 = EDGE_LOOP('',(#9133,#9134,#9140,#9141));
#9133 = ORIENTED_EDGE('',*,*,#7268,.T.);
#9134 = ORIENTED_EDGE('',*,*,#9135,.F.);
#9135 = EDGE_CURVE('',#7213,#7269,#9136,.T.);
#9136 = LINE('',#9137,#9138);
#9137 = CARTESIAN_POINT('',(-0.1,8.992806499464E-16,0.9));
#9138 = VECTOR('',#9139,1.);
#9139 = DIRECTION('',(-1.110223024625E-16,-1.,0.));
#9140 = ORIENTED_EDGE('',*,*,#7220,.T.);
#9141 = ORIENTED_EDGE('',*,*,#7243,.T.);
#9142 = PLANE('',#9143);
#9143 = AXIS2_PLACEMENT_3D('',#9144,#9145,#9146);
#9144 = CARTESIAN_POINT('',(-9.367506770275E-17,1.7763568394E-15,0.9));
#9145 = DIRECTION('',(0.,0.,1.));
#9146 = DIRECTION('',(1.110223024625E-16,1.,-0.));
#9147 = ADVANCED_FACE('',(#9148),#9191,.T.);
#9148 = FACE_BOUND('',#9149,.T.);
#9149 = EDGE_LOOP('',(#9150,#9151,#9159,#9167,#9175,#9183,#9189,#9190));
#9150 = ORIENTED_EDGE('',*,*,#7276,.F.);
#9151 = ORIENTED_EDGE('',*,*,#9152,.T.);
#9152 = EDGE_CURVE('',#7277,#9153,#9155,.T.);
#9153 = VERTEX_POINT('',#9154);
#9154 = CARTESIAN_POINT('',(-0.1,-0.25,7.35));
#9155 = LINE('',#9156,#9157);
#9156 = CARTESIAN_POINT('',(-0.1,-0.3,7.4));
#9157 = VECTOR('',#9158,1.);
#9158 = DIRECTION('',(7.850462293414E-17,0.707106781187,-0.707106781187)
  );
#9159 = ORIENTED_EDGE('',*,*,#9160,.T.);
#9160 = EDGE_CURVE('',#9153,#9161,#9163,.T.);
#9161 = VERTEX_POINT('',#9162);
#9162 = CARTESIAN_POINT('',(-0.1,-0.25,1.25));
#9163 = LINE('',#9164,#9165);
#9164 = CARTESIAN_POINT('',(-0.1,-0.25,7.35));
#9165 = VECTOR('',#9166,1.);
#9166 = DIRECTION('',(0.,0.,-1.));
#9167 = ORIENTED_EDGE('',*,*,#9168,.T.);
#9168 = EDGE_CURVE('',#9161,#9169,#9171,.T.);
#9169 = VERTEX_POINT('',#9170);
#9170 = CARTESIAN_POINT('',(-0.1,0.25,1.25));
#9171 = LINE('',#9172,#9173);
#9172 = CARTESIAN_POINT('',(-0.1,-0.25,1.25));
#9173 = VECTOR('',#9174,1.);
#9174 = DIRECTION('',(1.110223024625E-16,1.,0.));
#9175 = ORIENTED_EDGE('',*,*,#9176,.T.);
#9176 = EDGE_CURVE('',#9169,#9177,#9179,.T.);
#9177 = VERTEX_POINT('',#9178);
#9178 = CARTESIAN_POINT('',(-0.1,0.25,7.35));
#9179 = LINE('',#9180,#9181);
#9180 = CARTESIAN_POINT('',(-0.1,0.25,1.25));
#9181 = VECTOR('',#9182,1.);
#9182 = DIRECTION('',(0.,0.,1.));
#9183 = ORIENTED_EDGE('',*,*,#9184,.T.);
#9184 = EDGE_CURVE('',#9177,#7205,#9185,.T.);
#9185 = LINE('',#9186,#9187);
#9186 = CARTESIAN_POINT('',(-0.1,0.25,7.35));
#9187 = VECTOR('',#9188,1.);
#9188 = DIRECTION('',(7.850462293414E-17,0.707106781187,0.707106781187)
  );
#9189 = ORIENTED_EDGE('',*,*,#7212,.F.);
#9190 = ORIENTED_EDGE('',*,*,#9135,.T.);
#9191 = PLANE('',#9192);
#9192 = AXIS2_PLACEMENT_3D('',#9193,#9194,#9195);
#9193 = CARTESIAN_POINT('',(-0.1,1.110223024625E-17,3.911477598424));
#9194 = DIRECTION('',(-1.,1.110223024625E-16,0.));
#9195 = DIRECTION('',(0.,0.,1.));
#9196 = ADVANCED_FACE('',(#9197),#9215,.T.);
#9197 = FACE_BOUND('',#9198,.T.);
#9198 = EDGE_LOOP('',(#9199,#9207,#9213,#9214));
#9199 = ORIENTED_EDGE('',*,*,#9200,.T.);
#9200 = EDGE_CURVE('',#9177,#9201,#9203,.T.);
#9201 = VERTEX_POINT('',#9202);
#9202 = CARTESIAN_POINT('',(0.1,0.25,7.35));
#9203 = LINE('',#9204,#9205);
#9204 = CARTESIAN_POINT('',(-0.1,0.25,7.35));
#9205 = VECTOR('',#9206,1.);
#9206 = DIRECTION('',(1.,-1.110223024625E-16,0.));
#9207 = ORIENTED_EDGE('',*,*,#9208,.T.);
#9208 = EDGE_CURVE('',#9201,#7197,#9209,.T.);
#9209 = LINE('',#9210,#9211);
#9210 = CARTESIAN_POINT('',(0.1,0.25,7.35));
#9211 = VECTOR('',#9212,1.);
#9212 = DIRECTION('',(7.850462293414E-17,0.707106781187,0.707106781187)
  );
#9213 = ORIENTED_EDGE('',*,*,#7204,.F.);
#9214 = ORIENTED_EDGE('',*,*,#9184,.F.);
#9215 = PLANE('',#9216);
#9216 = AXIS2_PLACEMENT_3D('',#9217,#9218,#9219);
#9217 = CARTESIAN_POINT('',(-0.1,0.25,7.35));
#9218 = DIRECTION('',(-7.850462293414E-17,-0.707106781187,0.707106781187
    ));
#9219 = DIRECTION('',(7.850462293414E-17,0.707106781187,0.707106781187)
  );
#9220 = ADVANCED_FACE('',(#9221),#9257,.F.);
#9221 = FACE_BOUND('',#9222,.F.);
#9222 = EDGE_LOOP('',(#9223,#9224,#9232,#9240,#9248,#9254,#9255,#9256));
#9223 = ORIENTED_EDGE('',*,*,#7292,.F.);
#9224 = ORIENTED_EDGE('',*,*,#9225,.T.);
#9225 = EDGE_CURVE('',#7285,#9226,#9228,.T.);
#9226 = VERTEX_POINT('',#9227);
#9227 = CARTESIAN_POINT('',(0.1,-0.25,7.35));
#9228 = LINE('',#9229,#9230);
#9229 = CARTESIAN_POINT('',(0.1,-0.3,7.4));
#9230 = VECTOR('',#9231,1.);
#9231 = DIRECTION('',(7.850462293414E-17,0.707106781187,-0.707106781187)
  );
#9232 = ORIENTED_EDGE('',*,*,#9233,.T.);
#9233 = EDGE_CURVE('',#9226,#9234,#9236,.T.);
#9234 = VERTEX_POINT('',#9235);
#9235 = CARTESIAN_POINT('',(0.1,-0.25,1.25));
#9236 = LINE('',#9237,#9238);
#9237 = CARTESIAN_POINT('',(0.1,-0.25,7.35));
#9238 = VECTOR('',#9239,1.);
#9239 = DIRECTION('',(0.,0.,-1.));
#9240 = ORIENTED_EDGE('',*,*,#9241,.T.);
#9241 = EDGE_CURVE('',#9234,#9242,#9244,.T.);
#9242 = VERTEX_POINT('',#9243);
#9243 = CARTESIAN_POINT('',(0.1,0.25,1.25));
#9244 = LINE('',#9245,#9246);
#9245 = CARTESIAN_POINT('',(0.1,-0.25,1.25));
#9246 = VECTOR('',#9247,1.);
#9247 = DIRECTION('',(1.110223024625E-16,1.,0.));
#9248 = ORIENTED_EDGE('',*,*,#9249,.T.);
#9249 = EDGE_CURVE('',#9242,#9201,#9250,.T.);
#9250 = LINE('',#9251,#9252);
#9251 = CARTESIAN_POINT('',(0.1,0.25,1.25));
#9252 = VECTOR('',#9253,1.);
#9253 = DIRECTION('',(0.,0.,1.));
#9254 = ORIENTED_EDGE('',*,*,#9208,.T.);
#9255 = ORIENTED_EDGE('',*,*,#7196,.F.);
#9256 = ORIENTED_EDGE('',*,*,#9120,.T.);
#9257 = PLANE('',#9258);
#9258 = AXIS2_PLACEMENT_3D('',#9259,#9260,#9261);
#9259 = CARTESIAN_POINT('',(0.1,-1.110223024625E-17,3.911477598424));
#9260 = DIRECTION('',(-1.,1.110223024625E-16,0.));
#9261 = DIRECTION('',(0.,0.,1.));
#9262 = ADVANCED_FACE('',(#9263),#9274,.T.);
#9263 = FACE_BOUND('',#9264,.T.);
#9264 = EDGE_LOOP('',(#9265,#9266,#9267,#9273));
#9265 = ORIENTED_EDGE('',*,*,#7284,.T.);
#9266 = ORIENTED_EDGE('',*,*,#9225,.T.);
#9267 = ORIENTED_EDGE('',*,*,#9268,.F.);
#9268 = EDGE_CURVE('',#9153,#9226,#9269,.T.);
#9269 = LINE('',#9270,#9271);
#9270 = CARTESIAN_POINT('',(-0.1,-0.25,7.35));
#9271 = VECTOR('',#9272,1.);
#9272 = DIRECTION('',(1.,-1.110223024625E-16,0.));
#9273 = ORIENTED_EDGE('',*,*,#9152,.F.);
#9274 = PLANE('',#9275);
#9275 = AXIS2_PLACEMENT_3D('',#9276,#9277,#9278);
#9276 = CARTESIAN_POINT('',(-0.1,-0.3,7.4));
#9277 = DIRECTION('',(7.850462293414E-17,0.707106781187,0.707106781187)
  );
#9278 = DIRECTION('',(7.850462293414E-17,0.707106781187,-0.707106781187)
  );
#9279 = ADVANCED_FACE('',(#9280),#9291,.T.);
#9280 = FACE_BOUND('',#9281,.T.);
#9281 = EDGE_LOOP('',(#9282,#9288,#9289,#9290));
#9282 = ORIENTED_EDGE('',*,*,#9283,.T.);
#9283 = EDGE_CURVE('',#8007,#8080,#9284,.T.);
#9284 = LINE('',#9285,#9286);
#9285 = CARTESIAN_POINT('',(-0.1,-17.53,1.25));
#9286 = VECTOR('',#9287,1.);
#9287 = DIRECTION('',(1.,-1.110223024625E-16,0.));
#9288 = ORIENTED_EDGE('',*,*,#8087,.T.);
#9289 = ORIENTED_EDGE('',*,*,#8038,.F.);
#9290 = ORIENTED_EDGE('',*,*,#8014,.F.);
#9291 = PLANE('',#9292);
#9292 = AXIS2_PLACEMENT_3D('',#9293,#9294,#9295);
#9293 = CARTESIAN_POINT('',(-0.1,-17.53,1.25));
#9294 = DIRECTION('',(-1.110223024625E-16,-1.,0.));
#9295 = DIRECTION('',(0.,0.,1.));
#9296 = ADVANCED_FACE('',(#9297),#9308,.T.);
#9297 = FACE_BOUND('',#9298,.T.);
#9298 = EDGE_LOOP('',(#9299,#9305,#9306,#9307));
#9299 = ORIENTED_EDGE('',*,*,#9300,.T.);
#9300 = EDGE_CURVE('',#7999,#8072,#9301,.T.);
#9301 = LINE('',#9302,#9303);
#9302 = CARTESIAN_POINT('',(-0.1,-18.03,1.25));
#9303 = VECTOR('',#9304,1.);
#9304 = DIRECTION('',(1.,-1.110223024625E-16,0.));
#9305 = ORIENTED_EDGE('',*,*,#8079,.T.);
#9306 = ORIENTED_EDGE('',*,*,#9283,.F.);
#9307 = ORIENTED_EDGE('',*,*,#8006,.F.);
#9308 = PLANE('',#9309);
#9309 = AXIS2_PLACEMENT_3D('',#9310,#9311,#9312);
#9310 = CARTESIAN_POINT('',(-0.1,-18.03,1.25));
#9311 = DIRECTION('',(0.,0.,1.));
#9312 = DIRECTION('',(1.110223024625E-16,1.,-0.));
#9313 = ADVANCED_FACE('',(#9314),#9320,.T.);
#9314 = FACE_BOUND('',#9315,.T.);
#9315 = EDGE_LOOP('',(#9316,#9317,#9318,#9319));
#9316 = ORIENTED_EDGE('',*,*,#8106,.T.);
#9317 = ORIENTED_EDGE('',*,*,#8071,.T.);
#9318 = ORIENTED_EDGE('',*,*,#9300,.F.);
#9319 = ORIENTED_EDGE('',*,*,#7998,.F.);
#9320 = PLANE('',#9321);
#9321 = AXIS2_PLACEMENT_3D('',#9322,#9323,#9324);
#9322 = CARTESIAN_POINT('',(-0.1,-18.03,7.35));
#9323 = DIRECTION('',(1.110223024625E-16,1.,0.));
#9324 = DIRECTION('',(0.,0.,-1.));
#9325 = ADVANCED_FACE('',(#9326),#9337,.T.);
#9326 = FACE_BOUND('',#9327,.T.);
#9327 = EDGE_LOOP('',(#9328,#9334,#9335,#9336));
#9328 = ORIENTED_EDGE('',*,*,#9329,.T.);
#9329 = EDGE_CURVE('',#8173,#8246,#9330,.T.);
#9330 = LINE('',#9331,#9332);
#9331 = CARTESIAN_POINT('',(-0.1,-14.99,1.25));
#9332 = VECTOR('',#9333,1.);
#9333 = DIRECTION('',(1.,-1.110223024625E-16,0.));
#9334 = ORIENTED_EDGE('',*,*,#8253,.T.);
#9335 = ORIENTED_EDGE('',*,*,#8204,.F.);
#9336 = ORIENTED_EDGE('',*,*,#8180,.F.);
#9337 = PLANE('',#9338);
#9338 = AXIS2_PLACEMENT_3D('',#9339,#9340,#9341);
#9339 = CARTESIAN_POINT('',(-0.1,-14.99,1.25));
#9340 = DIRECTION('',(-1.110223024625E-16,-1.,0.));
#9341 = DIRECTION('',(0.,0.,1.));
#9342 = ADVANCED_FACE('',(#9343),#9354,.T.);
#9343 = FACE_BOUND('',#9344,.T.);
#9344 = EDGE_LOOP('',(#9345,#9351,#9352,#9353));
#9345 = ORIENTED_EDGE('',*,*,#9346,.T.);
#9346 = EDGE_CURVE('',#8165,#8238,#9347,.T.);
#9347 = LINE('',#9348,#9349);
#9348 = CARTESIAN_POINT('',(-0.1,-15.49,1.25));
#9349 = VECTOR('',#9350,1.);
#9350 = DIRECTION('',(1.,-1.110223024625E-16,0.));
#9351 = ORIENTED_EDGE('',*,*,#8245,.T.);
#9352 = ORIENTED_EDGE('',*,*,#9329,.F.);
#9353 = ORIENTED_EDGE('',*,*,#8172,.F.);
#9354 = PLANE('',#9355);
#9355 = AXIS2_PLACEMENT_3D('',#9356,#9357,#9358);
#9356 = CARTESIAN_POINT('',(-0.1,-15.49,1.25));
#9357 = DIRECTION('',(0.,0.,1.));
#9358 = DIRECTION('',(1.110223024625E-16,1.,-0.));
#9359 = ADVANCED_FACE('',(#9360),#9366,.T.);
#9360 = FACE_BOUND('',#9361,.T.);
#9361 = EDGE_LOOP('',(#9362,#9363,#9364,#9365));
#9362 = ORIENTED_EDGE('',*,*,#8272,.T.);
#9363 = ORIENTED_EDGE('',*,*,#8237,.T.);
#9364 = ORIENTED_EDGE('',*,*,#9346,.F.);
#9365 = ORIENTED_EDGE('',*,*,#8164,.F.);
#9366 = PLANE('',#9367);
#9367 = AXIS2_PLACEMENT_3D('',#9368,#9369,#9370);
#9368 = CARTESIAN_POINT('',(-0.1,-15.49,7.35));
#9369 = DIRECTION('',(1.110223024625E-16,1.,0.));
#9370 = DIRECTION('',(0.,0.,-1.));
#9371 = ADVANCED_FACE('',(#9372),#9383,.T.);
#9372 = FACE_BOUND('',#9373,.T.);
#9373 = EDGE_LOOP('',(#9374,#9380,#9381,#9382));
#9374 = ORIENTED_EDGE('',*,*,#9375,.T.);
#9375 = EDGE_CURVE('',#8339,#8412,#9376,.T.);
#9376 = LINE('',#9377,#9378);
#9377 = CARTESIAN_POINT('',(-0.1,-12.45,1.25));
#9378 = VECTOR('',#9379,1.);
#9379 = DIRECTION('',(1.,-1.110223024625E-16,0.));
#9380 = ORIENTED_EDGE('',*,*,#8419,.T.);
#9381 = ORIENTED_EDGE('',*,*,#8370,.F.);
#9382 = ORIENTED_EDGE('',*,*,#8346,.F.);
#9383 = PLANE('',#9384);
#9384 = AXIS2_PLACEMENT_3D('',#9385,#9386,#9387);
#9385 = CARTESIAN_POINT('',(-0.1,-12.45,1.25));
#9386 = DIRECTION('',(-1.110223024625E-16,-1.,0.));
#9387 = DIRECTION('',(0.,0.,1.));
#9388 = ADVANCED_FACE('',(#9389),#9400,.T.);
#9389 = FACE_BOUND('',#9390,.T.);
#9390 = EDGE_LOOP('',(#9391,#9397,#9398,#9399));
#9391 = ORIENTED_EDGE('',*,*,#9392,.T.);
#9392 = EDGE_CURVE('',#8331,#8404,#9393,.T.);
#9393 = LINE('',#9394,#9395);
#9394 = CARTESIAN_POINT('',(-0.1,-12.95,1.25));
#9395 = VECTOR('',#9396,1.);
#9396 = DIRECTION('',(1.,-1.110223024625E-16,0.));
#9397 = ORIENTED_EDGE('',*,*,#8411,.T.);
#9398 = ORIENTED_EDGE('',*,*,#9375,.F.);
#9399 = ORIENTED_EDGE('',*,*,#8338,.F.);
#9400 = PLANE('',#9401);
#9401 = AXIS2_PLACEMENT_3D('',#9402,#9403,#9404);
#9402 = CARTESIAN_POINT('',(-0.1,-12.95,1.25));
#9403 = DIRECTION('',(0.,0.,1.));
#9404 = DIRECTION('',(1.110223024625E-16,1.,-0.));
#9405 = ADVANCED_FACE('',(#9406),#9412,.T.);
#9406 = FACE_BOUND('',#9407,.T.);
#9407 = EDGE_LOOP('',(#9408,#9409,#9410,#9411));
#9408 = ORIENTED_EDGE('',*,*,#8438,.T.);
#9409 = ORIENTED_EDGE('',*,*,#8403,.T.);
#9410 = ORIENTED_EDGE('',*,*,#9392,.F.);
#9411 = ORIENTED_EDGE('',*,*,#8330,.F.);
#9412 = PLANE('',#9413);
#9413 = AXIS2_PLACEMENT_3D('',#9414,#9415,#9416);
#9414 = CARTESIAN_POINT('',(-0.1,-12.95,7.35));
#9415 = DIRECTION('',(1.110223024625E-16,1.,0.));
#9416 = DIRECTION('',(0.,0.,-1.));
#9417 = ADVANCED_FACE('',(#9418),#9429,.T.);
#9418 = FACE_BOUND('',#9419,.T.);
#9419 = EDGE_LOOP('',(#9420,#9426,#9427,#9428));
#9420 = ORIENTED_EDGE('',*,*,#9421,.T.);
#9421 = EDGE_CURVE('',#8505,#8578,#9422,.T.);
#9422 = LINE('',#9423,#9424);
#9423 = CARTESIAN_POINT('',(-0.1,-9.91,1.25));
#9424 = VECTOR('',#9425,1.);
#9425 = DIRECTION('',(1.,-1.110223024625E-16,0.));
#9426 = ORIENTED_EDGE('',*,*,#8585,.T.);
#9427 = ORIENTED_EDGE('',*,*,#8536,.F.);
#9428 = ORIENTED_EDGE('',*,*,#8512,.F.);
#9429 = PLANE('',#9430);
#9430 = AXIS2_PLACEMENT_3D('',#9431,#9432,#9433);
#9431 = CARTESIAN_POINT('',(-0.1,-9.91,1.25));
#9432 = DIRECTION('',(-1.110223024625E-16,-1.,0.));
#9433 = DIRECTION('',(0.,0.,1.));
#9434 = ADVANCED_FACE('',(#9435),#9446,.T.);
#9435 = FACE_BOUND('',#9436,.T.);
#9436 = EDGE_LOOP('',(#9437,#9443,#9444,#9445));
#9437 = ORIENTED_EDGE('',*,*,#9438,.T.);
#9438 = EDGE_CURVE('',#8497,#8570,#9439,.T.);
#9439 = LINE('',#9440,#9441);
#9440 = CARTESIAN_POINT('',(-0.1,-10.41,1.25));
#9441 = VECTOR('',#9442,1.);
#9442 = DIRECTION('',(1.,-1.110223024625E-16,0.));
#9443 = ORIENTED_EDGE('',*,*,#8577,.T.);
#9444 = ORIENTED_EDGE('',*,*,#9421,.F.);
#9445 = ORIENTED_EDGE('',*,*,#8504,.F.);
#9446 = PLANE('',#9447);
#9447 = AXIS2_PLACEMENT_3D('',#9448,#9449,#9450);
#9448 = CARTESIAN_POINT('',(-0.1,-10.41,1.25));
#9449 = DIRECTION('',(0.,0.,1.));
#9450 = DIRECTION('',(1.110223024625E-16,1.,-0.));
#9451 = ADVANCED_FACE('',(#9452),#9458,.T.);
#9452 = FACE_BOUND('',#9453,.T.);
#9453 = EDGE_LOOP('',(#9454,#9455,#9456,#9457));
#9454 = ORIENTED_EDGE('',*,*,#8604,.T.);
#9455 = ORIENTED_EDGE('',*,*,#8569,.T.);
#9456 = ORIENTED_EDGE('',*,*,#9438,.F.);
#9457 = ORIENTED_EDGE('',*,*,#8496,.F.);
#9458 = PLANE('',#9459);
#9459 = AXIS2_PLACEMENT_3D('',#9460,#9461,#9462);
#9460 = CARTESIAN_POINT('',(-0.1,-10.41,7.35));
#9461 = DIRECTION('',(1.110223024625E-16,1.,0.));
#9462 = DIRECTION('',(0.,0.,-1.));
#9463 = ADVANCED_FACE('',(#9464),#9475,.T.);
#9464 = FACE_BOUND('',#9465,.T.);
#9465 = EDGE_LOOP('',(#9466,#9472,#9473,#9474));
#9466 = ORIENTED_EDGE('',*,*,#9467,.T.);
#9467 = EDGE_CURVE('',#8671,#8744,#9468,.T.);
#9468 = LINE('',#9469,#9470);
#9469 = CARTESIAN_POINT('',(-0.1,-7.37,1.25));
#9470 = VECTOR('',#9471,1.);
#9471 = DIRECTION('',(1.,-1.110223024625E-16,0.));
#9472 = ORIENTED_EDGE('',*,*,#8751,.T.);
#9473 = ORIENTED_EDGE('',*,*,#8702,.F.);
#9474 = ORIENTED_EDGE('',*,*,#8678,.F.);
#9475 = PLANE('',#9476);
#9476 = AXIS2_PLACEMENT_3D('',#9477,#9478,#9479);
#9477 = CARTESIAN_POINT('',(-0.1,-7.37,1.25));
#9478 = DIRECTION('',(-1.110223024625E-16,-1.,0.));
#9479 = DIRECTION('',(0.,0.,1.));
#9480 = ADVANCED_FACE('',(#9481),#9492,.T.);
#9481 = FACE_BOUND('',#9482,.T.);
#9482 = EDGE_LOOP('',(#9483,#9489,#9490,#9491));
#9483 = ORIENTED_EDGE('',*,*,#9484,.T.);
#9484 = EDGE_CURVE('',#8663,#8736,#9485,.T.);
#9485 = LINE('',#9486,#9487);
#9486 = CARTESIAN_POINT('',(-0.1,-7.87,1.25));
#9487 = VECTOR('',#9488,1.);
#9488 = DIRECTION('',(1.,-1.110223024625E-16,0.));
#9489 = ORIENTED_EDGE('',*,*,#8743,.T.);
#9490 = ORIENTED_EDGE('',*,*,#9467,.F.);
#9491 = ORIENTED_EDGE('',*,*,#8670,.F.);
#9492 = PLANE('',#9493);
#9493 = AXIS2_PLACEMENT_3D('',#9494,#9495,#9496);
#9494 = CARTESIAN_POINT('',(-0.1,-7.87,1.25));
#9495 = DIRECTION('',(0.,0.,1.));
#9496 = DIRECTION('',(1.110223024625E-16,1.,-0.));
#9497 = ADVANCED_FACE('',(#9498),#9504,.T.);
#9498 = FACE_BOUND('',#9499,.T.);
#9499 = EDGE_LOOP('',(#9500,#9501,#9502,#9503));
#9500 = ORIENTED_EDGE('',*,*,#8770,.T.);
#9501 = ORIENTED_EDGE('',*,*,#8735,.T.);
#9502 = ORIENTED_EDGE('',*,*,#9484,.F.);
#9503 = ORIENTED_EDGE('',*,*,#8662,.F.);
#9504 = PLANE('',#9505);
#9505 = AXIS2_PLACEMENT_3D('',#9506,#9507,#9508);
#9506 = CARTESIAN_POINT('',(-0.1,-7.87,7.35));
#9507 = DIRECTION('',(1.110223024625E-16,1.,0.));
#9508 = DIRECTION('',(0.,0.,-1.));
#9509 = ADVANCED_FACE('',(#9510),#9521,.T.);
#9510 = FACE_BOUND('',#9511,.T.);
#9511 = EDGE_LOOP('',(#9512,#9518,#9519,#9520));
#9512 = ORIENTED_EDGE('',*,*,#9513,.T.);
#9513 = EDGE_CURVE('',#8837,#8910,#9514,.T.);
#9514 = LINE('',#9515,#9516);
#9515 = CARTESIAN_POINT('',(-0.1,-4.83,1.25));
#9516 = VECTOR('',#9517,1.);
#9517 = DIRECTION('',(1.,-1.110223024625E-16,0.));
#9518 = ORIENTED_EDGE('',*,*,#8917,.T.);
#9519 = ORIENTED_EDGE('',*,*,#8868,.F.);
#9520 = ORIENTED_EDGE('',*,*,#8844,.F.);
#9521 = PLANE('',#9522);
#9522 = AXIS2_PLACEMENT_3D('',#9523,#9524,#9525);
#9523 = CARTESIAN_POINT('',(-0.1,-4.83,1.25));
#9524 = DIRECTION('',(-1.110223024625E-16,-1.,0.));
#9525 = DIRECTION('',(0.,0.,1.));
#9526 = ADVANCED_FACE('',(#9527),#9538,.T.);
#9527 = FACE_BOUND('',#9528,.T.);
#9528 = EDGE_LOOP('',(#9529,#9535,#9536,#9537));
#9529 = ORIENTED_EDGE('',*,*,#9530,.T.);
#9530 = EDGE_CURVE('',#8829,#8902,#9531,.T.);
#9531 = LINE('',#9532,#9533);
#9532 = CARTESIAN_POINT('',(-0.1,-5.33,1.25));
#9533 = VECTOR('',#9534,1.);
#9534 = DIRECTION('',(1.,-1.110223024625E-16,0.));
#9535 = ORIENTED_EDGE('',*,*,#8909,.T.);
#9536 = ORIENTED_EDGE('',*,*,#9513,.F.);
#9537 = ORIENTED_EDGE('',*,*,#8836,.F.);
#9538 = PLANE('',#9539);
#9539 = AXIS2_PLACEMENT_3D('',#9540,#9541,#9542);
#9540 = CARTESIAN_POINT('',(-0.1,-5.33,1.25));
#9541 = DIRECTION('',(0.,0.,1.));
#9542 = DIRECTION('',(1.110223024625E-16,1.,-0.));
#9543 = ADVANCED_FACE('',(#9544),#9550,.T.);
#9544 = FACE_BOUND('',#9545,.T.);
#9545 = EDGE_LOOP('',(#9546,#9547,#9548,#9549));
#9546 = ORIENTED_EDGE('',*,*,#8936,.T.);
#9547 = ORIENTED_EDGE('',*,*,#8901,.T.);
#9548 = ORIENTED_EDGE('',*,*,#9530,.F.);
#9549 = ORIENTED_EDGE('',*,*,#8828,.F.);
#9550 = PLANE('',#9551);
#9551 = AXIS2_PLACEMENT_3D('',#9552,#9553,#9554);
#9552 = CARTESIAN_POINT('',(-0.1,-5.33,7.35));
#9553 = DIRECTION('',(1.110223024625E-16,1.,0.));
#9554 = DIRECTION('',(0.,0.,-1.));
#9555 = ADVANCED_FACE('',(#9556),#9567,.T.);
#9556 = FACE_BOUND('',#9557,.T.);
#9557 = EDGE_LOOP('',(#9558,#9564,#9565,#9566));
#9558 = ORIENTED_EDGE('',*,*,#9559,.T.);
#9559 = EDGE_CURVE('',#9003,#9076,#9560,.T.);
#9560 = LINE('',#9561,#9562);
#9561 = CARTESIAN_POINT('',(-0.1,-2.29,1.25));
#9562 = VECTOR('',#9563,1.);
#9563 = DIRECTION('',(1.,-1.110223024625E-16,0.));
#9564 = ORIENTED_EDGE('',*,*,#9083,.T.);
#9565 = ORIENTED_EDGE('',*,*,#9034,.F.);
#9566 = ORIENTED_EDGE('',*,*,#9010,.F.);
#9567 = PLANE('',#9568);
#9568 = AXIS2_PLACEMENT_3D('',#9569,#9570,#9571);
#9569 = CARTESIAN_POINT('',(-0.1,-2.29,1.25));
#9570 = DIRECTION('',(-1.110223024625E-16,-1.,0.));
#9571 = DIRECTION('',(0.,0.,1.));
#9572 = ADVANCED_FACE('',(#9573),#9584,.T.);
#9573 = FACE_BOUND('',#9574,.T.);
#9574 = EDGE_LOOP('',(#9575,#9581,#9582,#9583));
#9575 = ORIENTED_EDGE('',*,*,#9576,.T.);
#9576 = EDGE_CURVE('',#8995,#9068,#9577,.T.);
#9577 = LINE('',#9578,#9579);
#9578 = CARTESIAN_POINT('',(-0.1,-2.79,1.25));
#9579 = VECTOR('',#9580,1.);
#9580 = DIRECTION('',(1.,-1.110223024625E-16,0.));
#9581 = ORIENTED_EDGE('',*,*,#9075,.T.);
#9582 = ORIENTED_EDGE('',*,*,#9559,.F.);
#9583 = ORIENTED_EDGE('',*,*,#9002,.F.);
#9584 = PLANE('',#9585);
#9585 = AXIS2_PLACEMENT_3D('',#9586,#9587,#9588);
#9586 = CARTESIAN_POINT('',(-0.1,-2.79,1.25));
#9587 = DIRECTION('',(0.,0.,1.));
#9588 = DIRECTION('',(1.110223024625E-16,1.,-0.));
#9589 = ADVANCED_FACE('',(#9590),#9596,.T.);
#9590 = FACE_BOUND('',#9591,.T.);
#9591 = EDGE_LOOP('',(#9592,#9593,#9594,#9595));
#9592 = ORIENTED_EDGE('',*,*,#9102,.T.);
#9593 = ORIENTED_EDGE('',*,*,#9067,.T.);
#9594 = ORIENTED_EDGE('',*,*,#9576,.F.);
#9595 = ORIENTED_EDGE('',*,*,#8994,.F.);
#9596 = PLANE('',#9597);
#9597 = AXIS2_PLACEMENT_3D('',#9598,#9599,#9600);
#9598 = CARTESIAN_POINT('',(-0.1,-2.79,7.35));
#9599 = DIRECTION('',(1.110223024625E-16,1.,0.));
#9600 = DIRECTION('',(0.,0.,-1.));
#9601 = ADVANCED_FACE('',(#9602),#9613,.T.);
#9602 = FACE_BOUND('',#9603,.T.);
#9603 = EDGE_LOOP('',(#9604,#9610,#9611,#9612));
#9604 = ORIENTED_EDGE('',*,*,#9605,.T.);
#9605 = EDGE_CURVE('',#9169,#9242,#9606,.T.);
#9606 = LINE('',#9607,#9608);
#9607 = CARTESIAN_POINT('',(-0.1,0.25,1.25));
#9608 = VECTOR('',#9609,1.);
#9609 = DIRECTION('',(1.,-1.110223024625E-16,0.));
#9610 = ORIENTED_EDGE('',*,*,#9249,.T.);
#9611 = ORIENTED_EDGE('',*,*,#9200,.F.);
#9612 = ORIENTED_EDGE('',*,*,#9176,.F.);
#9613 = PLANE('',#9614);
#9614 = AXIS2_PLACEMENT_3D('',#9615,#9616,#9617);
#9615 = CARTESIAN_POINT('',(-0.1,0.25,1.25));
#9616 = DIRECTION('',(-1.110223024625E-16,-1.,0.));
#9617 = DIRECTION('',(0.,0.,1.));
#9618 = ADVANCED_FACE('',(#9619),#9630,.T.);
#9619 = FACE_BOUND('',#9620,.T.);
#9620 = EDGE_LOOP('',(#9621,#9627,#9628,#9629));
#9621 = ORIENTED_EDGE('',*,*,#9622,.T.);
#9622 = EDGE_CURVE('',#9161,#9234,#9623,.T.);
#9623 = LINE('',#9624,#9625);
#9624 = CARTESIAN_POINT('',(-0.1,-0.25,1.25));
#9625 = VECTOR('',#9626,1.);
#9626 = DIRECTION('',(1.,-1.110223024625E-16,0.));
#9627 = ORIENTED_EDGE('',*,*,#9241,.T.);
#9628 = ORIENTED_EDGE('',*,*,#9605,.F.);
#9629 = ORIENTED_EDGE('',*,*,#9168,.F.);
#9630 = PLANE('',#9631);
#9631 = AXIS2_PLACEMENT_3D('',#9632,#9633,#9634);
#9632 = CARTESIAN_POINT('',(-0.1,-0.25,1.25));
#9633 = DIRECTION('',(0.,0.,1.));
#9634 = DIRECTION('',(1.110223024625E-16,1.,-0.));
#9635 = ADVANCED_FACE('',(#9636),#9642,.T.);
#9636 = FACE_BOUND('',#9637,.T.);
#9637 = EDGE_LOOP('',(#9638,#9639,#9640,#9641));
#9638 = ORIENTED_EDGE('',*,*,#9268,.T.);
#9639 = ORIENTED_EDGE('',*,*,#9233,.T.);
#9640 = ORIENTED_EDGE('',*,*,#9622,.F.);
#9641 = ORIENTED_EDGE('',*,*,#9160,.F.);
#9642 = PLANE('',#9643);
#9643 = AXIS2_PLACEMENT_3D('',#9644,#9645,#9646);
#9644 = CARTESIAN_POINT('',(-0.1,-0.25,7.35));
#9645 = DIRECTION('',(1.110223024625E-16,1.,0.));
#9646 = DIRECTION('',(0.,0.,-1.));
#9647 = ( GEOMETRIC_REPRESENTATION_CONTEXT(3) 
GLOBAL_UNCERTAINTY_ASSIGNED_CONTEXT((#9651)) 
GLOBAL_UNIT_ASSIGNED_CONTEXT((#9648,#9649,#9650)) REPRESENTATION_CONTEXT
('Context #1','3D Context with UNIT and UNCERTAINTY') );
#9648 = ( LENGTH_UNIT() NAMED_UNIT(*) SI_UNIT(.MILLI.,.METRE.) );
#9649 = ( NAMED_UNIT(*) PLANE_ANGLE_UNIT() SI_UNIT($,.RADIAN.) );
#9650 = ( NAMED_UNIT(*) SI_UNIT($,.STERADIAN.) SOLID_ANGLE_UNIT() );
#9651 = UNCERTAINTY_MEASURE_WITH_UNIT(LENGTH_MEASURE(1.E-07),#9648,
  'distance_accuracy_value','confusion accuracy');
#9652 = CONTEXT_DEPENDENT_SHAPE_REPRESENTATION(#9653,#9655);
#9653 = ( REPRESENTATION_RELATIONSHIP('','',#3156,#3133) 
REPRESENTATION_RELATIONSHIP_WITH_TRANSFORMATION(#9654) 
SHAPE_REPRESENTATION_RELATIONSHIP() );
#9654 = ITEM_DEFINED_TRANSFORMATION('','',#11,#3134);
#9655 = PRODUCT_DEFINITION_SHAPE('Placement','Placement of an item',
  #9656);
#9656 = NEXT_ASSEMBLY_USAGE_OCCURRENCE('8','=>[0:1:1:7]','',#3128,#3151,
  $);
#9657 = PRODUCT_RELATED_PRODUCT_CATEGORY('part',$,(#3153));
#9658 = SHAPE_DEFINITION_REPRESENTATION(#9659,#9665);
#9659 = PRODUCT_DEFINITION_SHAPE('','',#9660);
#9660 = PRODUCT_DEFINITION('design','',#9661,#9664);
#9661 = PRODUCT_DEFINITION_FORMATION('','',#9662);
#9662 = PRODUCT('KiC5A72_PCB','KiC5A72_PCB','',(#9663));
#9663 = PRODUCT_CONTEXT('',#2,'mechanical');
#9664 = PRODUCT_DEFINITION_CONTEXT('part definition',#2,'design');
#9665 = ADVANCED_BREP_SHAPE_REPRESENTATION('',(#11,#9666),#11142);
#9666 = MANIFOLD_SOLID_BREP('',#9667);
#9667 = CLOSED_SHELL('',(#9668,#9708,#9739,#9770,#10161,#10552,#10564,
    #10581,#10598,#10615,#10632,#10649,#10666,#10683,#10700,#10717,
    #10734,#10751,#10768,#10785,#10802,#10819,#10836,#10853,#10870,
    #10887,#10904,#10921,#10938,#10955,#10972,#10989,#11006,#11023,
    #11040,#11057,#11074,#11091,#11108,#11125));
#9668 = ADVANCED_FACE('',(#9669),#9703,.T.);
#9669 = FACE_BOUND('',#9670,.T.);
#9670 = EDGE_LOOP('',(#9671,#9681,#9689,#9697));
#9671 = ORIENTED_EDGE('',*,*,#9672,.T.);
#9672 = EDGE_CURVE('',#9673,#9675,#9677,.T.);
#9673 = VERTEX_POINT('',#9674);
#9674 = CARTESIAN_POINT('',(200.13,-138.39,0.));
#9675 = VERTEX_POINT('',#9676);
#9676 = CARTESIAN_POINT('',(200.13,-138.39,1.51));
#9677 = LINE('',#9678,#9679);
#9678 = CARTESIAN_POINT('',(200.13,-138.39,0.));
#9679 = VECTOR('',#9680,1.);
#9680 = DIRECTION('',(0.,0.,1.));
#9681 = ORIENTED_EDGE('',*,*,#9682,.T.);
#9682 = EDGE_CURVE('',#9675,#9683,#9685,.T.);
#9683 = VERTEX_POINT('',#9684);
#9684 = CARTESIAN_POINT('',(109.51,-138.39,1.51));
#9685 = LINE('',#9686,#9687);
#9686 = CARTESIAN_POINT('',(200.13,-138.39,1.51));
#9687 = VECTOR('',#9688,1.);
#9688 = DIRECTION('',(-1.,0.,0.));
#9689 = ORIENTED_EDGE('',*,*,#9690,.F.);
#9690 = EDGE_CURVE('',#9691,#9683,#9693,.T.);
#9691 = VERTEX_POINT('',#9692);
#9692 = CARTESIAN_POINT('',(109.51,-138.39,0.));
#9693 = LINE('',#9694,#9695);
#9694 = CARTESIAN_POINT('',(109.51,-138.39,0.));
#9695 = VECTOR('',#9696,1.);
#9696 = DIRECTION('',(0.,0.,1.));
#9697 = ORIENTED_EDGE('',*,*,#9698,.F.);
#9698 = EDGE_CURVE('',#9673,#9691,#9699,.T.);
#9699 = LINE('',#9700,#9701);
#9700 = CARTESIAN_POINT('',(200.13,-138.39,0.));
#9701 = VECTOR('',#9702,1.);
#9702 = DIRECTION('',(-1.,0.,0.));
#9703 = PLANE('',#9704);
#9704 = AXIS2_PLACEMENT_3D('',#9705,#9706,#9707);
#9705 = CARTESIAN_POINT('',(200.13,-138.39,0.));
#9706 = DIRECTION('',(0.,-1.,0.));
#9707 = DIRECTION('',(-1.,0.,0.));
#9708 = ADVANCED_FACE('',(#9709),#9734,.T.);
#9709 = FACE_BOUND('',#9710,.T.);
#9710 = EDGE_LOOP('',(#9711,#9721,#9727,#9728));
#9711 = ORIENTED_EDGE('',*,*,#9712,.T.);
#9712 = EDGE_CURVE('',#9713,#9715,#9717,.T.);
#9713 = VERTEX_POINT('',#9714);
#9714 = CARTESIAN_POINT('',(200.13,-89.66,0.));
#9715 = VERTEX_POINT('',#9716);
#9716 = CARTESIAN_POINT('',(200.13,-89.66,1.51));
#9717 = LINE('',#9718,#9719);
#9718 = CARTESIAN_POINT('',(200.13,-89.66,0.));
#9719 = VECTOR('',#9720,1.);
#9720 = DIRECTION('',(0.,0.,1.));
#9721 = ORIENTED_EDGE('',*,*,#9722,.T.);
#9722 = EDGE_CURVE('',#9715,#9675,#9723,.T.);
#9723 = LINE('',#9724,#9725);
#9724 = CARTESIAN_POINT('',(200.13,-89.66,1.51));
#9725 = VECTOR('',#9726,1.);
#9726 = DIRECTION('',(0.,-1.,0.));
#9727 = ORIENTED_EDGE('',*,*,#9672,.F.);
#9728 = ORIENTED_EDGE('',*,*,#9729,.F.);
#9729 = EDGE_CURVE('',#9713,#9673,#9730,.T.);
#9730 = LINE('',#9731,#9732);
#9731 = CARTESIAN_POINT('',(200.13,-89.66,0.));
#9732 = VECTOR('',#9733,1.);
#9733 = DIRECTION('',(0.,-1.,0.));
#9734 = PLANE('',#9735);
#9735 = AXIS2_PLACEMENT_3D('',#9736,#9737,#9738);
#9736 = CARTESIAN_POINT('',(200.13,-89.66,0.));
#9737 = DIRECTION('',(1.,0.,-0.));
#9738 = DIRECTION('',(0.,-1.,0.));
#9739 = ADVANCED_FACE('',(#9740),#9765,.T.);
#9740 = FACE_BOUND('',#9741,.T.);
#9741 = EDGE_LOOP('',(#9742,#9743,#9751,#9759));
#9742 = ORIENTED_EDGE('',*,*,#9690,.T.);
#9743 = ORIENTED_EDGE('',*,*,#9744,.T.);
#9744 = EDGE_CURVE('',#9683,#9745,#9747,.T.);
#9745 = VERTEX_POINT('',#9746);
#9746 = CARTESIAN_POINT('',(109.51,-89.67,1.51));
#9747 = LINE('',#9748,#9749);
#9748 = CARTESIAN_POINT('',(109.51,-138.39,1.51));
#9749 = VECTOR('',#9750,1.);
#9750 = DIRECTION('',(0.,1.,0.));
#9751 = ORIENTED_EDGE('',*,*,#9752,.F.);
#9752 = EDGE_CURVE('',#9753,#9745,#9755,.T.);
#9753 = VERTEX_POINT('',#9754);
#9754 = CARTESIAN_POINT('',(109.51,-89.67,0.));
#9755 = LINE('',#9756,#9757);
#9756 = CARTESIAN_POINT('',(109.51,-89.67,0.));
#9757 = VECTOR('',#9758,1.);
#9758 = DIRECTION('',(0.,0.,1.));
#9759 = ORIENTED_EDGE('',*,*,#9760,.F.);
#9760 = EDGE_CURVE('',#9691,#9753,#9761,.T.);
#9761 = LINE('',#9762,#9763);
#9762 = CARTESIAN_POINT('',(109.51,-138.39,0.));
#9763 = VECTOR('',#9764,1.);
#9764 = DIRECTION('',(0.,1.,0.));
#9765 = PLANE('',#9766);
#9766 = AXIS2_PLACEMENT_3D('',#9767,#9768,#9769);
#9767 = CARTESIAN_POINT('',(109.51,-138.39,0.));
#9768 = DIRECTION('',(-1.,0.,0.));
#9769 = DIRECTION('',(0.,1.,0.));
#9770 = ADVANCED_FACE('',(#9771,#9782,#9793,#9804,#9815,#9826,#9837,
    #9848,#9859,#9870,#9881,#9892,#9903,#9914,#9925,#9936,#9947,#9958,
    #9969,#9980,#9991,#10002,#10013,#10024,#10035,#10046,#10057,#10068,
    #10079,#10090,#10101,#10112,#10123,#10134,#10145),#10156,.F.);
#9771 = FACE_BOUND('',#9772,.F.);
#9772 = EDGE_LOOP('',(#9773,#9774,#9775,#9781));
#9773 = ORIENTED_EDGE('',*,*,#9698,.F.);
#9774 = ORIENTED_EDGE('',*,*,#9729,.F.);
#9775 = ORIENTED_EDGE('',*,*,#9776,.F.);
#9776 = EDGE_CURVE('',#9753,#9713,#9777,.T.);
#9777 = LINE('',#9778,#9779);
#9778 = CARTESIAN_POINT('',(109.51,-89.67,0.));
#9779 = VECTOR('',#9780,1.);
#9780 = DIRECTION('',(0.999999993911,1.103509152408E-04,0.));
#9781 = ORIENTED_EDGE('',*,*,#9760,.F.);
#9782 = FACE_BOUND('',#9783,.F.);
#9783 = EDGE_LOOP('',(#9784));
#9784 = ORIENTED_EDGE('',*,*,#9785,.T.);
#9785 = EDGE_CURVE('',#9786,#9786,#9788,.T.);
#9786 = VERTEX_POINT('',#9787);
#9787 = CARTESIAN_POINT('',(113.81,-135.53,0.));
#9788 = CIRCLE('',#9789,1.6);
#9789 = AXIS2_PLACEMENT_3D('',#9790,#9791,#9792);
#9790 = CARTESIAN_POINT('',(113.81,-133.93,0.));
#9791 = DIRECTION('',(-0.,0.,-1.));
#9792 = DIRECTION('',(-0.,-1.,0.));
#9793 = FACE_BOUND('',#9794,.F.);
#9794 = EDGE_LOOP('',(#9795));
#9795 = ORIENTED_EDGE('',*,*,#9796,.T.);
#9796 = EDGE_CURVE('',#9797,#9797,#9799,.T.);
#9797 = VERTEX_POINT('',#9798);
#9798 = CARTESIAN_POINT('',(120.83,-121.32,0.));
#9799 = CIRCLE('',#9800,0.85);
#9800 = AXIS2_PLACEMENT_3D('',#9801,#9802,#9803);
#9801 = CARTESIAN_POINT('',(120.83,-120.47,0.));
#9802 = DIRECTION('',(-0.,0.,-1.));
#9803 = DIRECTION('',(-1.671865260612E-14,-1.,0.));
#9804 = FACE_BOUND('',#9805,.F.);
#9805 = EDGE_LOOP('',(#9806));
#9806 = ORIENTED_EDGE('',*,*,#9807,.T.);
#9807 = EDGE_CURVE('',#9808,#9808,#9810,.T.);
#9808 = VERTEX_POINT('',#9809);
#9809 = CARTESIAN_POINT('',(125.91,-122.47,0.));
#9810 = CIRCLE('',#9811,2.);
#9811 = AXIS2_PLACEMENT_3D('',#9812,#9813,#9814);
#9812 = CARTESIAN_POINT('',(125.91,-120.47,0.));
#9813 = DIRECTION('',(-0.,0.,-1.));
#9814 = DIRECTION('',(-0.,-1.,0.));
#9815 = FACE_BOUND('',#9816,.F.);
#9816 = EDGE_LOOP('',(#9817));
#9817 = ORIENTED_EDGE('',*,*,#9818,.T.);
#9818 = EDGE_CURVE('',#9819,#9819,#9821,.T.);
#9819 = VERTEX_POINT('',#9820);
#9820 = CARTESIAN_POINT('',(130.99,-121.32,0.));
#9821 = CIRCLE('',#9822,0.85);
#9822 = AXIS2_PLACEMENT_3D('',#9823,#9824,#9825);
#9823 = CARTESIAN_POINT('',(130.99,-120.47,0.));
#9824 = DIRECTION('',(-0.,0.,-1.));
#9825 = DIRECTION('',(-0.,-1.,0.));
#9826 = FACE_BOUND('',#9827,.F.);
#9827 = EDGE_LOOP('',(#9828));
#9828 = ORIENTED_EDGE('',*,*,#9829,.T.);
#9829 = EDGE_CURVE('',#9830,#9830,#9832,.T.);
#9830 = VERTEX_POINT('',#9831);
#9831 = CARTESIAN_POINT('',(122.1,-118.68,0.));
#9832 = CIRCLE('',#9833,0.75);
#9833 = AXIS2_PLACEMENT_3D('',#9834,#9835,#9836);
#9834 = CARTESIAN_POINT('',(122.1,-117.93,0.));
#9835 = DIRECTION('',(-0.,0.,-1.));
#9836 = DIRECTION('',(-0.,-1.,0.));
#9837 = FACE_BOUND('',#9838,.F.);
#9838 = EDGE_LOOP('',(#9839));
#9839 = ORIENTED_EDGE('',*,*,#9840,.T.);
#9840 = EDGE_CURVE('',#9841,#9841,#9843,.T.);
#9841 = VERTEX_POINT('',#9842);
#9842 = CARTESIAN_POINT('',(128.45,-116.14,0.));
#9843 = CIRCLE('',#9844,0.75);
#9844 = AXIS2_PLACEMENT_3D('',#9845,#9846,#9847);
#9845 = CARTESIAN_POINT('',(128.45,-115.39,0.));
#9846 = DIRECTION('',(-0.,0.,-1.));
#9847 = DIRECTION('',(-0.,-1.,0.));
#9848 = FACE_BOUND('',#9849,.F.);
#9849 = EDGE_LOOP('',(#9850));
#9850 = ORIENTED_EDGE('',*,*,#9851,.T.);
#9851 = EDGE_CURVE('',#9852,#9852,#9854,.T.);
#9852 = VERTEX_POINT('',#9853);
#9853 = CARTESIAN_POINT('',(139.96,-121.32,0.));
#9854 = CIRCLE('',#9855,0.85);
#9855 = AXIS2_PLACEMENT_3D('',#9856,#9857,#9858);
#9856 = CARTESIAN_POINT('',(139.96,-120.47,0.));
#9857 = DIRECTION('',(-0.,0.,-1.));
#9858 = DIRECTION('',(-0.,-1.,0.));
#9859 = FACE_BOUND('',#9860,.F.);
#9860 = EDGE_LOOP('',(#9861));
#9861 = ORIENTED_EDGE('',*,*,#9862,.T.);
#9862 = EDGE_CURVE('',#9863,#9863,#9865,.T.);
#9863 = VERTEX_POINT('',#9864);
#9864 = CARTESIAN_POINT('',(145.04,-122.47,0.));
#9865 = CIRCLE('',#9866,2.);
#9866 = AXIS2_PLACEMENT_3D('',#9867,#9868,#9869);
#9867 = CARTESIAN_POINT('',(145.04,-120.47,0.));
#9868 = DIRECTION('',(-0.,0.,-1.));
#9869 = DIRECTION('',(-0.,-1.,0.));
#9870 = FACE_BOUND('',#9871,.F.);
#9871 = EDGE_LOOP('',(#9872));
#9872 = ORIENTED_EDGE('',*,*,#9873,.T.);
#9873 = EDGE_CURVE('',#9874,#9874,#9876,.T.);
#9874 = VERTEX_POINT('',#9875);
#9875 = CARTESIAN_POINT('',(150.12,-121.32,0.));
#9876 = CIRCLE('',#9877,0.85);
#9877 = AXIS2_PLACEMENT_3D('',#9878,#9879,#9880);
#9878 = CARTESIAN_POINT('',(150.12,-120.47,0.));
#9879 = DIRECTION('',(-0.,0.,-1.));
#9880 = DIRECTION('',(-0.,-1.,0.));
#9881 = FACE_BOUND('',#9882,.F.);
#9882 = EDGE_LOOP('',(#9883));
#9883 = ORIENTED_EDGE('',*,*,#9884,.T.);
#9884 = EDGE_CURVE('',#9885,#9885,#9887,.T.);
#9885 = VERTEX_POINT('',#9886);
#9886 = CARTESIAN_POINT('',(141.23,-118.68,0.));
#9887 = CIRCLE('',#9888,0.75);
#9888 = AXIS2_PLACEMENT_3D('',#9889,#9890,#9891);
#9889 = CARTESIAN_POINT('',(141.23,-117.93,0.));
#9890 = DIRECTION('',(-0.,0.,-1.));
#9891 = DIRECTION('',(-0.,-1.,0.));
#9892 = FACE_BOUND('',#9893,.F.);
#9893 = EDGE_LOOP('',(#9894));
#9894 = ORIENTED_EDGE('',*,*,#9895,.T.);
#9895 = EDGE_CURVE('',#9896,#9896,#9898,.T.);
#9896 = VERTEX_POINT('',#9897);
#9897 = CARTESIAN_POINT('',(147.58,-116.14,0.));
#9898 = CIRCLE('',#9899,0.75);
#9899 = AXIS2_PLACEMENT_3D('',#9900,#9901,#9902);
#9900 = CARTESIAN_POINT('',(147.58,-115.39,0.));
#9901 = DIRECTION('',(-0.,0.,-1.));
#9902 = DIRECTION('',(-0.,-1.,0.));
#9903 = FACE_BOUND('',#9904,.F.);
#9904 = EDGE_LOOP('',(#9905));
#9905 = ORIENTED_EDGE('',*,*,#9906,.T.);
#9906 = EDGE_CURVE('',#9907,#9907,#9909,.T.);
#9907 = VERTEX_POINT('',#9908);
#9908 = CARTESIAN_POINT('',(195.69,-135.09,0.));
#9909 = CIRCLE('',#9910,1.6);
#9910 = AXIS2_PLACEMENT_3D('',#9911,#9912,#9913);
#9911 = CARTESIAN_POINT('',(195.69,-133.49,0.));
#9912 = DIRECTION('',(-0.,0.,-1.));
#9913 = DIRECTION('',(-0.,-1.,0.));
#9914 = FACE_BOUND('',#9915,.F.);
#9915 = EDGE_LOOP('',(#9916));
#9916 = ORIENTED_EDGE('',*,*,#9917,.T.);
#9917 = EDGE_CURVE('',#9918,#9918,#9920,.T.);
#9918 = VERTEX_POINT('',#9919);
#9919 = CARTESIAN_POINT('',(158.87,-121.32,0.));
#9920 = CIRCLE('',#9921,0.85);
#9921 = AXIS2_PLACEMENT_3D('',#9922,#9923,#9924);
#9922 = CARTESIAN_POINT('',(158.87,-120.47,0.));
#9923 = DIRECTION('',(-0.,0.,-1.));
#9924 = DIRECTION('',(-0.,-1.,0.));
#9925 = FACE_BOUND('',#9926,.F.);
#9926 = EDGE_LOOP('',(#9927));
#9927 = ORIENTED_EDGE('',*,*,#9928,.T.);
#9928 = EDGE_CURVE('',#9929,#9929,#9931,.T.);
#9929 = VERTEX_POINT('',#9930);
#9930 = CARTESIAN_POINT('',(163.95,-122.47,0.));
#9931 = CIRCLE('',#9932,2.);
#9932 = AXIS2_PLACEMENT_3D('',#9933,#9934,#9935);
#9933 = CARTESIAN_POINT('',(163.95,-120.47,0.));
#9934 = DIRECTION('',(-0.,0.,-1.));
#9935 = DIRECTION('',(-0.,-1.,0.));
#9936 = FACE_BOUND('',#9937,.F.);
#9937 = EDGE_LOOP('',(#9938));
#9938 = ORIENTED_EDGE('',*,*,#9939,.T.);
#9939 = EDGE_CURVE('',#9940,#9940,#9942,.T.);
#9940 = VERTEX_POINT('',#9941);
#9941 = CARTESIAN_POINT('',(169.03,-121.32,0.));
#9942 = CIRCLE('',#9943,0.85);
#9943 = AXIS2_PLACEMENT_3D('',#9944,#9945,#9946);
#9944 = CARTESIAN_POINT('',(169.03,-120.47,0.));
#9945 = DIRECTION('',(-0.,0.,-1.));
#9946 = DIRECTION('',(-0.,-1.,0.));
#9947 = FACE_BOUND('',#9948,.F.);
#9948 = EDGE_LOOP('',(#9949));
#9949 = ORIENTED_EDGE('',*,*,#9950,.T.);
#9950 = EDGE_CURVE('',#9951,#9951,#9953,.T.);
#9951 = VERTEX_POINT('',#9952);
#9952 = CARTESIAN_POINT('',(160.14,-118.68,0.));
#9953 = CIRCLE('',#9954,0.75);
#9954 = AXIS2_PLACEMENT_3D('',#9955,#9956,#9957);
#9955 = CARTESIAN_POINT('',(160.14,-117.93,0.));
#9956 = DIRECTION('',(-0.,0.,-1.));
#9957 = DIRECTION('',(-0.,-1.,0.));
#9958 = FACE_BOUND('',#9959,.F.);
#9959 = EDGE_LOOP('',(#9960));
#9960 = ORIENTED_EDGE('',*,*,#9961,.T.);
#9961 = EDGE_CURVE('',#9962,#9962,#9964,.T.);
#9962 = VERTEX_POINT('',#9963);
#9963 = CARTESIAN_POINT('',(166.49,-116.14,0.));
#9964 = CIRCLE('',#9965,0.75);
#9965 = AXIS2_PLACEMENT_3D('',#9966,#9967,#9968);
#9966 = CARTESIAN_POINT('',(166.49,-115.39,0.));
#9967 = DIRECTION('',(-0.,0.,-1.));
#9968 = DIRECTION('',(-0.,-1.,0.));
#9969 = FACE_BOUND('',#9970,.F.);
#9970 = EDGE_LOOP('',(#9971));
#9971 = ORIENTED_EDGE('',*,*,#9972,.T.);
#9972 = EDGE_CURVE('',#9973,#9973,#9975,.T.);
#9973 = VERTEX_POINT('',#9974);
#9974 = CARTESIAN_POINT('',(178.14,-121.36,0.));
#9975 = CIRCLE('',#9976,0.85);
#9976 = AXIS2_PLACEMENT_3D('',#9977,#9978,#9979);
#9977 = CARTESIAN_POINT('',(178.14,-120.51,0.));
#9978 = DIRECTION('',(-0.,0.,-1.));
#9979 = DIRECTION('',(-0.,-1.,0.));
#9980 = FACE_BOUND('',#9981,.F.);
#9981 = EDGE_LOOP('',(#9982));
#9982 = ORIENTED_EDGE('',*,*,#9983,.T.);
#9983 = EDGE_CURVE('',#9984,#9984,#9986,.T.);
#9984 = VERTEX_POINT('',#9985);
#9985 = CARTESIAN_POINT('',(183.22,-122.51,0.));
#9986 = CIRCLE('',#9987,2.);
#9987 = AXIS2_PLACEMENT_3D('',#9988,#9989,#9990);
#9988 = CARTESIAN_POINT('',(183.22,-120.51,0.));
#9989 = DIRECTION('',(-0.,0.,-1.));
#9990 = DIRECTION('',(-0.,-1.,0.));
#9991 = FACE_BOUND('',#9992,.F.);
#9992 = EDGE_LOOP('',(#9993));
#9993 = ORIENTED_EDGE('',*,*,#9994,.T.);
#9994 = EDGE_CURVE('',#9995,#9995,#9997,.T.);
#9995 = VERTEX_POINT('',#9996);
#9996 = CARTESIAN_POINT('',(188.3,-121.36,0.));
#9997 = CIRCLE('',#9998,0.85);
#9998 = AXIS2_PLACEMENT_3D('',#9999,#10000,#10001);
#9999 = CARTESIAN_POINT('',(188.3,-120.51,0.));
#10000 = DIRECTION('',(-0.,0.,-1.));
#10001 = DIRECTION('',(-0.,-1.,0.));
#10002 = FACE_BOUND('',#10003,.F.);
#10003 = EDGE_LOOP('',(#10004));
#10004 = ORIENTED_EDGE('',*,*,#10005,.T.);
#10005 = EDGE_CURVE('',#10006,#10006,#10008,.T.);
#10006 = VERTEX_POINT('',#10007);
#10007 = CARTESIAN_POINT('',(179.41,-118.72,0.));
#10008 = CIRCLE('',#10009,0.75);
#10009 = AXIS2_PLACEMENT_3D('',#10010,#10011,#10012);
#10010 = CARTESIAN_POINT('',(179.41,-117.97,0.));
#10011 = DIRECTION('',(-0.,0.,-1.));
#10012 = DIRECTION('',(-0.,-1.,0.));
#10013 = FACE_BOUND('',#10014,.F.);
#10014 = EDGE_LOOP('',(#10015));
#10015 = ORIENTED_EDGE('',*,*,#10016,.T.);
#10016 = EDGE_CURVE('',#10017,#10017,#10019,.T.);
#10017 = VERTEX_POINT('',#10018);
#10018 = CARTESIAN_POINT('',(185.76,-116.18,0.));
#10019 = CIRCLE('',#10020,0.75);
#10020 = AXIS2_PLACEMENT_3D('',#10021,#10022,#10023);
#10021 = CARTESIAN_POINT('',(185.76,-115.43,0.));
#10022 = DIRECTION('',(-0.,0.,-1.));
#10023 = DIRECTION('',(-0.,-1.,0.));
#10024 = FACE_BOUND('',#10025,.F.);
#10025 = EDGE_LOOP('',(#10026));
#10026 = ORIENTED_EDGE('',*,*,#10027,.T.);
#10027 = EDGE_CURVE('',#10028,#10028,#10030,.T.);
#10028 = VERTEX_POINT('',#10029);
#10029 = CARTESIAN_POINT('',(120.92,-106.3,0.));
#10030 = CIRCLE('',#10031,0.5);
#10031 = AXIS2_PLACEMENT_3D('',#10032,#10033,#10034);
#10032 = CARTESIAN_POINT('',(120.92,-105.8,0.));
#10033 = DIRECTION('',(-0.,0.,-1.));
#10034 = DIRECTION('',(-0.,-1.,0.));
#10035 = FACE_BOUND('',#10036,.F.);
#10036 = EDGE_LOOP('',(#10037));
#10037 = ORIENTED_EDGE('',*,*,#10038,.T.);
#10038 = EDGE_CURVE('',#10039,#10039,#10041,.T.);
#10039 = VERTEX_POINT('',#10040);
#10040 = CARTESIAN_POINT('',(123.46,-106.3,0.));
#10041 = CIRCLE('',#10042,0.5);
#10042 = AXIS2_PLACEMENT_3D('',#10043,#10044,#10045);
#10043 = CARTESIAN_POINT('',(123.46,-105.8,0.));
#10044 = DIRECTION('',(-0.,0.,-1.));
#10045 = DIRECTION('',(-0.,-1.,0.));
#10046 = FACE_BOUND('',#10047,.F.);
#10047 = EDGE_LOOP('',(#10048));
#10048 = ORIENTED_EDGE('',*,*,#10049,.T.);
#10049 = EDGE_CURVE('',#10050,#10050,#10052,.T.);
#10050 = VERTEX_POINT('',#10051);
#10051 = CARTESIAN_POINT('',(126.,-106.3,0.));
#10052 = CIRCLE('',#10053,0.5);
#10053 = AXIS2_PLACEMENT_3D('',#10054,#10055,#10056);
#10054 = CARTESIAN_POINT('',(126.,-105.8,0.));
#10055 = DIRECTION('',(-0.,0.,-1.));
#10056 = DIRECTION('',(-0.,-1.,0.));
#10057 = FACE_BOUND('',#10058,.F.);
#10058 = EDGE_LOOP('',(#10059));
#10059 = ORIENTED_EDGE('',*,*,#10060,.T.);
#10060 = EDGE_CURVE('',#10061,#10061,#10063,.T.);
#10061 = VERTEX_POINT('',#10062);
#10062 = CARTESIAN_POINT('',(128.54,-106.3,0.));
#10063 = CIRCLE('',#10064,0.5);
#10064 = AXIS2_PLACEMENT_3D('',#10065,#10066,#10067);
#10065 = CARTESIAN_POINT('',(128.54,-105.8,0.));
#10066 = DIRECTION('',(-0.,0.,-1.));
#10067 = DIRECTION('',(-0.,-1.,0.));
#10068 = FACE_BOUND('',#10069,.F.);
#10069 = EDGE_LOOP('',(#10070));
#10070 = ORIENTED_EDGE('',*,*,#10071,.T.);
#10071 = EDGE_CURVE('',#10072,#10072,#10074,.T.);
#10072 = VERTEX_POINT('',#10073);
#10073 = CARTESIAN_POINT('',(131.08,-106.3,0.));
#10074 = CIRCLE('',#10075,0.5);
#10075 = AXIS2_PLACEMENT_3D('',#10076,#10077,#10078);
#10076 = CARTESIAN_POINT('',(131.08,-105.8,0.));
#10077 = DIRECTION('',(-0.,0.,-1.));
#10078 = DIRECTION('',(-0.,-1.,0.));
#10079 = FACE_BOUND('',#10080,.F.);
#10080 = EDGE_LOOP('',(#10081));
#10081 = ORIENTED_EDGE('',*,*,#10082,.T.);
#10082 = EDGE_CURVE('',#10083,#10083,#10085,.T.);
#10083 = VERTEX_POINT('',#10084);
#10084 = CARTESIAN_POINT('',(133.62,-106.3,0.));
#10085 = CIRCLE('',#10086,0.5);
#10086 = AXIS2_PLACEMENT_3D('',#10087,#10088,#10089);
#10087 = CARTESIAN_POINT('',(133.62,-105.8,0.));
#10088 = DIRECTION('',(-0.,0.,-1.));
#10089 = DIRECTION('',(-0.,-1.,0.));
#10090 = FACE_BOUND('',#10091,.F.);
#10091 = EDGE_LOOP('',(#10092));
#10092 = ORIENTED_EDGE('',*,*,#10093,.T.);
#10093 = EDGE_CURVE('',#10094,#10094,#10096,.T.);
#10094 = VERTEX_POINT('',#10095);
#10095 = CARTESIAN_POINT('',(136.16,-106.3,0.));
#10096 = CIRCLE('',#10097,0.5);
#10097 = AXIS2_PLACEMENT_3D('',#10098,#10099,#10100);
#10098 = CARTESIAN_POINT('',(136.16,-105.8,0.));
#10099 = DIRECTION('',(-0.,0.,-1.));
#10100 = DIRECTION('',(-0.,-1.,0.));
#10101 = FACE_BOUND('',#10102,.F.);
#10102 = EDGE_LOOP('',(#10103));
#10103 = ORIENTED_EDGE('',*,*,#10104,.T.);
#10104 = EDGE_CURVE('',#10105,#10105,#10107,.T.);
#10105 = VERTEX_POINT('',#10106);
#10106 = CARTESIAN_POINT('',(138.7,-106.3,0.));
#10107 = CIRCLE('',#10108,0.5);
#10108 = AXIS2_PLACEMENT_3D('',#10109,#10110,#10111);
#10109 = CARTESIAN_POINT('',(138.7,-105.8,0.));
#10110 = DIRECTION('',(-0.,0.,-1.));
#10111 = DIRECTION('',(-0.,-1.,0.));
#10112 = FACE_BOUND('',#10113,.F.);
#10113 = EDGE_LOOP('',(#10114));
#10114 = ORIENTED_EDGE('',*,*,#10115,.T.);
#10115 = EDGE_CURVE('',#10116,#10116,#10118,.T.);
#10116 = VERTEX_POINT('',#10117);
#10117 = CARTESIAN_POINT('',(113.67,-95.61,0.));
#10118 = CIRCLE('',#10119,1.6);
#10119 = AXIS2_PLACEMENT_3D('',#10120,#10121,#10122);
#10120 = CARTESIAN_POINT('',(113.67,-94.01,0.));
#10121 = DIRECTION('',(-0.,0.,-1.));
#10122 = DIRECTION('',(8.881784197001E-15,-1.,-0.));
#10123 = FACE_BOUND('',#10124,.F.);
#10124 = EDGE_LOOP('',(#10125));
#10125 = ORIENTED_EDGE('',*,*,#10126,.T.);
#10126 = EDGE_CURVE('',#10127,#10127,#10129,.T.);
#10127 = VERTEX_POINT('',#10128);
#10128 = CARTESIAN_POINT('',(186.77,-108.8,0.));
#10129 = CIRCLE('',#10130,0.5);
#10130 = AXIS2_PLACEMENT_3D('',#10131,#10132,#10133);
#10131 = CARTESIAN_POINT('',(186.77,-108.3,0.));
#10132 = DIRECTION('',(-0.,0.,-1.));
#10133 = DIRECTION('',(-0.,-1.,0.));
#10134 = FACE_BOUND('',#10135,.F.);
#10135 = EDGE_LOOP('',(#10136));
#10136 = ORIENTED_EDGE('',*,*,#10137,.T.);
#10137 = EDGE_CURVE('',#10138,#10138,#10140,.T.);
#10138 = VERTEX_POINT('',#10139);
#10139 = CARTESIAN_POINT('',(186.77,-101.2,0.));
#10140 = CIRCLE('',#10141,0.5);
#10141 = AXIS2_PLACEMENT_3D('',#10142,#10143,#10144);
#10142 = CARTESIAN_POINT('',(186.77,-100.7,0.));
#10143 = DIRECTION('',(-0.,0.,-1.));
#10144 = DIRECTION('',(-0.,-1.,0.));
#10145 = FACE_BOUND('',#10146,.F.);
#10146 = EDGE_LOOP('',(#10147));
#10147 = ORIENTED_EDGE('',*,*,#10148,.T.);
#10148 = EDGE_CURVE('',#10149,#10149,#10151,.T.);
#10149 = VERTEX_POINT('',#10150);
#10150 = CARTESIAN_POINT('',(195.69,-95.48,0.));
#10151 = CIRCLE('',#10152,1.6);
#10152 = AXIS2_PLACEMENT_3D('',#10153,#10154,#10155);
#10153 = CARTESIAN_POINT('',(195.69,-93.88,0.));
#10154 = DIRECTION('',(-0.,0.,-1.));
#10155 = DIRECTION('',(-0.,-1.,0.));
#10156 = PLANE('',#10157);
#10157 = AXIS2_PLACEMENT_3D('',#10158,#10159,#10160);
#10158 = CARTESIAN_POINT('',(0.,0.,0.));
#10159 = DIRECTION('',(0.,0.,1.));
#10160 = DIRECTION('',(1.,0.,-0.));
#10161 = ADVANCED_FACE('',(#10162,#10173,#10184,#10195,#10206,#10217,
    #10228,#10239,#10250,#10261,#10272,#10283,#10294,#10305,#10316,
    #10327,#10338,#10349,#10360,#10371,#10382,#10393,#10404,#10415,
    #10426,#10437,#10448,#10459,#10470,#10481,#10492,#10503,#10514,
    #10525,#10536),#10547,.T.);
#10162 = FACE_BOUND('',#10163,.T.);
#10163 = EDGE_LOOP('',(#10164,#10165,#10166,#10172));
#10164 = ORIENTED_EDGE('',*,*,#9682,.F.);
#10165 = ORIENTED_EDGE('',*,*,#9722,.F.);
#10166 = ORIENTED_EDGE('',*,*,#10167,.F.);
#10167 = EDGE_CURVE('',#9745,#9715,#10168,.T.);
#10168 = LINE('',#10169,#10170);
#10169 = CARTESIAN_POINT('',(109.51,-89.67,1.51));
#10170 = VECTOR('',#10171,1.);
#10171 = DIRECTION('',(0.999999993911,1.103509152408E-04,0.));
#10172 = ORIENTED_EDGE('',*,*,#9744,.F.);
#10173 = FACE_BOUND('',#10174,.T.);
#10174 = EDGE_LOOP('',(#10175));
#10175 = ORIENTED_EDGE('',*,*,#10176,.T.);
#10176 = EDGE_CURVE('',#10177,#10177,#10179,.T.);
#10177 = VERTEX_POINT('',#10178);
#10178 = CARTESIAN_POINT('',(113.81,-135.53,1.51));
#10179 = CIRCLE('',#10180,1.6);
#10180 = AXIS2_PLACEMENT_3D('',#10181,#10182,#10183);
#10181 = CARTESIAN_POINT('',(113.81,-133.93,1.51));
#10182 = DIRECTION('',(-0.,0.,-1.));
#10183 = DIRECTION('',(-0.,-1.,0.));
#10184 = FACE_BOUND('',#10185,.T.);
#10185 = EDGE_LOOP('',(#10186));
#10186 = ORIENTED_EDGE('',*,*,#10187,.T.);
#10187 = EDGE_CURVE('',#10188,#10188,#10190,.T.);
#10188 = VERTEX_POINT('',#10189);
#10189 = CARTESIAN_POINT('',(120.83,-121.32,1.51));
#10190 = CIRCLE('',#10191,0.85);
#10191 = AXIS2_PLACEMENT_3D('',#10192,#10193,#10194);
#10192 = CARTESIAN_POINT('',(120.83,-120.47,1.51));
#10193 = DIRECTION('',(-0.,0.,-1.));
#10194 = DIRECTION('',(-1.671865260612E-14,-1.,0.));
#10195 = FACE_BOUND('',#10196,.T.);
#10196 = EDGE_LOOP('',(#10197));
#10197 = ORIENTED_EDGE('',*,*,#10198,.T.);
#10198 = EDGE_CURVE('',#10199,#10199,#10201,.T.);
#10199 = VERTEX_POINT('',#10200);
#10200 = CARTESIAN_POINT('',(125.91,-122.47,1.51));
#10201 = CIRCLE('',#10202,2.);
#10202 = AXIS2_PLACEMENT_3D('',#10203,#10204,#10205);
#10203 = CARTESIAN_POINT('',(125.91,-120.47,1.51));
#10204 = DIRECTION('',(-0.,0.,-1.));
#10205 = DIRECTION('',(-0.,-1.,0.));
#10206 = FACE_BOUND('',#10207,.T.);
#10207 = EDGE_LOOP('',(#10208));
#10208 = ORIENTED_EDGE('',*,*,#10209,.T.);
#10209 = EDGE_CURVE('',#10210,#10210,#10212,.T.);
#10210 = VERTEX_POINT('',#10211);
#10211 = CARTESIAN_POINT('',(130.99,-121.32,1.51));
#10212 = CIRCLE('',#10213,0.85);
#10213 = AXIS2_PLACEMENT_3D('',#10214,#10215,#10216);
#10214 = CARTESIAN_POINT('',(130.99,-120.47,1.51));
#10215 = DIRECTION('',(-0.,0.,-1.));
#10216 = DIRECTION('',(-0.,-1.,0.));
#10217 = FACE_BOUND('',#10218,.T.);
#10218 = EDGE_LOOP('',(#10219));
#10219 = ORIENTED_EDGE('',*,*,#10220,.T.);
#10220 = EDGE_CURVE('',#10221,#10221,#10223,.T.);
#10221 = VERTEX_POINT('',#10222);
#10222 = CARTESIAN_POINT('',(122.1,-118.68,1.51));
#10223 = CIRCLE('',#10224,0.75);
#10224 = AXIS2_PLACEMENT_3D('',#10225,#10226,#10227);
#10225 = CARTESIAN_POINT('',(122.1,-117.93,1.51));
#10226 = DIRECTION('',(-0.,0.,-1.));
#10227 = DIRECTION('',(-0.,-1.,0.));
#10228 = FACE_BOUND('',#10229,.T.);
#10229 = EDGE_LOOP('',(#10230));
#10230 = ORIENTED_EDGE('',*,*,#10231,.T.);
#10231 = EDGE_CURVE('',#10232,#10232,#10234,.T.);
#10232 = VERTEX_POINT('',#10233);
#10233 = CARTESIAN_POINT('',(128.45,-116.14,1.51));
#10234 = CIRCLE('',#10235,0.75);
#10235 = AXIS2_PLACEMENT_3D('',#10236,#10237,#10238);
#10236 = CARTESIAN_POINT('',(128.45,-115.39,1.51));
#10237 = DIRECTION('',(-0.,0.,-1.));
#10238 = DIRECTION('',(-0.,-1.,0.));
#10239 = FACE_BOUND('',#10240,.T.);
#10240 = EDGE_LOOP('',(#10241));
#10241 = ORIENTED_EDGE('',*,*,#10242,.T.);
#10242 = EDGE_CURVE('',#10243,#10243,#10245,.T.);
#10243 = VERTEX_POINT('',#10244);
#10244 = CARTESIAN_POINT('',(139.96,-121.32,1.51));
#10245 = CIRCLE('',#10246,0.85);
#10246 = AXIS2_PLACEMENT_3D('',#10247,#10248,#10249);
#10247 = CARTESIAN_POINT('',(139.96,-120.47,1.51));
#10248 = DIRECTION('',(-0.,0.,-1.));
#10249 = DIRECTION('',(-0.,-1.,0.));
#10250 = FACE_BOUND('',#10251,.T.);
#10251 = EDGE_LOOP('',(#10252));
#10252 = ORIENTED_EDGE('',*,*,#10253,.T.);
#10253 = EDGE_CURVE('',#10254,#10254,#10256,.T.);
#10254 = VERTEX_POINT('',#10255);
#10255 = CARTESIAN_POINT('',(145.04,-122.47,1.51));
#10256 = CIRCLE('',#10257,2.);
#10257 = AXIS2_PLACEMENT_3D('',#10258,#10259,#10260);
#10258 = CARTESIAN_POINT('',(145.04,-120.47,1.51));
#10259 = DIRECTION('',(-0.,0.,-1.));
#10260 = DIRECTION('',(-0.,-1.,0.));
#10261 = FACE_BOUND('',#10262,.T.);
#10262 = EDGE_LOOP('',(#10263));
#10263 = ORIENTED_EDGE('',*,*,#10264,.T.);
#10264 = EDGE_CURVE('',#10265,#10265,#10267,.T.);
#10265 = VERTEX_POINT('',#10266);
#10266 = CARTESIAN_POINT('',(150.12,-121.32,1.51));
#10267 = CIRCLE('',#10268,0.85);
#10268 = AXIS2_PLACEMENT_3D('',#10269,#10270,#10271);
#10269 = CARTESIAN_POINT('',(150.12,-120.47,1.51));
#10270 = DIRECTION('',(-0.,0.,-1.));
#10271 = DIRECTION('',(-0.,-1.,0.));
#10272 = FACE_BOUND('',#10273,.T.);
#10273 = EDGE_LOOP('',(#10274));
#10274 = ORIENTED_EDGE('',*,*,#10275,.T.);
#10275 = EDGE_CURVE('',#10276,#10276,#10278,.T.);
#10276 = VERTEX_POINT('',#10277);
#10277 = CARTESIAN_POINT('',(141.23,-118.68,1.51));
#10278 = CIRCLE('',#10279,0.75);
#10279 = AXIS2_PLACEMENT_3D('',#10280,#10281,#10282);
#10280 = CARTESIAN_POINT('',(141.23,-117.93,1.51));
#10281 = DIRECTION('',(-0.,0.,-1.));
#10282 = DIRECTION('',(-0.,-1.,0.));
#10283 = FACE_BOUND('',#10284,.T.);
#10284 = EDGE_LOOP('',(#10285));
#10285 = ORIENTED_EDGE('',*,*,#10286,.T.);
#10286 = EDGE_CURVE('',#10287,#10287,#10289,.T.);
#10287 = VERTEX_POINT('',#10288);
#10288 = CARTESIAN_POINT('',(147.58,-116.14,1.51));
#10289 = CIRCLE('',#10290,0.75);
#10290 = AXIS2_PLACEMENT_3D('',#10291,#10292,#10293);
#10291 = CARTESIAN_POINT('',(147.58,-115.39,1.51));
#10292 = DIRECTION('',(-0.,0.,-1.));
#10293 = DIRECTION('',(-0.,-1.,0.));
#10294 = FACE_BOUND('',#10295,.T.);
#10295 = EDGE_LOOP('',(#10296));
#10296 = ORIENTED_EDGE('',*,*,#10297,.T.);
#10297 = EDGE_CURVE('',#10298,#10298,#10300,.T.);
#10298 = VERTEX_POINT('',#10299);
#10299 = CARTESIAN_POINT('',(195.69,-135.09,1.51));
#10300 = CIRCLE('',#10301,1.6);
#10301 = AXIS2_PLACEMENT_3D('',#10302,#10303,#10304);
#10302 = CARTESIAN_POINT('',(195.69,-133.49,1.51));
#10303 = DIRECTION('',(-0.,0.,-1.));
#10304 = DIRECTION('',(-0.,-1.,0.));
#10305 = FACE_BOUND('',#10306,.T.);
#10306 = EDGE_LOOP('',(#10307));
#10307 = ORIENTED_EDGE('',*,*,#10308,.T.);
#10308 = EDGE_CURVE('',#10309,#10309,#10311,.T.);
#10309 = VERTEX_POINT('',#10310);
#10310 = CARTESIAN_POINT('',(158.87,-121.32,1.51));
#10311 = CIRCLE('',#10312,0.85);
#10312 = AXIS2_PLACEMENT_3D('',#10313,#10314,#10315);
#10313 = CARTESIAN_POINT('',(158.87,-120.47,1.51));
#10314 = DIRECTION('',(-0.,0.,-1.));
#10315 = DIRECTION('',(-0.,-1.,0.));
#10316 = FACE_BOUND('',#10317,.T.);
#10317 = EDGE_LOOP('',(#10318));
#10318 = ORIENTED_EDGE('',*,*,#10319,.T.);
#10319 = EDGE_CURVE('',#10320,#10320,#10322,.T.);
#10320 = VERTEX_POINT('',#10321);
#10321 = CARTESIAN_POINT('',(163.95,-122.47,1.51));
#10322 = CIRCLE('',#10323,2.);
#10323 = AXIS2_PLACEMENT_3D('',#10324,#10325,#10326);
#10324 = CARTESIAN_POINT('',(163.95,-120.47,1.51));
#10325 = DIRECTION('',(-0.,0.,-1.));
#10326 = DIRECTION('',(-0.,-1.,0.));
#10327 = FACE_BOUND('',#10328,.T.);
#10328 = EDGE_LOOP('',(#10329));
#10329 = ORIENTED_EDGE('',*,*,#10330,.T.);
#10330 = EDGE_CURVE('',#10331,#10331,#10333,.T.);
#10331 = VERTEX_POINT('',#10332);
#10332 = CARTESIAN_POINT('',(169.03,-121.32,1.51));
#10333 = CIRCLE('',#10334,0.85);
#10334 = AXIS2_PLACEMENT_3D('',#10335,#10336,#10337);
#10335 = CARTESIAN_POINT('',(169.03,-120.47,1.51));
#10336 = DIRECTION('',(-0.,0.,-1.));
#10337 = DIRECTION('',(-0.,-1.,0.));
#10338 = FACE_BOUND('',#10339,.T.);
#10339 = EDGE_LOOP('',(#10340));
#10340 = ORIENTED_EDGE('',*,*,#10341,.T.);
#10341 = EDGE_CURVE('',#10342,#10342,#10344,.T.);
#10342 = VERTEX_POINT('',#10343);
#10343 = CARTESIAN_POINT('',(160.14,-118.68,1.51));
#10344 = CIRCLE('',#10345,0.75);
#10345 = AXIS2_PLACEMENT_3D('',#10346,#10347,#10348);
#10346 = CARTESIAN_POINT('',(160.14,-117.93,1.51));
#10347 = DIRECTION('',(-0.,0.,-1.));
#10348 = DIRECTION('',(-0.,-1.,0.));
#10349 = FACE_BOUND('',#10350,.T.);
#10350 = EDGE_LOOP('',(#10351));
#10351 = ORIENTED_EDGE('',*,*,#10352,.T.);
#10352 = EDGE_CURVE('',#10353,#10353,#10355,.T.);
#10353 = VERTEX_POINT('',#10354);
#10354 = CARTESIAN_POINT('',(166.49,-116.14,1.51));
#10355 = CIRCLE('',#10356,0.75);
#10356 = AXIS2_PLACEMENT_3D('',#10357,#10358,#10359);
#10357 = CARTESIAN_POINT('',(166.49,-115.39,1.51));
#10358 = DIRECTION('',(-0.,0.,-1.));
#10359 = DIRECTION('',(-0.,-1.,0.));
#10360 = FACE_BOUND('',#10361,.T.);
#10361 = EDGE_LOOP('',(#10362));
#10362 = ORIENTED_EDGE('',*,*,#10363,.T.);
#10363 = EDGE_CURVE('',#10364,#10364,#10366,.T.);
#10364 = VERTEX_POINT('',#10365);
#10365 = CARTESIAN_POINT('',(178.14,-121.36,1.51));
#10366 = CIRCLE('',#10367,0.85);
#10367 = AXIS2_PLACEMENT_3D('',#10368,#10369,#10370);
#10368 = CARTESIAN_POINT('',(178.14,-120.51,1.51));
#10369 = DIRECTION('',(-0.,0.,-1.));
#10370 = DIRECTION('',(-0.,-1.,0.));
#10371 = FACE_BOUND('',#10372,.T.);
#10372 = EDGE_LOOP('',(#10373));
#10373 = ORIENTED_EDGE('',*,*,#10374,.T.);
#10374 = EDGE_CURVE('',#10375,#10375,#10377,.T.);
#10375 = VERTEX_POINT('',#10376);
#10376 = CARTESIAN_POINT('',(183.22,-122.51,1.51));
#10377 = CIRCLE('',#10378,2.);
#10378 = AXIS2_PLACEMENT_3D('',#10379,#10380,#10381);
#10379 = CARTESIAN_POINT('',(183.22,-120.51,1.51));
#10380 = DIRECTION('',(-0.,0.,-1.));
#10381 = DIRECTION('',(-0.,-1.,0.));
#10382 = FACE_BOUND('',#10383,.T.);
#10383 = EDGE_LOOP('',(#10384));
#10384 = ORIENTED_EDGE('',*,*,#10385,.T.);
#10385 = EDGE_CURVE('',#10386,#10386,#10388,.T.);
#10386 = VERTEX_POINT('',#10387);
#10387 = CARTESIAN_POINT('',(188.3,-121.36,1.51));
#10388 = CIRCLE('',#10389,0.85);
#10389 = AXIS2_PLACEMENT_3D('',#10390,#10391,#10392);
#10390 = CARTESIAN_POINT('',(188.3,-120.51,1.51));
#10391 = DIRECTION('',(-0.,0.,-1.));
#10392 = DIRECTION('',(-0.,-1.,0.));
#10393 = FACE_BOUND('',#10394,.T.);
#10394 = EDGE_LOOP('',(#10395));
#10395 = ORIENTED_EDGE('',*,*,#10396,.T.);
#10396 = EDGE_CURVE('',#10397,#10397,#10399,.T.);
#10397 = VERTEX_POINT('',#10398);
#10398 = CARTESIAN_POINT('',(179.41,-118.72,1.51));
#10399 = CIRCLE('',#10400,0.75);
#10400 = AXIS2_PLACEMENT_3D('',#10401,#10402,#10403);
#10401 = CARTESIAN_POINT('',(179.41,-117.97,1.51));
#10402 = DIRECTION('',(-0.,0.,-1.));
#10403 = DIRECTION('',(-0.,-1.,0.));
#10404 = FACE_BOUND('',#10405,.T.);
#10405 = EDGE_LOOP('',(#10406));
#10406 = ORIENTED_EDGE('',*,*,#10407,.T.);
#10407 = EDGE_CURVE('',#10408,#10408,#10410,.T.);
#10408 = VERTEX_POINT('',#10409);
#10409 = CARTESIAN_POINT('',(185.76,-116.18,1.51));
#10410 = CIRCLE('',#10411,0.75);
#10411 = AXIS2_PLACEMENT_3D('',#10412,#10413,#10414);
#10412 = CARTESIAN_POINT('',(185.76,-115.43,1.51));
#10413 = DIRECTION('',(-0.,0.,-1.));
#10414 = DIRECTION('',(-0.,-1.,0.));
#10415 = FACE_BOUND('',#10416,.T.);
#10416 = EDGE_LOOP('',(#10417));
#10417 = ORIENTED_EDGE('',*,*,#10418,.T.);
#10418 = EDGE_CURVE('',#10419,#10419,#10421,.T.);
#10419 = VERTEX_POINT('',#10420);
#10420 = CARTESIAN_POINT('',(120.92,-106.3,1.51));
#10421 = CIRCLE('',#10422,0.5);
#10422 = AXIS2_PLACEMENT_3D('',#10423,#10424,#10425);
#10423 = CARTESIAN_POINT('',(120.92,-105.8,1.51));
#10424 = DIRECTION('',(-0.,0.,-1.));
#10425 = DIRECTION('',(-0.,-1.,0.));
#10426 = FACE_BOUND('',#10427,.T.);
#10427 = EDGE_LOOP('',(#10428));
#10428 = ORIENTED_EDGE('',*,*,#10429,.T.);
#10429 = EDGE_CURVE('',#10430,#10430,#10432,.T.);
#10430 = VERTEX_POINT('',#10431);
#10431 = CARTESIAN_POINT('',(123.46,-106.3,1.51));
#10432 = CIRCLE('',#10433,0.5);
#10433 = AXIS2_PLACEMENT_3D('',#10434,#10435,#10436);
#10434 = CARTESIAN_POINT('',(123.46,-105.8,1.51));
#10435 = DIRECTION('',(-0.,0.,-1.));
#10436 = DIRECTION('',(-0.,-1.,0.));
#10437 = FACE_BOUND('',#10438,.T.);
#10438 = EDGE_LOOP('',(#10439));
#10439 = ORIENTED_EDGE('',*,*,#10440,.T.);
#10440 = EDGE_CURVE('',#10441,#10441,#10443,.T.);
#10441 = VERTEX_POINT('',#10442);
#10442 = CARTESIAN_POINT('',(126.,-106.3,1.51));
#10443 = CIRCLE('',#10444,0.5);
#10444 = AXIS2_PLACEMENT_3D('',#10445,#10446,#10447);
#10445 = CARTESIAN_POINT('',(126.,-105.8,1.51));
#10446 = DIRECTION('',(-0.,0.,-1.));
#10447 = DIRECTION('',(-0.,-1.,0.));
#10448 = FACE_BOUND('',#10449,.T.);
#10449 = EDGE_LOOP('',(#10450));
#10450 = ORIENTED_EDGE('',*,*,#10451,.T.);
#10451 = EDGE_CURVE('',#10452,#10452,#10454,.T.);
#10452 = VERTEX_POINT('',#10453);
#10453 = CARTESIAN_POINT('',(128.54,-106.3,1.51));
#10454 = CIRCLE('',#10455,0.5);
#10455 = AXIS2_PLACEMENT_3D('',#10456,#10457,#10458);
#10456 = CARTESIAN_POINT('',(128.54,-105.8,1.51));
#10457 = DIRECTION('',(-0.,0.,-1.));
#10458 = DIRECTION('',(-0.,-1.,0.));
#10459 = FACE_BOUND('',#10460,.T.);
#10460 = EDGE_LOOP('',(#10461));
#10461 = ORIENTED_EDGE('',*,*,#10462,.T.);
#10462 = EDGE_CURVE('',#10463,#10463,#10465,.T.);
#10463 = VERTEX_POINT('',#10464);
#10464 = CARTESIAN_POINT('',(131.08,-106.3,1.51));
#10465 = CIRCLE('',#10466,0.5);
#10466 = AXIS2_PLACEMENT_3D('',#10467,#10468,#10469);
#10467 = CARTESIAN_POINT('',(131.08,-105.8,1.51));
#10468 = DIRECTION('',(-0.,0.,-1.));
#10469 = DIRECTION('',(-0.,-1.,0.));
#10470 = FACE_BOUND('',#10471,.T.);
#10471 = EDGE_LOOP('',(#10472));
#10472 = ORIENTED_EDGE('',*,*,#10473,.T.);
#10473 = EDGE_CURVE('',#10474,#10474,#10476,.T.);
#10474 = VERTEX_POINT('',#10475);
#10475 = CARTESIAN_POINT('',(133.62,-106.3,1.51));
#10476 = CIRCLE('',#10477,0.5);
#10477 = AXIS2_PLACEMENT_3D('',#10478,#10479,#10480);
#10478 = CARTESIAN_POINT('',(133.62,-105.8,1.51));
#10479 = DIRECTION('',(-0.,0.,-1.));
#10480 = DIRECTION('',(-0.,-1.,0.));
#10481 = FACE_BOUND('',#10482,.T.);
#10482 = EDGE_LOOP('',(#10483));
#10483 = ORIENTED_EDGE('',*,*,#10484,.T.);
#10484 = EDGE_CURVE('',#10485,#10485,#10487,.T.);
#10485 = VERTEX_POINT('',#10486);
#10486 = CARTESIAN_POINT('',(136.16,-106.3,1.51));
#10487 = CIRCLE('',#10488,0.5);
#10488 = AXIS2_PLACEMENT_3D('',#10489,#10490,#10491);
#10489 = CARTESIAN_POINT('',(136.16,-105.8,1.51));
#10490 = DIRECTION('',(-0.,0.,-1.));
#10491 = DIRECTION('',(-0.,-1.,0.));
#10492 = FACE_BOUND('',#10493,.T.);
#10493 = EDGE_LOOP('',(#10494));
#10494 = ORIENTED_EDGE('',*,*,#10495,.T.);
#10495 = EDGE_CURVE('',#10496,#10496,#10498,.T.);
#10496 = VERTEX_POINT('',#10497);
#10497 = CARTESIAN_POINT('',(138.7,-106.3,1.51));
#10498 = CIRCLE('',#10499,0.5);
#10499 = AXIS2_PLACEMENT_3D('',#10500,#10501,#10502);
#10500 = CARTESIAN_POINT('',(138.7,-105.8,1.51));
#10501 = DIRECTION('',(-0.,0.,-1.));
#10502 = DIRECTION('',(-0.,-1.,0.));
#10503 = FACE_BOUND('',#10504,.T.);
#10504 = EDGE_LOOP('',(#10505));
#10505 = ORIENTED_EDGE('',*,*,#10506,.T.);
#10506 = EDGE_CURVE('',#10507,#10507,#10509,.T.);
#10507 = VERTEX_POINT('',#10508);
#10508 = CARTESIAN_POINT('',(113.67,-95.61,1.51));
#10509 = CIRCLE('',#10510,1.6);
#10510 = AXIS2_PLACEMENT_3D('',#10511,#10512,#10513);
#10511 = CARTESIAN_POINT('',(113.67,-94.01,1.51));
#10512 = DIRECTION('',(-0.,0.,-1.));
#10513 = DIRECTION('',(8.881784197001E-15,-1.,-0.));
#10514 = FACE_BOUND('',#10515,.T.);
#10515 = EDGE_LOOP('',(#10516));
#10516 = ORIENTED_EDGE('',*,*,#10517,.T.);
#10517 = EDGE_CURVE('',#10518,#10518,#10520,.T.);
#10518 = VERTEX_POINT('',#10519);
#10519 = CARTESIAN_POINT('',(186.77,-108.8,1.51));
#10520 = CIRCLE('',#10521,0.5);
#10521 = AXIS2_PLACEMENT_3D('',#10522,#10523,#10524);
#10522 = CARTESIAN_POINT('',(186.77,-108.3,1.51));
#10523 = DIRECTION('',(-0.,0.,-1.));
#10524 = DIRECTION('',(-0.,-1.,0.));
#10525 = FACE_BOUND('',#10526,.T.);
#10526 = EDGE_LOOP('',(#10527));
#10527 = ORIENTED_EDGE('',*,*,#10528,.T.);
#10528 = EDGE_CURVE('',#10529,#10529,#10531,.T.);
#10529 = VERTEX_POINT('',#10530);
#10530 = CARTESIAN_POINT('',(186.77,-101.2,1.51));
#10531 = CIRCLE('',#10532,0.5);
#10532 = AXIS2_PLACEMENT_3D('',#10533,#10534,#10535);
#10533 = CARTESIAN_POINT('',(186.77,-100.7,1.51));
#10534 = DIRECTION('',(-0.,0.,-1.));
#10535 = DIRECTION('',(-0.,-1.,0.));
#10536 = FACE_BOUND('',#10537,.T.);
#10537 = EDGE_LOOP('',(#10538));
#10538 = ORIENTED_EDGE('',*,*,#10539,.T.);
#10539 = EDGE_CURVE('',#10540,#10540,#10542,.T.);
#10540 = VERTEX_POINT('',#10541);
#10541 = CARTESIAN_POINT('',(195.69,-95.48,1.51));
#10542 = CIRCLE('',#10543,1.6);
#10543 = AXIS2_PLACEMENT_3D('',#10544,#10545,#10546);
#10544 = CARTESIAN_POINT('',(195.69,-93.88,1.51));
#10545 = DIRECTION('',(-0.,0.,-1.));
#10546 = DIRECTION('',(-0.,-1.,0.));
#10547 = PLANE('',#10548);
#10548 = AXIS2_PLACEMENT_3D('',#10549,#10550,#10551);
#10549 = CARTESIAN_POINT('',(0.,0.,1.51));
#10550 = DIRECTION('',(0.,0.,1.));
#10551 = DIRECTION('',(1.,0.,-0.));
#10552 = ADVANCED_FACE('',(#10553),#10559,.T.);
#10553 = FACE_BOUND('',#10554,.T.);
#10554 = EDGE_LOOP('',(#10555,#10556,#10557,#10558));
#10555 = ORIENTED_EDGE('',*,*,#9752,.T.);
#10556 = ORIENTED_EDGE('',*,*,#10167,.T.);
#10557 = ORIENTED_EDGE('',*,*,#9712,.F.);
#10558 = ORIENTED_EDGE('',*,*,#9776,.F.);
#10559 = PLANE('',#10560);
#10560 = AXIS2_PLACEMENT_3D('',#10561,#10562,#10563);
#10561 = CARTESIAN_POINT('',(109.51,-89.67,0.));
#10562 = DIRECTION('',(-1.103509152408E-04,0.999999993911,0.));
#10563 = DIRECTION('',(0.999999993911,1.103509152408E-04,0.));
#10564 = ADVANCED_FACE('',(#10565),#10576,.F.);
#10565 = FACE_BOUND('',#10566,.T.);
#10566 = EDGE_LOOP('',(#10567,#10568,#10574,#10575));
#10567 = ORIENTED_EDGE('',*,*,#9785,.T.);
#10568 = ORIENTED_EDGE('',*,*,#10569,.T.);
#10569 = EDGE_CURVE('',#9786,#10177,#10570,.T.);
#10570 = LINE('',#10571,#10572);
#10571 = CARTESIAN_POINT('',(113.81,-135.53,-4.6E-02));
#10572 = VECTOR('',#10573,1.);
#10573 = DIRECTION('',(0.,0.,1.));
#10574 = ORIENTED_EDGE('',*,*,#10176,.F.);
#10575 = ORIENTED_EDGE('',*,*,#10569,.F.);
#10576 = CYLINDRICAL_SURFACE('',#10577,1.6);
#10577 = AXIS2_PLACEMENT_3D('',#10578,#10579,#10580);
#10578 = CARTESIAN_POINT('',(113.81,-133.93,-4.6E-02));
#10579 = DIRECTION('',(-0.,-0.,-1.));
#10580 = DIRECTION('',(-0.,-1.,0.));
#10581 = ADVANCED_FACE('',(#10582),#10593,.F.);
#10582 = FACE_BOUND('',#10583,.T.);
#10583 = EDGE_LOOP('',(#10584,#10585,#10591,#10592));
#10584 = ORIENTED_EDGE('',*,*,#9796,.T.);
#10585 = ORIENTED_EDGE('',*,*,#10586,.T.);
#10586 = EDGE_CURVE('',#9797,#10188,#10587,.T.);
#10587 = LINE('',#10588,#10589);
#10588 = CARTESIAN_POINT('',(120.83,-121.32,-4.6E-02));
#10589 = VECTOR('',#10590,1.);
#10590 = DIRECTION('',(0.,0.,1.));
#10591 = ORIENTED_EDGE('',*,*,#10187,.F.);
#10592 = ORIENTED_EDGE('',*,*,#10586,.F.);
#10593 = CYLINDRICAL_SURFACE('',#10594,0.85);
#10594 = AXIS2_PLACEMENT_3D('',#10595,#10596,#10597);
#10595 = CARTESIAN_POINT('',(120.83,-120.47,-4.6E-02));
#10596 = DIRECTION('',(-0.,-0.,-1.));
#10597 = DIRECTION('',(-1.671865260612E-14,-1.,0.));
#10598 = ADVANCED_FACE('',(#10599),#10610,.F.);
#10599 = FACE_BOUND('',#10600,.T.);
#10600 = EDGE_LOOP('',(#10601,#10602,#10608,#10609));
#10601 = ORIENTED_EDGE('',*,*,#9807,.T.);
#10602 = ORIENTED_EDGE('',*,*,#10603,.T.);
#10603 = EDGE_CURVE('',#9808,#10199,#10604,.T.);
#10604 = LINE('',#10605,#10606);
#10605 = CARTESIAN_POINT('',(125.91,-122.47,-4.6E-02));
#10606 = VECTOR('',#10607,1.);
#10607 = DIRECTION('',(0.,0.,1.));
#10608 = ORIENTED_EDGE('',*,*,#10198,.F.);
#10609 = ORIENTED_EDGE('',*,*,#10603,.F.);
#10610 = CYLINDRICAL_SURFACE('',#10611,2.);
#10611 = AXIS2_PLACEMENT_3D('',#10612,#10613,#10614);
#10612 = CARTESIAN_POINT('',(125.91,-120.47,-4.6E-02));
#10613 = DIRECTION('',(-0.,-0.,-1.));
#10614 = DIRECTION('',(-0.,-1.,0.));
#10615 = ADVANCED_FACE('',(#10616),#10627,.F.);
#10616 = FACE_BOUND('',#10617,.T.);
#10617 = EDGE_LOOP('',(#10618,#10619,#10625,#10626));
#10618 = ORIENTED_EDGE('',*,*,#9818,.T.);
#10619 = ORIENTED_EDGE('',*,*,#10620,.T.);
#10620 = EDGE_CURVE('',#9819,#10210,#10621,.T.);
#10621 = LINE('',#10622,#10623);
#10622 = CARTESIAN_POINT('',(130.99,-121.32,-4.6E-02));
#10623 = VECTOR('',#10624,1.);
#10624 = DIRECTION('',(0.,0.,1.));
#10625 = ORIENTED_EDGE('',*,*,#10209,.F.);
#10626 = ORIENTED_EDGE('',*,*,#10620,.F.);
#10627 = CYLINDRICAL_SURFACE('',#10628,0.85);
#10628 = AXIS2_PLACEMENT_3D('',#10629,#10630,#10631);
#10629 = CARTESIAN_POINT('',(130.99,-120.47,-4.6E-02));
#10630 = DIRECTION('',(-0.,-0.,-1.));
#10631 = DIRECTION('',(-0.,-1.,0.));
#10632 = ADVANCED_FACE('',(#10633),#10644,.F.);
#10633 = FACE_BOUND('',#10634,.T.);
#10634 = EDGE_LOOP('',(#10635,#10636,#10642,#10643));
#10635 = ORIENTED_EDGE('',*,*,#9829,.T.);
#10636 = ORIENTED_EDGE('',*,*,#10637,.T.);
#10637 = EDGE_CURVE('',#9830,#10221,#10638,.T.);
#10638 = LINE('',#10639,#10640);
#10639 = CARTESIAN_POINT('',(122.1,-118.68,-4.6E-02));
#10640 = VECTOR('',#10641,1.);
#10641 = DIRECTION('',(0.,0.,1.));
#10642 = ORIENTED_EDGE('',*,*,#10220,.F.);
#10643 = ORIENTED_EDGE('',*,*,#10637,.F.);
#10644 = CYLINDRICAL_SURFACE('',#10645,0.75);
#10645 = AXIS2_PLACEMENT_3D('',#10646,#10647,#10648);
#10646 = CARTESIAN_POINT('',(122.1,-117.93,-4.6E-02));
#10647 = DIRECTION('',(-0.,-0.,-1.));
#10648 = DIRECTION('',(-0.,-1.,0.));
#10649 = ADVANCED_FACE('',(#10650),#10661,.F.);
#10650 = FACE_BOUND('',#10651,.T.);
#10651 = EDGE_LOOP('',(#10652,#10653,#10659,#10660));
#10652 = ORIENTED_EDGE('',*,*,#9840,.T.);
#10653 = ORIENTED_EDGE('',*,*,#10654,.T.);
#10654 = EDGE_CURVE('',#9841,#10232,#10655,.T.);
#10655 = LINE('',#10656,#10657);
#10656 = CARTESIAN_POINT('',(128.45,-116.14,-4.6E-02));
#10657 = VECTOR('',#10658,1.);
#10658 = DIRECTION('',(0.,0.,1.));
#10659 = ORIENTED_EDGE('',*,*,#10231,.F.);
#10660 = ORIENTED_EDGE('',*,*,#10654,.F.);
#10661 = CYLINDRICAL_SURFACE('',#10662,0.75);
#10662 = AXIS2_PLACEMENT_3D('',#10663,#10664,#10665);
#10663 = CARTESIAN_POINT('',(128.45,-115.39,-4.6E-02));
#10664 = DIRECTION('',(-0.,-0.,-1.));
#10665 = DIRECTION('',(-0.,-1.,0.));
#10666 = ADVANCED_FACE('',(#10667),#10678,.F.);
#10667 = FACE_BOUND('',#10668,.T.);
#10668 = EDGE_LOOP('',(#10669,#10670,#10676,#10677));
#10669 = ORIENTED_EDGE('',*,*,#9851,.T.);
#10670 = ORIENTED_EDGE('',*,*,#10671,.T.);
#10671 = EDGE_CURVE('',#9852,#10243,#10672,.T.);
#10672 = LINE('',#10673,#10674);
#10673 = CARTESIAN_POINT('',(139.96,-121.32,-4.6E-02));
#10674 = VECTOR('',#10675,1.);
#10675 = DIRECTION('',(0.,0.,1.));
#10676 = ORIENTED_EDGE('',*,*,#10242,.F.);
#10677 = ORIENTED_EDGE('',*,*,#10671,.F.);
#10678 = CYLINDRICAL_SURFACE('',#10679,0.85);
#10679 = AXIS2_PLACEMENT_3D('',#10680,#10681,#10682);
#10680 = CARTESIAN_POINT('',(139.96,-120.47,-4.6E-02));
#10681 = DIRECTION('',(-0.,-0.,-1.));
#10682 = DIRECTION('',(-0.,-1.,0.));
#10683 = ADVANCED_FACE('',(#10684),#10695,.F.);
#10684 = FACE_BOUND('',#10685,.T.);
#10685 = EDGE_LOOP('',(#10686,#10687,#10693,#10694));
#10686 = ORIENTED_EDGE('',*,*,#9862,.T.);
#10687 = ORIENTED_EDGE('',*,*,#10688,.T.);
#10688 = EDGE_CURVE('',#9863,#10254,#10689,.T.);
#10689 = LINE('',#10690,#10691);
#10690 = CARTESIAN_POINT('',(145.04,-122.47,-4.6E-02));
#10691 = VECTOR('',#10692,1.);
#10692 = DIRECTION('',(0.,0.,1.));
#10693 = ORIENTED_EDGE('',*,*,#10253,.F.);
#10694 = ORIENTED_EDGE('',*,*,#10688,.F.);
#10695 = CYLINDRICAL_SURFACE('',#10696,2.);
#10696 = AXIS2_PLACEMENT_3D('',#10697,#10698,#10699);
#10697 = CARTESIAN_POINT('',(145.04,-120.47,-4.6E-02));
#10698 = DIRECTION('',(-0.,-0.,-1.));
#10699 = DIRECTION('',(-0.,-1.,0.));
#10700 = ADVANCED_FACE('',(#10701),#10712,.F.);
#10701 = FACE_BOUND('',#10702,.T.);
#10702 = EDGE_LOOP('',(#10703,#10704,#10710,#10711));
#10703 = ORIENTED_EDGE('',*,*,#9873,.T.);
#10704 = ORIENTED_EDGE('',*,*,#10705,.T.);
#10705 = EDGE_CURVE('',#9874,#10265,#10706,.T.);
#10706 = LINE('',#10707,#10708);
#10707 = CARTESIAN_POINT('',(150.12,-121.32,-4.6E-02));
#10708 = VECTOR('',#10709,1.);
#10709 = DIRECTION('',(0.,0.,1.));
#10710 = ORIENTED_EDGE('',*,*,#10264,.F.);
#10711 = ORIENTED_EDGE('',*,*,#10705,.F.);
#10712 = CYLINDRICAL_SURFACE('',#10713,0.85);
#10713 = AXIS2_PLACEMENT_3D('',#10714,#10715,#10716);
#10714 = CARTESIAN_POINT('',(150.12,-120.47,-4.6E-02));
#10715 = DIRECTION('',(-0.,-0.,-1.));
#10716 = DIRECTION('',(-0.,-1.,0.));
#10717 = ADVANCED_FACE('',(#10718),#10729,.F.);
#10718 = FACE_BOUND('',#10719,.T.);
#10719 = EDGE_LOOP('',(#10720,#10721,#10727,#10728));
#10720 = ORIENTED_EDGE('',*,*,#9884,.T.);
#10721 = ORIENTED_EDGE('',*,*,#10722,.T.);
#10722 = EDGE_CURVE('',#9885,#10276,#10723,.T.);
#10723 = LINE('',#10724,#10725);
#10724 = CARTESIAN_POINT('',(141.23,-118.68,-4.6E-02));
#10725 = VECTOR('',#10726,1.);
#10726 = DIRECTION('',(0.,0.,1.));
#10727 = ORIENTED_EDGE('',*,*,#10275,.F.);
#10728 = ORIENTED_EDGE('',*,*,#10722,.F.);
#10729 = CYLINDRICAL_SURFACE('',#10730,0.75);
#10730 = AXIS2_PLACEMENT_3D('',#10731,#10732,#10733);
#10731 = CARTESIAN_POINT('',(141.23,-117.93,-4.6E-02));
#10732 = DIRECTION('',(-0.,-0.,-1.));
#10733 = DIRECTION('',(-0.,-1.,0.));
#10734 = ADVANCED_FACE('',(#10735),#10746,.F.);
#10735 = FACE_BOUND('',#10736,.T.);
#10736 = EDGE_LOOP('',(#10737,#10738,#10744,#10745));
#10737 = ORIENTED_EDGE('',*,*,#9895,.T.);
#10738 = ORIENTED_EDGE('',*,*,#10739,.T.);
#10739 = EDGE_CURVE('',#9896,#10287,#10740,.T.);
#10740 = LINE('',#10741,#10742);
#10741 = CARTESIAN_POINT('',(147.58,-116.14,-4.6E-02));
#10742 = VECTOR('',#10743,1.);
#10743 = DIRECTION('',(0.,0.,1.));
#10744 = ORIENTED_EDGE('',*,*,#10286,.F.);
#10745 = ORIENTED_EDGE('',*,*,#10739,.F.);
#10746 = CYLINDRICAL_SURFACE('',#10747,0.75);
#10747 = AXIS2_PLACEMENT_3D('',#10748,#10749,#10750);
#10748 = CARTESIAN_POINT('',(147.58,-115.39,-4.6E-02));
#10749 = DIRECTION('',(-0.,-0.,-1.));
#10750 = DIRECTION('',(-0.,-1.,0.));
#10751 = ADVANCED_FACE('',(#10752),#10763,.F.);
#10752 = FACE_BOUND('',#10753,.T.);
#10753 = EDGE_LOOP('',(#10754,#10755,#10761,#10762));
#10754 = ORIENTED_EDGE('',*,*,#9906,.T.);
#10755 = ORIENTED_EDGE('',*,*,#10756,.T.);
#10756 = EDGE_CURVE('',#9907,#10298,#10757,.T.);
#10757 = LINE('',#10758,#10759);
#10758 = CARTESIAN_POINT('',(195.69,-135.09,-4.6E-02));
#10759 = VECTOR('',#10760,1.);
#10760 = DIRECTION('',(0.,0.,1.));
#10761 = ORIENTED_EDGE('',*,*,#10297,.F.);
#10762 = ORIENTED_EDGE('',*,*,#10756,.F.);
#10763 = CYLINDRICAL_SURFACE('',#10764,1.6);
#10764 = AXIS2_PLACEMENT_3D('',#10765,#10766,#10767);
#10765 = CARTESIAN_POINT('',(195.69,-133.49,-4.6E-02));
#10766 = DIRECTION('',(-0.,-0.,-1.));
#10767 = DIRECTION('',(-0.,-1.,0.));
#10768 = ADVANCED_FACE('',(#10769),#10780,.F.);
#10769 = FACE_BOUND('',#10770,.T.);
#10770 = EDGE_LOOP('',(#10771,#10772,#10778,#10779));
#10771 = ORIENTED_EDGE('',*,*,#9917,.T.);
#10772 = ORIENTED_EDGE('',*,*,#10773,.T.);
#10773 = EDGE_CURVE('',#9918,#10309,#10774,.T.);
#10774 = LINE('',#10775,#10776);
#10775 = CARTESIAN_POINT('',(158.87,-121.32,-4.6E-02));
#10776 = VECTOR('',#10777,1.);
#10777 = DIRECTION('',(0.,0.,1.));
#10778 = ORIENTED_EDGE('',*,*,#10308,.F.);
#10779 = ORIENTED_EDGE('',*,*,#10773,.F.);
#10780 = CYLINDRICAL_SURFACE('',#10781,0.85);
#10781 = AXIS2_PLACEMENT_3D('',#10782,#10783,#10784);
#10782 = CARTESIAN_POINT('',(158.87,-120.47,-4.6E-02));
#10783 = DIRECTION('',(-0.,-0.,-1.));
#10784 = DIRECTION('',(-0.,-1.,0.));
#10785 = ADVANCED_FACE('',(#10786),#10797,.F.);
#10786 = FACE_BOUND('',#10787,.T.);
#10787 = EDGE_LOOP('',(#10788,#10789,#10795,#10796));
#10788 = ORIENTED_EDGE('',*,*,#9928,.T.);
#10789 = ORIENTED_EDGE('',*,*,#10790,.T.);
#10790 = EDGE_CURVE('',#9929,#10320,#10791,.T.);
#10791 = LINE('',#10792,#10793);
#10792 = CARTESIAN_POINT('',(163.95,-122.47,-4.6E-02));
#10793 = VECTOR('',#10794,1.);
#10794 = DIRECTION('',(0.,0.,1.));
#10795 = ORIENTED_EDGE('',*,*,#10319,.F.);
#10796 = ORIENTED_EDGE('',*,*,#10790,.F.);
#10797 = CYLINDRICAL_SURFACE('',#10798,2.);
#10798 = AXIS2_PLACEMENT_3D('',#10799,#10800,#10801);
#10799 = CARTESIAN_POINT('',(163.95,-120.47,-4.6E-02));
#10800 = DIRECTION('',(-0.,-0.,-1.));
#10801 = DIRECTION('',(-0.,-1.,0.));
#10802 = ADVANCED_FACE('',(#10803),#10814,.F.);
#10803 = FACE_BOUND('',#10804,.T.);
#10804 = EDGE_LOOP('',(#10805,#10806,#10812,#10813));
#10805 = ORIENTED_EDGE('',*,*,#9939,.T.);
#10806 = ORIENTED_EDGE('',*,*,#10807,.T.);
#10807 = EDGE_CURVE('',#9940,#10331,#10808,.T.);
#10808 = LINE('',#10809,#10810);
#10809 = CARTESIAN_POINT('',(169.03,-121.32,-4.6E-02));
#10810 = VECTOR('',#10811,1.);
#10811 = DIRECTION('',(0.,0.,1.));
#10812 = ORIENTED_EDGE('',*,*,#10330,.F.);
#10813 = ORIENTED_EDGE('',*,*,#10807,.F.);
#10814 = CYLINDRICAL_SURFACE('',#10815,0.85);
#10815 = AXIS2_PLACEMENT_3D('',#10816,#10817,#10818);
#10816 = CARTESIAN_POINT('',(169.03,-120.47,-4.6E-02));
#10817 = DIRECTION('',(-0.,-0.,-1.));
#10818 = DIRECTION('',(-0.,-1.,0.));
#10819 = ADVANCED_FACE('',(#10820),#10831,.F.);
#10820 = FACE_BOUND('',#10821,.T.);
#10821 = EDGE_LOOP('',(#10822,#10823,#10829,#10830));
#10822 = ORIENTED_EDGE('',*,*,#9950,.T.);
#10823 = ORIENTED_EDGE('',*,*,#10824,.T.);
#10824 = EDGE_CURVE('',#9951,#10342,#10825,.T.);
#10825 = LINE('',#10826,#10827);
#10826 = CARTESIAN_POINT('',(160.14,-118.68,-4.6E-02));
#10827 = VECTOR('',#10828,1.);
#10828 = DIRECTION('',(0.,0.,1.));
#10829 = ORIENTED_EDGE('',*,*,#10341,.F.);
#10830 = ORIENTED_EDGE('',*,*,#10824,.F.);
#10831 = CYLINDRICAL_SURFACE('',#10832,0.75);
#10832 = AXIS2_PLACEMENT_3D('',#10833,#10834,#10835);
#10833 = CARTESIAN_POINT('',(160.14,-117.93,-4.6E-02));
#10834 = DIRECTION('',(-0.,-0.,-1.));
#10835 = DIRECTION('',(-0.,-1.,0.));
#10836 = ADVANCED_FACE('',(#10837),#10848,.F.);
#10837 = FACE_BOUND('',#10838,.T.);
#10838 = EDGE_LOOP('',(#10839,#10840,#10846,#10847));
#10839 = ORIENTED_EDGE('',*,*,#9961,.T.);
#10840 = ORIENTED_EDGE('',*,*,#10841,.T.);
#10841 = EDGE_CURVE('',#9962,#10353,#10842,.T.);
#10842 = LINE('',#10843,#10844);
#10843 = CARTESIAN_POINT('',(166.49,-116.14,-4.6E-02));
#10844 = VECTOR('',#10845,1.);
#10845 = DIRECTION('',(0.,0.,1.));
#10846 = ORIENTED_EDGE('',*,*,#10352,.F.);
#10847 = ORIENTED_EDGE('',*,*,#10841,.F.);
#10848 = CYLINDRICAL_SURFACE('',#10849,0.75);
#10849 = AXIS2_PLACEMENT_3D('',#10850,#10851,#10852);
#10850 = CARTESIAN_POINT('',(166.49,-115.39,-4.6E-02));
#10851 = DIRECTION('',(-0.,-0.,-1.));
#10852 = DIRECTION('',(-0.,-1.,0.));
#10853 = ADVANCED_FACE('',(#10854),#10865,.F.);
#10854 = FACE_BOUND('',#10855,.T.);
#10855 = EDGE_LOOP('',(#10856,#10857,#10863,#10864));
#10856 = ORIENTED_EDGE('',*,*,#9972,.T.);
#10857 = ORIENTED_EDGE('',*,*,#10858,.T.);
#10858 = EDGE_CURVE('',#9973,#10364,#10859,.T.);
#10859 = LINE('',#10860,#10861);
#10860 = CARTESIAN_POINT('',(178.14,-121.36,-4.6E-02));
#10861 = VECTOR('',#10862,1.);
#10862 = DIRECTION('',(0.,0.,1.));
#10863 = ORIENTED_EDGE('',*,*,#10363,.F.);
#10864 = ORIENTED_EDGE('',*,*,#10858,.F.);
#10865 = CYLINDRICAL_SURFACE('',#10866,0.85);
#10866 = AXIS2_PLACEMENT_3D('',#10867,#10868,#10869);
#10867 = CARTESIAN_POINT('',(178.14,-120.51,-4.6E-02));
#10868 = DIRECTION('',(-0.,-0.,-1.));
#10869 = DIRECTION('',(-0.,-1.,0.));
#10870 = ADVANCED_FACE('',(#10871),#10882,.F.);
#10871 = FACE_BOUND('',#10872,.T.);
#10872 = EDGE_LOOP('',(#10873,#10874,#10880,#10881));
#10873 = ORIENTED_EDGE('',*,*,#9983,.T.);
#10874 = ORIENTED_EDGE('',*,*,#10875,.T.);
#10875 = EDGE_CURVE('',#9984,#10375,#10876,.T.);
#10876 = LINE('',#10877,#10878);
#10877 = CARTESIAN_POINT('',(183.22,-122.51,-4.6E-02));
#10878 = VECTOR('',#10879,1.);
#10879 = DIRECTION('',(0.,0.,1.));
#10880 = ORIENTED_EDGE('',*,*,#10374,.F.);
#10881 = ORIENTED_EDGE('',*,*,#10875,.F.);
#10882 = CYLINDRICAL_SURFACE('',#10883,2.);
#10883 = AXIS2_PLACEMENT_3D('',#10884,#10885,#10886);
#10884 = CARTESIAN_POINT('',(183.22,-120.51,-4.6E-02));
#10885 = DIRECTION('',(-0.,-0.,-1.));
#10886 = DIRECTION('',(-0.,-1.,0.));
#10887 = ADVANCED_FACE('',(#10888),#10899,.F.);
#10888 = FACE_BOUND('',#10889,.T.);
#10889 = EDGE_LOOP('',(#10890,#10891,#10897,#10898));
#10890 = ORIENTED_EDGE('',*,*,#9994,.T.);
#10891 = ORIENTED_EDGE('',*,*,#10892,.T.);
#10892 = EDGE_CURVE('',#9995,#10386,#10893,.T.);
#10893 = LINE('',#10894,#10895);
#10894 = CARTESIAN_POINT('',(188.3,-121.36,-4.6E-02));
#10895 = VECTOR('',#10896,1.);
#10896 = DIRECTION('',(0.,0.,1.));
#10897 = ORIENTED_EDGE('',*,*,#10385,.F.);
#10898 = ORIENTED_EDGE('',*,*,#10892,.F.);
#10899 = CYLINDRICAL_SURFACE('',#10900,0.85);
#10900 = AXIS2_PLACEMENT_3D('',#10901,#10902,#10903);
#10901 = CARTESIAN_POINT('',(188.3,-120.51,-4.6E-02));
#10902 = DIRECTION('',(-0.,-0.,-1.));
#10903 = DIRECTION('',(-0.,-1.,0.));
#10904 = ADVANCED_FACE('',(#10905),#10916,.F.);
#10905 = FACE_BOUND('',#10906,.T.);
#10906 = EDGE_LOOP('',(#10907,#10908,#10914,#10915));
#10907 = ORIENTED_EDGE('',*,*,#10005,.T.);
#10908 = ORIENTED_EDGE('',*,*,#10909,.T.);
#10909 = EDGE_CURVE('',#10006,#10397,#10910,.T.);
#10910 = LINE('',#10911,#10912);
#10911 = CARTESIAN_POINT('',(179.41,-118.72,-4.6E-02));
#10912 = VECTOR('',#10913,1.);
#10913 = DIRECTION('',(0.,0.,1.));
#10914 = ORIENTED_EDGE('',*,*,#10396,.F.);
#10915 = ORIENTED_EDGE('',*,*,#10909,.F.);
#10916 = CYLINDRICAL_SURFACE('',#10917,0.75);
#10917 = AXIS2_PLACEMENT_3D('',#10918,#10919,#10920);
#10918 = CARTESIAN_POINT('',(179.41,-117.97,-4.6E-02));
#10919 = DIRECTION('',(-0.,-0.,-1.));
#10920 = DIRECTION('',(-0.,-1.,0.));
#10921 = ADVANCED_FACE('',(#10922),#10933,.F.);
#10922 = FACE_BOUND('',#10923,.T.);
#10923 = EDGE_LOOP('',(#10924,#10925,#10931,#10932));
#10924 = ORIENTED_EDGE('',*,*,#10016,.T.);
#10925 = ORIENTED_EDGE('',*,*,#10926,.T.);
#10926 = EDGE_CURVE('',#10017,#10408,#10927,.T.);
#10927 = LINE('',#10928,#10929);
#10928 = CARTESIAN_POINT('',(185.76,-116.18,-4.6E-02));
#10929 = VECTOR('',#10930,1.);
#10930 = DIRECTION('',(0.,0.,1.));
#10931 = ORIENTED_EDGE('',*,*,#10407,.F.);
#10932 = ORIENTED_EDGE('',*,*,#10926,.F.);
#10933 = CYLINDRICAL_SURFACE('',#10934,0.75);
#10934 = AXIS2_PLACEMENT_3D('',#10935,#10936,#10937);
#10935 = CARTESIAN_POINT('',(185.76,-115.43,-4.6E-02));
#10936 = DIRECTION('',(-0.,-0.,-1.));
#10937 = DIRECTION('',(-0.,-1.,0.));
#10938 = ADVANCED_FACE('',(#10939),#10950,.F.);
#10939 = FACE_BOUND('',#10940,.T.);
#10940 = EDGE_LOOP('',(#10941,#10942,#10948,#10949));
#10941 = ORIENTED_EDGE('',*,*,#10027,.T.);
#10942 = ORIENTED_EDGE('',*,*,#10943,.T.);
#10943 = EDGE_CURVE('',#10028,#10419,#10944,.T.);
#10944 = LINE('',#10945,#10946);
#10945 = CARTESIAN_POINT('',(120.92,-106.3,-4.6E-02));
#10946 = VECTOR('',#10947,1.);
#10947 = DIRECTION('',(0.,0.,1.));
#10948 = ORIENTED_EDGE('',*,*,#10418,.F.);
#10949 = ORIENTED_EDGE('',*,*,#10943,.F.);
#10950 = CYLINDRICAL_SURFACE('',#10951,0.5);
#10951 = AXIS2_PLACEMENT_3D('',#10952,#10953,#10954);
#10952 = CARTESIAN_POINT('',(120.92,-105.8,-4.6E-02));
#10953 = DIRECTION('',(-0.,-0.,-1.));
#10954 = DIRECTION('',(-0.,-1.,0.));
#10955 = ADVANCED_FACE('',(#10956),#10967,.F.);
#10956 = FACE_BOUND('',#10957,.T.);
#10957 = EDGE_LOOP('',(#10958,#10959,#10965,#10966));
#10958 = ORIENTED_EDGE('',*,*,#10038,.T.);
#10959 = ORIENTED_EDGE('',*,*,#10960,.T.);
#10960 = EDGE_CURVE('',#10039,#10430,#10961,.T.);
#10961 = LINE('',#10962,#10963);
#10962 = CARTESIAN_POINT('',(123.46,-106.3,-4.6E-02));
#10963 = VECTOR('',#10964,1.);
#10964 = DIRECTION('',(0.,0.,1.));
#10965 = ORIENTED_EDGE('',*,*,#10429,.F.);
#10966 = ORIENTED_EDGE('',*,*,#10960,.F.);
#10967 = CYLINDRICAL_SURFACE('',#10968,0.5);
#10968 = AXIS2_PLACEMENT_3D('',#10969,#10970,#10971);
#10969 = CARTESIAN_POINT('',(123.46,-105.8,-4.6E-02));
#10970 = DIRECTION('',(-0.,-0.,-1.));
#10971 = DIRECTION('',(-0.,-1.,0.));
#10972 = ADVANCED_FACE('',(#10973),#10984,.F.);
#10973 = FACE_BOUND('',#10974,.T.);
#10974 = EDGE_LOOP('',(#10975,#10976,#10982,#10983));
#10975 = ORIENTED_EDGE('',*,*,#10049,.T.);
#10976 = ORIENTED_EDGE('',*,*,#10977,.T.);
#10977 = EDGE_CURVE('',#10050,#10441,#10978,.T.);
#10978 = LINE('',#10979,#10980);
#10979 = CARTESIAN_POINT('',(126.,-106.3,-4.6E-02));
#10980 = VECTOR('',#10981,1.);
#10981 = DIRECTION('',(0.,0.,1.));
#10982 = ORIENTED_EDGE('',*,*,#10440,.F.);
#10983 = ORIENTED_EDGE('',*,*,#10977,.F.);
#10984 = CYLINDRICAL_SURFACE('',#10985,0.5);
#10985 = AXIS2_PLACEMENT_3D('',#10986,#10987,#10988);
#10986 = CARTESIAN_POINT('',(126.,-105.8,-4.6E-02));
#10987 = DIRECTION('',(-0.,-0.,-1.));
#10988 = DIRECTION('',(-0.,-1.,0.));
#10989 = ADVANCED_FACE('',(#10990),#11001,.F.);
#10990 = FACE_BOUND('',#10991,.T.);
#10991 = EDGE_LOOP('',(#10992,#10993,#10999,#11000));
#10992 = ORIENTED_EDGE('',*,*,#10060,.T.);
#10993 = ORIENTED_EDGE('',*,*,#10994,.T.);
#10994 = EDGE_CURVE('',#10061,#10452,#10995,.T.);
#10995 = LINE('',#10996,#10997);
#10996 = CARTESIAN_POINT('',(128.54,-106.3,-4.6E-02));
#10997 = VECTOR('',#10998,1.);
#10998 = DIRECTION('',(0.,0.,1.));
#10999 = ORIENTED_EDGE('',*,*,#10451,.F.);
#11000 = ORIENTED_EDGE('',*,*,#10994,.F.);
#11001 = CYLINDRICAL_SURFACE('',#11002,0.5);
#11002 = AXIS2_PLACEMENT_3D('',#11003,#11004,#11005);
#11003 = CARTESIAN_POINT('',(128.54,-105.8,-4.6E-02));
#11004 = DIRECTION('',(-0.,-0.,-1.));
#11005 = DIRECTION('',(-0.,-1.,0.));
#11006 = ADVANCED_FACE('',(#11007),#11018,.F.);
#11007 = FACE_BOUND('',#11008,.T.);
#11008 = EDGE_LOOP('',(#11009,#11010,#11016,#11017));
#11009 = ORIENTED_EDGE('',*,*,#10071,.T.);
#11010 = ORIENTED_EDGE('',*,*,#11011,.T.);
#11011 = EDGE_CURVE('',#10072,#10463,#11012,.T.);
#11012 = LINE('',#11013,#11014);
#11013 = CARTESIAN_POINT('',(131.08,-106.3,-4.6E-02));
#11014 = VECTOR('',#11015,1.);
#11015 = DIRECTION('',(0.,0.,1.));
#11016 = ORIENTED_EDGE('',*,*,#10462,.F.);
#11017 = ORIENTED_EDGE('',*,*,#11011,.F.);
#11018 = CYLINDRICAL_SURFACE('',#11019,0.5);
#11019 = AXIS2_PLACEMENT_3D('',#11020,#11021,#11022);
#11020 = CARTESIAN_POINT('',(131.08,-105.8,-4.6E-02));
#11021 = DIRECTION('',(-0.,-0.,-1.));
#11022 = DIRECTION('',(-0.,-1.,0.));
#11023 = ADVANCED_FACE('',(#11024),#11035,.F.);
#11024 = FACE_BOUND('',#11025,.T.);
#11025 = EDGE_LOOP('',(#11026,#11027,#11033,#11034));
#11026 = ORIENTED_EDGE('',*,*,#10082,.T.);
#11027 = ORIENTED_EDGE('',*,*,#11028,.T.);
#11028 = EDGE_CURVE('',#10083,#10474,#11029,.T.);
#11029 = LINE('',#11030,#11031);
#11030 = CARTESIAN_POINT('',(133.62,-106.3,-4.6E-02));
#11031 = VECTOR('',#11032,1.);
#11032 = DIRECTION('',(0.,0.,1.));
#11033 = ORIENTED_EDGE('',*,*,#10473,.F.);
#11034 = ORIENTED_EDGE('',*,*,#11028,.F.);
#11035 = CYLINDRICAL_SURFACE('',#11036,0.5);
#11036 = AXIS2_PLACEMENT_3D('',#11037,#11038,#11039);
#11037 = CARTESIAN_POINT('',(133.62,-105.8,-4.6E-02));
#11038 = DIRECTION('',(-0.,-0.,-1.));
#11039 = DIRECTION('',(-0.,-1.,0.));
#11040 = ADVANCED_FACE('',(#11041),#11052,.F.);
#11041 = FACE_BOUND('',#11042,.T.);
#11042 = EDGE_LOOP('',(#11043,#11044,#11050,#11051));
#11043 = ORIENTED_EDGE('',*,*,#10093,.T.);
#11044 = ORIENTED_EDGE('',*,*,#11045,.T.);
#11045 = EDGE_CURVE('',#10094,#10485,#11046,.T.);
#11046 = LINE('',#11047,#11048);
#11047 = CARTESIAN_POINT('',(136.16,-106.3,-4.6E-02));
#11048 = VECTOR('',#11049,1.);
#11049 = DIRECTION('',(0.,0.,1.));
#11050 = ORIENTED_EDGE('',*,*,#10484,.F.);
#11051 = ORIENTED_EDGE('',*,*,#11045,.F.);
#11052 = CYLINDRICAL_SURFACE('',#11053,0.5);
#11053 = AXIS2_PLACEMENT_3D('',#11054,#11055,#11056);
#11054 = CARTESIAN_POINT('',(136.16,-105.8,-4.6E-02));
#11055 = DIRECTION('',(-0.,-0.,-1.));
#11056 = DIRECTION('',(-0.,-1.,0.));
#11057 = ADVANCED_FACE('',(#11058),#11069,.F.);
#11058 = FACE_BOUND('',#11059,.T.);
#11059 = EDGE_LOOP('',(#11060,#11061,#11067,#11068));
#11060 = ORIENTED_EDGE('',*,*,#10104,.T.);
#11061 = ORIENTED_EDGE('',*,*,#11062,.T.);
#11062 = EDGE_CURVE('',#10105,#10496,#11063,.T.);
#11063 = LINE('',#11064,#11065);
#11064 = CARTESIAN_POINT('',(138.7,-106.3,-4.6E-02));
#11065 = VECTOR('',#11066,1.);
#11066 = DIRECTION('',(0.,0.,1.));
#11067 = ORIENTED_EDGE('',*,*,#10495,.F.);
#11068 = ORIENTED_EDGE('',*,*,#11062,.F.);
#11069 = CYLINDRICAL_SURFACE('',#11070,0.5);
#11070 = AXIS2_PLACEMENT_3D('',#11071,#11072,#11073);
#11071 = CARTESIAN_POINT('',(138.7,-105.8,-4.6E-02));
#11072 = DIRECTION('',(-0.,-0.,-1.));
#11073 = DIRECTION('',(-0.,-1.,0.));
#11074 = ADVANCED_FACE('',(#11075),#11086,.F.);
#11075 = FACE_BOUND('',#11076,.T.);
#11076 = EDGE_LOOP('',(#11077,#11078,#11084,#11085));
#11077 = ORIENTED_EDGE('',*,*,#10115,.T.);
#11078 = ORIENTED_EDGE('',*,*,#11079,.T.);
#11079 = EDGE_CURVE('',#10116,#10507,#11080,.T.);
#11080 = LINE('',#11081,#11082);
#11081 = CARTESIAN_POINT('',(113.67,-95.61,-4.6E-02));
#11082 = VECTOR('',#11083,1.);
#11083 = DIRECTION('',(0.,0.,1.));
#11084 = ORIENTED_EDGE('',*,*,#10506,.F.);
#11085 = ORIENTED_EDGE('',*,*,#11079,.F.);
#11086 = CYLINDRICAL_SURFACE('',#11087,1.6);
#11087 = AXIS2_PLACEMENT_3D('',#11088,#11089,#11090);
#11088 = CARTESIAN_POINT('',(113.67,-94.01,-4.6E-02));
#11089 = DIRECTION('',(-0.,0.,-1.));
#11090 = DIRECTION('',(8.881784197001E-15,-1.,-0.));
#11091 = ADVANCED_FACE('',(#11092),#11103,.F.);
#11092 = FACE_BOUND('',#11093,.T.);
#11093 = EDGE_LOOP('',(#11094,#11095,#11101,#11102));
#11094 = ORIENTED_EDGE('',*,*,#10126,.T.);
#11095 = ORIENTED_EDGE('',*,*,#11096,.T.);
#11096 = EDGE_CURVE('',#10127,#10518,#11097,.T.);
#11097 = LINE('',#11098,#11099);
#11098 = CARTESIAN_POINT('',(186.77,-108.8,-4.6E-02));
#11099 = VECTOR('',#11100,1.);
#11100 = DIRECTION('',(0.,0.,1.));
#11101 = ORIENTED_EDGE('',*,*,#10517,.F.);
#11102 = ORIENTED_EDGE('',*,*,#11096,.F.);
#11103 = CYLINDRICAL_SURFACE('',#11104,0.5);
#11104 = AXIS2_PLACEMENT_3D('',#11105,#11106,#11107);
#11105 = CARTESIAN_POINT('',(186.77,-108.3,-4.6E-02));
#11106 = DIRECTION('',(-0.,-0.,-1.));
#11107 = DIRECTION('',(-0.,-1.,0.));
#11108 = ADVANCED_FACE('',(#11109),#11120,.F.);
#11109 = FACE_BOUND('',#11110,.T.);
#11110 = EDGE_LOOP('',(#11111,#11112,#11118,#11119));
#11111 = ORIENTED_EDGE('',*,*,#10137,.T.);
#11112 = ORIENTED_EDGE('',*,*,#11113,.T.);
#11113 = EDGE_CURVE('',#10138,#10529,#11114,.T.);
#11114 = LINE('',#11115,#11116);
#11115 = CARTESIAN_POINT('',(186.77,-101.2,-4.6E-02));
#11116 = VECTOR('',#11117,1.);
#11117 = DIRECTION('',(0.,0.,1.));
#11118 = ORIENTED_EDGE('',*,*,#10528,.F.);
#11119 = ORIENTED_EDGE('',*,*,#11113,.F.);
#11120 = CYLINDRICAL_SURFACE('',#11121,0.5);
#11121 = AXIS2_PLACEMENT_3D('',#11122,#11123,#11124);
#11122 = CARTESIAN_POINT('',(186.77,-100.7,-4.6E-02));
#11123 = DIRECTION('',(-0.,-0.,-1.));
#11124 = DIRECTION('',(-0.,-1.,0.));
#11125 = ADVANCED_FACE('',(#11126),#11137,.F.);
#11126 = FACE_BOUND('',#11127,.T.);
#11127 = EDGE_LOOP('',(#11128,#11129,#11135,#11136));
#11128 = ORIENTED_EDGE('',*,*,#10148,.T.);
#11129 = ORIENTED_EDGE('',*,*,#11130,.T.);
#11130 = EDGE_CURVE('',#10149,#10540,#11131,.T.);
#11131 = LINE('',#11132,#11133);
#11132 = CARTESIAN_POINT('',(195.69,-95.48,-4.6E-02));
#11133 = VECTOR('',#11134,1.);
#11134 = DIRECTION('',(0.,0.,1.));
#11135 = ORIENTED_EDGE('',*,*,#10539,.F.);
#11136 = ORIENTED_EDGE('',*,*,#11130,.F.);
#11137 = CYLINDRICAL_SURFACE('',#11138,1.6);
#11138 = AXIS2_PLACEMENT_3D('',#11139,#11140,#11141);
#11139 = CARTESIAN_POINT('',(195.69,-93.88,-4.6E-02));
#11140 = DIRECTION('',(-0.,-0.,-1.));
#11141 = DIRECTION('',(-0.,-1.,0.));
#11142 = ( GEOMETRIC_REPRESENTATION_CONTEXT(3) 
GLOBAL_UNCERTAINTY_ASSIGNED_CONTEXT((#11146)) 
GLOBAL_UNIT_ASSIGNED_CONTEXT((#11143,#11144,#11145)) 
REPRESENTATION_CONTEXT('Context #1',
  '3D Context with UNIT and UNCERTAINTY') );
#11143 = ( LENGTH_UNIT() NAMED_UNIT(*) SI_UNIT(.MILLI.,.METRE.) );
#11144 = ( NAMED_UNIT(*) PLANE_ANGLE_UNIT() SI_UNIT($,.RADIAN.) );
#11145 = ( NAMED_UNIT(*) SI_UNIT($,.STERADIAN.) SOLID_ANGLE_UNIT() );
#11146 = UNCERTAINTY_MEASURE_WITH_UNIT(LENGTH_MEASURE(1.E-07),#11143,
  'distance_accuracy_value','confusion accuracy');
#11147 = CONTEXT_DEPENDENT_SHAPE_REPRESENTATION(#11148,#11150);
#11148 = ( REPRESENTATION_RELATIONSHIP('','',#9665,#10) 
REPRESENTATION_RELATIONSHIP_WITH_TRANSFORMATION(#11149) 
SHAPE_REPRESENTATION_RELATIONSHIP() );
#11149 = ITEM_DEFINED_TRANSFORMATION('','',#11,#39);
#11150 = PRODUCT_DEFINITION_SHAPE('Placement','Placement of an item',
  #11151);
#11151 = NEXT_ASSEMBLY_USAGE_OCCURRENCE('10','=>[0:1:1:8]','',#5,#9660,$
  );
#11152 = PRODUCT_RELATED_PRODUCT_CATEGORY('part',$,(#9662));
#11153 = MECHANICAL_DESIGN_GEOMETRIC_PRESENTATION_REPRESENTATION('',(
    #11154),#11142);
#11154 = STYLED_ITEM('color',(#11155),#9666);
#11155 = PRESENTATION_STYLE_ASSIGNMENT((#11156));
#11156 = SURFACE_STYLE_USAGE(.BOTH.,#11157);
#11157 = SURFACE_SIDE_STYLE('',(#11158));
#11158 = SURFACE_STYLE_FILL_AREA(#11159);
#11159 = FILL_AREA_STYLE('',(#11160));
#11160 = FILL_AREA_STYLE_COLOUR('',#11161);
#11161 = COLOUR_RGB('',0.313304153717,0.484529207832,0.410020903123);
#11162 = MECHANICAL_DESIGN_GEOMETRIC_PRESENTATION_REPRESENTATION('',(
    #11163,#11171,#11178,#11185,#11192,#11199,#11207,#11214,#11221,
    #11228,#11235,#11243,#11250),#3115);
#11163 = STYLED_ITEM('color',(#11164),#2825);
#11164 = PRESENTATION_STYLE_ASSIGNMENT((#11165));
#11165 = SURFACE_STYLE_USAGE(.BOTH.,#11166);
#11166 = SURFACE_SIDE_STYLE('',(#11167));
#11167 = SURFACE_STYLE_FILL_AREA(#11168);
#11168 = FILL_AREA_STYLE('',(#11169));
#11169 = FILL_AREA_STYLE_COLOUR('',#11170);
#11170 = COLOUR_RGB('',0.147999998088,0.144999993226,0.144999993226);
#11171 = STYLED_ITEM('color',(#11172),#2858);
#11172 = PRESENTATION_STYLE_ASSIGNMENT((#11173));
#11173 = SURFACE_STYLE_USAGE(.BOTH.,#11174);
#11174 = SURFACE_SIDE_STYLE('',(#11175));
#11175 = SURFACE_STYLE_FILL_AREA(#11176);
#11176 = FILL_AREA_STYLE('',(#11177));
#11177 = FILL_AREA_STYLE_COLOUR('',#11170);
#11178 = STYLED_ITEM('color',(#11179),#2884);
#11179 = PRESENTATION_STYLE_ASSIGNMENT((#11180));
#11180 = SURFACE_STYLE_USAGE(.BOTH.,#11181);
#11181 = SURFACE_SIDE_STYLE('',(#11182));
#11182 = SURFACE_STYLE_FILL_AREA(#11183);
#11183 = FILL_AREA_STYLE('',(#11184));
#11184 = FILL_AREA_STYLE_COLOUR('',#11170);
#11185 = STYLED_ITEM('color',(#11186),#2910);
#11186 = PRESENTATION_STYLE_ASSIGNMENT((#11187));
#11187 = SURFACE_STYLE_USAGE(.BOTH.,#11188);
#11188 = SURFACE_SIDE_STYLE('',(#11189));
#11189 = SURFACE_STYLE_FILL_AREA(#11190);
#11190 = FILL_AREA_STYLE('',(#11191));
#11191 = FILL_AREA_STYLE_COLOUR('',#11170);
#11192 = STYLED_ITEM('color',(#11193),#2941);
#11193 = PRESENTATION_STYLE_ASSIGNMENT((#11194));
#11194 = SURFACE_STYLE_USAGE(.BOTH.,#11195);
#11195 = SURFACE_SIDE_STYLE('',(#11196));
#11196 = SURFACE_STYLE_FILL_AREA(#11197);
#11197 = FILL_AREA_STYLE('',(#11198));
#11198 = FILL_AREA_STYLE_COLOUR('',#11170);
#11199 = STYLED_ITEM('color',(#11200),#2961);
#11200 = PRESENTATION_STYLE_ASSIGNMENT((#11201));
#11201 = SURFACE_STYLE_USAGE(.BOTH.,#11202);
#11202 = SURFACE_SIDE_STYLE('',(#11203));
#11203 = SURFACE_STYLE_FILL_AREA(#11204);
#11204 = FILL_AREA_STYLE('',(#11205));
#11205 = FILL_AREA_STYLE_COLOUR('',#11206);
#11206 = COLOUR_RGB('',0.823999987314,0.819999987296,0.781000009244);
#11207 = STYLED_ITEM('color',(#11208),#2986);
#11208 = PRESENTATION_STYLE_ASSIGNMENT((#11209));
#11209 = SURFACE_STYLE_USAGE(.BOTH.,#11210);
#11210 = SURFACE_SIDE_STYLE('',(#11211));
#11211 = SURFACE_STYLE_FILL_AREA(#11212);
#11212 = FILL_AREA_STYLE('',(#11213));
#11213 = FILL_AREA_STYLE_COLOUR('',#11206);
#11214 = STYLED_ITEM('color',(#11215),#3011);
#11215 = PRESENTATION_STYLE_ASSIGNMENT((#11216));
#11216 = SURFACE_STYLE_USAGE(.BOTH.,#11217);
#11217 = SURFACE_SIDE_STYLE('',(#11218));
#11218 = SURFACE_STYLE_FILL_AREA(#11219);
#11219 = FILL_AREA_STYLE('',(#11220));
#11220 = FILL_AREA_STYLE_COLOUR('',#11170);
#11221 = STYLED_ITEM('color',(#11222),#3036);
#11222 = PRESENTATION_STYLE_ASSIGNMENT((#11223));
#11223 = SURFACE_STYLE_USAGE(.BOTH.,#11224);
#11224 = SURFACE_SIDE_STYLE('',(#11225));
#11225 = SURFACE_STYLE_FILL_AREA(#11226);
#11226 = FILL_AREA_STYLE('',(#11227));
#11227 = FILL_AREA_STYLE_COLOUR('',#11206);
#11228 = STYLED_ITEM('color',(#11229),#3062);
#11229 = PRESENTATION_STYLE_ASSIGNMENT((#11230));
#11230 = SURFACE_STYLE_USAGE(.BOTH.,#11231);
#11231 = SURFACE_SIDE_STYLE('',(#11232));
#11232 = SURFACE_STYLE_FILL_AREA(#11233);
#11233 = FILL_AREA_STYLE('',(#11234));
#11234 = FILL_AREA_STYLE_COLOUR('',#11206);
#11235 = STYLED_ITEM('color',(#11236),#3088);
#11236 = PRESENTATION_STYLE_ASSIGNMENT((#11237));
#11237 = SURFACE_STYLE_USAGE(.BOTH.,#11238);
#11238 = SURFACE_SIDE_STYLE('',(#11239));
#11239 = SURFACE_STYLE_FILL_AREA(#11240);
#11240 = FILL_AREA_STYLE('',(#11241));
#11241 = FILL_AREA_STYLE_COLOUR('',#11242);
#11242 = COLOUR_RGB('',0.809000013735,0.426000008053,0.147999998088);
#11243 = STYLED_ITEM('color',(#11244),#3097);
#11244 = PRESENTATION_STYLE_ASSIGNMENT((#11245));
#11245 = SURFACE_STYLE_USAGE(.BOTH.,#11246);
#11246 = SURFACE_SIDE_STYLE('',(#11247));
#11247 = SURFACE_STYLE_FILL_AREA(#11248);
#11248 = FILL_AREA_STYLE('',(#11249));
#11249 = FILL_AREA_STYLE_COLOUR('',#11206);
#11250 = STYLED_ITEM('color',(#11251),#3106);
#11251 = PRESENTATION_STYLE_ASSIGNMENT((#11252));
#11252 = SURFACE_STYLE_USAGE(.BOTH.,#11253);
#11253 = SURFACE_SIDE_STYLE('',(#11254));
#11254 = SURFACE_STYLE_FILL_AREA(#11255);
#11255 = FILL_AREA_STYLE('',(#11256));
#11256 = FILL_AREA_STYLE_COLOUR('',#11206);
#11257 = MECHANICAL_DESIGN_GEOMETRIC_PRESENTATION_REPRESENTATION('',(
    #11258,#11267,#11276,#11285,#11294,#11303,#11312,#11321,#11330,
    #11340,#11349,#11358,#11367,#11376,#11385,#11394,#11403,#11412,
    #11421,#11430,#11439,#11448,#11457,#11466,#11475,#11484,#11493,
    #11502,#11511,#11520,#11529,#11538,#11547,#11556,#11565,#11574,
    #11583,#11592,#11601,#11610,#11619,#11628,#11637,#11646,#11655,
    #11664,#11673,#11682,#11691,#11700,#11709,#11718,#11727,#11736,
    #11745,#11754,#11763,#11772,#11781,#11790,#11799,#11808,#11817,
    #11826,#11835,#11844,#11853,#11862,#11871,#11880,#11889,#11898,
    #11907,#11916,#11925,#11934,#11943,#11952,#11961,#11970,#11979,
    #11988,#11997,#12006,#12015,#12024,#12033,#12042,#12051,#12060,
    #12069,#12078,#12087,#12096,#12105,#12114,#12123,#12132,#12141,
    #12150,#12159,#12168,#12177,#12186,#12195,#12204,#12213,#12222,
    #12231,#12240,#12249,#12258,#12267,#12276,#12285,#12294,#12303,
    #12312,#12321,#12330,#12339,#12348,#12357,#12366,#12375,#12384,
    #12393,#12402,#12411,#12420,#12429,#12438,#12447,#12456,#12465,
    #12474,#12483,#12492,#12501,#12510,#12519,#12528,#12537,#12546,
    #12555,#12564,#12573,#12582,#12591,#12600,#12609,#12618,#12627,
    #12636,#12645,#12654,#12663,#12672,#12681,#12690,#12699,#12708,
    #12717,#12726,#12735,#12744,#12753,#12762,#12771,#12780,#12789,
    #12798,#12807,#12816,#12825,#12834,#12843,#12852,#12861,#12870,
    #12879,#12888,#12897,#12906,#12915,#12924,#12933,#12942,#12951,
    #12960,#12969,#12978,#12987,#12996,#13005,#13014,#13023,#13032,
    #13041,#13050,#13059,#13068,#13077,#13086,#13095,#13104,#13113,
    #13122,#13131,#13140,#13149,#13158,#13167,#13176,#13185,#13194,
    #13203,#13212,#13221,#13230,#13239,#13248,#13257,#13266,#13275,
    #13284,#13293,#13302,#13311,#13320,#13329,#13338,#13347,#13356,
    #13365,#13374,#13383,#13392,#13401,#13410,#13419,#13428,#13437,
    #13446,#13455,#13464,#13473,#13482,#13491,#13500,#13509,#13518,
    #13527,#13536,#13545,#13554,#13563,#13572,#13581,#13590,#13599,
    #13608,#13617,#13626,#13635,#13644,#13653,#13662,#13671,#13680,
    #13689,#13698,#13707,#13716,#13725,#13734,#13743,#13752,#13761,
    #13770,#13779,#13788),#9647);
#11258 = STYLED_ITEM('color',(#11259),#3159);
#11259 = PRESENTATION_STYLE_ASSIGNMENT((#11260,#11265));
#11260 = SURFACE_STYLE_USAGE(.BOTH.,#11261);
#11261 = SURFACE_SIDE_STYLE('',(#11262));
#11262 = SURFACE_STYLE_FILL_AREA(#11263);
#11263 = FILL_AREA_STYLE('',(#11264));
#11264 = FILL_AREA_STYLE_COLOUR('',#11170);
#11265 = CURVE_STYLE('',#11266,POSITIVE_LENGTH_MEASURE(0.1),#11170);
#11266 = DRAUGHTING_PRE_DEFINED_CURVE_FONT('continuous');
#11267 = STYLED_ITEM('color',(#11268),#3199);
#11268 = PRESENTATION_STYLE_ASSIGNMENT((#11269,#11274));
#11269 = SURFACE_STYLE_USAGE(.BOTH.,#11270);
#11270 = SURFACE_SIDE_STYLE('',(#11271));
#11271 = SURFACE_STYLE_FILL_AREA(#11272);
#11272 = FILL_AREA_STYLE('',(#11273));
#11273 = FILL_AREA_STYLE_COLOUR('',#11170);
#11274 = CURVE_STYLE('',#11275,POSITIVE_LENGTH_MEASURE(0.1),#11170);
#11275 = DRAUGHTING_PRE_DEFINED_CURVE_FONT('continuous');
#11276 = STYLED_ITEM('color',(#11277),#3262);
#11277 = PRESENTATION_STYLE_ASSIGNMENT((#11278,#11283));
#11278 = SURFACE_STYLE_USAGE(.BOTH.,#11279);
#11279 = SURFACE_SIDE_STYLE('',(#11280));
#11280 = SURFACE_STYLE_FILL_AREA(#11281);
#11281 = FILL_AREA_STYLE('',(#11282));
#11282 = FILL_AREA_STYLE_COLOUR('',#11170);
#11283 = CURVE_STYLE('',#11284,POSITIVE_LENGTH_MEASURE(0.1),#11170);
#11284 = DRAUGHTING_PRE_DEFINED_CURVE_FONT('continuous');
#11285 = STYLED_ITEM('color',(#11286),#3325);
#11286 = PRESENTATION_STYLE_ASSIGNMENT((#11287,#11292));
#11287 = SURFACE_STYLE_USAGE(.BOTH.,#11288);
#11288 = SURFACE_SIDE_STYLE('',(#11289));
#11289 = SURFACE_STYLE_FILL_AREA(#11290);
#11290 = FILL_AREA_STYLE('',(#11291));
#11291 = FILL_AREA_STYLE_COLOUR('',#11170);
#11292 = CURVE_STYLE('',#11293,POSITIVE_LENGTH_MEASURE(0.1),#11170);
#11293 = DRAUGHTING_PRE_DEFINED_CURVE_FONT('continuous');
#11294 = STYLED_ITEM('color',(#11295),#3342);
#11295 = PRESENTATION_STYLE_ASSIGNMENT((#11296,#11301));
#11296 = SURFACE_STYLE_USAGE(.BOTH.,#11297);
#11297 = SURFACE_SIDE_STYLE('',(#11298));
#11298 = SURFACE_STYLE_FILL_AREA(#11299);
#11299 = FILL_AREA_STYLE('',(#11300));
#11300 = FILL_AREA_STYLE_COLOUR('',#11170);
#11301 = CURVE_STYLE('',#11302,POSITIVE_LENGTH_MEASURE(0.1),#11170);
#11302 = DRAUGHTING_PRE_DEFINED_CURVE_FONT('continuous');
#11303 = STYLED_ITEM('color',(#11304),#3631);
#11304 = PRESENTATION_STYLE_ASSIGNMENT((#11305,#11310));
#11305 = SURFACE_STYLE_USAGE(.BOTH.,#11306);
#11306 = SURFACE_SIDE_STYLE('',(#11307));
#11307 = SURFACE_STYLE_FILL_AREA(#11308);
#11308 = FILL_AREA_STYLE('',(#11309));
#11309 = FILL_AREA_STYLE_COLOUR('',#11170);
#11310 = CURVE_STYLE('',#11311,POSITIVE_LENGTH_MEASURE(0.1),#11170);
#11311 = DRAUGHTING_PRE_DEFINED_CURVE_FONT('continuous');
#11312 = STYLED_ITEM('color',(#11313),#3653);
#11313 = PRESENTATION_STYLE_ASSIGNMENT((#11314,#11319));
#11314 = SURFACE_STYLE_USAGE(.BOTH.,#11315);
#11315 = SURFACE_SIDE_STYLE('',(#11316));
#11316 = SURFACE_STYLE_FILL_AREA(#11317);
#11317 = FILL_AREA_STYLE('',(#11318));
#11318 = FILL_AREA_STYLE_COLOUR('',#11170);
#11319 = CURVE_STYLE('',#11320,POSITIVE_LENGTH_MEASURE(0.1),#11170);
#11320 = DRAUGHTING_PRE_DEFINED_CURVE_FONT('continuous');
#11321 = STYLED_ITEM('color',(#11322),#3670);
#11322 = PRESENTATION_STYLE_ASSIGNMENT((#11323,#11328));
#11323 = SURFACE_STYLE_USAGE(.BOTH.,#11324);
#11324 = SURFACE_SIDE_STYLE('',(#11325));
#11325 = SURFACE_STYLE_FILL_AREA(#11326);
#11326 = FILL_AREA_STYLE('',(#11327));
#11327 = FILL_AREA_STYLE_COLOUR('',#11170);
#11328 = CURVE_STYLE('',#11329,POSITIVE_LENGTH_MEASURE(0.1),#11170);
#11329 = DRAUGHTING_PRE_DEFINED_CURVE_FONT('continuous');
#11330 = OVER_RIDING_STYLED_ITEM('overriding color',(#11331),#3703,
  #11321);
#11331 = PRESENTATION_STYLE_ASSIGNMENT((#11332,#11338));
#11332 = SURFACE_STYLE_USAGE(.BOTH.,#11333);
#11333 = SURFACE_SIDE_STYLE('',(#11334));
#11334 = SURFACE_STYLE_FILL_AREA(#11335);
#11335 = FILL_AREA_STYLE('',(#11336));
#11336 = FILL_AREA_STYLE_COLOUR('',#11337);
#11337 = COLOUR_RGB('',0.858999988747,0.738000004258,0.496000005009);
#11338 = CURVE_STYLE('',#11339,POSITIVE_LENGTH_MEASURE(0.1),#11337);
#11339 = DRAUGHTING_PRE_DEFINED_CURVE_FONT('continuous');
#11340 = OVER_RIDING_STYLED_ITEM('overriding color',(#11341),#3735,
  #11321);
#11341 = PRESENTATION_STYLE_ASSIGNMENT((#11342,#11347));
#11342 = SURFACE_STYLE_USAGE(.BOTH.,#11343);
#11343 = SURFACE_SIDE_STYLE('',(#11344));
#11344 = SURFACE_STYLE_FILL_AREA(#11345);
#11345 = FILL_AREA_STYLE('',(#11346));
#11346 = FILL_AREA_STYLE_COLOUR('',#11337);
#11347 = CURVE_STYLE('',#11348,POSITIVE_LENGTH_MEASURE(0.1),#11337);
#11348 = DRAUGHTING_PRE_DEFINED_CURVE_FONT('continuous');
#11349 = OVER_RIDING_STYLED_ITEM('overriding color',(#11350),#3769,
  #11321);
#11350 = PRESENTATION_STYLE_ASSIGNMENT((#11351,#11356));
#11351 = SURFACE_STYLE_USAGE(.BOTH.,#11352);
#11352 = SURFACE_SIDE_STYLE('',(#11353));
#11353 = SURFACE_STYLE_FILL_AREA(#11354);
#11354 = FILL_AREA_STYLE('',(#11355));
#11355 = FILL_AREA_STYLE_COLOUR('',#11337);
#11356 = CURVE_STYLE('',#11357,POSITIVE_LENGTH_MEASURE(0.1),#11337);
#11357 = DRAUGHTING_PRE_DEFINED_CURVE_FONT('continuous');
#11358 = OVER_RIDING_STYLED_ITEM('overriding color',(#11359),#3801,
  #11321);
#11359 = PRESENTATION_STYLE_ASSIGNMENT((#11360,#11365));
#11360 = SURFACE_STYLE_USAGE(.BOTH.,#11361);
#11361 = SURFACE_SIDE_STYLE('',(#11362));
#11362 = SURFACE_STYLE_FILL_AREA(#11363);
#11363 = FILL_AREA_STYLE('',(#11364));
#11364 = FILL_AREA_STYLE_COLOUR('',#11337);
#11365 = CURVE_STYLE('',#11366,POSITIVE_LENGTH_MEASURE(0.1),#11337);
#11366 = DRAUGHTING_PRE_DEFINED_CURVE_FONT('continuous');
#11367 = OVER_RIDING_STYLED_ITEM('overriding color',(#11368),#3835,
  #11321);
#11368 = PRESENTATION_STYLE_ASSIGNMENT((#11369,#11374));
#11369 = SURFACE_STYLE_USAGE(.BOTH.,#11370);
#11370 = SURFACE_SIDE_STYLE('',(#11371));
#11371 = SURFACE_STYLE_FILL_AREA(#11372);
#11372 = FILL_AREA_STYLE('',(#11373));
#11373 = FILL_AREA_STYLE_COLOUR('',#11337);
#11374 = CURVE_STYLE('',#11375,POSITIVE_LENGTH_MEASURE(0.1),#11337);
#11375 = DRAUGHTING_PRE_DEFINED_CURVE_FONT('continuous');
#11376 = OVER_RIDING_STYLED_ITEM('overriding color',(#11377),#3867,
  #11321);
#11377 = PRESENTATION_STYLE_ASSIGNMENT((#11378,#11383));
#11378 = SURFACE_STYLE_USAGE(.BOTH.,#11379);
#11379 = SURFACE_SIDE_STYLE('',(#11380));
#11380 = SURFACE_STYLE_FILL_AREA(#11381);
#11381 = FILL_AREA_STYLE('',(#11382));
#11382 = FILL_AREA_STYLE_COLOUR('',#11337);
#11383 = CURVE_STYLE('',#11384,POSITIVE_LENGTH_MEASURE(0.1),#11337);
#11384 = DRAUGHTING_PRE_DEFINED_CURVE_FONT('continuous');
#11385 = OVER_RIDING_STYLED_ITEM('overriding color',(#11386),#3901,
  #11321);
#11386 = PRESENTATION_STYLE_ASSIGNMENT((#11387,#11392));
#11387 = SURFACE_STYLE_USAGE(.BOTH.,#11388);
#11388 = SURFACE_SIDE_STYLE('',(#11389));
#11389 = SURFACE_STYLE_FILL_AREA(#11390);
#11390 = FILL_AREA_STYLE('',(#11391));
#11391 = FILL_AREA_STYLE_COLOUR('',#11337);
#11392 = CURVE_STYLE('',#11393,POSITIVE_LENGTH_MEASURE(0.1),#11337);
#11393 = DRAUGHTING_PRE_DEFINED_CURVE_FONT('continuous');
#11394 = OVER_RIDING_STYLED_ITEM('overriding color',(#11395),#3933,
  #11321);
#11395 = PRESENTATION_STYLE_ASSIGNMENT((#11396,#11401));
#11396 = SURFACE_STYLE_USAGE(.BOTH.,#11397);
#11397 = SURFACE_SIDE_STYLE('',(#11398));
#11398 = SURFACE_STYLE_FILL_AREA(#11399);
#11399 = FILL_AREA_STYLE('',(#11400));
#11400 = FILL_AREA_STYLE_COLOUR('',#11337);
#11401 = CURVE_STYLE('',#11402,POSITIVE_LENGTH_MEASURE(0.1),#11337);
#11402 = DRAUGHTING_PRE_DEFINED_CURVE_FONT('continuous');
#11403 = OVER_RIDING_STYLED_ITEM('overriding color',(#11404),#3967,
  #11321);
#11404 = PRESENTATION_STYLE_ASSIGNMENT((#11405,#11410));
#11405 = SURFACE_STYLE_USAGE(.BOTH.,#11406);
#11406 = SURFACE_SIDE_STYLE('',(#11407));
#11407 = SURFACE_STYLE_FILL_AREA(#11408);
#11408 = FILL_AREA_STYLE('',(#11409));
#11409 = FILL_AREA_STYLE_COLOUR('',#11337);
#11410 = CURVE_STYLE('',#11411,POSITIVE_LENGTH_MEASURE(0.1),#11337);
#11411 = DRAUGHTING_PRE_DEFINED_CURVE_FONT('continuous');
#11412 = OVER_RIDING_STYLED_ITEM('overriding color',(#11413),#3999,
  #11321);
#11413 = PRESENTATION_STYLE_ASSIGNMENT((#11414,#11419));
#11414 = SURFACE_STYLE_USAGE(.BOTH.,#11415);
#11415 = SURFACE_SIDE_STYLE('',(#11416));
#11416 = SURFACE_STYLE_FILL_AREA(#11417);
#11417 = FILL_AREA_STYLE('',(#11418));
#11418 = FILL_AREA_STYLE_COLOUR('',#11337);
#11419 = CURVE_STYLE('',#11420,POSITIVE_LENGTH_MEASURE(0.1),#11337);
#11420 = DRAUGHTING_PRE_DEFINED_CURVE_FONT('continuous');
#11421 = OVER_RIDING_STYLED_ITEM('overriding color',(#11422),#4033,
  #11321);
#11422 = PRESENTATION_STYLE_ASSIGNMENT((#11423,#11428));
#11423 = SURFACE_STYLE_USAGE(.BOTH.,#11424);
#11424 = SURFACE_SIDE_STYLE('',(#11425));
#11425 = SURFACE_STYLE_FILL_AREA(#11426);
#11426 = FILL_AREA_STYLE('',(#11427));
#11427 = FILL_AREA_STYLE_COLOUR('',#11337);
#11428 = CURVE_STYLE('',#11429,POSITIVE_LENGTH_MEASURE(0.1),#11337);
#11429 = DRAUGHTING_PRE_DEFINED_CURVE_FONT('continuous');
#11430 = OVER_RIDING_STYLED_ITEM('overriding color',(#11431),#4065,
  #11321);
#11431 = PRESENTATION_STYLE_ASSIGNMENT((#11432,#11437));
#11432 = SURFACE_STYLE_USAGE(.BOTH.,#11433);
#11433 = SURFACE_SIDE_STYLE('',(#11434));
#11434 = SURFACE_STYLE_FILL_AREA(#11435);
#11435 = FILL_AREA_STYLE('',(#11436));
#11436 = FILL_AREA_STYLE_COLOUR('',#11337);
#11437 = CURVE_STYLE('',#11438,POSITIVE_LENGTH_MEASURE(0.1),#11337);
#11438 = DRAUGHTING_PRE_DEFINED_CURVE_FONT('continuous');
#11439 = OVER_RIDING_STYLED_ITEM('overriding color',(#11440),#4099,
  #11321);
#11440 = PRESENTATION_STYLE_ASSIGNMENT((#11441,#11446));
#11441 = SURFACE_STYLE_USAGE(.BOTH.,#11442);
#11442 = SURFACE_SIDE_STYLE('',(#11443));
#11443 = SURFACE_STYLE_FILL_AREA(#11444);
#11444 = FILL_AREA_STYLE('',(#11445));
#11445 = FILL_AREA_STYLE_COLOUR('',#11337);
#11446 = CURVE_STYLE('',#11447,POSITIVE_LENGTH_MEASURE(0.1),#11337);
#11447 = DRAUGHTING_PRE_DEFINED_CURVE_FONT('continuous');
#11448 = OVER_RIDING_STYLED_ITEM('overriding color',(#11449),#4131,
  #11321);
#11449 = PRESENTATION_STYLE_ASSIGNMENT((#11450,#11455));
#11450 = SURFACE_STYLE_USAGE(.BOTH.,#11451);
#11451 = SURFACE_SIDE_STYLE('',(#11452));
#11452 = SURFACE_STYLE_FILL_AREA(#11453);
#11453 = FILL_AREA_STYLE('',(#11454));
#11454 = FILL_AREA_STYLE_COLOUR('',#11337);
#11455 = CURVE_STYLE('',#11456,POSITIVE_LENGTH_MEASURE(0.1),#11337);
#11456 = DRAUGHTING_PRE_DEFINED_CURVE_FONT('continuous');
#11457 = OVER_RIDING_STYLED_ITEM('overriding color',(#11458),#4165,
  #11321);
#11458 = PRESENTATION_STYLE_ASSIGNMENT((#11459,#11464));
#11459 = SURFACE_STYLE_USAGE(.BOTH.,#11460);
#11460 = SURFACE_SIDE_STYLE('',(#11461));
#11461 = SURFACE_STYLE_FILL_AREA(#11462);
#11462 = FILL_AREA_STYLE('',(#11463));
#11463 = FILL_AREA_STYLE_COLOUR('',#11337);
#11464 = CURVE_STYLE('',#11465,POSITIVE_LENGTH_MEASURE(0.1),#11337);
#11465 = DRAUGHTING_PRE_DEFINED_CURVE_FONT('continuous');
#11466 = OVER_RIDING_STYLED_ITEM('overriding color',(#11467),#4197,
  #11321);
#11467 = PRESENTATION_STYLE_ASSIGNMENT((#11468,#11473));
#11468 = SURFACE_STYLE_USAGE(.BOTH.,#11469);
#11469 = SURFACE_SIDE_STYLE('',(#11470));
#11470 = SURFACE_STYLE_FILL_AREA(#11471);
#11471 = FILL_AREA_STYLE('',(#11472));
#11472 = FILL_AREA_STYLE_COLOUR('',#11337);
#11473 = CURVE_STYLE('',#11474,POSITIVE_LENGTH_MEASURE(0.1),#11337);
#11474 = DRAUGHTING_PRE_DEFINED_CURVE_FONT('continuous');
#11475 = STYLED_ITEM('color',(#11476),#4215);
#11476 = PRESENTATION_STYLE_ASSIGNMENT((#11477,#11482));
#11477 = SURFACE_STYLE_USAGE(.BOTH.,#11478);
#11478 = SURFACE_SIDE_STYLE('',(#11479));
#11479 = SURFACE_STYLE_FILL_AREA(#11480);
#11480 = FILL_AREA_STYLE('',(#11481));
#11481 = FILL_AREA_STYLE_COLOUR('',#11170);
#11482 = CURVE_STYLE('',#11483,POSITIVE_LENGTH_MEASURE(0.1),#11170);
#11483 = DRAUGHTING_PRE_DEFINED_CURVE_FONT('continuous');
#11484 = STYLED_ITEM('color',(#11485),#4227);
#11485 = PRESENTATION_STYLE_ASSIGNMENT((#11486,#11491));
#11486 = SURFACE_STYLE_USAGE(.BOTH.,#11487);
#11487 = SURFACE_SIDE_STYLE('',(#11488));
#11488 = SURFACE_STYLE_FILL_AREA(#11489);
#11489 = FILL_AREA_STYLE('',(#11490));
#11490 = FILL_AREA_STYLE_COLOUR('',#11170);
#11491 = CURVE_STYLE('',#11492,POSITIVE_LENGTH_MEASURE(0.1),#11170);
#11492 = DRAUGHTING_PRE_DEFINED_CURVE_FONT('continuous');
#11493 = STYLED_ITEM('color',(#11494),#4239);
#11494 = PRESENTATION_STYLE_ASSIGNMENT((#11495,#11500));
#11495 = SURFACE_STYLE_USAGE(.BOTH.,#11496);
#11496 = SURFACE_SIDE_STYLE('',(#11497));
#11497 = SURFACE_STYLE_FILL_AREA(#11498);
#11498 = FILL_AREA_STYLE('',(#11499));
#11499 = FILL_AREA_STYLE_COLOUR('',#11170);
#11500 = CURVE_STYLE('',#11501,POSITIVE_LENGTH_MEASURE(0.1),#11170);
#11501 = DRAUGHTING_PRE_DEFINED_CURVE_FONT('continuous');
#11502 = STYLED_ITEM('color',(#11503),#4270);
#11503 = PRESENTATION_STYLE_ASSIGNMENT((#11504,#11509));
#11504 = SURFACE_STYLE_USAGE(.BOTH.,#11505);
#11505 = SURFACE_SIDE_STYLE('',(#11506));
#11506 = SURFACE_STYLE_FILL_AREA(#11507);
#11507 = FILL_AREA_STYLE('',(#11508));
#11508 = FILL_AREA_STYLE_COLOUR('',#11170);
#11509 = CURVE_STYLE('',#11510,POSITIVE_LENGTH_MEASURE(0.1),#11170);
#11510 = DRAUGHTING_PRE_DEFINED_CURVE_FONT('continuous');
#11511 = STYLED_ITEM('color',(#11512),#4294);
#11512 = PRESENTATION_STYLE_ASSIGNMENT((#11513,#11518));
#11513 = SURFACE_STYLE_USAGE(.BOTH.,#11514);
#11514 = SURFACE_SIDE_STYLE('',(#11515));
#11515 = SURFACE_STYLE_FILL_AREA(#11516);
#11516 = FILL_AREA_STYLE('',(#11517));
#11517 = FILL_AREA_STYLE_COLOUR('',#11170);
#11518 = CURVE_STYLE('',#11519,POSITIVE_LENGTH_MEASURE(0.1),#11170);
#11519 = DRAUGHTING_PRE_DEFINED_CURVE_FONT('continuous');
#11520 = STYLED_ITEM('color',(#11521),#4318);
#11521 = PRESENTATION_STYLE_ASSIGNMENT((#11522,#11527));
#11522 = SURFACE_STYLE_USAGE(.BOTH.,#11523);
#11523 = SURFACE_SIDE_STYLE('',(#11524));
#11524 = SURFACE_STYLE_FILL_AREA(#11525);
#11525 = FILL_AREA_STYLE('',(#11526));
#11526 = FILL_AREA_STYLE_COLOUR('',#11170);
#11527 = CURVE_STYLE('',#11528,POSITIVE_LENGTH_MEASURE(0.1),#11170);
#11528 = DRAUGHTING_PRE_DEFINED_CURVE_FONT('continuous');
#11529 = STYLED_ITEM('color',(#11530),#4335);
#11530 = PRESENTATION_STYLE_ASSIGNMENT((#11531,#11536));
#11531 = SURFACE_STYLE_USAGE(.BOTH.,#11532);
#11532 = SURFACE_SIDE_STYLE('',(#11533));
#11533 = SURFACE_STYLE_FILL_AREA(#11534);
#11534 = FILL_AREA_STYLE('',(#11535));
#11535 = FILL_AREA_STYLE_COLOUR('',#11170);
#11536 = CURVE_STYLE('',#11537,POSITIVE_LENGTH_MEASURE(0.1),#11170);
#11537 = DRAUGHTING_PRE_DEFINED_CURVE_FONT('continuous');
#11538 = STYLED_ITEM('color',(#11539),#4366);
#11539 = PRESENTATION_STYLE_ASSIGNMENT((#11540,#11545));
#11540 = SURFACE_STYLE_USAGE(.BOTH.,#11541);
#11541 = SURFACE_SIDE_STYLE('',(#11542));
#11542 = SURFACE_STYLE_FILL_AREA(#11543);
#11543 = FILL_AREA_STYLE('',(#11544));
#11544 = FILL_AREA_STYLE_COLOUR('',#11170);
#11545 = CURVE_STYLE('',#11546,POSITIVE_LENGTH_MEASURE(0.1),#11170);
#11546 = DRAUGHTING_PRE_DEFINED_CURVE_FONT('continuous');
#11547 = STYLED_ITEM('color',(#11548),#4390);
#11548 = PRESENTATION_STYLE_ASSIGNMENT((#11549,#11554));
#11549 = SURFACE_STYLE_USAGE(.BOTH.,#11550);
#11550 = SURFACE_SIDE_STYLE('',(#11551));
#11551 = SURFACE_STYLE_FILL_AREA(#11552);
#11552 = FILL_AREA_STYLE('',(#11553));
#11553 = FILL_AREA_STYLE_COLOUR('',#11170);
#11554 = CURVE_STYLE('',#11555,POSITIVE_LENGTH_MEASURE(0.1),#11170);
#11555 = DRAUGHTING_PRE_DEFINED_CURVE_FONT('continuous');
#11556 = STYLED_ITEM('color',(#11557),#4414);
#11557 = PRESENTATION_STYLE_ASSIGNMENT((#11558,#11563));
#11558 = SURFACE_STYLE_USAGE(.BOTH.,#11559);
#11559 = SURFACE_SIDE_STYLE('',(#11560));
#11560 = SURFACE_STYLE_FILL_AREA(#11561);
#11561 = FILL_AREA_STYLE('',(#11562));
#11562 = FILL_AREA_STYLE_COLOUR('',#11170);
#11563 = CURVE_STYLE('',#11564,POSITIVE_LENGTH_MEASURE(0.1),#11170);
#11564 = DRAUGHTING_PRE_DEFINED_CURVE_FONT('continuous');
#11565 = STYLED_ITEM('color',(#11566),#4431);
#11566 = PRESENTATION_STYLE_ASSIGNMENT((#11567,#11572));
#11567 = SURFACE_STYLE_USAGE(.BOTH.,#11568);
#11568 = SURFACE_SIDE_STYLE('',(#11569));
#11569 = SURFACE_STYLE_FILL_AREA(#11570);
#11570 = FILL_AREA_STYLE('',(#11571));
#11571 = FILL_AREA_STYLE_COLOUR('',#11170);
#11572 = CURVE_STYLE('',#11573,POSITIVE_LENGTH_MEASURE(0.1),#11170);
#11573 = DRAUGHTING_PRE_DEFINED_CURVE_FONT('continuous');
#11574 = STYLED_ITEM('color',(#11575),#4462);
#11575 = PRESENTATION_STYLE_ASSIGNMENT((#11576,#11581));
#11576 = SURFACE_STYLE_USAGE(.BOTH.,#11577);
#11577 = SURFACE_SIDE_STYLE('',(#11578));
#11578 = SURFACE_STYLE_FILL_AREA(#11579);
#11579 = FILL_AREA_STYLE('',(#11580));
#11580 = FILL_AREA_STYLE_COLOUR('',#11170);
#11581 = CURVE_STYLE('',#11582,POSITIVE_LENGTH_MEASURE(0.1),#11170);
#11582 = DRAUGHTING_PRE_DEFINED_CURVE_FONT('continuous');
#11583 = STYLED_ITEM('color',(#11584),#4486);
#11584 = PRESENTATION_STYLE_ASSIGNMENT((#11585,#11590));
#11585 = SURFACE_STYLE_USAGE(.BOTH.,#11586);
#11586 = SURFACE_SIDE_STYLE('',(#11587));
#11587 = SURFACE_STYLE_FILL_AREA(#11588);
#11588 = FILL_AREA_STYLE('',(#11589));
#11589 = FILL_AREA_STYLE_COLOUR('',#11170);
#11590 = CURVE_STYLE('',#11591,POSITIVE_LENGTH_MEASURE(0.1),#11170);
#11591 = DRAUGHTING_PRE_DEFINED_CURVE_FONT('continuous');
#11592 = STYLED_ITEM('color',(#11593),#4510);
#11593 = PRESENTATION_STYLE_ASSIGNMENT((#11594,#11599));
#11594 = SURFACE_STYLE_USAGE(.BOTH.,#11595);
#11595 = SURFACE_SIDE_STYLE('',(#11596));
#11596 = SURFACE_STYLE_FILL_AREA(#11597);
#11597 = FILL_AREA_STYLE('',(#11598));
#11598 = FILL_AREA_STYLE_COLOUR('',#11170);
#11599 = CURVE_STYLE('',#11600,POSITIVE_LENGTH_MEASURE(0.1),#11170);
#11600 = DRAUGHTING_PRE_DEFINED_CURVE_FONT('continuous');
#11601 = STYLED_ITEM('color',(#11602),#4527);
#11602 = PRESENTATION_STYLE_ASSIGNMENT((#11603,#11608));
#11603 = SURFACE_STYLE_USAGE(.BOTH.,#11604);
#11604 = SURFACE_SIDE_STYLE('',(#11605));
#11605 = SURFACE_STYLE_FILL_AREA(#11606);
#11606 = FILL_AREA_STYLE('',(#11607));
#11607 = FILL_AREA_STYLE_COLOUR('',#11170);
#11608 = CURVE_STYLE('',#11609,POSITIVE_LENGTH_MEASURE(0.1),#11170);
#11609 = DRAUGHTING_PRE_DEFINED_CURVE_FONT('continuous');
#11610 = STYLED_ITEM('color',(#11611),#4558);
#11611 = PRESENTATION_STYLE_ASSIGNMENT((#11612,#11617));
#11612 = SURFACE_STYLE_USAGE(.BOTH.,#11613);
#11613 = SURFACE_SIDE_STYLE('',(#11614));
#11614 = SURFACE_STYLE_FILL_AREA(#11615);
#11615 = FILL_AREA_STYLE('',(#11616));
#11616 = FILL_AREA_STYLE_COLOUR('',#11170);
#11617 = CURVE_STYLE('',#11618,POSITIVE_LENGTH_MEASURE(0.1),#11170);
#11618 = DRAUGHTING_PRE_DEFINED_CURVE_FONT('continuous');
#11619 = STYLED_ITEM('color',(#11620),#4582);
#11620 = PRESENTATION_STYLE_ASSIGNMENT((#11621,#11626));
#11621 = SURFACE_STYLE_USAGE(.BOTH.,#11622);
#11622 = SURFACE_SIDE_STYLE('',(#11623));
#11623 = SURFACE_STYLE_FILL_AREA(#11624);
#11624 = FILL_AREA_STYLE('',(#11625));
#11625 = FILL_AREA_STYLE_COLOUR('',#11170);
#11626 = CURVE_STYLE('',#11627,POSITIVE_LENGTH_MEASURE(0.1),#11170);
#11627 = DRAUGHTING_PRE_DEFINED_CURVE_FONT('continuous');
#11628 = STYLED_ITEM('color',(#11629),#4606);
#11629 = PRESENTATION_STYLE_ASSIGNMENT((#11630,#11635));
#11630 = SURFACE_STYLE_USAGE(.BOTH.,#11631);
#11631 = SURFACE_SIDE_STYLE('',(#11632));
#11632 = SURFACE_STYLE_FILL_AREA(#11633);
#11633 = FILL_AREA_STYLE('',(#11634));
#11634 = FILL_AREA_STYLE_COLOUR('',#11170);
#11635 = CURVE_STYLE('',#11636,POSITIVE_LENGTH_MEASURE(0.1),#11170);
#11636 = DRAUGHTING_PRE_DEFINED_CURVE_FONT('continuous');
#11637 = STYLED_ITEM('color',(#11638),#4623);
#11638 = PRESENTATION_STYLE_ASSIGNMENT((#11639,#11644));
#11639 = SURFACE_STYLE_USAGE(.BOTH.,#11640);
#11640 = SURFACE_SIDE_STYLE('',(#11641));
#11641 = SURFACE_STYLE_FILL_AREA(#11642);
#11642 = FILL_AREA_STYLE('',(#11643));
#11643 = FILL_AREA_STYLE_COLOUR('',#11170);
#11644 = CURVE_STYLE('',#11645,POSITIVE_LENGTH_MEASURE(0.1),#11170);
#11645 = DRAUGHTING_PRE_DEFINED_CURVE_FONT('continuous');
#11646 = STYLED_ITEM('color',(#11647),#4654);
#11647 = PRESENTATION_STYLE_ASSIGNMENT((#11648,#11653));
#11648 = SURFACE_STYLE_USAGE(.BOTH.,#11649);
#11649 = SURFACE_SIDE_STYLE('',(#11650));
#11650 = SURFACE_STYLE_FILL_AREA(#11651);
#11651 = FILL_AREA_STYLE('',(#11652));
#11652 = FILL_AREA_STYLE_COLOUR('',#11170);
#11653 = CURVE_STYLE('',#11654,POSITIVE_LENGTH_MEASURE(0.1),#11170);
#11654 = DRAUGHTING_PRE_DEFINED_CURVE_FONT('continuous');
#11655 = STYLED_ITEM('color',(#11656),#4678);
#11656 = PRESENTATION_STYLE_ASSIGNMENT((#11657,#11662));
#11657 = SURFACE_STYLE_USAGE(.BOTH.,#11658);
#11658 = SURFACE_SIDE_STYLE('',(#11659));
#11659 = SURFACE_STYLE_FILL_AREA(#11660);
#11660 = FILL_AREA_STYLE('',(#11661));
#11661 = FILL_AREA_STYLE_COLOUR('',#11170);
#11662 = CURVE_STYLE('',#11663,POSITIVE_LENGTH_MEASURE(0.1),#11170);
#11663 = DRAUGHTING_PRE_DEFINED_CURVE_FONT('continuous');
#11664 = STYLED_ITEM('color',(#11665),#4702);
#11665 = PRESENTATION_STYLE_ASSIGNMENT((#11666,#11671));
#11666 = SURFACE_STYLE_USAGE(.BOTH.,#11667);
#11667 = SURFACE_SIDE_STYLE('',(#11668));
#11668 = SURFACE_STYLE_FILL_AREA(#11669);
#11669 = FILL_AREA_STYLE('',(#11670));
#11670 = FILL_AREA_STYLE_COLOUR('',#11170);
#11671 = CURVE_STYLE('',#11672,POSITIVE_LENGTH_MEASURE(0.1),#11170);
#11672 = DRAUGHTING_PRE_DEFINED_CURVE_FONT('continuous');
#11673 = STYLED_ITEM('color',(#11674),#4719);
#11674 = PRESENTATION_STYLE_ASSIGNMENT((#11675,#11680));
#11675 = SURFACE_STYLE_USAGE(.BOTH.,#11676);
#11676 = SURFACE_SIDE_STYLE('',(#11677));
#11677 = SURFACE_STYLE_FILL_AREA(#11678);
#11678 = FILL_AREA_STYLE('',(#11679));
#11679 = FILL_AREA_STYLE_COLOUR('',#11170);
#11680 = CURVE_STYLE('',#11681,POSITIVE_LENGTH_MEASURE(0.1),#11170);
#11681 = DRAUGHTING_PRE_DEFINED_CURVE_FONT('continuous');
#11682 = STYLED_ITEM('color',(#11683),#4750);
#11683 = PRESENTATION_STYLE_ASSIGNMENT((#11684,#11689));
#11684 = SURFACE_STYLE_USAGE(.BOTH.,#11685);
#11685 = SURFACE_SIDE_STYLE('',(#11686));
#11686 = SURFACE_STYLE_FILL_AREA(#11687);
#11687 = FILL_AREA_STYLE('',(#11688));
#11688 = FILL_AREA_STYLE_COLOUR('',#11170);
#11689 = CURVE_STYLE('',#11690,POSITIVE_LENGTH_MEASURE(0.1),#11170);
#11690 = DRAUGHTING_PRE_DEFINED_CURVE_FONT('continuous');
#11691 = STYLED_ITEM('color',(#11692),#4774);
#11692 = PRESENTATION_STYLE_ASSIGNMENT((#11693,#11698));
#11693 = SURFACE_STYLE_USAGE(.BOTH.,#11694);
#11694 = SURFACE_SIDE_STYLE('',(#11695));
#11695 = SURFACE_STYLE_FILL_AREA(#11696);
#11696 = FILL_AREA_STYLE('',(#11697));
#11697 = FILL_AREA_STYLE_COLOUR('',#11170);
#11698 = CURVE_STYLE('',#11699,POSITIVE_LENGTH_MEASURE(0.1),#11170);
#11699 = DRAUGHTING_PRE_DEFINED_CURVE_FONT('continuous');
#11700 = STYLED_ITEM('color',(#11701),#4798);
#11701 = PRESENTATION_STYLE_ASSIGNMENT((#11702,#11707));
#11702 = SURFACE_STYLE_USAGE(.BOTH.,#11703);
#11703 = SURFACE_SIDE_STYLE('',(#11704));
#11704 = SURFACE_STYLE_FILL_AREA(#11705);
#11705 = FILL_AREA_STYLE('',(#11706));
#11706 = FILL_AREA_STYLE_COLOUR('',#11170);
#11707 = CURVE_STYLE('',#11708,POSITIVE_LENGTH_MEASURE(0.1),#11170);
#11708 = DRAUGHTING_PRE_DEFINED_CURVE_FONT('continuous');
#11709 = STYLED_ITEM('color',(#11710),#4815);
#11710 = PRESENTATION_STYLE_ASSIGNMENT((#11711,#11716));
#11711 = SURFACE_STYLE_USAGE(.BOTH.,#11712);
#11712 = SURFACE_SIDE_STYLE('',(#11713));
#11713 = SURFACE_STYLE_FILL_AREA(#11714);
#11714 = FILL_AREA_STYLE('',(#11715));
#11715 = FILL_AREA_STYLE_COLOUR('',#11170);
#11716 = CURVE_STYLE('',#11717,POSITIVE_LENGTH_MEASURE(0.1),#11170);
#11717 = DRAUGHTING_PRE_DEFINED_CURVE_FONT('continuous');
#11718 = STYLED_ITEM('color',(#11719),#4846);
#11719 = PRESENTATION_STYLE_ASSIGNMENT((#11720,#11725));
#11720 = SURFACE_STYLE_USAGE(.BOTH.,#11721);
#11721 = SURFACE_SIDE_STYLE('',(#11722));
#11722 = SURFACE_STYLE_FILL_AREA(#11723);
#11723 = FILL_AREA_STYLE('',(#11724));
#11724 = FILL_AREA_STYLE_COLOUR('',#11170);
#11725 = CURVE_STYLE('',#11726,POSITIVE_LENGTH_MEASURE(0.1),#11170);
#11726 = DRAUGHTING_PRE_DEFINED_CURVE_FONT('continuous');
#11727 = STYLED_ITEM('color',(#11728),#4870);
#11728 = PRESENTATION_STYLE_ASSIGNMENT((#11729,#11734));
#11729 = SURFACE_STYLE_USAGE(.BOTH.,#11730);
#11730 = SURFACE_SIDE_STYLE('',(#11731));
#11731 = SURFACE_STYLE_FILL_AREA(#11732);
#11732 = FILL_AREA_STYLE('',(#11733));
#11733 = FILL_AREA_STYLE_COLOUR('',#11170);
#11734 = CURVE_STYLE('',#11735,POSITIVE_LENGTH_MEASURE(0.1),#11170);
#11735 = DRAUGHTING_PRE_DEFINED_CURVE_FONT('continuous');
#11736 = STYLED_ITEM('color',(#11737),#4894);
#11737 = PRESENTATION_STYLE_ASSIGNMENT((#11738,#11743));
#11738 = SURFACE_STYLE_USAGE(.BOTH.,#11739);
#11739 = SURFACE_SIDE_STYLE('',(#11740));
#11740 = SURFACE_STYLE_FILL_AREA(#11741);
#11741 = FILL_AREA_STYLE('',(#11742));
#11742 = FILL_AREA_STYLE_COLOUR('',#11170);
#11743 = CURVE_STYLE('',#11744,POSITIVE_LENGTH_MEASURE(0.1),#11170);
#11744 = DRAUGHTING_PRE_DEFINED_CURVE_FONT('continuous');
#11745 = STYLED_ITEM('color',(#11746),#4911);
#11746 = PRESENTATION_STYLE_ASSIGNMENT((#11747,#11752));
#11747 = SURFACE_STYLE_USAGE(.BOTH.,#11748);
#11748 = SURFACE_SIDE_STYLE('',(#11749));
#11749 = SURFACE_STYLE_FILL_AREA(#11750);
#11750 = FILL_AREA_STYLE('',(#11751));
#11751 = FILL_AREA_STYLE_COLOUR('',#11170);
#11752 = CURVE_STYLE('',#11753,POSITIVE_LENGTH_MEASURE(0.1),#11170);
#11753 = DRAUGHTING_PRE_DEFINED_CURVE_FONT('continuous');
#11754 = STYLED_ITEM('color',(#11755),#4942);
#11755 = PRESENTATION_STYLE_ASSIGNMENT((#11756,#11761));
#11756 = SURFACE_STYLE_USAGE(.BOTH.,#11757);
#11757 = SURFACE_SIDE_STYLE('',(#11758));
#11758 = SURFACE_STYLE_FILL_AREA(#11759);
#11759 = FILL_AREA_STYLE('',(#11760));
#11760 = FILL_AREA_STYLE_COLOUR('',#11170);
#11761 = CURVE_STYLE('',#11762,POSITIVE_LENGTH_MEASURE(0.1),#11170);
#11762 = DRAUGHTING_PRE_DEFINED_CURVE_FONT('continuous');
#11763 = STYLED_ITEM('color',(#11764),#4966);
#11764 = PRESENTATION_STYLE_ASSIGNMENT((#11765,#11770));
#11765 = SURFACE_STYLE_USAGE(.BOTH.,#11766);
#11766 = SURFACE_SIDE_STYLE('',(#11767));
#11767 = SURFACE_STYLE_FILL_AREA(#11768);
#11768 = FILL_AREA_STYLE('',(#11769));
#11769 = FILL_AREA_STYLE_COLOUR('',#11170);
#11770 = CURVE_STYLE('',#11771,POSITIVE_LENGTH_MEASURE(0.1),#11170);
#11771 = DRAUGHTING_PRE_DEFINED_CURVE_FONT('continuous');
#11772 = STYLED_ITEM('color',(#11773),#4990);
#11773 = PRESENTATION_STYLE_ASSIGNMENT((#11774,#11779));
#11774 = SURFACE_STYLE_USAGE(.BOTH.,#11775);
#11775 = SURFACE_SIDE_STYLE('',(#11776));
#11776 = SURFACE_STYLE_FILL_AREA(#11777);
#11777 = FILL_AREA_STYLE('',(#11778));
#11778 = FILL_AREA_STYLE_COLOUR('',#11170);
#11779 = CURVE_STYLE('',#11780,POSITIVE_LENGTH_MEASURE(0.1),#11170);
#11780 = DRAUGHTING_PRE_DEFINED_CURVE_FONT('continuous');
#11781 = STYLED_ITEM('color',(#11782),#5007);
#11782 = PRESENTATION_STYLE_ASSIGNMENT((#11783,#11788));
#11783 = SURFACE_STYLE_USAGE(.BOTH.,#11784);
#11784 = SURFACE_SIDE_STYLE('',(#11785));
#11785 = SURFACE_STYLE_FILL_AREA(#11786);
#11786 = FILL_AREA_STYLE('',(#11787));
#11787 = FILL_AREA_STYLE_COLOUR('',#11337);
#11788 = CURVE_STYLE('',#11789,POSITIVE_LENGTH_MEASURE(0.1),#11337);
#11789 = DRAUGHTING_PRE_DEFINED_CURVE_FONT('continuous');
#11790 = STYLED_ITEM('color',(#11791),#5024);
#11791 = PRESENTATION_STYLE_ASSIGNMENT((#11792,#11797));
#11792 = SURFACE_STYLE_USAGE(.BOTH.,#11793);
#11793 = SURFACE_SIDE_STYLE('',(#11794));
#11794 = SURFACE_STYLE_FILL_AREA(#11795);
#11795 = FILL_AREA_STYLE('',(#11796));
#11796 = FILL_AREA_STYLE_COLOUR('',#11337);
#11797 = CURVE_STYLE('',#11798,POSITIVE_LENGTH_MEASURE(0.1),#11337);
#11798 = DRAUGHTING_PRE_DEFINED_CURVE_FONT('continuous');
#11799 = STYLED_ITEM('color',(#11800),#5071);
#11800 = PRESENTATION_STYLE_ASSIGNMENT((#11801,#11806));
#11801 = SURFACE_STYLE_USAGE(.BOTH.,#11802);
#11802 = SURFACE_SIDE_STYLE('',(#11803));
#11803 = SURFACE_STYLE_FILL_AREA(#11804);
#11804 = FILL_AREA_STYLE('',(#11805));
#11805 = FILL_AREA_STYLE_COLOUR('',#11337);
#11806 = CURVE_STYLE('',#11807,POSITIVE_LENGTH_MEASURE(0.1),#11337);
#11807 = DRAUGHTING_PRE_DEFINED_CURVE_FONT('continuous');
#11808 = STYLED_ITEM('color',(#11809),#5088);
#11809 = PRESENTATION_STYLE_ASSIGNMENT((#11810,#11815));
#11810 = SURFACE_STYLE_USAGE(.BOTH.,#11811);
#11811 = SURFACE_SIDE_STYLE('',(#11812));
#11812 = SURFACE_STYLE_FILL_AREA(#11813);
#11813 = FILL_AREA_STYLE('',(#11814));
#11814 = FILL_AREA_STYLE_COLOUR('',#11337);
#11815 = CURVE_STYLE('',#11816,POSITIVE_LENGTH_MEASURE(0.1),#11337);
#11816 = DRAUGHTING_PRE_DEFINED_CURVE_FONT('continuous');
#11817 = STYLED_ITEM('color',(#11818),#5135);
#11818 = PRESENTATION_STYLE_ASSIGNMENT((#11819,#11824));
#11819 = SURFACE_STYLE_USAGE(.BOTH.,#11820);
#11820 = SURFACE_SIDE_STYLE('',(#11821));
#11821 = SURFACE_STYLE_FILL_AREA(#11822);
#11822 = FILL_AREA_STYLE('',(#11823));
#11823 = FILL_AREA_STYLE_COLOUR('',#11337);
#11824 = CURVE_STYLE('',#11825,POSITIVE_LENGTH_MEASURE(0.1),#11337);
#11825 = DRAUGHTING_PRE_DEFINED_CURVE_FONT('continuous');
#11826 = STYLED_ITEM('color',(#11827),#5152);
#11827 = PRESENTATION_STYLE_ASSIGNMENT((#11828,#11833));
#11828 = SURFACE_STYLE_USAGE(.BOTH.,#11829);
#11829 = SURFACE_SIDE_STYLE('',(#11830));
#11830 = SURFACE_STYLE_FILL_AREA(#11831);
#11831 = FILL_AREA_STYLE('',(#11832));
#11832 = FILL_AREA_STYLE_COLOUR('',#11337);
#11833 = CURVE_STYLE('',#11834,POSITIVE_LENGTH_MEASURE(0.1),#11337);
#11834 = DRAUGHTING_PRE_DEFINED_CURVE_FONT('continuous');
#11835 = STYLED_ITEM('color',(#11836),#5199);
#11836 = PRESENTATION_STYLE_ASSIGNMENT((#11837,#11842));
#11837 = SURFACE_STYLE_USAGE(.BOTH.,#11838);
#11838 = SURFACE_SIDE_STYLE('',(#11839));
#11839 = SURFACE_STYLE_FILL_AREA(#11840);
#11840 = FILL_AREA_STYLE('',(#11841));
#11841 = FILL_AREA_STYLE_COLOUR('',#11337);
#11842 = CURVE_STYLE('',#11843,POSITIVE_LENGTH_MEASURE(0.1),#11337);
#11843 = DRAUGHTING_PRE_DEFINED_CURVE_FONT('continuous');
#11844 = STYLED_ITEM('color',(#11845),#5216);
#11845 = PRESENTATION_STYLE_ASSIGNMENT((#11846,#11851));
#11846 = SURFACE_STYLE_USAGE(.BOTH.,#11847);
#11847 = SURFACE_SIDE_STYLE('',(#11848));
#11848 = SURFACE_STYLE_FILL_AREA(#11849);
#11849 = FILL_AREA_STYLE('',(#11850));
#11850 = FILL_AREA_STYLE_COLOUR('',#11337);
#11851 = CURVE_STYLE('',#11852,POSITIVE_LENGTH_MEASURE(0.1),#11337);
#11852 = DRAUGHTING_PRE_DEFINED_CURVE_FONT('continuous');
#11853 = STYLED_ITEM('color',(#11854),#5263);
#11854 = PRESENTATION_STYLE_ASSIGNMENT((#11855,#11860));
#11855 = SURFACE_STYLE_USAGE(.BOTH.,#11856);
#11856 = SURFACE_SIDE_STYLE('',(#11857));
#11857 = SURFACE_STYLE_FILL_AREA(#11858);
#11858 = FILL_AREA_STYLE('',(#11859));
#11859 = FILL_AREA_STYLE_COLOUR('',#11337);
#11860 = CURVE_STYLE('',#11861,POSITIVE_LENGTH_MEASURE(0.1),#11337);
#11861 = DRAUGHTING_PRE_DEFINED_CURVE_FONT('continuous');
#11862 = STYLED_ITEM('color',(#11863),#5280);
#11863 = PRESENTATION_STYLE_ASSIGNMENT((#11864,#11869));
#11864 = SURFACE_STYLE_USAGE(.BOTH.,#11865);
#11865 = SURFACE_SIDE_STYLE('',(#11866));
#11866 = SURFACE_STYLE_FILL_AREA(#11867);
#11867 = FILL_AREA_STYLE('',(#11868));
#11868 = FILL_AREA_STYLE_COLOUR('',#11337);
#11869 = CURVE_STYLE('',#11870,POSITIVE_LENGTH_MEASURE(0.1),#11337);
#11870 = DRAUGHTING_PRE_DEFINED_CURVE_FONT('continuous');
#11871 = STYLED_ITEM('color',(#11872),#5327);
#11872 = PRESENTATION_STYLE_ASSIGNMENT((#11873,#11878));
#11873 = SURFACE_STYLE_USAGE(.BOTH.,#11874);
#11874 = SURFACE_SIDE_STYLE('',(#11875));
#11875 = SURFACE_STYLE_FILL_AREA(#11876);
#11876 = FILL_AREA_STYLE('',(#11877));
#11877 = FILL_AREA_STYLE_COLOUR('',#11337);
#11878 = CURVE_STYLE('',#11879,POSITIVE_LENGTH_MEASURE(0.1),#11337);
#11879 = DRAUGHTING_PRE_DEFINED_CURVE_FONT('continuous');
#11880 = STYLED_ITEM('color',(#11881),#5344);
#11881 = PRESENTATION_STYLE_ASSIGNMENT((#11882,#11887));
#11882 = SURFACE_STYLE_USAGE(.BOTH.,#11883);
#11883 = SURFACE_SIDE_STYLE('',(#11884));
#11884 = SURFACE_STYLE_FILL_AREA(#11885);
#11885 = FILL_AREA_STYLE('',(#11886));
#11886 = FILL_AREA_STYLE_COLOUR('',#11337);
#11887 = CURVE_STYLE('',#11888,POSITIVE_LENGTH_MEASURE(0.1),#11337);
#11888 = DRAUGHTING_PRE_DEFINED_CURVE_FONT('continuous');
#11889 = STYLED_ITEM('color',(#11890),#5391);
#11890 = PRESENTATION_STYLE_ASSIGNMENT((#11891,#11896));
#11891 = SURFACE_STYLE_USAGE(.BOTH.,#11892);
#11892 = SURFACE_SIDE_STYLE('',(#11893));
#11893 = SURFACE_STYLE_FILL_AREA(#11894);
#11894 = FILL_AREA_STYLE('',(#11895));
#11895 = FILL_AREA_STYLE_COLOUR('',#11337);
#11896 = CURVE_STYLE('',#11897,POSITIVE_LENGTH_MEASURE(0.1),#11337);
#11897 = DRAUGHTING_PRE_DEFINED_CURVE_FONT('continuous');
#11898 = STYLED_ITEM('color',(#11899),#5408);
#11899 = PRESENTATION_STYLE_ASSIGNMENT((#11900,#11905));
#11900 = SURFACE_STYLE_USAGE(.BOTH.,#11901);
#11901 = SURFACE_SIDE_STYLE('',(#11902));
#11902 = SURFACE_STYLE_FILL_AREA(#11903);
#11903 = FILL_AREA_STYLE('',(#11904));
#11904 = FILL_AREA_STYLE_COLOUR('',#11337);
#11905 = CURVE_STYLE('',#11906,POSITIVE_LENGTH_MEASURE(0.1),#11337);
#11906 = DRAUGHTING_PRE_DEFINED_CURVE_FONT('continuous');
#11907 = STYLED_ITEM('color',(#11908),#5455);
#11908 = PRESENTATION_STYLE_ASSIGNMENT((#11909,#11914));
#11909 = SURFACE_STYLE_USAGE(.BOTH.,#11910);
#11910 = SURFACE_SIDE_STYLE('',(#11911));
#11911 = SURFACE_STYLE_FILL_AREA(#11912);
#11912 = FILL_AREA_STYLE('',(#11913));
#11913 = FILL_AREA_STYLE_COLOUR('',#11337);
#11914 = CURVE_STYLE('',#11915,POSITIVE_LENGTH_MEASURE(0.1),#11337);
#11915 = DRAUGHTING_PRE_DEFINED_CURVE_FONT('continuous');
#11916 = STYLED_ITEM('color',(#11917),#5472);
#11917 = PRESENTATION_STYLE_ASSIGNMENT((#11918,#11923));
#11918 = SURFACE_STYLE_USAGE(.BOTH.,#11919);
#11919 = SURFACE_SIDE_STYLE('',(#11920));
#11920 = SURFACE_STYLE_FILL_AREA(#11921);
#11921 = FILL_AREA_STYLE('',(#11922));
#11922 = FILL_AREA_STYLE_COLOUR('',#11337);
#11923 = CURVE_STYLE('',#11924,POSITIVE_LENGTH_MEASURE(0.1),#11337);
#11924 = DRAUGHTING_PRE_DEFINED_CURVE_FONT('continuous');
#11925 = STYLED_ITEM('color',(#11926),#5519);
#11926 = PRESENTATION_STYLE_ASSIGNMENT((#11927,#11932));
#11927 = SURFACE_STYLE_USAGE(.BOTH.,#11928);
#11928 = SURFACE_SIDE_STYLE('',(#11929));
#11929 = SURFACE_STYLE_FILL_AREA(#11930);
#11930 = FILL_AREA_STYLE('',(#11931));
#11931 = FILL_AREA_STYLE_COLOUR('',#11337);
#11932 = CURVE_STYLE('',#11933,POSITIVE_LENGTH_MEASURE(0.1),#11337);
#11933 = DRAUGHTING_PRE_DEFINED_CURVE_FONT('continuous');
#11934 = STYLED_ITEM('color',(#11935),#5536);
#11935 = PRESENTATION_STYLE_ASSIGNMENT((#11936,#11941));
#11936 = SURFACE_STYLE_USAGE(.BOTH.,#11937);
#11937 = SURFACE_SIDE_STYLE('',(#11938));
#11938 = SURFACE_STYLE_FILL_AREA(#11939);
#11939 = FILL_AREA_STYLE('',(#11940));
#11940 = FILL_AREA_STYLE_COLOUR('',#11337);
#11941 = CURVE_STYLE('',#11942,POSITIVE_LENGTH_MEASURE(0.1),#11337);
#11942 = DRAUGHTING_PRE_DEFINED_CURVE_FONT('continuous');
#11943 = STYLED_ITEM('color',(#11944),#5583);
#11944 = PRESENTATION_STYLE_ASSIGNMENT((#11945,#11950));
#11945 = SURFACE_STYLE_USAGE(.BOTH.,#11946);
#11946 = SURFACE_SIDE_STYLE('',(#11947));
#11947 = SURFACE_STYLE_FILL_AREA(#11948);
#11948 = FILL_AREA_STYLE('',(#11949));
#11949 = FILL_AREA_STYLE_COLOUR('',#11337);
#11950 = CURVE_STYLE('',#11951,POSITIVE_LENGTH_MEASURE(0.1),#11337);
#11951 = DRAUGHTING_PRE_DEFINED_CURVE_FONT('continuous');
#11952 = STYLED_ITEM('color',(#11953),#5600);
#11953 = PRESENTATION_STYLE_ASSIGNMENT((#11954,#11959));
#11954 = SURFACE_STYLE_USAGE(.BOTH.,#11955);
#11955 = SURFACE_SIDE_STYLE('',(#11956));
#11956 = SURFACE_STYLE_FILL_AREA(#11957);
#11957 = FILL_AREA_STYLE('',(#11958));
#11958 = FILL_AREA_STYLE_COLOUR('',#11337);
#11959 = CURVE_STYLE('',#11960,POSITIVE_LENGTH_MEASURE(0.1),#11337);
#11960 = DRAUGHTING_PRE_DEFINED_CURVE_FONT('continuous');
#11961 = STYLED_ITEM('color',(#11962),#5647);
#11962 = PRESENTATION_STYLE_ASSIGNMENT((#11963,#11968));
#11963 = SURFACE_STYLE_USAGE(.BOTH.,#11964);
#11964 = SURFACE_SIDE_STYLE('',(#11965));
#11965 = SURFACE_STYLE_FILL_AREA(#11966);
#11966 = FILL_AREA_STYLE('',(#11967));
#11967 = FILL_AREA_STYLE_COLOUR('',#11337);
#11968 = CURVE_STYLE('',#11969,POSITIVE_LENGTH_MEASURE(0.1),#11337);
#11969 = DRAUGHTING_PRE_DEFINED_CURVE_FONT('continuous');
#11970 = STYLED_ITEM('color',(#11971),#5664);
#11971 = PRESENTATION_STYLE_ASSIGNMENT((#11972,#11977));
#11972 = SURFACE_STYLE_USAGE(.BOTH.,#11973);
#11973 = SURFACE_SIDE_STYLE('',(#11974));
#11974 = SURFACE_STYLE_FILL_AREA(#11975);
#11975 = FILL_AREA_STYLE('',(#11976));
#11976 = FILL_AREA_STYLE_COLOUR('',#11337);
#11977 = CURVE_STYLE('',#11978,POSITIVE_LENGTH_MEASURE(0.1),#11337);
#11978 = DRAUGHTING_PRE_DEFINED_CURVE_FONT('continuous');
#11979 = STYLED_ITEM('color',(#11980),#5711);
#11980 = PRESENTATION_STYLE_ASSIGNMENT((#11981,#11986));
#11981 = SURFACE_STYLE_USAGE(.BOTH.,#11982);
#11982 = SURFACE_SIDE_STYLE('',(#11983));
#11983 = SURFACE_STYLE_FILL_AREA(#11984);
#11984 = FILL_AREA_STYLE('',(#11985));
#11985 = FILL_AREA_STYLE_COLOUR('',#11337);
#11986 = CURVE_STYLE('',#11987,POSITIVE_LENGTH_MEASURE(0.1),#11337);
#11987 = DRAUGHTING_PRE_DEFINED_CURVE_FONT('continuous');
#11988 = STYLED_ITEM('color',(#11989),#5728);
#11989 = PRESENTATION_STYLE_ASSIGNMENT((#11990,#11995));
#11990 = SURFACE_STYLE_USAGE(.BOTH.,#11991);
#11991 = SURFACE_SIDE_STYLE('',(#11992));
#11992 = SURFACE_STYLE_FILL_AREA(#11993);
#11993 = FILL_AREA_STYLE('',(#11994));
#11994 = FILL_AREA_STYLE_COLOUR('',#11337);
#11995 = CURVE_STYLE('',#11996,POSITIVE_LENGTH_MEASURE(0.1),#11337);
#11996 = DRAUGHTING_PRE_DEFINED_CURVE_FONT('continuous');
#11997 = STYLED_ITEM('color',(#11998),#5775);
#11998 = PRESENTATION_STYLE_ASSIGNMENT((#11999,#12004));
#11999 = SURFACE_STYLE_USAGE(.BOTH.,#12000);
#12000 = SURFACE_SIDE_STYLE('',(#12001));
#12001 = SURFACE_STYLE_FILL_AREA(#12002);
#12002 = FILL_AREA_STYLE('',(#12003));
#12003 = FILL_AREA_STYLE_COLOUR('',#11337);
#12004 = CURVE_STYLE('',#12005,POSITIVE_LENGTH_MEASURE(0.1),#11337);
#12005 = DRAUGHTING_PRE_DEFINED_CURVE_FONT('continuous');
#12006 = STYLED_ITEM('color',(#12007),#5792);
#12007 = PRESENTATION_STYLE_ASSIGNMENT((#12008,#12013));
#12008 = SURFACE_STYLE_USAGE(.BOTH.,#12009);
#12009 = SURFACE_SIDE_STYLE('',(#12010));
#12010 = SURFACE_STYLE_FILL_AREA(#12011);
#12011 = FILL_AREA_STYLE('',(#12012));
#12012 = FILL_AREA_STYLE_COLOUR('',#11337);
#12013 = CURVE_STYLE('',#12014,POSITIVE_LENGTH_MEASURE(0.1),#11337);
#12014 = DRAUGHTING_PRE_DEFINED_CURVE_FONT('continuous');
#12015 = STYLED_ITEM('color',(#12016),#5839);
#12016 = PRESENTATION_STYLE_ASSIGNMENT((#12017,#12022));
#12017 = SURFACE_STYLE_USAGE(.BOTH.,#12018);
#12018 = SURFACE_SIDE_STYLE('',(#12019));
#12019 = SURFACE_STYLE_FILL_AREA(#12020);
#12020 = FILL_AREA_STYLE('',(#12021));
#12021 = FILL_AREA_STYLE_COLOUR('',#11337);
#12022 = CURVE_STYLE('',#12023,POSITIVE_LENGTH_MEASURE(0.1),#11337);
#12023 = DRAUGHTING_PRE_DEFINED_CURVE_FONT('continuous');
#12024 = STYLED_ITEM('color',(#12025),#5856);
#12025 = PRESENTATION_STYLE_ASSIGNMENT((#12026,#12031));
#12026 = SURFACE_STYLE_USAGE(.BOTH.,#12027);
#12027 = SURFACE_SIDE_STYLE('',(#12028));
#12028 = SURFACE_STYLE_FILL_AREA(#12029);
#12029 = FILL_AREA_STYLE('',(#12030));
#12030 = FILL_AREA_STYLE_COLOUR('',#11337);
#12031 = CURVE_STYLE('',#12032,POSITIVE_LENGTH_MEASURE(0.1),#11337);
#12032 = DRAUGHTING_PRE_DEFINED_CURVE_FONT('continuous');
#12033 = STYLED_ITEM('color',(#12034),#5903);
#12034 = PRESENTATION_STYLE_ASSIGNMENT((#12035,#12040));
#12035 = SURFACE_STYLE_USAGE(.BOTH.,#12036);
#12036 = SURFACE_SIDE_STYLE('',(#12037));
#12037 = SURFACE_STYLE_FILL_AREA(#12038);
#12038 = FILL_AREA_STYLE('',(#12039));
#12039 = FILL_AREA_STYLE_COLOUR('',#11337);
#12040 = CURVE_STYLE('',#12041,POSITIVE_LENGTH_MEASURE(0.1),#11337);
#12041 = DRAUGHTING_PRE_DEFINED_CURVE_FONT('continuous');
#12042 = STYLED_ITEM('color',(#12043),#5920);
#12043 = PRESENTATION_STYLE_ASSIGNMENT((#12044,#12049));
#12044 = SURFACE_STYLE_USAGE(.BOTH.,#12045);
#12045 = SURFACE_SIDE_STYLE('',(#12046));
#12046 = SURFACE_STYLE_FILL_AREA(#12047);
#12047 = FILL_AREA_STYLE('',(#12048));
#12048 = FILL_AREA_STYLE_COLOUR('',#11337);
#12049 = CURVE_STYLE('',#12050,POSITIVE_LENGTH_MEASURE(0.1),#11337);
#12050 = DRAUGHTING_PRE_DEFINED_CURVE_FONT('continuous');
#12051 = STYLED_ITEM('color',(#12052),#5967);
#12052 = PRESENTATION_STYLE_ASSIGNMENT((#12053,#12058));
#12053 = SURFACE_STYLE_USAGE(.BOTH.,#12054);
#12054 = SURFACE_SIDE_STYLE('',(#12055));
#12055 = SURFACE_STYLE_FILL_AREA(#12056);
#12056 = FILL_AREA_STYLE('',(#12057));
#12057 = FILL_AREA_STYLE_COLOUR('',#11337);
#12058 = CURVE_STYLE('',#12059,POSITIVE_LENGTH_MEASURE(0.1),#11337);
#12059 = DRAUGHTING_PRE_DEFINED_CURVE_FONT('continuous');
#12060 = STYLED_ITEM('color',(#12061),#5984);
#12061 = PRESENTATION_STYLE_ASSIGNMENT((#12062,#12067));
#12062 = SURFACE_STYLE_USAGE(.BOTH.,#12063);
#12063 = SURFACE_SIDE_STYLE('',(#12064));
#12064 = SURFACE_STYLE_FILL_AREA(#12065);
#12065 = FILL_AREA_STYLE('',(#12066));
#12066 = FILL_AREA_STYLE_COLOUR('',#11337);
#12067 = CURVE_STYLE('',#12068,POSITIVE_LENGTH_MEASURE(0.1),#11337);
#12068 = DRAUGHTING_PRE_DEFINED_CURVE_FONT('continuous');
#12069 = STYLED_ITEM('color',(#12070),#6031);
#12070 = PRESENTATION_STYLE_ASSIGNMENT((#12071,#12076));
#12071 = SURFACE_STYLE_USAGE(.BOTH.,#12072);
#12072 = SURFACE_SIDE_STYLE('',(#12073));
#12073 = SURFACE_STYLE_FILL_AREA(#12074);
#12074 = FILL_AREA_STYLE('',(#12075));
#12075 = FILL_AREA_STYLE_COLOUR('',#11170);
#12076 = CURVE_STYLE('',#12077,POSITIVE_LENGTH_MEASURE(0.1),#11170);
#12077 = DRAUGHTING_PRE_DEFINED_CURVE_FONT('continuous');
#12078 = STYLED_ITEM('color',(#12079),#6062);
#12079 = PRESENTATION_STYLE_ASSIGNMENT((#12080,#12085));
#12080 = SURFACE_STYLE_USAGE(.BOTH.,#12081);
#12081 = SURFACE_SIDE_STYLE('',(#12082));
#12082 = SURFACE_STYLE_FILL_AREA(#12083);
#12083 = FILL_AREA_STYLE('',(#12084));
#12084 = FILL_AREA_STYLE_COLOUR('',#11170);
#12085 = CURVE_STYLE('',#12086,POSITIVE_LENGTH_MEASURE(0.1),#11170);
#12086 = DRAUGHTING_PRE_DEFINED_CURVE_FONT('continuous');
#12087 = OVER_RIDING_STYLED_ITEM('overriding color',(#12088),#6076,
  #12078);
#12088 = PRESENTATION_STYLE_ASSIGNMENT((#12089,#12094));
#12089 = SURFACE_STYLE_USAGE(.BOTH.,#12090);
#12090 = SURFACE_SIDE_STYLE('',(#12091));
#12091 = SURFACE_STYLE_FILL_AREA(#12092);
#12092 = FILL_AREA_STYLE('',(#12093));
#12093 = FILL_AREA_STYLE_COLOUR('',#11337);
#12094 = CURVE_STYLE('',#12095,POSITIVE_LENGTH_MEASURE(0.1),#11337);
#12095 = DRAUGHTING_PRE_DEFINED_CURVE_FONT('continuous');
#12096 = OVER_RIDING_STYLED_ITEM('overriding color',(#12097),#6092,
  #12078);
#12097 = PRESENTATION_STYLE_ASSIGNMENT((#12098,#12103));
#12098 = SURFACE_STYLE_USAGE(.BOTH.,#12099);
#12099 = SURFACE_SIDE_STYLE('',(#12100));
#12100 = SURFACE_STYLE_FILL_AREA(#12101);
#12101 = FILL_AREA_STYLE('',(#12102));
#12102 = FILL_AREA_STYLE_COLOUR('',#11337);
#12103 = CURVE_STYLE('',#12104,POSITIVE_LENGTH_MEASURE(0.1),#11337);
#12104 = DRAUGHTING_PRE_DEFINED_CURVE_FONT('continuous');
#12105 = STYLED_ITEM('color',(#12106),#6118);
#12106 = PRESENTATION_STYLE_ASSIGNMENT((#12107,#12112));
#12107 = SURFACE_STYLE_USAGE(.BOTH.,#12108);
#12108 = SURFACE_SIDE_STYLE('',(#12109));
#12109 = SURFACE_STYLE_FILL_AREA(#12110);
#12110 = FILL_AREA_STYLE('',(#12111));
#12111 = FILL_AREA_STYLE_COLOUR('',#11170);
#12112 = CURVE_STYLE('',#12113,POSITIVE_LENGTH_MEASURE(0.1),#11170);
#12113 = DRAUGHTING_PRE_DEFINED_CURVE_FONT('continuous');
#12114 = STYLED_ITEM('color',(#12115),#6142);
#12115 = PRESENTATION_STYLE_ASSIGNMENT((#12116,#12121));
#12116 = SURFACE_STYLE_USAGE(.BOTH.,#12117);
#12117 = SURFACE_SIDE_STYLE('',(#12118));
#12118 = SURFACE_STYLE_FILL_AREA(#12119);
#12119 = FILL_AREA_STYLE('',(#12120));
#12120 = FILL_AREA_STYLE_COLOUR('',#11170);
#12121 = CURVE_STYLE('',#12122,POSITIVE_LENGTH_MEASURE(0.1),#11170);
#12122 = DRAUGHTING_PRE_DEFINED_CURVE_FONT('continuous');
#12123 = OVER_RIDING_STYLED_ITEM('overriding color',(#12124),#6156,
  #12114);
#12124 = PRESENTATION_STYLE_ASSIGNMENT((#12125,#12130));
#12125 = SURFACE_STYLE_USAGE(.BOTH.,#12126);
#12126 = SURFACE_SIDE_STYLE('',(#12127));
#12127 = SURFACE_STYLE_FILL_AREA(#12128);
#12128 = FILL_AREA_STYLE('',(#12129));
#12129 = FILL_AREA_STYLE_COLOUR('',#11337);
#12130 = CURVE_STYLE('',#12131,POSITIVE_LENGTH_MEASURE(0.1),#11337);
#12131 = DRAUGHTING_PRE_DEFINED_CURVE_FONT('continuous');
#12132 = OVER_RIDING_STYLED_ITEM('overriding color',(#12133),#6172,
  #12114);
#12133 = PRESENTATION_STYLE_ASSIGNMENT((#12134,#12139));
#12134 = SURFACE_STYLE_USAGE(.BOTH.,#12135);
#12135 = SURFACE_SIDE_STYLE('',(#12136));
#12136 = SURFACE_STYLE_FILL_AREA(#12137);
#12137 = FILL_AREA_STYLE('',(#12138));
#12138 = FILL_AREA_STYLE_COLOUR('',#11337);
#12139 = CURVE_STYLE('',#12140,POSITIVE_LENGTH_MEASURE(0.1),#11337);
#12140 = DRAUGHTING_PRE_DEFINED_CURVE_FONT('continuous');
#12141 = STYLED_ITEM('color',(#12142),#6191);
#12142 = PRESENTATION_STYLE_ASSIGNMENT((#12143,#12148));
#12143 = SURFACE_STYLE_USAGE(.BOTH.,#12144);
#12144 = SURFACE_SIDE_STYLE('',(#12145));
#12145 = SURFACE_STYLE_FILL_AREA(#12146);
#12146 = FILL_AREA_STYLE('',(#12147));
#12147 = FILL_AREA_STYLE_COLOUR('',#11170);
#12148 = CURVE_STYLE('',#12149,POSITIVE_LENGTH_MEASURE(0.1),#11170);
#12149 = DRAUGHTING_PRE_DEFINED_CURVE_FONT('continuous');
#12150 = STYLED_ITEM('color',(#12151),#6222);
#12151 = PRESENTATION_STYLE_ASSIGNMENT((#12152,#12157));
#12152 = SURFACE_STYLE_USAGE(.BOTH.,#12153);
#12153 = SURFACE_SIDE_STYLE('',(#12154));
#12154 = SURFACE_STYLE_FILL_AREA(#12155);
#12155 = FILL_AREA_STYLE('',(#12156));
#12156 = FILL_AREA_STYLE_COLOUR('',#11170);
#12157 = CURVE_STYLE('',#12158,POSITIVE_LENGTH_MEASURE(0.1),#11170);
#12158 = DRAUGHTING_PRE_DEFINED_CURVE_FONT('continuous');
#12159 = OVER_RIDING_STYLED_ITEM('overriding color',(#12160),#6236,
  #12150);
#12160 = PRESENTATION_STYLE_ASSIGNMENT((#12161,#12166));
#12161 = SURFACE_STYLE_USAGE(.BOTH.,#12162);
#12162 = SURFACE_SIDE_STYLE('',(#12163));
#12163 = SURFACE_STYLE_FILL_AREA(#12164);
#12164 = FILL_AREA_STYLE('',(#12165));
#12165 = FILL_AREA_STYLE_COLOUR('',#11337);
#12166 = CURVE_STYLE('',#12167,POSITIVE_LENGTH_MEASURE(0.1),#11337);
#12167 = DRAUGHTING_PRE_DEFINED_CURVE_FONT('continuous');
#12168 = OVER_RIDING_STYLED_ITEM('overriding color',(#12169),#6252,
  #12150);
#12169 = PRESENTATION_STYLE_ASSIGNMENT((#12170,#12175));
#12170 = SURFACE_STYLE_USAGE(.BOTH.,#12171);
#12171 = SURFACE_SIDE_STYLE('',(#12172));
#12172 = SURFACE_STYLE_FILL_AREA(#12173);
#12173 = FILL_AREA_STYLE('',(#12174));
#12174 = FILL_AREA_STYLE_COLOUR('',#11337);
#12175 = CURVE_STYLE('',#12176,POSITIVE_LENGTH_MEASURE(0.1),#11337);
#12176 = DRAUGHTING_PRE_DEFINED_CURVE_FONT('continuous');
#12177 = STYLED_ITEM('color',(#12178),#6278);
#12178 = PRESENTATION_STYLE_ASSIGNMENT((#12179,#12184));
#12179 = SURFACE_STYLE_USAGE(.BOTH.,#12180);
#12180 = SURFACE_SIDE_STYLE('',(#12181));
#12181 = SURFACE_STYLE_FILL_AREA(#12182);
#12182 = FILL_AREA_STYLE('',(#12183));
#12183 = FILL_AREA_STYLE_COLOUR('',#11170);
#12184 = CURVE_STYLE('',#12185,POSITIVE_LENGTH_MEASURE(0.1),#11170);
#12185 = DRAUGHTING_PRE_DEFINED_CURVE_FONT('continuous');
#12186 = STYLED_ITEM('color',(#12187),#6302);
#12187 = PRESENTATION_STYLE_ASSIGNMENT((#12188,#12193));
#12188 = SURFACE_STYLE_USAGE(.BOTH.,#12189);
#12189 = SURFACE_SIDE_STYLE('',(#12190));
#12190 = SURFACE_STYLE_FILL_AREA(#12191);
#12191 = FILL_AREA_STYLE('',(#12192));
#12192 = FILL_AREA_STYLE_COLOUR('',#11170);
#12193 = CURVE_STYLE('',#12194,POSITIVE_LENGTH_MEASURE(0.1),#11170);
#12194 = DRAUGHTING_PRE_DEFINED_CURVE_FONT('continuous');
#12195 = OVER_RIDING_STYLED_ITEM('overriding color',(#12196),#6316,
  #12186);
#12196 = PRESENTATION_STYLE_ASSIGNMENT((#12197,#12202));
#12197 = SURFACE_STYLE_USAGE(.BOTH.,#12198);
#12198 = SURFACE_SIDE_STYLE('',(#12199));
#12199 = SURFACE_STYLE_FILL_AREA(#12200);
#12200 = FILL_AREA_STYLE('',(#12201));
#12201 = FILL_AREA_STYLE_COLOUR('',#11337);
#12202 = CURVE_STYLE('',#12203,POSITIVE_LENGTH_MEASURE(0.1),#11337);
#12203 = DRAUGHTING_PRE_DEFINED_CURVE_FONT('continuous');
#12204 = OVER_RIDING_STYLED_ITEM('overriding color',(#12205),#6332,
  #12186);
#12205 = PRESENTATION_STYLE_ASSIGNMENT((#12206,#12211));
#12206 = SURFACE_STYLE_USAGE(.BOTH.,#12207);
#12207 = SURFACE_SIDE_STYLE('',(#12208));
#12208 = SURFACE_STYLE_FILL_AREA(#12209);
#12209 = FILL_AREA_STYLE('',(#12210));
#12210 = FILL_AREA_STYLE_COLOUR('',#11337);
#12211 = CURVE_STYLE('',#12212,POSITIVE_LENGTH_MEASURE(0.1),#11337);
#12212 = DRAUGHTING_PRE_DEFINED_CURVE_FONT('continuous');
#12213 = STYLED_ITEM('color',(#12214),#6351);
#12214 = PRESENTATION_STYLE_ASSIGNMENT((#12215,#12220));
#12215 = SURFACE_STYLE_USAGE(.BOTH.,#12216);
#12216 = SURFACE_SIDE_STYLE('',(#12217));
#12217 = SURFACE_STYLE_FILL_AREA(#12218);
#12218 = FILL_AREA_STYLE('',(#12219));
#12219 = FILL_AREA_STYLE_COLOUR('',#11170);
#12220 = CURVE_STYLE('',#12221,POSITIVE_LENGTH_MEASURE(0.1),#11170);
#12221 = DRAUGHTING_PRE_DEFINED_CURVE_FONT('continuous');
#12222 = STYLED_ITEM('color',(#12223),#6382);
#12223 = PRESENTATION_STYLE_ASSIGNMENT((#12224,#12229));
#12224 = SURFACE_STYLE_USAGE(.BOTH.,#12225);
#12225 = SURFACE_SIDE_STYLE('',(#12226));
#12226 = SURFACE_STYLE_FILL_AREA(#12227);
#12227 = FILL_AREA_STYLE('',(#12228));
#12228 = FILL_AREA_STYLE_COLOUR('',#11170);
#12229 = CURVE_STYLE('',#12230,POSITIVE_LENGTH_MEASURE(0.1),#11170);
#12230 = DRAUGHTING_PRE_DEFINED_CURVE_FONT('continuous');
#12231 = OVER_RIDING_STYLED_ITEM('overriding color',(#12232),#6396,
  #12222);
#12232 = PRESENTATION_STYLE_ASSIGNMENT((#12233,#12238));
#12233 = SURFACE_STYLE_USAGE(.BOTH.,#12234);
#12234 = SURFACE_SIDE_STYLE('',(#12235));
#12235 = SURFACE_STYLE_FILL_AREA(#12236);
#12236 = FILL_AREA_STYLE('',(#12237));
#12237 = FILL_AREA_STYLE_COLOUR('',#11337);
#12238 = CURVE_STYLE('',#12239,POSITIVE_LENGTH_MEASURE(0.1),#11337);
#12239 = DRAUGHTING_PRE_DEFINED_CURVE_FONT('continuous');
#12240 = OVER_RIDING_STYLED_ITEM('overriding color',(#12241),#6412,
  #12222);
#12241 = PRESENTATION_STYLE_ASSIGNMENT((#12242,#12247));
#12242 = SURFACE_STYLE_USAGE(.BOTH.,#12243);
#12243 = SURFACE_SIDE_STYLE('',(#12244));
#12244 = SURFACE_STYLE_FILL_AREA(#12245);
#12245 = FILL_AREA_STYLE('',(#12246));
#12246 = FILL_AREA_STYLE_COLOUR('',#11337);
#12247 = CURVE_STYLE('',#12248,POSITIVE_LENGTH_MEASURE(0.1),#11337);
#12248 = DRAUGHTING_PRE_DEFINED_CURVE_FONT('continuous');
#12249 = STYLED_ITEM('color',(#12250),#6438);
#12250 = PRESENTATION_STYLE_ASSIGNMENT((#12251,#12256));
#12251 = SURFACE_STYLE_USAGE(.BOTH.,#12252);
#12252 = SURFACE_SIDE_STYLE('',(#12253));
#12253 = SURFACE_STYLE_FILL_AREA(#12254);
#12254 = FILL_AREA_STYLE('',(#12255));
#12255 = FILL_AREA_STYLE_COLOUR('',#11170);
#12256 = CURVE_STYLE('',#12257,POSITIVE_LENGTH_MEASURE(0.1),#11170);
#12257 = DRAUGHTING_PRE_DEFINED_CURVE_FONT('continuous');
#12258 = STYLED_ITEM('color',(#12259),#6462);
#12259 = PRESENTATION_STYLE_ASSIGNMENT((#12260,#12265));
#12260 = SURFACE_STYLE_USAGE(.BOTH.,#12261);
#12261 = SURFACE_SIDE_STYLE('',(#12262));
#12262 = SURFACE_STYLE_FILL_AREA(#12263);
#12263 = FILL_AREA_STYLE('',(#12264));
#12264 = FILL_AREA_STYLE_COLOUR('',#11170);
#12265 = CURVE_STYLE('',#12266,POSITIVE_LENGTH_MEASURE(0.1),#11170);
#12266 = DRAUGHTING_PRE_DEFINED_CURVE_FONT('continuous');
#12267 = OVER_RIDING_STYLED_ITEM('overriding color',(#12268),#6476,
  #12258);
#12268 = PRESENTATION_STYLE_ASSIGNMENT((#12269,#12274));
#12269 = SURFACE_STYLE_USAGE(.BOTH.,#12270);
#12270 = SURFACE_SIDE_STYLE('',(#12271));
#12271 = SURFACE_STYLE_FILL_AREA(#12272);
#12272 = FILL_AREA_STYLE('',(#12273));
#12273 = FILL_AREA_STYLE_COLOUR('',#11337);
#12274 = CURVE_STYLE('',#12275,POSITIVE_LENGTH_MEASURE(0.1),#11337);
#12275 = DRAUGHTING_PRE_DEFINED_CURVE_FONT('continuous');
#12276 = OVER_RIDING_STYLED_ITEM('overriding color',(#12277),#6492,
  #12258);
#12277 = PRESENTATION_STYLE_ASSIGNMENT((#12278,#12283));
#12278 = SURFACE_STYLE_USAGE(.BOTH.,#12279);
#12279 = SURFACE_SIDE_STYLE('',(#12280));
#12280 = SURFACE_STYLE_FILL_AREA(#12281);
#12281 = FILL_AREA_STYLE('',(#12282));
#12282 = FILL_AREA_STYLE_COLOUR('',#11337);
#12283 = CURVE_STYLE('',#12284,POSITIVE_LENGTH_MEASURE(0.1),#11337);
#12284 = DRAUGHTING_PRE_DEFINED_CURVE_FONT('continuous');
#12285 = STYLED_ITEM('color',(#12286),#6511);
#12286 = PRESENTATION_STYLE_ASSIGNMENT((#12287,#12292));
#12287 = SURFACE_STYLE_USAGE(.BOTH.,#12288);
#12288 = SURFACE_SIDE_STYLE('',(#12289));
#12289 = SURFACE_STYLE_FILL_AREA(#12290);
#12290 = FILL_AREA_STYLE('',(#12291));
#12291 = FILL_AREA_STYLE_COLOUR('',#11170);
#12292 = CURVE_STYLE('',#12293,POSITIVE_LENGTH_MEASURE(0.1),#11170);
#12293 = DRAUGHTING_PRE_DEFINED_CURVE_FONT('continuous');
#12294 = STYLED_ITEM('color',(#12295),#6542);
#12295 = PRESENTATION_STYLE_ASSIGNMENT((#12296,#12301));
#12296 = SURFACE_STYLE_USAGE(.BOTH.,#12297);
#12297 = SURFACE_SIDE_STYLE('',(#12298));
#12298 = SURFACE_STYLE_FILL_AREA(#12299);
#12299 = FILL_AREA_STYLE('',(#12300));
#12300 = FILL_AREA_STYLE_COLOUR('',#11170);
#12301 = CURVE_STYLE('',#12302,POSITIVE_LENGTH_MEASURE(0.1),#11170);
#12302 = DRAUGHTING_PRE_DEFINED_CURVE_FONT('continuous');
#12303 = OVER_RIDING_STYLED_ITEM('overriding color',(#12304),#6556,
  #12294);
#12304 = PRESENTATION_STYLE_ASSIGNMENT((#12305,#12310));
#12305 = SURFACE_STYLE_USAGE(.BOTH.,#12306);
#12306 = SURFACE_SIDE_STYLE('',(#12307));
#12307 = SURFACE_STYLE_FILL_AREA(#12308);
#12308 = FILL_AREA_STYLE('',(#12309));
#12309 = FILL_AREA_STYLE_COLOUR('',#11337);
#12310 = CURVE_STYLE('',#12311,POSITIVE_LENGTH_MEASURE(0.1),#11337);
#12311 = DRAUGHTING_PRE_DEFINED_CURVE_FONT('continuous');
#12312 = OVER_RIDING_STYLED_ITEM('overriding color',(#12313),#6572,
  #12294);
#12313 = PRESENTATION_STYLE_ASSIGNMENT((#12314,#12319));
#12314 = SURFACE_STYLE_USAGE(.BOTH.,#12315);
#12315 = SURFACE_SIDE_STYLE('',(#12316));
#12316 = SURFACE_STYLE_FILL_AREA(#12317);
#12317 = FILL_AREA_STYLE('',(#12318));
#12318 = FILL_AREA_STYLE_COLOUR('',#11337);
#12319 = CURVE_STYLE('',#12320,POSITIVE_LENGTH_MEASURE(0.1),#11337);
#12320 = DRAUGHTING_PRE_DEFINED_CURVE_FONT('continuous');
#12321 = STYLED_ITEM('color',(#12322),#6598);
#12322 = PRESENTATION_STYLE_ASSIGNMENT((#12323,#12328));
#12323 = SURFACE_STYLE_USAGE(.BOTH.,#12324);
#12324 = SURFACE_SIDE_STYLE('',(#12325));
#12325 = SURFACE_STYLE_FILL_AREA(#12326);
#12326 = FILL_AREA_STYLE('',(#12327));
#12327 = FILL_AREA_STYLE_COLOUR('',#11170);
#12328 = CURVE_STYLE('',#12329,POSITIVE_LENGTH_MEASURE(0.1),#11170);
#12329 = DRAUGHTING_PRE_DEFINED_CURVE_FONT('continuous');
#12330 = STYLED_ITEM('color',(#12331),#6622);
#12331 = PRESENTATION_STYLE_ASSIGNMENT((#12332,#12337));
#12332 = SURFACE_STYLE_USAGE(.BOTH.,#12333);
#12333 = SURFACE_SIDE_STYLE('',(#12334));
#12334 = SURFACE_STYLE_FILL_AREA(#12335);
#12335 = FILL_AREA_STYLE('',(#12336));
#12336 = FILL_AREA_STYLE_COLOUR('',#11170);
#12337 = CURVE_STYLE('',#12338,POSITIVE_LENGTH_MEASURE(0.1),#11170);
#12338 = DRAUGHTING_PRE_DEFINED_CURVE_FONT('continuous');
#12339 = OVER_RIDING_STYLED_ITEM('overriding color',(#12340),#6636,
  #12330);
#12340 = PRESENTATION_STYLE_ASSIGNMENT((#12341,#12346));
#12341 = SURFACE_STYLE_USAGE(.BOTH.,#12342);
#12342 = SURFACE_SIDE_STYLE('',(#12343));
#12343 = SURFACE_STYLE_FILL_AREA(#12344);
#12344 = FILL_AREA_STYLE('',(#12345));
#12345 = FILL_AREA_STYLE_COLOUR('',#11337);
#12346 = CURVE_STYLE('',#12347,POSITIVE_LENGTH_MEASURE(0.1),#11337);
#12347 = DRAUGHTING_PRE_DEFINED_CURVE_FONT('continuous');
#12348 = OVER_RIDING_STYLED_ITEM('overriding color',(#12349),#6652,
  #12330);
#12349 = PRESENTATION_STYLE_ASSIGNMENT((#12350,#12355));
#12350 = SURFACE_STYLE_USAGE(.BOTH.,#12351);
#12351 = SURFACE_SIDE_STYLE('',(#12352));
#12352 = SURFACE_STYLE_FILL_AREA(#12353);
#12353 = FILL_AREA_STYLE('',(#12354));
#12354 = FILL_AREA_STYLE_COLOUR('',#11337);
#12355 = CURVE_STYLE('',#12356,POSITIVE_LENGTH_MEASURE(0.1),#11337);
#12356 = DRAUGHTING_PRE_DEFINED_CURVE_FONT('continuous');
#12357 = STYLED_ITEM('color',(#12358),#6671);
#12358 = PRESENTATION_STYLE_ASSIGNMENT((#12359,#12364));
#12359 = SURFACE_STYLE_USAGE(.BOTH.,#12360);
#12360 = SURFACE_SIDE_STYLE('',(#12361));
#12361 = SURFACE_STYLE_FILL_AREA(#12362);
#12362 = FILL_AREA_STYLE('',(#12363));
#12363 = FILL_AREA_STYLE_COLOUR('',#11170);
#12364 = CURVE_STYLE('',#12365,POSITIVE_LENGTH_MEASURE(0.1),#11170);
#12365 = DRAUGHTING_PRE_DEFINED_CURVE_FONT('continuous');
#12366 = STYLED_ITEM('color',(#12367),#6702);
#12367 = PRESENTATION_STYLE_ASSIGNMENT((#12368,#12373));
#12368 = SURFACE_STYLE_USAGE(.BOTH.,#12369);
#12369 = SURFACE_SIDE_STYLE('',(#12370));
#12370 = SURFACE_STYLE_FILL_AREA(#12371);
#12371 = FILL_AREA_STYLE('',(#12372));
#12372 = FILL_AREA_STYLE_COLOUR('',#11170);
#12373 = CURVE_STYLE('',#12374,POSITIVE_LENGTH_MEASURE(0.1),#11170);
#12374 = DRAUGHTING_PRE_DEFINED_CURVE_FONT('continuous');
#12375 = OVER_RIDING_STYLED_ITEM('overriding color',(#12376),#6716,
  #12366);
#12376 = PRESENTATION_STYLE_ASSIGNMENT((#12377,#12382));
#12377 = SURFACE_STYLE_USAGE(.BOTH.,#12378);
#12378 = SURFACE_SIDE_STYLE('',(#12379));
#12379 = SURFACE_STYLE_FILL_AREA(#12380);
#12380 = FILL_AREA_STYLE('',(#12381));
#12381 = FILL_AREA_STYLE_COLOUR('',#11337);
#12382 = CURVE_STYLE('',#12383,POSITIVE_LENGTH_MEASURE(0.1),#11337);
#12383 = DRAUGHTING_PRE_DEFINED_CURVE_FONT('continuous');
#12384 = OVER_RIDING_STYLED_ITEM('overriding color',(#12385),#6732,
  #12366);
#12385 = PRESENTATION_STYLE_ASSIGNMENT((#12386,#12391));
#12386 = SURFACE_STYLE_USAGE(.BOTH.,#12387);
#12387 = SURFACE_SIDE_STYLE('',(#12388));
#12388 = SURFACE_STYLE_FILL_AREA(#12389);
#12389 = FILL_AREA_STYLE('',(#12390));
#12390 = FILL_AREA_STYLE_COLOUR('',#11337);
#12391 = CURVE_STYLE('',#12392,POSITIVE_LENGTH_MEASURE(0.1),#11337);
#12392 = DRAUGHTING_PRE_DEFINED_CURVE_FONT('continuous');
#12393 = STYLED_ITEM('color',(#12394),#6758);
#12394 = PRESENTATION_STYLE_ASSIGNMENT((#12395,#12400));
#12395 = SURFACE_STYLE_USAGE(.BOTH.,#12396);
#12396 = SURFACE_SIDE_STYLE('',(#12397));
#12397 = SURFACE_STYLE_FILL_AREA(#12398);
#12398 = FILL_AREA_STYLE('',(#12399));
#12399 = FILL_AREA_STYLE_COLOUR('',#11170);
#12400 = CURVE_STYLE('',#12401,POSITIVE_LENGTH_MEASURE(0.1),#11170);
#12401 = DRAUGHTING_PRE_DEFINED_CURVE_FONT('continuous');
#12402 = STYLED_ITEM('color',(#12403),#6782);
#12403 = PRESENTATION_STYLE_ASSIGNMENT((#12404,#12409));
#12404 = SURFACE_STYLE_USAGE(.BOTH.,#12405);
#12405 = SURFACE_SIDE_STYLE('',(#12406));
#12406 = SURFACE_STYLE_FILL_AREA(#12407);
#12407 = FILL_AREA_STYLE('',(#12408));
#12408 = FILL_AREA_STYLE_COLOUR('',#11170);
#12409 = CURVE_STYLE('',#12410,POSITIVE_LENGTH_MEASURE(0.1),#11170);
#12410 = DRAUGHTING_PRE_DEFINED_CURVE_FONT('continuous');
#12411 = OVER_RIDING_STYLED_ITEM('overriding color',(#12412),#6796,
  #12402);
#12412 = PRESENTATION_STYLE_ASSIGNMENT((#12413,#12418));
#12413 = SURFACE_STYLE_USAGE(.BOTH.,#12414);
#12414 = SURFACE_SIDE_STYLE('',(#12415));
#12415 = SURFACE_STYLE_FILL_AREA(#12416);
#12416 = FILL_AREA_STYLE('',(#12417));
#12417 = FILL_AREA_STYLE_COLOUR('',#11337);
#12418 = CURVE_STYLE('',#12419,POSITIVE_LENGTH_MEASURE(0.1),#11337);
#12419 = DRAUGHTING_PRE_DEFINED_CURVE_FONT('continuous');
#12420 = OVER_RIDING_STYLED_ITEM('overriding color',(#12421),#6812,
  #12402);
#12421 = PRESENTATION_STYLE_ASSIGNMENT((#12422,#12427));
#12422 = SURFACE_STYLE_USAGE(.BOTH.,#12423);
#12423 = SURFACE_SIDE_STYLE('',(#12424));
#12424 = SURFACE_STYLE_FILL_AREA(#12425);
#12425 = FILL_AREA_STYLE('',(#12426));
#12426 = FILL_AREA_STYLE_COLOUR('',#11337);
#12427 = CURVE_STYLE('',#12428,POSITIVE_LENGTH_MEASURE(0.1),#11337);
#12428 = DRAUGHTING_PRE_DEFINED_CURVE_FONT('continuous');
#12429 = STYLED_ITEM('color',(#12430),#6831);
#12430 = PRESENTATION_STYLE_ASSIGNMENT((#12431,#12436));
#12431 = SURFACE_STYLE_USAGE(.BOTH.,#12432);
#12432 = SURFACE_SIDE_STYLE('',(#12433));
#12433 = SURFACE_STYLE_FILL_AREA(#12434);
#12434 = FILL_AREA_STYLE('',(#12435));
#12435 = FILL_AREA_STYLE_COLOUR('',#11170);
#12436 = CURVE_STYLE('',#12437,POSITIVE_LENGTH_MEASURE(0.1),#11170);
#12437 = DRAUGHTING_PRE_DEFINED_CURVE_FONT('continuous');
#12438 = STYLED_ITEM('color',(#12439),#6862);
#12439 = PRESENTATION_STYLE_ASSIGNMENT((#12440,#12445));
#12440 = SURFACE_STYLE_USAGE(.BOTH.,#12441);
#12441 = SURFACE_SIDE_STYLE('',(#12442));
#12442 = SURFACE_STYLE_FILL_AREA(#12443);
#12443 = FILL_AREA_STYLE('',(#12444));
#12444 = FILL_AREA_STYLE_COLOUR('',#11170);
#12445 = CURVE_STYLE('',#12446,POSITIVE_LENGTH_MEASURE(0.1),#11170);
#12446 = DRAUGHTING_PRE_DEFINED_CURVE_FONT('continuous');
#12447 = OVER_RIDING_STYLED_ITEM('overriding color',(#12448),#6876,
  #12438);
#12448 = PRESENTATION_STYLE_ASSIGNMENT((#12449,#12454));
#12449 = SURFACE_STYLE_USAGE(.BOTH.,#12450);
#12450 = SURFACE_SIDE_STYLE('',(#12451));
#12451 = SURFACE_STYLE_FILL_AREA(#12452);
#12452 = FILL_AREA_STYLE('',(#12453));
#12453 = FILL_AREA_STYLE_COLOUR('',#11337);
#12454 = CURVE_STYLE('',#12455,POSITIVE_LENGTH_MEASURE(0.1),#11337);
#12455 = DRAUGHTING_PRE_DEFINED_CURVE_FONT('continuous');
#12456 = OVER_RIDING_STYLED_ITEM('overriding color',(#12457),#6892,
  #12438);
#12457 = PRESENTATION_STYLE_ASSIGNMENT((#12458,#12463));
#12458 = SURFACE_STYLE_USAGE(.BOTH.,#12459);
#12459 = SURFACE_SIDE_STYLE('',(#12460));
#12460 = SURFACE_STYLE_FILL_AREA(#12461);
#12461 = FILL_AREA_STYLE('',(#12462));
#12462 = FILL_AREA_STYLE_COLOUR('',#11337);
#12463 = CURVE_STYLE('',#12464,POSITIVE_LENGTH_MEASURE(0.1),#11337);
#12464 = DRAUGHTING_PRE_DEFINED_CURVE_FONT('continuous');
#12465 = STYLED_ITEM('color',(#12466),#6918);
#12466 = PRESENTATION_STYLE_ASSIGNMENT((#12467,#12472));
#12467 = SURFACE_STYLE_USAGE(.BOTH.,#12468);
#12468 = SURFACE_SIDE_STYLE('',(#12469));
#12469 = SURFACE_STYLE_FILL_AREA(#12470);
#12470 = FILL_AREA_STYLE('',(#12471));
#12471 = FILL_AREA_STYLE_COLOUR('',#11170);
#12472 = CURVE_STYLE('',#12473,POSITIVE_LENGTH_MEASURE(0.1),#11170);
#12473 = DRAUGHTING_PRE_DEFINED_CURVE_FONT('continuous');
#12474 = STYLED_ITEM('color',(#12475),#6942);
#12475 = PRESENTATION_STYLE_ASSIGNMENT((#12476,#12481));
#12476 = SURFACE_STYLE_USAGE(.BOTH.,#12477);
#12477 = SURFACE_SIDE_STYLE('',(#12478));
#12478 = SURFACE_STYLE_FILL_AREA(#12479);
#12479 = FILL_AREA_STYLE('',(#12480));
#12480 = FILL_AREA_STYLE_COLOUR('',#11170);
#12481 = CURVE_STYLE('',#12482,POSITIVE_LENGTH_MEASURE(0.1),#11170);
#12482 = DRAUGHTING_PRE_DEFINED_CURVE_FONT('continuous');
#12483 = OVER_RIDING_STYLED_ITEM('overriding color',(#12484),#6956,
  #12474);
#12484 = PRESENTATION_STYLE_ASSIGNMENT((#12485,#12490));
#12485 = SURFACE_STYLE_USAGE(.BOTH.,#12486);
#12486 = SURFACE_SIDE_STYLE('',(#12487));
#12487 = SURFACE_STYLE_FILL_AREA(#12488);
#12488 = FILL_AREA_STYLE('',(#12489));
#12489 = FILL_AREA_STYLE_COLOUR('',#11337);
#12490 = CURVE_STYLE('',#12491,POSITIVE_LENGTH_MEASURE(0.1),#11337);
#12491 = DRAUGHTING_PRE_DEFINED_CURVE_FONT('continuous');
#12492 = OVER_RIDING_STYLED_ITEM('overriding color',(#12493),#6972,
  #12474);
#12493 = PRESENTATION_STYLE_ASSIGNMENT((#12494,#12499));
#12494 = SURFACE_STYLE_USAGE(.BOTH.,#12495);
#12495 = SURFACE_SIDE_STYLE('',(#12496));
#12496 = SURFACE_STYLE_FILL_AREA(#12497);
#12497 = FILL_AREA_STYLE('',(#12498));
#12498 = FILL_AREA_STYLE_COLOUR('',#11337);
#12499 = CURVE_STYLE('',#12500,POSITIVE_LENGTH_MEASURE(0.1),#11337);
#12500 = DRAUGHTING_PRE_DEFINED_CURVE_FONT('continuous');
#12501 = STYLED_ITEM('color',(#12502),#6991);
#12502 = PRESENTATION_STYLE_ASSIGNMENT((#12503,#12508));
#12503 = SURFACE_STYLE_USAGE(.BOTH.,#12504);
#12504 = SURFACE_SIDE_STYLE('',(#12505));
#12505 = SURFACE_STYLE_FILL_AREA(#12506);
#12506 = FILL_AREA_STYLE('',(#12507));
#12507 = FILL_AREA_STYLE_COLOUR('',#11170);
#12508 = CURVE_STYLE('',#12509,POSITIVE_LENGTH_MEASURE(0.1),#11170);
#12509 = DRAUGHTING_PRE_DEFINED_CURVE_FONT('continuous');
#12510 = STYLED_ITEM('color',(#12511),#7022);
#12511 = PRESENTATION_STYLE_ASSIGNMENT((#12512,#12517));
#12512 = SURFACE_STYLE_USAGE(.BOTH.,#12513);
#12513 = SURFACE_SIDE_STYLE('',(#12514));
#12514 = SURFACE_STYLE_FILL_AREA(#12515);
#12515 = FILL_AREA_STYLE('',(#12516));
#12516 = FILL_AREA_STYLE_COLOUR('',#11170);
#12517 = CURVE_STYLE('',#12518,POSITIVE_LENGTH_MEASURE(0.1),#11170);
#12518 = DRAUGHTING_PRE_DEFINED_CURVE_FONT('continuous');
#12519 = OVER_RIDING_STYLED_ITEM('overriding color',(#12520),#7036,
  #12510);
#12520 = PRESENTATION_STYLE_ASSIGNMENT((#12521,#12526));
#12521 = SURFACE_STYLE_USAGE(.BOTH.,#12522);
#12522 = SURFACE_SIDE_STYLE('',(#12523));
#12523 = SURFACE_STYLE_FILL_AREA(#12524);
#12524 = FILL_AREA_STYLE('',(#12525));
#12525 = FILL_AREA_STYLE_COLOUR('',#11337);
#12526 = CURVE_STYLE('',#12527,POSITIVE_LENGTH_MEASURE(0.1),#11337);
#12527 = DRAUGHTING_PRE_DEFINED_CURVE_FONT('continuous');
#12528 = OVER_RIDING_STYLED_ITEM('overriding color',(#12529),#7052,
  #12510);
#12529 = PRESENTATION_STYLE_ASSIGNMENT((#12530,#12535));
#12530 = SURFACE_STYLE_USAGE(.BOTH.,#12531);
#12531 = SURFACE_SIDE_STYLE('',(#12532));
#12532 = SURFACE_STYLE_FILL_AREA(#12533);
#12533 = FILL_AREA_STYLE('',(#12534));
#12534 = FILL_AREA_STYLE_COLOUR('',#11337);
#12535 = CURVE_STYLE('',#12536,POSITIVE_LENGTH_MEASURE(0.1),#11337);
#12536 = DRAUGHTING_PRE_DEFINED_CURVE_FONT('continuous');
#12537 = STYLED_ITEM('color',(#12538),#7078);
#12538 = PRESENTATION_STYLE_ASSIGNMENT((#12539,#12544));
#12539 = SURFACE_STYLE_USAGE(.BOTH.,#12540);
#12540 = SURFACE_SIDE_STYLE('',(#12541));
#12541 = SURFACE_STYLE_FILL_AREA(#12542);
#12542 = FILL_AREA_STYLE('',(#12543));
#12543 = FILL_AREA_STYLE_COLOUR('',#11170);
#12544 = CURVE_STYLE('',#12545,POSITIVE_LENGTH_MEASURE(0.1),#11170);
#12545 = DRAUGHTING_PRE_DEFINED_CURVE_FONT('continuous');
#12546 = STYLED_ITEM('color',(#12547),#7102);
#12547 = PRESENTATION_STYLE_ASSIGNMENT((#12548,#12553));
#12548 = SURFACE_STYLE_USAGE(.BOTH.,#12549);
#12549 = SURFACE_SIDE_STYLE('',(#12550));
#12550 = SURFACE_STYLE_FILL_AREA(#12551);
#12551 = FILL_AREA_STYLE('',(#12552));
#12552 = FILL_AREA_STYLE_COLOUR('',#11170);
#12553 = CURVE_STYLE('',#12554,POSITIVE_LENGTH_MEASURE(0.1),#11170);
#12554 = DRAUGHTING_PRE_DEFINED_CURVE_FONT('continuous');
#12555 = OVER_RIDING_STYLED_ITEM('overriding color',(#12556),#7116,
  #12546);
#12556 = PRESENTATION_STYLE_ASSIGNMENT((#12557,#12562));
#12557 = SURFACE_STYLE_USAGE(.BOTH.,#12558);
#12558 = SURFACE_SIDE_STYLE('',(#12559));
#12559 = SURFACE_STYLE_FILL_AREA(#12560);
#12560 = FILL_AREA_STYLE('',(#12561));
#12561 = FILL_AREA_STYLE_COLOUR('',#11337);
#12562 = CURVE_STYLE('',#12563,POSITIVE_LENGTH_MEASURE(0.1),#11337);
#12563 = DRAUGHTING_PRE_DEFINED_CURVE_FONT('continuous');
#12564 = OVER_RIDING_STYLED_ITEM('overriding color',(#12565),#7132,
  #12546);
#12565 = PRESENTATION_STYLE_ASSIGNMENT((#12566,#12571));
#12566 = SURFACE_STYLE_USAGE(.BOTH.,#12567);
#12567 = SURFACE_SIDE_STYLE('',(#12568));
#12568 = SURFACE_STYLE_FILL_AREA(#12569);
#12569 = FILL_AREA_STYLE('',(#12570));
#12570 = FILL_AREA_STYLE_COLOUR('',#11337);
#12571 = CURVE_STYLE('',#12572,POSITIVE_LENGTH_MEASURE(0.1),#11337);
#12572 = DRAUGHTING_PRE_DEFINED_CURVE_FONT('continuous');
#12573 = STYLED_ITEM('color',(#12574),#7151);
#12574 = PRESENTATION_STYLE_ASSIGNMENT((#12575,#12580));
#12575 = SURFACE_STYLE_USAGE(.BOTH.,#12576);
#12576 = SURFACE_SIDE_STYLE('',(#12577));
#12577 = SURFACE_STYLE_FILL_AREA(#12578);
#12578 = FILL_AREA_STYLE('',(#12579));
#12579 = FILL_AREA_STYLE_COLOUR('',#11170);
#12580 = CURVE_STYLE('',#12581,POSITIVE_LENGTH_MEASURE(0.1),#11170);
#12581 = DRAUGHTING_PRE_DEFINED_CURVE_FONT('continuous');
#12582 = STYLED_ITEM('color',(#12583),#7182);
#12583 = PRESENTATION_STYLE_ASSIGNMENT((#12584,#12589));
#12584 = SURFACE_STYLE_USAGE(.BOTH.,#12585);
#12585 = SURFACE_SIDE_STYLE('',(#12586));
#12586 = SURFACE_STYLE_FILL_AREA(#12587);
#12587 = FILL_AREA_STYLE('',(#12588));
#12588 = FILL_AREA_STYLE_COLOUR('',#11170);
#12589 = CURVE_STYLE('',#12590,POSITIVE_LENGTH_MEASURE(0.1),#11170);
#12590 = DRAUGHTING_PRE_DEFINED_CURVE_FONT('continuous');
#12591 = OVER_RIDING_STYLED_ITEM('overriding color',(#12592),#7196,
  #12582);
#12592 = PRESENTATION_STYLE_ASSIGNMENT((#12593,#12598));
#12593 = SURFACE_STYLE_USAGE(.BOTH.,#12594);
#12594 = SURFACE_SIDE_STYLE('',(#12595));
#12595 = SURFACE_STYLE_FILL_AREA(#12596);
#12596 = FILL_AREA_STYLE('',(#12597));
#12597 = FILL_AREA_STYLE_COLOUR('',#11337);
#12598 = CURVE_STYLE('',#12599,POSITIVE_LENGTH_MEASURE(0.1),#11337);
#12599 = DRAUGHTING_PRE_DEFINED_CURVE_FONT('continuous');
#12600 = OVER_RIDING_STYLED_ITEM('overriding color',(#12601),#7212,
  #12582);
#12601 = PRESENTATION_STYLE_ASSIGNMENT((#12602,#12607));
#12602 = SURFACE_STYLE_USAGE(.BOTH.,#12603);
#12603 = SURFACE_SIDE_STYLE('',(#12604));
#12604 = SURFACE_STYLE_FILL_AREA(#12605);
#12605 = FILL_AREA_STYLE('',(#12606));
#12606 = FILL_AREA_STYLE_COLOUR('',#11337);
#12607 = CURVE_STYLE('',#12608,POSITIVE_LENGTH_MEASURE(0.1),#11337);
#12608 = DRAUGHTING_PRE_DEFINED_CURVE_FONT('continuous');
#12609 = STYLED_ITEM('color',(#12610),#7238);
#12610 = PRESENTATION_STYLE_ASSIGNMENT((#12611,#12616));
#12611 = SURFACE_STYLE_USAGE(.BOTH.,#12612);
#12612 = SURFACE_SIDE_STYLE('',(#12613));
#12613 = SURFACE_STYLE_FILL_AREA(#12614);
#12614 = FILL_AREA_STYLE('',(#12615));
#12615 = FILL_AREA_STYLE_COLOUR('',#11170);
#12616 = CURVE_STYLE('',#12617,POSITIVE_LENGTH_MEASURE(0.1),#11170);
#12617 = DRAUGHTING_PRE_DEFINED_CURVE_FONT('continuous');
#12618 = STYLED_ITEM('color',(#12619),#7262);
#12619 = PRESENTATION_STYLE_ASSIGNMENT((#12620,#12625));
#12620 = SURFACE_STYLE_USAGE(.BOTH.,#12621);
#12621 = SURFACE_SIDE_STYLE('',(#12622));
#12622 = SURFACE_STYLE_FILL_AREA(#12623);
#12623 = FILL_AREA_STYLE('',(#12624));
#12624 = FILL_AREA_STYLE_COLOUR('',#11170);
#12625 = CURVE_STYLE('',#12626,POSITIVE_LENGTH_MEASURE(0.1),#11170);
#12626 = DRAUGHTING_PRE_DEFINED_CURVE_FONT('continuous');
#12627 = OVER_RIDING_STYLED_ITEM('overriding color',(#12628),#7276,
  #12618);
#12628 = PRESENTATION_STYLE_ASSIGNMENT((#12629,#12634));
#12629 = SURFACE_STYLE_USAGE(.BOTH.,#12630);
#12630 = SURFACE_SIDE_STYLE('',(#12631));
#12631 = SURFACE_STYLE_FILL_AREA(#12632);
#12632 = FILL_AREA_STYLE('',(#12633));
#12633 = FILL_AREA_STYLE_COLOUR('',#11337);
#12634 = CURVE_STYLE('',#12635,POSITIVE_LENGTH_MEASURE(0.1),#11337);
#12635 = DRAUGHTING_PRE_DEFINED_CURVE_FONT('continuous');
#12636 = OVER_RIDING_STYLED_ITEM('overriding color',(#12637),#7292,
  #12618);
#12637 = PRESENTATION_STYLE_ASSIGNMENT((#12638,#12643));
#12638 = SURFACE_STYLE_USAGE(.BOTH.,#12639);
#12639 = SURFACE_SIDE_STYLE('',(#12640));
#12640 = SURFACE_STYLE_FILL_AREA(#12641);
#12641 = FILL_AREA_STYLE('',(#12642));
#12642 = FILL_AREA_STYLE_COLOUR('',#11337);
#12643 = CURVE_STYLE('',#12644,POSITIVE_LENGTH_MEASURE(0.1),#11337);
#12644 = DRAUGHTING_PRE_DEFINED_CURVE_FONT('continuous');
#12645 = STYLED_ITEM('color',(#12646),#7311);
#12646 = PRESENTATION_STYLE_ASSIGNMENT((#12647,#12652));
#12647 = SURFACE_STYLE_USAGE(.BOTH.,#12648);
#12648 = SURFACE_SIDE_STYLE('',(#12649));
#12649 = SURFACE_STYLE_FILL_AREA(#12650);
#12650 = FILL_AREA_STYLE('',(#12651));
#12651 = FILL_AREA_STYLE_COLOUR('',#11337);
#12652 = CURVE_STYLE('',#12653,POSITIVE_LENGTH_MEASURE(0.1),#11337);
#12653 = DRAUGHTING_PRE_DEFINED_CURVE_FONT('continuous');
#12654 = STYLED_ITEM('color',(#12655),#7328);
#12655 = PRESENTATION_STYLE_ASSIGNMENT((#12656,#12661));
#12656 = SURFACE_STYLE_USAGE(.BOTH.,#12657);
#12657 = SURFACE_SIDE_STYLE('',(#12658));
#12658 = SURFACE_STYLE_FILL_AREA(#12659);
#12659 = FILL_AREA_STYLE('',(#12660));
#12660 = FILL_AREA_STYLE_COLOUR('',#11337);
#12661 = CURVE_STYLE('',#12662,POSITIVE_LENGTH_MEASURE(0.1),#11337);
#12662 = DRAUGHTING_PRE_DEFINED_CURVE_FONT('continuous');
#12663 = STYLED_ITEM('color',(#12664),#7345);
#12664 = PRESENTATION_STYLE_ASSIGNMENT((#12665,#12670));
#12665 = SURFACE_STYLE_USAGE(.BOTH.,#12666);
#12666 = SURFACE_SIDE_STYLE('',(#12667));
#12667 = SURFACE_STYLE_FILL_AREA(#12668);
#12668 = FILL_AREA_STYLE('',(#12669));
#12669 = FILL_AREA_STYLE_COLOUR('',#11337);
#12670 = CURVE_STYLE('',#12671,POSITIVE_LENGTH_MEASURE(0.1),#11337);
#12671 = DRAUGHTING_PRE_DEFINED_CURVE_FONT('continuous');
#12672 = STYLED_ITEM('color',(#12673),#7362);
#12673 = PRESENTATION_STYLE_ASSIGNMENT((#12674,#12679));
#12674 = SURFACE_STYLE_USAGE(.BOTH.,#12675);
#12675 = SURFACE_SIDE_STYLE('',(#12676));
#12676 = SURFACE_STYLE_FILL_AREA(#12677);
#12677 = FILL_AREA_STYLE('',(#12678));
#12678 = FILL_AREA_STYLE_COLOUR('',#11337);
#12679 = CURVE_STYLE('',#12680,POSITIVE_LENGTH_MEASURE(0.1),#11337);
#12680 = DRAUGHTING_PRE_DEFINED_CURVE_FONT('continuous');
#12681 = STYLED_ITEM('color',(#12682),#7379);
#12682 = PRESENTATION_STYLE_ASSIGNMENT((#12683,#12688));
#12683 = SURFACE_STYLE_USAGE(.BOTH.,#12684);
#12684 = SURFACE_SIDE_STYLE('',(#12685));
#12685 = SURFACE_STYLE_FILL_AREA(#12686);
#12686 = FILL_AREA_STYLE('',(#12687));
#12687 = FILL_AREA_STYLE_COLOUR('',#11337);
#12688 = CURVE_STYLE('',#12689,POSITIVE_LENGTH_MEASURE(0.1),#11337);
#12689 = DRAUGHTING_PRE_DEFINED_CURVE_FONT('continuous');
#12690 = STYLED_ITEM('color',(#12691),#7391);
#12691 = PRESENTATION_STYLE_ASSIGNMENT((#12692,#12697));
#12692 = SURFACE_STYLE_USAGE(.BOTH.,#12693);
#12693 = SURFACE_SIDE_STYLE('',(#12694));
#12694 = SURFACE_STYLE_FILL_AREA(#12695);
#12695 = FILL_AREA_STYLE('',(#12696));
#12696 = FILL_AREA_STYLE_COLOUR('',#11337);
#12697 = CURVE_STYLE('',#12698,POSITIVE_LENGTH_MEASURE(0.1),#11337);
#12698 = DRAUGHTING_PRE_DEFINED_CURVE_FONT('continuous');
#12699 = STYLED_ITEM('color',(#12700),#7408);
#12700 = PRESENTATION_STYLE_ASSIGNMENT((#12701,#12706));
#12701 = SURFACE_STYLE_USAGE(.BOTH.,#12702);
#12702 = SURFACE_SIDE_STYLE('',(#12703));
#12703 = SURFACE_STYLE_FILL_AREA(#12704);
#12704 = FILL_AREA_STYLE('',(#12705));
#12705 = FILL_AREA_STYLE_COLOUR('',#11337);
#12706 = CURVE_STYLE('',#12707,POSITIVE_LENGTH_MEASURE(0.1),#11337);
#12707 = DRAUGHTING_PRE_DEFINED_CURVE_FONT('continuous');
#12708 = STYLED_ITEM('color',(#12709),#7425);
#12709 = PRESENTATION_STYLE_ASSIGNMENT((#12710,#12715));
#12710 = SURFACE_STYLE_USAGE(.BOTH.,#12711);
#12711 = SURFACE_SIDE_STYLE('',(#12712));
#12712 = SURFACE_STYLE_FILL_AREA(#12713);
#12713 = FILL_AREA_STYLE('',(#12714));
#12714 = FILL_AREA_STYLE_COLOUR('',#11337);
#12715 = CURVE_STYLE('',#12716,POSITIVE_LENGTH_MEASURE(0.1),#11337);
#12716 = DRAUGHTING_PRE_DEFINED_CURVE_FONT('continuous');
#12717 = STYLED_ITEM('color',(#12718),#7442);
#12718 = PRESENTATION_STYLE_ASSIGNMENT((#12719,#12724));
#12719 = SURFACE_STYLE_USAGE(.BOTH.,#12720);
#12720 = SURFACE_SIDE_STYLE('',(#12721));
#12721 = SURFACE_STYLE_FILL_AREA(#12722);
#12722 = FILL_AREA_STYLE('',(#12723));
#12723 = FILL_AREA_STYLE_COLOUR('',#11337);
#12724 = CURVE_STYLE('',#12725,POSITIVE_LENGTH_MEASURE(0.1),#11337);
#12725 = DRAUGHTING_PRE_DEFINED_CURVE_FONT('continuous');
#12726 = STYLED_ITEM('color',(#12727),#7459);
#12727 = PRESENTATION_STYLE_ASSIGNMENT((#12728,#12733));
#12728 = SURFACE_STYLE_USAGE(.BOTH.,#12729);
#12729 = SURFACE_SIDE_STYLE('',(#12730));
#12730 = SURFACE_STYLE_FILL_AREA(#12731);
#12731 = FILL_AREA_STYLE('',(#12732));
#12732 = FILL_AREA_STYLE_COLOUR('',#11337);
#12733 = CURVE_STYLE('',#12734,POSITIVE_LENGTH_MEASURE(0.1),#11337);
#12734 = DRAUGHTING_PRE_DEFINED_CURVE_FONT('continuous');
#12735 = STYLED_ITEM('color',(#12736),#7471);
#12736 = PRESENTATION_STYLE_ASSIGNMENT((#12737,#12742));
#12737 = SURFACE_STYLE_USAGE(.BOTH.,#12738);
#12738 = SURFACE_SIDE_STYLE('',(#12739));
#12739 = SURFACE_STYLE_FILL_AREA(#12740);
#12740 = FILL_AREA_STYLE('',(#12741));
#12741 = FILL_AREA_STYLE_COLOUR('',#11337);
#12742 = CURVE_STYLE('',#12743,POSITIVE_LENGTH_MEASURE(0.1),#11337);
#12743 = DRAUGHTING_PRE_DEFINED_CURVE_FONT('continuous');
#12744 = STYLED_ITEM('color',(#12745),#7488);
#12745 = PRESENTATION_STYLE_ASSIGNMENT((#12746,#12751));
#12746 = SURFACE_STYLE_USAGE(.BOTH.,#12747);
#12747 = SURFACE_SIDE_STYLE('',(#12748));
#12748 = SURFACE_STYLE_FILL_AREA(#12749);
#12749 = FILL_AREA_STYLE('',(#12750));
#12750 = FILL_AREA_STYLE_COLOUR('',#11337);
#12751 = CURVE_STYLE('',#12752,POSITIVE_LENGTH_MEASURE(0.1),#11337);
#12752 = DRAUGHTING_PRE_DEFINED_CURVE_FONT('continuous');
#12753 = STYLED_ITEM('color',(#12754),#7505);
#12754 = PRESENTATION_STYLE_ASSIGNMENT((#12755,#12760));
#12755 = SURFACE_STYLE_USAGE(.BOTH.,#12756);
#12756 = SURFACE_SIDE_STYLE('',(#12757));
#12757 = SURFACE_STYLE_FILL_AREA(#12758);
#12758 = FILL_AREA_STYLE('',(#12759));
#12759 = FILL_AREA_STYLE_COLOUR('',#11337);
#12760 = CURVE_STYLE('',#12761,POSITIVE_LENGTH_MEASURE(0.1),#11337);
#12761 = DRAUGHTING_PRE_DEFINED_CURVE_FONT('continuous');
#12762 = STYLED_ITEM('color',(#12763),#7522);
#12763 = PRESENTATION_STYLE_ASSIGNMENT((#12764,#12769));
#12764 = SURFACE_STYLE_USAGE(.BOTH.,#12765);
#12765 = SURFACE_SIDE_STYLE('',(#12766));
#12766 = SURFACE_STYLE_FILL_AREA(#12767);
#12767 = FILL_AREA_STYLE('',(#12768));
#12768 = FILL_AREA_STYLE_COLOUR('',#11337);
#12769 = CURVE_STYLE('',#12770,POSITIVE_LENGTH_MEASURE(0.1),#11337);
#12770 = DRAUGHTING_PRE_DEFINED_CURVE_FONT('continuous');
#12771 = STYLED_ITEM('color',(#12772),#7539);
#12772 = PRESENTATION_STYLE_ASSIGNMENT((#12773,#12778));
#12773 = SURFACE_STYLE_USAGE(.BOTH.,#12774);
#12774 = SURFACE_SIDE_STYLE('',(#12775));
#12775 = SURFACE_STYLE_FILL_AREA(#12776);
#12776 = FILL_AREA_STYLE('',(#12777));
#12777 = FILL_AREA_STYLE_COLOUR('',#11337);
#12778 = CURVE_STYLE('',#12779,POSITIVE_LENGTH_MEASURE(0.1),#11337);
#12779 = DRAUGHTING_PRE_DEFINED_CURVE_FONT('continuous');
#12780 = STYLED_ITEM('color',(#12781),#7551);
#12781 = PRESENTATION_STYLE_ASSIGNMENT((#12782,#12787));
#12782 = SURFACE_STYLE_USAGE(.BOTH.,#12783);
#12783 = SURFACE_SIDE_STYLE('',(#12784));
#12784 = SURFACE_STYLE_FILL_AREA(#12785);
#12785 = FILL_AREA_STYLE('',(#12786));
#12786 = FILL_AREA_STYLE_COLOUR('',#11337);
#12787 = CURVE_STYLE('',#12788,POSITIVE_LENGTH_MEASURE(0.1),#11337);
#12788 = DRAUGHTING_PRE_DEFINED_CURVE_FONT('continuous');
#12789 = STYLED_ITEM('color',(#12790),#7568);
#12790 = PRESENTATION_STYLE_ASSIGNMENT((#12791,#12796));
#12791 = SURFACE_STYLE_USAGE(.BOTH.,#12792);
#12792 = SURFACE_SIDE_STYLE('',(#12793));
#12793 = SURFACE_STYLE_FILL_AREA(#12794);
#12794 = FILL_AREA_STYLE('',(#12795));
#12795 = FILL_AREA_STYLE_COLOUR('',#11337);
#12796 = CURVE_STYLE('',#12797,POSITIVE_LENGTH_MEASURE(0.1),#11337);
#12797 = DRAUGHTING_PRE_DEFINED_CURVE_FONT('continuous');
#12798 = STYLED_ITEM('color',(#12799),#7585);
#12799 = PRESENTATION_STYLE_ASSIGNMENT((#12800,#12805));
#12800 = SURFACE_STYLE_USAGE(.BOTH.,#12801);
#12801 = SURFACE_SIDE_STYLE('',(#12802));
#12802 = SURFACE_STYLE_FILL_AREA(#12803);
#12803 = FILL_AREA_STYLE('',(#12804));
#12804 = FILL_AREA_STYLE_COLOUR('',#11337);
#12805 = CURVE_STYLE('',#12806,POSITIVE_LENGTH_MEASURE(0.1),#11337);
#12806 = DRAUGHTING_PRE_DEFINED_CURVE_FONT('continuous');
#12807 = STYLED_ITEM('color',(#12808),#7602);
#12808 = PRESENTATION_STYLE_ASSIGNMENT((#12809,#12814));
#12809 = SURFACE_STYLE_USAGE(.BOTH.,#12810);
#12810 = SURFACE_SIDE_STYLE('',(#12811));
#12811 = SURFACE_STYLE_FILL_AREA(#12812);
#12812 = FILL_AREA_STYLE('',(#12813));
#12813 = FILL_AREA_STYLE_COLOUR('',#11337);
#12814 = CURVE_STYLE('',#12815,POSITIVE_LENGTH_MEASURE(0.1),#11337);
#12815 = DRAUGHTING_PRE_DEFINED_CURVE_FONT('continuous');
#12816 = STYLED_ITEM('color',(#12817),#7619);
#12817 = PRESENTATION_STYLE_ASSIGNMENT((#12818,#12823));
#12818 = SURFACE_STYLE_USAGE(.BOTH.,#12819);
#12819 = SURFACE_SIDE_STYLE('',(#12820));
#12820 = SURFACE_STYLE_FILL_AREA(#12821);
#12821 = FILL_AREA_STYLE('',(#12822));
#12822 = FILL_AREA_STYLE_COLOUR('',#11337);
#12823 = CURVE_STYLE('',#12824,POSITIVE_LENGTH_MEASURE(0.1),#11337);
#12824 = DRAUGHTING_PRE_DEFINED_CURVE_FONT('continuous');
#12825 = STYLED_ITEM('color',(#12826),#7631);
#12826 = PRESENTATION_STYLE_ASSIGNMENT((#12827,#12832));
#12827 = SURFACE_STYLE_USAGE(.BOTH.,#12828);
#12828 = SURFACE_SIDE_STYLE('',(#12829));
#12829 = SURFACE_STYLE_FILL_AREA(#12830);
#12830 = FILL_AREA_STYLE('',(#12831));
#12831 = FILL_AREA_STYLE_COLOUR('',#11337);
#12832 = CURVE_STYLE('',#12833,POSITIVE_LENGTH_MEASURE(0.1),#11337);
#12833 = DRAUGHTING_PRE_DEFINED_CURVE_FONT('continuous');
#12834 = STYLED_ITEM('color',(#12835),#7648);
#12835 = PRESENTATION_STYLE_ASSIGNMENT((#12836,#12841));
#12836 = SURFACE_STYLE_USAGE(.BOTH.,#12837);
#12837 = SURFACE_SIDE_STYLE('',(#12838));
#12838 = SURFACE_STYLE_FILL_AREA(#12839);
#12839 = FILL_AREA_STYLE('',(#12840));
#12840 = FILL_AREA_STYLE_COLOUR('',#11337);
#12841 = CURVE_STYLE('',#12842,POSITIVE_LENGTH_MEASURE(0.1),#11337);
#12842 = DRAUGHTING_PRE_DEFINED_CURVE_FONT('continuous');
#12843 = STYLED_ITEM('color',(#12844),#7665);
#12844 = PRESENTATION_STYLE_ASSIGNMENT((#12845,#12850));
#12845 = SURFACE_STYLE_USAGE(.BOTH.,#12846);
#12846 = SURFACE_SIDE_STYLE('',(#12847));
#12847 = SURFACE_STYLE_FILL_AREA(#12848);
#12848 = FILL_AREA_STYLE('',(#12849));
#12849 = FILL_AREA_STYLE_COLOUR('',#11337);
#12850 = CURVE_STYLE('',#12851,POSITIVE_LENGTH_MEASURE(0.1),#11337);
#12851 = DRAUGHTING_PRE_DEFINED_CURVE_FONT('continuous');
#12852 = STYLED_ITEM('color',(#12853),#7682);
#12853 = PRESENTATION_STYLE_ASSIGNMENT((#12854,#12859));
#12854 = SURFACE_STYLE_USAGE(.BOTH.,#12855);
#12855 = SURFACE_SIDE_STYLE('',(#12856));
#12856 = SURFACE_STYLE_FILL_AREA(#12857);
#12857 = FILL_AREA_STYLE('',(#12858));
#12858 = FILL_AREA_STYLE_COLOUR('',#11337);
#12859 = CURVE_STYLE('',#12860,POSITIVE_LENGTH_MEASURE(0.1),#11337);
#12860 = DRAUGHTING_PRE_DEFINED_CURVE_FONT('continuous');
#12861 = STYLED_ITEM('color',(#12862),#7699);
#12862 = PRESENTATION_STYLE_ASSIGNMENT((#12863,#12868));
#12863 = SURFACE_STYLE_USAGE(.BOTH.,#12864);
#12864 = SURFACE_SIDE_STYLE('',(#12865));
#12865 = SURFACE_STYLE_FILL_AREA(#12866);
#12866 = FILL_AREA_STYLE('',(#12867));
#12867 = FILL_AREA_STYLE_COLOUR('',#11337);
#12868 = CURVE_STYLE('',#12869,POSITIVE_LENGTH_MEASURE(0.1),#11337);
#12869 = DRAUGHTING_PRE_DEFINED_CURVE_FONT('continuous');
#12870 = STYLED_ITEM('color',(#12871),#7711);
#12871 = PRESENTATION_STYLE_ASSIGNMENT((#12872,#12877));
#12872 = SURFACE_STYLE_USAGE(.BOTH.,#12873);
#12873 = SURFACE_SIDE_STYLE('',(#12874));
#12874 = SURFACE_STYLE_FILL_AREA(#12875);
#12875 = FILL_AREA_STYLE('',(#12876));
#12876 = FILL_AREA_STYLE_COLOUR('',#11337);
#12877 = CURVE_STYLE('',#12878,POSITIVE_LENGTH_MEASURE(0.1),#11337);
#12878 = DRAUGHTING_PRE_DEFINED_CURVE_FONT('continuous');
#12879 = STYLED_ITEM('color',(#12880),#7728);
#12880 = PRESENTATION_STYLE_ASSIGNMENT((#12881,#12886));
#12881 = SURFACE_STYLE_USAGE(.BOTH.,#12882);
#12882 = SURFACE_SIDE_STYLE('',(#12883));
#12883 = SURFACE_STYLE_FILL_AREA(#12884);
#12884 = FILL_AREA_STYLE('',(#12885));
#12885 = FILL_AREA_STYLE_COLOUR('',#11337);
#12886 = CURVE_STYLE('',#12887,POSITIVE_LENGTH_MEASURE(0.1),#11337);
#12887 = DRAUGHTING_PRE_DEFINED_CURVE_FONT('continuous');
#12888 = STYLED_ITEM('color',(#12889),#7745);
#12889 = PRESENTATION_STYLE_ASSIGNMENT((#12890,#12895));
#12890 = SURFACE_STYLE_USAGE(.BOTH.,#12891);
#12891 = SURFACE_SIDE_STYLE('',(#12892));
#12892 = SURFACE_STYLE_FILL_AREA(#12893);
#12893 = FILL_AREA_STYLE('',(#12894));
#12894 = FILL_AREA_STYLE_COLOUR('',#11337);
#12895 = CURVE_STYLE('',#12896,POSITIVE_LENGTH_MEASURE(0.1),#11337);
#12896 = DRAUGHTING_PRE_DEFINED_CURVE_FONT('continuous');
#12897 = STYLED_ITEM('color',(#12898),#7762);
#12898 = PRESENTATION_STYLE_ASSIGNMENT((#12899,#12904));
#12899 = SURFACE_STYLE_USAGE(.BOTH.,#12900);
#12900 = SURFACE_SIDE_STYLE('',(#12901));
#12901 = SURFACE_STYLE_FILL_AREA(#12902);
#12902 = FILL_AREA_STYLE('',(#12903));
#12903 = FILL_AREA_STYLE_COLOUR('',#11337);
#12904 = CURVE_STYLE('',#12905,POSITIVE_LENGTH_MEASURE(0.1),#11337);
#12905 = DRAUGHTING_PRE_DEFINED_CURVE_FONT('continuous');
#12906 = STYLED_ITEM('color',(#12907),#7779);
#12907 = PRESENTATION_STYLE_ASSIGNMENT((#12908,#12913));
#12908 = SURFACE_STYLE_USAGE(.BOTH.,#12909);
#12909 = SURFACE_SIDE_STYLE('',(#12910));
#12910 = SURFACE_STYLE_FILL_AREA(#12911);
#12911 = FILL_AREA_STYLE('',(#12912));
#12912 = FILL_AREA_STYLE_COLOUR('',#11337);
#12913 = CURVE_STYLE('',#12914,POSITIVE_LENGTH_MEASURE(0.1),#11337);
#12914 = DRAUGHTING_PRE_DEFINED_CURVE_FONT('continuous');
#12915 = STYLED_ITEM('color',(#12916),#7791);
#12916 = PRESENTATION_STYLE_ASSIGNMENT((#12917,#12922));
#12917 = SURFACE_STYLE_USAGE(.BOTH.,#12918);
#12918 = SURFACE_SIDE_STYLE('',(#12919));
#12919 = SURFACE_STYLE_FILL_AREA(#12920);
#12920 = FILL_AREA_STYLE('',(#12921));
#12921 = FILL_AREA_STYLE_COLOUR('',#11337);
#12922 = CURVE_STYLE('',#12923,POSITIVE_LENGTH_MEASURE(0.1),#11337);
#12923 = DRAUGHTING_PRE_DEFINED_CURVE_FONT('continuous');
#12924 = STYLED_ITEM('color',(#12925),#7808);
#12925 = PRESENTATION_STYLE_ASSIGNMENT((#12926,#12931));
#12926 = SURFACE_STYLE_USAGE(.BOTH.,#12927);
#12927 = SURFACE_SIDE_STYLE('',(#12928));
#12928 = SURFACE_STYLE_FILL_AREA(#12929);
#12929 = FILL_AREA_STYLE('',(#12930));
#12930 = FILL_AREA_STYLE_COLOUR('',#11337);
#12931 = CURVE_STYLE('',#12932,POSITIVE_LENGTH_MEASURE(0.1),#11337);
#12932 = DRAUGHTING_PRE_DEFINED_CURVE_FONT('continuous');
#12933 = STYLED_ITEM('color',(#12934),#7825);
#12934 = PRESENTATION_STYLE_ASSIGNMENT((#12935,#12940));
#12935 = SURFACE_STYLE_USAGE(.BOTH.,#12936);
#12936 = SURFACE_SIDE_STYLE('',(#12937));
#12937 = SURFACE_STYLE_FILL_AREA(#12938);
#12938 = FILL_AREA_STYLE('',(#12939));
#12939 = FILL_AREA_STYLE_COLOUR('',#11337);
#12940 = CURVE_STYLE('',#12941,POSITIVE_LENGTH_MEASURE(0.1),#11337);
#12941 = DRAUGHTING_PRE_DEFINED_CURVE_FONT('continuous');
#12942 = STYLED_ITEM('color',(#12943),#7842);
#12943 = PRESENTATION_STYLE_ASSIGNMENT((#12944,#12949));
#12944 = SURFACE_STYLE_USAGE(.BOTH.,#12945);
#12945 = SURFACE_SIDE_STYLE('',(#12946));
#12946 = SURFACE_STYLE_FILL_AREA(#12947);
#12947 = FILL_AREA_STYLE('',(#12948));
#12948 = FILL_AREA_STYLE_COLOUR('',#11337);
#12949 = CURVE_STYLE('',#12950,POSITIVE_LENGTH_MEASURE(0.1),#11337);
#12950 = DRAUGHTING_PRE_DEFINED_CURVE_FONT('continuous');
#12951 = STYLED_ITEM('color',(#12952),#7859);
#12952 = PRESENTATION_STYLE_ASSIGNMENT((#12953,#12958));
#12953 = SURFACE_STYLE_USAGE(.BOTH.,#12954);
#12954 = SURFACE_SIDE_STYLE('',(#12955));
#12955 = SURFACE_STYLE_FILL_AREA(#12956);
#12956 = FILL_AREA_STYLE('',(#12957));
#12957 = FILL_AREA_STYLE_COLOUR('',#11337);
#12958 = CURVE_STYLE('',#12959,POSITIVE_LENGTH_MEASURE(0.1),#11337);
#12959 = DRAUGHTING_PRE_DEFINED_CURVE_FONT('continuous');
#12960 = STYLED_ITEM('color',(#12961),#7871);
#12961 = PRESENTATION_STYLE_ASSIGNMENT((#12962,#12967));
#12962 = SURFACE_STYLE_USAGE(.BOTH.,#12963);
#12963 = SURFACE_SIDE_STYLE('',(#12964));
#12964 = SURFACE_STYLE_FILL_AREA(#12965);
#12965 = FILL_AREA_STYLE('',(#12966));
#12966 = FILL_AREA_STYLE_COLOUR('',#11337);
#12967 = CURVE_STYLE('',#12968,POSITIVE_LENGTH_MEASURE(0.1),#11337);
#12968 = DRAUGHTING_PRE_DEFINED_CURVE_FONT('continuous');
#12969 = STYLED_ITEM('color',(#12970),#7888);
#12970 = PRESENTATION_STYLE_ASSIGNMENT((#12971,#12976));
#12971 = SURFACE_STYLE_USAGE(.BOTH.,#12972);
#12972 = SURFACE_SIDE_STYLE('',(#12973));
#12973 = SURFACE_STYLE_FILL_AREA(#12974);
#12974 = FILL_AREA_STYLE('',(#12975));
#12975 = FILL_AREA_STYLE_COLOUR('',#11337);
#12976 = CURVE_STYLE('',#12977,POSITIVE_LENGTH_MEASURE(0.1),#11337);
#12977 = DRAUGHTING_PRE_DEFINED_CURVE_FONT('continuous');
#12978 = STYLED_ITEM('color',(#12979),#7905);
#12979 = PRESENTATION_STYLE_ASSIGNMENT((#12980,#12985));
#12980 = SURFACE_STYLE_USAGE(.BOTH.,#12981);
#12981 = SURFACE_SIDE_STYLE('',(#12982));
#12982 = SURFACE_STYLE_FILL_AREA(#12983);
#12983 = FILL_AREA_STYLE('',(#12984));
#12984 = FILL_AREA_STYLE_COLOUR('',#11337);
#12985 = CURVE_STYLE('',#12986,POSITIVE_LENGTH_MEASURE(0.1),#11337);
#12986 = DRAUGHTING_PRE_DEFINED_CURVE_FONT('continuous');
#12987 = STYLED_ITEM('color',(#12988),#7922);
#12988 = PRESENTATION_STYLE_ASSIGNMENT((#12989,#12994));
#12989 = SURFACE_STYLE_USAGE(.BOTH.,#12990);
#12990 = SURFACE_SIDE_STYLE('',(#12991));
#12991 = SURFACE_STYLE_FILL_AREA(#12992);
#12992 = FILL_AREA_STYLE('',(#12993));
#12993 = FILL_AREA_STYLE_COLOUR('',#11337);
#12994 = CURVE_STYLE('',#12995,POSITIVE_LENGTH_MEASURE(0.1),#11337);
#12995 = DRAUGHTING_PRE_DEFINED_CURVE_FONT('continuous');
#12996 = STYLED_ITEM('color',(#12997),#7939);
#12997 = PRESENTATION_STYLE_ASSIGNMENT((#12998,#13003));
#12998 = SURFACE_STYLE_USAGE(.BOTH.,#12999);
#12999 = SURFACE_SIDE_STYLE('',(#13000));
#13000 = SURFACE_STYLE_FILL_AREA(#13001);
#13001 = FILL_AREA_STYLE('',(#13002));
#13002 = FILL_AREA_STYLE_COLOUR('',#11337);
#13003 = CURVE_STYLE('',#13004,POSITIVE_LENGTH_MEASURE(0.1),#11337);
#13004 = DRAUGHTING_PRE_DEFINED_CURVE_FONT('continuous');
#13005 = STYLED_ITEM('color',(#13006),#7951);
#13006 = PRESENTATION_STYLE_ASSIGNMENT((#13007,#13012));
#13007 = SURFACE_STYLE_USAGE(.BOTH.,#13008);
#13008 = SURFACE_SIDE_STYLE('',(#13009));
#13009 = SURFACE_STYLE_FILL_AREA(#13010);
#13010 = FILL_AREA_STYLE('',(#13011));
#13011 = FILL_AREA_STYLE_COLOUR('',#11170);
#13012 = CURVE_STYLE('',#13013,POSITIVE_LENGTH_MEASURE(0.1),#11170);
#13013 = DRAUGHTING_PRE_DEFINED_CURVE_FONT('continuous');
#13014 = OVER_RIDING_STYLED_ITEM('overriding color',(#13015),#7958,
  #13005);
#13015 = PRESENTATION_STYLE_ASSIGNMENT((#13016,#13021));
#13016 = SURFACE_STYLE_USAGE(.BOTH.,#13017);
#13017 = SURFACE_SIDE_STYLE('',(#13018));
#13018 = SURFACE_STYLE_FILL_AREA(#13019);
#13019 = FILL_AREA_STYLE('',(#13020));
#13020 = FILL_AREA_STYLE_COLOUR('',#11337);
#13021 = CURVE_STYLE('',#13022,POSITIVE_LENGTH_MEASURE(0.1),#11337);
#13022 = DRAUGHTING_PRE_DEFINED_CURVE_FONT('continuous');
#13023 = STYLED_ITEM('color',(#13024),#7968);
#13024 = PRESENTATION_STYLE_ASSIGNMENT((#13025,#13030));
#13025 = SURFACE_STYLE_USAGE(.BOTH.,#13026);
#13026 = SURFACE_SIDE_STYLE('',(#13027));
#13027 = SURFACE_STYLE_FILL_AREA(#13028);
#13028 = FILL_AREA_STYLE('',(#13029));
#13029 = FILL_AREA_STYLE_COLOUR('',#11170);
#13030 = CURVE_STYLE('',#13031,POSITIVE_LENGTH_MEASURE(0.1),#11170);
#13031 = DRAUGHTING_PRE_DEFINED_CURVE_FONT('continuous');
#13032 = OVER_RIDING_STYLED_ITEM('overriding color',(#13033),#7973,
  #13023);
#13033 = PRESENTATION_STYLE_ASSIGNMENT((#13034,#13039));
#13034 = SURFACE_STYLE_USAGE(.BOTH.,#13035);
#13035 = SURFACE_SIDE_STYLE('',(#13036));
#13036 = SURFACE_STYLE_FILL_AREA(#13037);
#13037 = FILL_AREA_STYLE('',(#13038));
#13038 = FILL_AREA_STYLE_COLOUR('',#11337);
#13039 = CURVE_STYLE('',#13040,POSITIVE_LENGTH_MEASURE(0.1),#11337);
#13040 = DRAUGHTING_PRE_DEFINED_CURVE_FONT('continuous');
#13041 = STYLED_ITEM('color',(#13042),#7985);
#13042 = PRESENTATION_STYLE_ASSIGNMENT((#13043,#13048));
#13043 = SURFACE_STYLE_USAGE(.BOTH.,#13044);
#13044 = SURFACE_SIDE_STYLE('',(#13045));
#13045 = SURFACE_STYLE_FILL_AREA(#13046);
#13046 = FILL_AREA_STYLE('',(#13047));
#13047 = FILL_AREA_STYLE_COLOUR('',#11337);
#13048 = CURVE_STYLE('',#13049,POSITIVE_LENGTH_MEASURE(0.1),#11337);
#13049 = DRAUGHTING_PRE_DEFINED_CURVE_FONT('continuous');
#13050 = STYLED_ITEM('color',(#13051),#8034);
#13051 = PRESENTATION_STYLE_ASSIGNMENT((#13052,#13057));
#13052 = SURFACE_STYLE_USAGE(.BOTH.,#13053);
#13053 = SURFACE_SIDE_STYLE('',(#13054));
#13054 = SURFACE_STYLE_FILL_AREA(#13055);
#13055 = FILL_AREA_STYLE('',(#13056));
#13056 = FILL_AREA_STYLE_COLOUR('',#11337);
#13057 = CURVE_STYLE('',#13058,POSITIVE_LENGTH_MEASURE(0.1),#11337);
#13058 = DRAUGHTING_PRE_DEFINED_CURVE_FONT('continuous');
#13059 = STYLED_ITEM('color',(#13060),#8058);
#13060 = PRESENTATION_STYLE_ASSIGNMENT((#13061,#13066));
#13061 = SURFACE_STYLE_USAGE(.BOTH.,#13062);
#13062 = SURFACE_SIDE_STYLE('',(#13063));
#13063 = SURFACE_STYLE_FILL_AREA(#13064);
#13064 = FILL_AREA_STYLE('',(#13065));
#13065 = FILL_AREA_STYLE_COLOUR('',#11337);
#13066 = CURVE_STYLE('',#13067,POSITIVE_LENGTH_MEASURE(0.1),#11337);
#13067 = DRAUGHTING_PRE_DEFINED_CURVE_FONT('continuous');
#13068 = STYLED_ITEM('color',(#13069),#8100);
#13069 = PRESENTATION_STYLE_ASSIGNMENT((#13070,#13075));
#13070 = SURFACE_STYLE_USAGE(.BOTH.,#13071);
#13071 = SURFACE_SIDE_STYLE('',(#13072));
#13072 = SURFACE_STYLE_FILL_AREA(#13073);
#13073 = FILL_AREA_STYLE('',(#13074));
#13074 = FILL_AREA_STYLE_COLOUR('',#11337);
#13075 = CURVE_STYLE('',#13076,POSITIVE_LENGTH_MEASURE(0.1),#11337);
#13076 = DRAUGHTING_PRE_DEFINED_CURVE_FONT('continuous');
#13077 = STYLED_ITEM('color',(#13078),#8117);
#13078 = PRESENTATION_STYLE_ASSIGNMENT((#13079,#13084));
#13079 = SURFACE_STYLE_USAGE(.BOTH.,#13080);
#13080 = SURFACE_SIDE_STYLE('',(#13081));
#13081 = SURFACE_STYLE_FILL_AREA(#13082);
#13082 = FILL_AREA_STYLE('',(#13083));
#13083 = FILL_AREA_STYLE_COLOUR('',#11170);
#13084 = CURVE_STYLE('',#13085,POSITIVE_LENGTH_MEASURE(0.1),#11170);
#13085 = DRAUGHTING_PRE_DEFINED_CURVE_FONT('continuous');
#13086 = OVER_RIDING_STYLED_ITEM('overriding color',(#13087),#8124,
  #13077);
#13087 = PRESENTATION_STYLE_ASSIGNMENT((#13088,#13093));
#13088 = SURFACE_STYLE_USAGE(.BOTH.,#13089);
#13089 = SURFACE_SIDE_STYLE('',(#13090));
#13090 = SURFACE_STYLE_FILL_AREA(#13091);
#13091 = FILL_AREA_STYLE('',(#13092));
#13092 = FILL_AREA_STYLE_COLOUR('',#11337);
#13093 = CURVE_STYLE('',#13094,POSITIVE_LENGTH_MEASURE(0.1),#11337);
#13094 = DRAUGHTING_PRE_DEFINED_CURVE_FONT('continuous');
#13095 = STYLED_ITEM('color',(#13096),#8134);
#13096 = PRESENTATION_STYLE_ASSIGNMENT((#13097,#13102));
#13097 = SURFACE_STYLE_USAGE(.BOTH.,#13098);
#13098 = SURFACE_SIDE_STYLE('',(#13099));
#13099 = SURFACE_STYLE_FILL_AREA(#13100);
#13100 = FILL_AREA_STYLE('',(#13101));
#13101 = FILL_AREA_STYLE_COLOUR('',#11170);
#13102 = CURVE_STYLE('',#13103,POSITIVE_LENGTH_MEASURE(0.1),#11170);
#13103 = DRAUGHTING_PRE_DEFINED_CURVE_FONT('continuous');
#13104 = OVER_RIDING_STYLED_ITEM('overriding color',(#13105),#8139,
  #13095);
#13105 = PRESENTATION_STYLE_ASSIGNMENT((#13106,#13111));
#13106 = SURFACE_STYLE_USAGE(.BOTH.,#13107);
#13107 = SURFACE_SIDE_STYLE('',(#13108));
#13108 = SURFACE_STYLE_FILL_AREA(#13109);
#13109 = FILL_AREA_STYLE('',(#13110));
#13110 = FILL_AREA_STYLE_COLOUR('',#11337);
#13111 = CURVE_STYLE('',#13112,POSITIVE_LENGTH_MEASURE(0.1),#11337);
#13112 = DRAUGHTING_PRE_DEFINED_CURVE_FONT('continuous');
#13113 = STYLED_ITEM('color',(#13114),#8151);
#13114 = PRESENTATION_STYLE_ASSIGNMENT((#13115,#13120));
#13115 = SURFACE_STYLE_USAGE(.BOTH.,#13116);
#13116 = SURFACE_SIDE_STYLE('',(#13117));
#13117 = SURFACE_STYLE_FILL_AREA(#13118);
#13118 = FILL_AREA_STYLE('',(#13119));
#13119 = FILL_AREA_STYLE_COLOUR('',#11337);
#13120 = CURVE_STYLE('',#13121,POSITIVE_LENGTH_MEASURE(0.1),#11337);
#13121 = DRAUGHTING_PRE_DEFINED_CURVE_FONT('continuous');
#13122 = STYLED_ITEM('color',(#13123),#8200);
#13123 = PRESENTATION_STYLE_ASSIGNMENT((#13124,#13129));
#13124 = SURFACE_STYLE_USAGE(.BOTH.,#13125);
#13125 = SURFACE_SIDE_STYLE('',(#13126));
#13126 = SURFACE_STYLE_FILL_AREA(#13127);
#13127 = FILL_AREA_STYLE('',(#13128));
#13128 = FILL_AREA_STYLE_COLOUR('',#11337);
#13129 = CURVE_STYLE('',#13130,POSITIVE_LENGTH_MEASURE(0.1),#11337);
#13130 = DRAUGHTING_PRE_DEFINED_CURVE_FONT('continuous');
#13131 = STYLED_ITEM('color',(#13132),#8224);
#13132 = PRESENTATION_STYLE_ASSIGNMENT((#13133,#13138));
#13133 = SURFACE_STYLE_USAGE(.BOTH.,#13134);
#13134 = SURFACE_SIDE_STYLE('',(#13135));
#13135 = SURFACE_STYLE_FILL_AREA(#13136);
#13136 = FILL_AREA_STYLE('',(#13137));
#13137 = FILL_AREA_STYLE_COLOUR('',#11337);
#13138 = CURVE_STYLE('',#13139,POSITIVE_LENGTH_MEASURE(0.1),#11337);
#13139 = DRAUGHTING_PRE_DEFINED_CURVE_FONT('continuous');
#13140 = STYLED_ITEM('color',(#13141),#8266);
#13141 = PRESENTATION_STYLE_ASSIGNMENT((#13142,#13147));
#13142 = SURFACE_STYLE_USAGE(.BOTH.,#13143);
#13143 = SURFACE_SIDE_STYLE('',(#13144));
#13144 = SURFACE_STYLE_FILL_AREA(#13145);
#13145 = FILL_AREA_STYLE('',(#13146));
#13146 = FILL_AREA_STYLE_COLOUR('',#11337);
#13147 = CURVE_STYLE('',#13148,POSITIVE_LENGTH_MEASURE(0.1),#11337);
#13148 = DRAUGHTING_PRE_DEFINED_CURVE_FONT('continuous');
#13149 = STYLED_ITEM('color',(#13150),#8283);
#13150 = PRESENTATION_STYLE_ASSIGNMENT((#13151,#13156));
#13151 = SURFACE_STYLE_USAGE(.BOTH.,#13152);
#13152 = SURFACE_SIDE_STYLE('',(#13153));
#13153 = SURFACE_STYLE_FILL_AREA(#13154);
#13154 = FILL_AREA_STYLE('',(#13155));
#13155 = FILL_AREA_STYLE_COLOUR('',#11170);
#13156 = CURVE_STYLE('',#13157,POSITIVE_LENGTH_MEASURE(0.1),#11170);
#13157 = DRAUGHTING_PRE_DEFINED_CURVE_FONT('continuous');
#13158 = OVER_RIDING_STYLED_ITEM('overriding color',(#13159),#8290,
  #13149);
#13159 = PRESENTATION_STYLE_ASSIGNMENT((#13160,#13165));
#13160 = SURFACE_STYLE_USAGE(.BOTH.,#13161);
#13161 = SURFACE_SIDE_STYLE('',(#13162));
#13162 = SURFACE_STYLE_FILL_AREA(#13163);
#13163 = FILL_AREA_STYLE('',(#13164));
#13164 = FILL_AREA_STYLE_COLOUR('',#11337);
#13165 = CURVE_STYLE('',#13166,POSITIVE_LENGTH_MEASURE(0.1),#11337);
#13166 = DRAUGHTING_PRE_DEFINED_CURVE_FONT('continuous');
#13167 = STYLED_ITEM('color',(#13168),#8300);
#13168 = PRESENTATION_STYLE_ASSIGNMENT((#13169,#13174));
#13169 = SURFACE_STYLE_USAGE(.BOTH.,#13170);
#13170 = SURFACE_SIDE_STYLE('',(#13171));
#13171 = SURFACE_STYLE_FILL_AREA(#13172);
#13172 = FILL_AREA_STYLE('',(#13173));
#13173 = FILL_AREA_STYLE_COLOUR('',#11170);
#13174 = CURVE_STYLE('',#13175,POSITIVE_LENGTH_MEASURE(0.1),#11170);
#13175 = DRAUGHTING_PRE_DEFINED_CURVE_FONT('continuous');
#13176 = OVER_RIDING_STYLED_ITEM('overriding color',(#13177),#8305,
  #13167);
#13177 = PRESENTATION_STYLE_ASSIGNMENT((#13178,#13183));
#13178 = SURFACE_STYLE_USAGE(.BOTH.,#13179);
#13179 = SURFACE_SIDE_STYLE('',(#13180));
#13180 = SURFACE_STYLE_FILL_AREA(#13181);
#13181 = FILL_AREA_STYLE('',(#13182));
#13182 = FILL_AREA_STYLE_COLOUR('',#11337);
#13183 = CURVE_STYLE('',#13184,POSITIVE_LENGTH_MEASURE(0.1),#11337);
#13184 = DRAUGHTING_PRE_DEFINED_CURVE_FONT('continuous');
#13185 = STYLED_ITEM('color',(#13186),#8317);
#13186 = PRESENTATION_STYLE_ASSIGNMENT((#13187,#13192));
#13187 = SURFACE_STYLE_USAGE(.BOTH.,#13188);
#13188 = SURFACE_SIDE_STYLE('',(#13189));
#13189 = SURFACE_STYLE_FILL_AREA(#13190);
#13190 = FILL_AREA_STYLE('',(#13191));
#13191 = FILL_AREA_STYLE_COLOUR('',#11337);
#13192 = CURVE_STYLE('',#13193,POSITIVE_LENGTH_MEASURE(0.1),#11337);
#13193 = DRAUGHTING_PRE_DEFINED_CURVE_FONT('continuous');
#13194 = STYLED_ITEM('color',(#13195),#8366);
#13195 = PRESENTATION_STYLE_ASSIGNMENT((#13196,#13201));
#13196 = SURFACE_STYLE_USAGE(.BOTH.,#13197);
#13197 = SURFACE_SIDE_STYLE('',(#13198));
#13198 = SURFACE_STYLE_FILL_AREA(#13199);
#13199 = FILL_AREA_STYLE('',(#13200));
#13200 = FILL_AREA_STYLE_COLOUR('',#11337);
#13201 = CURVE_STYLE('',#13202,POSITIVE_LENGTH_MEASURE(0.1),#11337);
#13202 = DRAUGHTING_PRE_DEFINED_CURVE_FONT('continuous');
#13203 = STYLED_ITEM('color',(#13204),#8390);
#13204 = PRESENTATION_STYLE_ASSIGNMENT((#13205,#13210));
#13205 = SURFACE_STYLE_USAGE(.BOTH.,#13206);
#13206 = SURFACE_SIDE_STYLE('',(#13207));
#13207 = SURFACE_STYLE_FILL_AREA(#13208);
#13208 = FILL_AREA_STYLE('',(#13209));
#13209 = FILL_AREA_STYLE_COLOUR('',#11337);
#13210 = CURVE_STYLE('',#13211,POSITIVE_LENGTH_MEASURE(0.1),#11337);
#13211 = DRAUGHTING_PRE_DEFINED_CURVE_FONT('continuous');
#13212 = STYLED_ITEM('color',(#13213),#8432);
#13213 = PRESENTATION_STYLE_ASSIGNMENT((#13214,#13219));
#13214 = SURFACE_STYLE_USAGE(.BOTH.,#13215);
#13215 = SURFACE_SIDE_STYLE('',(#13216));
#13216 = SURFACE_STYLE_FILL_AREA(#13217);
#13217 = FILL_AREA_STYLE('',(#13218));
#13218 = FILL_AREA_STYLE_COLOUR('',#11337);
#13219 = CURVE_STYLE('',#13220,POSITIVE_LENGTH_MEASURE(0.1),#11337);
#13220 = DRAUGHTING_PRE_DEFINED_CURVE_FONT('continuous');
#13221 = STYLED_ITEM('color',(#13222),#8449);
#13222 = PRESENTATION_STYLE_ASSIGNMENT((#13223,#13228));
#13223 = SURFACE_STYLE_USAGE(.BOTH.,#13224);
#13224 = SURFACE_SIDE_STYLE('',(#13225));
#13225 = SURFACE_STYLE_FILL_AREA(#13226);
#13226 = FILL_AREA_STYLE('',(#13227));
#13227 = FILL_AREA_STYLE_COLOUR('',#11170);
#13228 = CURVE_STYLE('',#13229,POSITIVE_LENGTH_MEASURE(0.1),#11170);
#13229 = DRAUGHTING_PRE_DEFINED_CURVE_FONT('continuous');
#13230 = OVER_RIDING_STYLED_ITEM('overriding color',(#13231),#8456,
  #13221);
#13231 = PRESENTATION_STYLE_ASSIGNMENT((#13232,#13237));
#13232 = SURFACE_STYLE_USAGE(.BOTH.,#13233);
#13233 = SURFACE_SIDE_STYLE('',(#13234));
#13234 = SURFACE_STYLE_FILL_AREA(#13235);
#13235 = FILL_AREA_STYLE('',(#13236));
#13236 = FILL_AREA_STYLE_COLOUR('',#11337);
#13237 = CURVE_STYLE('',#13238,POSITIVE_LENGTH_MEASURE(0.1),#11337);
#13238 = DRAUGHTING_PRE_DEFINED_CURVE_FONT('continuous');
#13239 = STYLED_ITEM('color',(#13240),#8466);
#13240 = PRESENTATION_STYLE_ASSIGNMENT((#13241,#13246));
#13241 = SURFACE_STYLE_USAGE(.BOTH.,#13242);
#13242 = SURFACE_SIDE_STYLE('',(#13243));
#13243 = SURFACE_STYLE_FILL_AREA(#13244);
#13244 = FILL_AREA_STYLE('',(#13245));
#13245 = FILL_AREA_STYLE_COLOUR('',#11170);
#13246 = CURVE_STYLE('',#13247,POSITIVE_LENGTH_MEASURE(0.1),#11170);
#13247 = DRAUGHTING_PRE_DEFINED_CURVE_FONT('continuous');
#13248 = OVER_RIDING_STYLED_ITEM('overriding color',(#13249),#8471,
  #13239);
#13249 = PRESENTATION_STYLE_ASSIGNMENT((#13250,#13255));
#13250 = SURFACE_STYLE_USAGE(.BOTH.,#13251);
#13251 = SURFACE_SIDE_STYLE('',(#13252));
#13252 = SURFACE_STYLE_FILL_AREA(#13253);
#13253 = FILL_AREA_STYLE('',(#13254));
#13254 = FILL_AREA_STYLE_COLOUR('',#11337);
#13255 = CURVE_STYLE('',#13256,POSITIVE_LENGTH_MEASURE(0.1),#11337);
#13256 = DRAUGHTING_PRE_DEFINED_CURVE_FONT('continuous');
#13257 = STYLED_ITEM('color',(#13258),#8483);
#13258 = PRESENTATION_STYLE_ASSIGNMENT((#13259,#13264));
#13259 = SURFACE_STYLE_USAGE(.BOTH.,#13260);
#13260 = SURFACE_SIDE_STYLE('',(#13261));
#13261 = SURFACE_STYLE_FILL_AREA(#13262);
#13262 = FILL_AREA_STYLE('',(#13263));
#13263 = FILL_AREA_STYLE_COLOUR('',#11337);
#13264 = CURVE_STYLE('',#13265,POSITIVE_LENGTH_MEASURE(0.1),#11337);
#13265 = DRAUGHTING_PRE_DEFINED_CURVE_FONT('continuous');
#13266 = STYLED_ITEM('color',(#13267),#8532);
#13267 = PRESENTATION_STYLE_ASSIGNMENT((#13268,#13273));
#13268 = SURFACE_STYLE_USAGE(.BOTH.,#13269);
#13269 = SURFACE_SIDE_STYLE('',(#13270));
#13270 = SURFACE_STYLE_FILL_AREA(#13271);
#13271 = FILL_AREA_STYLE('',(#13272));
#13272 = FILL_AREA_STYLE_COLOUR('',#11337);
#13273 = CURVE_STYLE('',#13274,POSITIVE_LENGTH_MEASURE(0.1),#11337);
#13274 = DRAUGHTING_PRE_DEFINED_CURVE_FONT('continuous');
#13275 = STYLED_ITEM('color',(#13276),#8556);
#13276 = PRESENTATION_STYLE_ASSIGNMENT((#13277,#13282));
#13277 = SURFACE_STYLE_USAGE(.BOTH.,#13278);
#13278 = SURFACE_SIDE_STYLE('',(#13279));
#13279 = SURFACE_STYLE_FILL_AREA(#13280);
#13280 = FILL_AREA_STYLE('',(#13281));
#13281 = FILL_AREA_STYLE_COLOUR('',#11337);
#13282 = CURVE_STYLE('',#13283,POSITIVE_LENGTH_MEASURE(0.1),#11337);
#13283 = DRAUGHTING_PRE_DEFINED_CURVE_FONT('continuous');
#13284 = STYLED_ITEM('color',(#13285),#8598);
#13285 = PRESENTATION_STYLE_ASSIGNMENT((#13286,#13291));
#13286 = SURFACE_STYLE_USAGE(.BOTH.,#13287);
#13287 = SURFACE_SIDE_STYLE('',(#13288));
#13288 = SURFACE_STYLE_FILL_AREA(#13289);
#13289 = FILL_AREA_STYLE('',(#13290));
#13290 = FILL_AREA_STYLE_COLOUR('',#11337);
#13291 = CURVE_STYLE('',#13292,POSITIVE_LENGTH_MEASURE(0.1),#11337);
#13292 = DRAUGHTING_PRE_DEFINED_CURVE_FONT('continuous');
#13293 = STYLED_ITEM('color',(#13294),#8615);
#13294 = PRESENTATION_STYLE_ASSIGNMENT((#13295,#13300));
#13295 = SURFACE_STYLE_USAGE(.BOTH.,#13296);
#13296 = SURFACE_SIDE_STYLE('',(#13297));
#13297 = SURFACE_STYLE_FILL_AREA(#13298);
#13298 = FILL_AREA_STYLE('',(#13299));
#13299 = FILL_AREA_STYLE_COLOUR('',#11170);
#13300 = CURVE_STYLE('',#13301,POSITIVE_LENGTH_MEASURE(0.1),#11170);
#13301 = DRAUGHTING_PRE_DEFINED_CURVE_FONT('continuous');
#13302 = OVER_RIDING_STYLED_ITEM('overriding color',(#13303),#8622,
  #13293);
#13303 = PRESENTATION_STYLE_ASSIGNMENT((#13304,#13309));
#13304 = SURFACE_STYLE_USAGE(.BOTH.,#13305);
#13305 = SURFACE_SIDE_STYLE('',(#13306));
#13306 = SURFACE_STYLE_FILL_AREA(#13307);
#13307 = FILL_AREA_STYLE('',(#13308));
#13308 = FILL_AREA_STYLE_COLOUR('',#11337);
#13309 = CURVE_STYLE('',#13310,POSITIVE_LENGTH_MEASURE(0.1),#11337);
#13310 = DRAUGHTING_PRE_DEFINED_CURVE_FONT('continuous');
#13311 = STYLED_ITEM('color',(#13312),#8632);
#13312 = PRESENTATION_STYLE_ASSIGNMENT((#13313,#13318));
#13313 = SURFACE_STYLE_USAGE(.BOTH.,#13314);
#13314 = SURFACE_SIDE_STYLE('',(#13315));
#13315 = SURFACE_STYLE_FILL_AREA(#13316);
#13316 = FILL_AREA_STYLE('',(#13317));
#13317 = FILL_AREA_STYLE_COLOUR('',#11170);
#13318 = CURVE_STYLE('',#13319,POSITIVE_LENGTH_MEASURE(0.1),#11170);
#13319 = DRAUGHTING_PRE_DEFINED_CURVE_FONT('continuous');
#13320 = OVER_RIDING_STYLED_ITEM('overriding color',(#13321),#8637,
  #13311);
#13321 = PRESENTATION_STYLE_ASSIGNMENT((#13322,#13327));
#13322 = SURFACE_STYLE_USAGE(.BOTH.,#13323);
#13323 = SURFACE_SIDE_STYLE('',(#13324));
#13324 = SURFACE_STYLE_FILL_AREA(#13325);
#13325 = FILL_AREA_STYLE('',(#13326));
#13326 = FILL_AREA_STYLE_COLOUR('',#11337);
#13327 = CURVE_STYLE('',#13328,POSITIVE_LENGTH_MEASURE(0.1),#11337);
#13328 = DRAUGHTING_PRE_DEFINED_CURVE_FONT('continuous');
#13329 = STYLED_ITEM('color',(#13330),#8649);
#13330 = PRESENTATION_STYLE_ASSIGNMENT((#13331,#13336));
#13331 = SURFACE_STYLE_USAGE(.BOTH.,#13332);
#13332 = SURFACE_SIDE_STYLE('',(#13333));
#13333 = SURFACE_STYLE_FILL_AREA(#13334);
#13334 = FILL_AREA_STYLE('',(#13335));
#13335 = FILL_AREA_STYLE_COLOUR('',#11337);
#13336 = CURVE_STYLE('',#13337,POSITIVE_LENGTH_MEASURE(0.1),#11337);
#13337 = DRAUGHTING_PRE_DEFINED_CURVE_FONT('continuous');
#13338 = STYLED_ITEM('color',(#13339),#8698);
#13339 = PRESENTATION_STYLE_ASSIGNMENT((#13340,#13345));
#13340 = SURFACE_STYLE_USAGE(.BOTH.,#13341);
#13341 = SURFACE_SIDE_STYLE('',(#13342));
#13342 = SURFACE_STYLE_FILL_AREA(#13343);
#13343 = FILL_AREA_STYLE('',(#13344));
#13344 = FILL_AREA_STYLE_COLOUR('',#11337);
#13345 = CURVE_STYLE('',#13346,POSITIVE_LENGTH_MEASURE(0.1),#11337);
#13346 = DRAUGHTING_PRE_DEFINED_CURVE_FONT('continuous');
#13347 = STYLED_ITEM('color',(#13348),#8722);
#13348 = PRESENTATION_STYLE_ASSIGNMENT((#13349,#13354));
#13349 = SURFACE_STYLE_USAGE(.BOTH.,#13350);
#13350 = SURFACE_SIDE_STYLE('',(#13351));
#13351 = SURFACE_STYLE_FILL_AREA(#13352);
#13352 = FILL_AREA_STYLE('',(#13353));
#13353 = FILL_AREA_STYLE_COLOUR('',#11337);
#13354 = CURVE_STYLE('',#13355,POSITIVE_LENGTH_MEASURE(0.1),#11337);
#13355 = DRAUGHTING_PRE_DEFINED_CURVE_FONT('continuous');
#13356 = STYLED_ITEM('color',(#13357),#8764);
#13357 = PRESENTATION_STYLE_ASSIGNMENT((#13358,#13363));
#13358 = SURFACE_STYLE_USAGE(.BOTH.,#13359);
#13359 = SURFACE_SIDE_STYLE('',(#13360));
#13360 = SURFACE_STYLE_FILL_AREA(#13361);
#13361 = FILL_AREA_STYLE('',(#13362));
#13362 = FILL_AREA_STYLE_COLOUR('',#11337);
#13363 = CURVE_STYLE('',#13364,POSITIVE_LENGTH_MEASURE(0.1),#11337);
#13364 = DRAUGHTING_PRE_DEFINED_CURVE_FONT('continuous');
#13365 = STYLED_ITEM('color',(#13366),#8781);
#13366 = PRESENTATION_STYLE_ASSIGNMENT((#13367,#13372));
#13367 = SURFACE_STYLE_USAGE(.BOTH.,#13368);
#13368 = SURFACE_SIDE_STYLE('',(#13369));
#13369 = SURFACE_STYLE_FILL_AREA(#13370);
#13370 = FILL_AREA_STYLE('',(#13371));
#13371 = FILL_AREA_STYLE_COLOUR('',#11170);
#13372 = CURVE_STYLE('',#13373,POSITIVE_LENGTH_MEASURE(0.1),#11170);
#13373 = DRAUGHTING_PRE_DEFINED_CURVE_FONT('continuous');
#13374 = OVER_RIDING_STYLED_ITEM('overriding color',(#13375),#8788,
  #13365);
#13375 = PRESENTATION_STYLE_ASSIGNMENT((#13376,#13381));
#13376 = SURFACE_STYLE_USAGE(.BOTH.,#13377);
#13377 = SURFACE_SIDE_STYLE('',(#13378));
#13378 = SURFACE_STYLE_FILL_AREA(#13379);
#13379 = FILL_AREA_STYLE('',(#13380));
#13380 = FILL_AREA_STYLE_COLOUR('',#11337);
#13381 = CURVE_STYLE('',#13382,POSITIVE_LENGTH_MEASURE(0.1),#11337);
#13382 = DRAUGHTING_PRE_DEFINED_CURVE_FONT('continuous');
#13383 = STYLED_ITEM('color',(#13384),#8798);
#13384 = PRESENTATION_STYLE_ASSIGNMENT((#13385,#13390));
#13385 = SURFACE_STYLE_USAGE(.BOTH.,#13386);
#13386 = SURFACE_SIDE_STYLE('',(#13387));
#13387 = SURFACE_STYLE_FILL_AREA(#13388);
#13388 = FILL_AREA_STYLE('',(#13389));
#13389 = FILL_AREA_STYLE_COLOUR('',#11170);
#13390 = CURVE_STYLE('',#13391,POSITIVE_LENGTH_MEASURE(0.1),#11170);
#13391 = DRAUGHTING_PRE_DEFINED_CURVE_FONT('continuous');
#13392 = OVER_RIDING_STYLED_ITEM('overriding color',(#13393),#8803,
  #13383);
#13393 = PRESENTATION_STYLE_ASSIGNMENT((#13394,#13399));
#13394 = SURFACE_STYLE_USAGE(.BOTH.,#13395);
#13395 = SURFACE_SIDE_STYLE('',(#13396));
#13396 = SURFACE_STYLE_FILL_AREA(#13397);
#13397 = FILL_AREA_STYLE('',(#13398));
#13398 = FILL_AREA_STYLE_COLOUR('',#11337);
#13399 = CURVE_STYLE('',#13400,POSITIVE_LENGTH_MEASURE(0.1),#11337);
#13400 = DRAUGHTING_PRE_DEFINED_CURVE_FONT('continuous');
#13401 = STYLED_ITEM('color',(#13402),#8815);
#13402 = PRESENTATION_STYLE_ASSIGNMENT((#13403,#13408));
#13403 = SURFACE_STYLE_USAGE(.BOTH.,#13404);
#13404 = SURFACE_SIDE_STYLE('',(#13405));
#13405 = SURFACE_STYLE_FILL_AREA(#13406);
#13406 = FILL_AREA_STYLE('',(#13407));
#13407 = FILL_AREA_STYLE_COLOUR('',#11337);
#13408 = CURVE_STYLE('',#13409,POSITIVE_LENGTH_MEASURE(0.1),#11337);
#13409 = DRAUGHTING_PRE_DEFINED_CURVE_FONT('continuous');
#13410 = STYLED_ITEM('color',(#13411),#8864);
#13411 = PRESENTATION_STYLE_ASSIGNMENT((#13412,#13417));
#13412 = SURFACE_STYLE_USAGE(.BOTH.,#13413);
#13413 = SURFACE_SIDE_STYLE('',(#13414));
#13414 = SURFACE_STYLE_FILL_AREA(#13415);
#13415 = FILL_AREA_STYLE('',(#13416));
#13416 = FILL_AREA_STYLE_COLOUR('',#11337);
#13417 = CURVE_STYLE('',#13418,POSITIVE_LENGTH_MEASURE(0.1),#11337);
#13418 = DRAUGHTING_PRE_DEFINED_CURVE_FONT('continuous');
#13419 = STYLED_ITEM('color',(#13420),#8888);
#13420 = PRESENTATION_STYLE_ASSIGNMENT((#13421,#13426));
#13421 = SURFACE_STYLE_USAGE(.BOTH.,#13422);
#13422 = SURFACE_SIDE_STYLE('',(#13423));
#13423 = SURFACE_STYLE_FILL_AREA(#13424);
#13424 = FILL_AREA_STYLE('',(#13425));
#13425 = FILL_AREA_STYLE_COLOUR('',#11337);
#13426 = CURVE_STYLE('',#13427,POSITIVE_LENGTH_MEASURE(0.1),#11337);
#13427 = DRAUGHTING_PRE_DEFINED_CURVE_FONT('continuous');
#13428 = STYLED_ITEM('color',(#13429),#8930);
#13429 = PRESENTATION_STYLE_ASSIGNMENT((#13430,#13435));
#13430 = SURFACE_STYLE_USAGE(.BOTH.,#13431);
#13431 = SURFACE_SIDE_STYLE('',(#13432));
#13432 = SURFACE_STYLE_FILL_AREA(#13433);
#13433 = FILL_AREA_STYLE('',(#13434));
#13434 = FILL_AREA_STYLE_COLOUR('',#11337);
#13435 = CURVE_STYLE('',#13436,POSITIVE_LENGTH_MEASURE(0.1),#11337);
#13436 = DRAUGHTING_PRE_DEFINED_CURVE_FONT('continuous');
#13437 = STYLED_ITEM('color',(#13438),#8947);
#13438 = PRESENTATION_STYLE_ASSIGNMENT((#13439,#13444));
#13439 = SURFACE_STYLE_USAGE(.BOTH.,#13440);
#13440 = SURFACE_SIDE_STYLE('',(#13441));
#13441 = SURFACE_STYLE_FILL_AREA(#13442);
#13442 = FILL_AREA_STYLE('',(#13443));
#13443 = FILL_AREA_STYLE_COLOUR('',#11170);
#13444 = CURVE_STYLE('',#13445,POSITIVE_LENGTH_MEASURE(0.1),#11170);
#13445 = DRAUGHTING_PRE_DEFINED_CURVE_FONT('continuous');
#13446 = OVER_RIDING_STYLED_ITEM('overriding color',(#13447),#8954,
  #13437);
#13447 = PRESENTATION_STYLE_ASSIGNMENT((#13448,#13453));
#13448 = SURFACE_STYLE_USAGE(.BOTH.,#13449);
#13449 = SURFACE_SIDE_STYLE('',(#13450));
#13450 = SURFACE_STYLE_FILL_AREA(#13451);
#13451 = FILL_AREA_STYLE('',(#13452));
#13452 = FILL_AREA_STYLE_COLOUR('',#11337);
#13453 = CURVE_STYLE('',#13454,POSITIVE_LENGTH_MEASURE(0.1),#11337);
#13454 = DRAUGHTING_PRE_DEFINED_CURVE_FONT('continuous');
#13455 = STYLED_ITEM('color',(#13456),#8964);
#13456 = PRESENTATION_STYLE_ASSIGNMENT((#13457,#13462));
#13457 = SURFACE_STYLE_USAGE(.BOTH.,#13458);
#13458 = SURFACE_SIDE_STYLE('',(#13459));
#13459 = SURFACE_STYLE_FILL_AREA(#13460);
#13460 = FILL_AREA_STYLE('',(#13461));
#13461 = FILL_AREA_STYLE_COLOUR('',#11170);
#13462 = CURVE_STYLE('',#13463,POSITIVE_LENGTH_MEASURE(0.1),#11170);
#13463 = DRAUGHTING_PRE_DEFINED_CURVE_FONT('continuous');
#13464 = OVER_RIDING_STYLED_ITEM('overriding color',(#13465),#8969,
  #13455);
#13465 = PRESENTATION_STYLE_ASSIGNMENT((#13466,#13471));
#13466 = SURFACE_STYLE_USAGE(.BOTH.,#13467);
#13467 = SURFACE_SIDE_STYLE('',(#13468));
#13468 = SURFACE_STYLE_FILL_AREA(#13469);
#13469 = FILL_AREA_STYLE('',(#13470));
#13470 = FILL_AREA_STYLE_COLOUR('',#11337);
#13471 = CURVE_STYLE('',#13472,POSITIVE_LENGTH_MEASURE(0.1),#11337);
#13472 = DRAUGHTING_PRE_DEFINED_CURVE_FONT('continuous');
#13473 = STYLED_ITEM('color',(#13474),#8981);
#13474 = PRESENTATION_STYLE_ASSIGNMENT((#13475,#13480));
#13475 = SURFACE_STYLE_USAGE(.BOTH.,#13476);
#13476 = SURFACE_SIDE_STYLE('',(#13477));
#13477 = SURFACE_STYLE_FILL_AREA(#13478);
#13478 = FILL_AREA_STYLE('',(#13479));
#13479 = FILL_AREA_STYLE_COLOUR('',#11337);
#13480 = CURVE_STYLE('',#13481,POSITIVE_LENGTH_MEASURE(0.1),#11337);
#13481 = DRAUGHTING_PRE_DEFINED_CURVE_FONT('continuous');
#13482 = STYLED_ITEM('color',(#13483),#9030);
#13483 = PRESENTATION_STYLE_ASSIGNMENT((#13484,#13489));
#13484 = SURFACE_STYLE_USAGE(.BOTH.,#13485);
#13485 = SURFACE_SIDE_STYLE('',(#13486));
#13486 = SURFACE_STYLE_FILL_AREA(#13487);
#13487 = FILL_AREA_STYLE('',(#13488));
#13488 = FILL_AREA_STYLE_COLOUR('',#11337);
#13489 = CURVE_STYLE('',#13490,POSITIVE_LENGTH_MEASURE(0.1),#11337);
#13490 = DRAUGHTING_PRE_DEFINED_CURVE_FONT('continuous');
#13491 = STYLED_ITEM('color',(#13492),#9054);
#13492 = PRESENTATION_STYLE_ASSIGNMENT((#13493,#13498));
#13493 = SURFACE_STYLE_USAGE(.BOTH.,#13494);
#13494 = SURFACE_SIDE_STYLE('',(#13495));
#13495 = SURFACE_STYLE_FILL_AREA(#13496);
#13496 = FILL_AREA_STYLE('',(#13497));
#13497 = FILL_AREA_STYLE_COLOUR('',#11337);
#13498 = CURVE_STYLE('',#13499,POSITIVE_LENGTH_MEASURE(0.1),#11337);
#13499 = DRAUGHTING_PRE_DEFINED_CURVE_FONT('continuous');
#13500 = STYLED_ITEM('color',(#13501),#9096);
#13501 = PRESENTATION_STYLE_ASSIGNMENT((#13502,#13507));
#13502 = SURFACE_STYLE_USAGE(.BOTH.,#13503);
#13503 = SURFACE_SIDE_STYLE('',(#13504));
#13504 = SURFACE_STYLE_FILL_AREA(#13505);
#13505 = FILL_AREA_STYLE('',(#13506));
#13506 = FILL_AREA_STYLE_COLOUR('',#11337);
#13507 = CURVE_STYLE('',#13508,POSITIVE_LENGTH_MEASURE(0.1),#11337);
#13508 = DRAUGHTING_PRE_DEFINED_CURVE_FONT('continuous');
#13509 = STYLED_ITEM('color',(#13510),#9113);
#13510 = PRESENTATION_STYLE_ASSIGNMENT((#13511,#13516));
#13511 = SURFACE_STYLE_USAGE(.BOTH.,#13512);
#13512 = SURFACE_SIDE_STYLE('',(#13513));
#13513 = SURFACE_STYLE_FILL_AREA(#13514);
#13514 = FILL_AREA_STYLE('',(#13515));
#13515 = FILL_AREA_STYLE_COLOUR('',#11170);
#13516 = CURVE_STYLE('',#13517,POSITIVE_LENGTH_MEASURE(0.1),#11170);
#13517 = DRAUGHTING_PRE_DEFINED_CURVE_FONT('continuous');
#13518 = OVER_RIDING_STYLED_ITEM('overriding color',(#13519),#9120,
  #13509);
#13519 = PRESENTATION_STYLE_ASSIGNMENT((#13520,#13525));
#13520 = SURFACE_STYLE_USAGE(.BOTH.,#13521);
#13521 = SURFACE_SIDE_STYLE('',(#13522));
#13522 = SURFACE_STYLE_FILL_AREA(#13523);
#13523 = FILL_AREA_STYLE('',(#13524));
#13524 = FILL_AREA_STYLE_COLOUR('',#11337);
#13525 = CURVE_STYLE('',#13526,POSITIVE_LENGTH_MEASURE(0.1),#11337);
#13526 = DRAUGHTING_PRE_DEFINED_CURVE_FONT('continuous');
#13527 = STYLED_ITEM('color',(#13528),#9130);
#13528 = PRESENTATION_STYLE_ASSIGNMENT((#13529,#13534));
#13529 = SURFACE_STYLE_USAGE(.BOTH.,#13530);
#13530 = SURFACE_SIDE_STYLE('',(#13531));
#13531 = SURFACE_STYLE_FILL_AREA(#13532);
#13532 = FILL_AREA_STYLE('',(#13533));
#13533 = FILL_AREA_STYLE_COLOUR('',#11170);
#13534 = CURVE_STYLE('',#13535,POSITIVE_LENGTH_MEASURE(0.1),#11170);
#13535 = DRAUGHTING_PRE_DEFINED_CURVE_FONT('continuous');
#13536 = OVER_RIDING_STYLED_ITEM('overriding color',(#13537),#9135,
  #13527);
#13537 = PRESENTATION_STYLE_ASSIGNMENT((#13538,#13543));
#13538 = SURFACE_STYLE_USAGE(.BOTH.,#13539);
#13539 = SURFACE_SIDE_STYLE('',(#13540));
#13540 = SURFACE_STYLE_FILL_AREA(#13541);
#13541 = FILL_AREA_STYLE('',(#13542));
#13542 = FILL_AREA_STYLE_COLOUR('',#11337);
#13543 = CURVE_STYLE('',#13544,POSITIVE_LENGTH_MEASURE(0.1),#11337);
#13544 = DRAUGHTING_PRE_DEFINED_CURVE_FONT('continuous');
#13545 = STYLED_ITEM('color',(#13546),#9147);
#13546 = PRESENTATION_STYLE_ASSIGNMENT((#13547,#13552));
#13547 = SURFACE_STYLE_USAGE(.BOTH.,#13548);
#13548 = SURFACE_SIDE_STYLE('',(#13549));
#13549 = SURFACE_STYLE_FILL_AREA(#13550);
#13550 = FILL_AREA_STYLE('',(#13551));
#13551 = FILL_AREA_STYLE_COLOUR('',#11337);
#13552 = CURVE_STYLE('',#13553,POSITIVE_LENGTH_MEASURE(0.1),#11337);
#13553 = DRAUGHTING_PRE_DEFINED_CURVE_FONT('continuous');
#13554 = STYLED_ITEM('color',(#13555),#9196);
#13555 = PRESENTATION_STYLE_ASSIGNMENT((#13556,#13561));
#13556 = SURFACE_STYLE_USAGE(.BOTH.,#13557);
#13557 = SURFACE_SIDE_STYLE('',(#13558));
#13558 = SURFACE_STYLE_FILL_AREA(#13559);
#13559 = FILL_AREA_STYLE('',(#13560));
#13560 = FILL_AREA_STYLE_COLOUR('',#11337);
#13561 = CURVE_STYLE('',#13562,POSITIVE_LENGTH_MEASURE(0.1),#11337);
#13562 = DRAUGHTING_PRE_DEFINED_CURVE_FONT('continuous');
#13563 = STYLED_ITEM('color',(#13564),#9220);
#13564 = PRESENTATION_STYLE_ASSIGNMENT((#13565,#13570));
#13565 = SURFACE_STYLE_USAGE(.BOTH.,#13566);
#13566 = SURFACE_SIDE_STYLE('',(#13567));
#13567 = SURFACE_STYLE_FILL_AREA(#13568);
#13568 = FILL_AREA_STYLE('',(#13569));
#13569 = FILL_AREA_STYLE_COLOUR('',#11337);
#13570 = CURVE_STYLE('',#13571,POSITIVE_LENGTH_MEASURE(0.1),#11337);
#13571 = DRAUGHTING_PRE_DEFINED_CURVE_FONT('continuous');
#13572 = STYLED_ITEM('color',(#13573),#9262);
#13573 = PRESENTATION_STYLE_ASSIGNMENT((#13574,#13579));
#13574 = SURFACE_STYLE_USAGE(.BOTH.,#13575);
#13575 = SURFACE_SIDE_STYLE('',(#13576));
#13576 = SURFACE_STYLE_FILL_AREA(#13577);
#13577 = FILL_AREA_STYLE('',(#13578));
#13578 = FILL_AREA_STYLE_COLOUR('',#11337);
#13579 = CURVE_STYLE('',#13580,POSITIVE_LENGTH_MEASURE(0.1),#11337);
#13580 = DRAUGHTING_PRE_DEFINED_CURVE_FONT('continuous');
#13581 = STYLED_ITEM('color',(#13582),#9279);
#13582 = PRESENTATION_STYLE_ASSIGNMENT((#13583,#13588));
#13583 = SURFACE_STYLE_USAGE(.BOTH.,#13584);
#13584 = SURFACE_SIDE_STYLE('',(#13585));
#13585 = SURFACE_STYLE_FILL_AREA(#13586);
#13586 = FILL_AREA_STYLE('',(#13587));
#13587 = FILL_AREA_STYLE_COLOUR('',#11337);
#13588 = CURVE_STYLE('',#13589,POSITIVE_LENGTH_MEASURE(0.1),#11337);
#13589 = DRAUGHTING_PRE_DEFINED_CURVE_FONT('continuous');
#13590 = STYLED_ITEM('color',(#13591),#9296);
#13591 = PRESENTATION_STYLE_ASSIGNMENT((#13592,#13597));
#13592 = SURFACE_STYLE_USAGE(.BOTH.,#13593);
#13593 = SURFACE_SIDE_STYLE('',(#13594));
#13594 = SURFACE_STYLE_FILL_AREA(#13595);
#13595 = FILL_AREA_STYLE('',(#13596));
#13596 = FILL_AREA_STYLE_COLOUR('',#11337);
#13597 = CURVE_STYLE('',#13598,POSITIVE_LENGTH_MEASURE(0.1),#11337);
#13598 = DRAUGHTING_PRE_DEFINED_CURVE_FONT('continuous');
#13599 = STYLED_ITEM('color',(#13600),#9313);
#13600 = PRESENTATION_STYLE_ASSIGNMENT((#13601,#13606));
#13601 = SURFACE_STYLE_USAGE(.BOTH.,#13602);
#13602 = SURFACE_SIDE_STYLE('',(#13603));
#13603 = SURFACE_STYLE_FILL_AREA(#13604);
#13604 = FILL_AREA_STYLE('',(#13605));
#13605 = FILL_AREA_STYLE_COLOUR('',#11337);
#13606 = CURVE_STYLE('',#13607,POSITIVE_LENGTH_MEASURE(0.1),#11337);
#13607 = DRAUGHTING_PRE_DEFINED_CURVE_FONT('continuous');
#13608 = STYLED_ITEM('color',(#13609),#9325);
#13609 = PRESENTATION_STYLE_ASSIGNMENT((#13610,#13615));
#13610 = SURFACE_STYLE_USAGE(.BOTH.,#13611);
#13611 = SURFACE_SIDE_STYLE('',(#13612));
#13612 = SURFACE_STYLE_FILL_AREA(#13613);
#13613 = FILL_AREA_STYLE('',(#13614));
#13614 = FILL_AREA_STYLE_COLOUR('',#11337);
#13615 = CURVE_STYLE('',#13616,POSITIVE_LENGTH_MEASURE(0.1),#11337);
#13616 = DRAUGHTING_PRE_DEFINED_CURVE_FONT('continuous');
#13617 = STYLED_ITEM('color',(#13618),#9342);
#13618 = PRESENTATION_STYLE_ASSIGNMENT((#13619,#13624));
#13619 = SURFACE_STYLE_USAGE(.BOTH.,#13620);
#13620 = SURFACE_SIDE_STYLE('',(#13621));
#13621 = SURFACE_STYLE_FILL_AREA(#13622);
#13622 = FILL_AREA_STYLE('',(#13623));
#13623 = FILL_AREA_STYLE_COLOUR('',#11337);
#13624 = CURVE_STYLE('',#13625,POSITIVE_LENGTH_MEASURE(0.1),#11337);
#13625 = DRAUGHTING_PRE_DEFINED_CURVE_FONT('continuous');
#13626 = STYLED_ITEM('color',(#13627),#9359);
#13627 = PRESENTATION_STYLE_ASSIGNMENT((#13628,#13633));
#13628 = SURFACE_STYLE_USAGE(.BOTH.,#13629);
#13629 = SURFACE_SIDE_STYLE('',(#13630));
#13630 = SURFACE_STYLE_FILL_AREA(#13631);
#13631 = FILL_AREA_STYLE('',(#13632));
#13632 = FILL_AREA_STYLE_COLOUR('',#11337);
#13633 = CURVE_STYLE('',#13634,POSITIVE_LENGTH_MEASURE(0.1),#11337);
#13634 = DRAUGHTING_PRE_DEFINED_CURVE_FONT('continuous');
#13635 = STYLED_ITEM('color',(#13636),#9371);
#13636 = PRESENTATION_STYLE_ASSIGNMENT((#13637,#13642));
#13637 = SURFACE_STYLE_USAGE(.BOTH.,#13638);
#13638 = SURFACE_SIDE_STYLE('',(#13639));
#13639 = SURFACE_STYLE_FILL_AREA(#13640);
#13640 = FILL_AREA_STYLE('',(#13641));
#13641 = FILL_AREA_STYLE_COLOUR('',#11337);
#13642 = CURVE_STYLE('',#13643,POSITIVE_LENGTH_MEASURE(0.1),#11337);
#13643 = DRAUGHTING_PRE_DEFINED_CURVE_FONT('continuous');
#13644 = STYLED_ITEM('color',(#13645),#9388);
#13645 = PRESENTATION_STYLE_ASSIGNMENT((#13646,#13651));
#13646 = SURFACE_STYLE_USAGE(.BOTH.,#13647);
#13647 = SURFACE_SIDE_STYLE('',(#13648));
#13648 = SURFACE_STYLE_FILL_AREA(#13649);
#13649 = FILL_AREA_STYLE('',(#13650));
#13650 = FILL_AREA_STYLE_COLOUR('',#11337);
#13651 = CURVE_STYLE('',#13652,POSITIVE_LENGTH_MEASURE(0.1),#11337);
#13652 = DRAUGHTING_PRE_DEFINED_CURVE_FONT('continuous');
#13653 = STYLED_ITEM('color',(#13654),#9405);
#13654 = PRESENTATION_STYLE_ASSIGNMENT((#13655,#13660));
#13655 = SURFACE_STYLE_USAGE(.BOTH.,#13656);
#13656 = SURFACE_SIDE_STYLE('',(#13657));
#13657 = SURFACE_STYLE_FILL_AREA(#13658);
#13658 = FILL_AREA_STYLE('',(#13659));
#13659 = FILL_AREA_STYLE_COLOUR('',#11337);
#13660 = CURVE_STYLE('',#13661,POSITIVE_LENGTH_MEASURE(0.1),#11337);
#13661 = DRAUGHTING_PRE_DEFINED_CURVE_FONT('continuous');
#13662 = STYLED_ITEM('color',(#13663),#9417);
#13663 = PRESENTATION_STYLE_ASSIGNMENT((#13664,#13669));
#13664 = SURFACE_STYLE_USAGE(.BOTH.,#13665);
#13665 = SURFACE_SIDE_STYLE('',(#13666));
#13666 = SURFACE_STYLE_FILL_AREA(#13667);
#13667 = FILL_AREA_STYLE('',(#13668));
#13668 = FILL_AREA_STYLE_COLOUR('',#11337);
#13669 = CURVE_STYLE('',#13670,POSITIVE_LENGTH_MEASURE(0.1),#11337);
#13670 = DRAUGHTING_PRE_DEFINED_CURVE_FONT('continuous');
#13671 = STYLED_ITEM('color',(#13672),#9434);
#13672 = PRESENTATION_STYLE_ASSIGNMENT((#13673,#13678));
#13673 = SURFACE_STYLE_USAGE(.BOTH.,#13674);
#13674 = SURFACE_SIDE_STYLE('',(#13675));
#13675 = SURFACE_STYLE_FILL_AREA(#13676);
#13676 = FILL_AREA_STYLE('',(#13677));
#13677 = FILL_AREA_STYLE_COLOUR('',#11337);
#13678 = CURVE_STYLE('',#13679,POSITIVE_LENGTH_MEASURE(0.1),#11337);
#13679 = DRAUGHTING_PRE_DEFINED_CURVE_FONT('continuous');
#13680 = STYLED_ITEM('color',(#13681),#9451);
#13681 = PRESENTATION_STYLE_ASSIGNMENT((#13682,#13687));
#13682 = SURFACE_STYLE_USAGE(.BOTH.,#13683);
#13683 = SURFACE_SIDE_STYLE('',(#13684));
#13684 = SURFACE_STYLE_FILL_AREA(#13685);
#13685 = FILL_AREA_STYLE('',(#13686));
#13686 = FILL_AREA_STYLE_COLOUR('',#11337);
#13687 = CURVE_STYLE('',#13688,POSITIVE_LENGTH_MEASURE(0.1),#11337);
#13688 = DRAUGHTING_PRE_DEFINED_CURVE_FONT('continuous');
#13689 = STYLED_ITEM('color',(#13690),#9463);
#13690 = PRESENTATION_STYLE_ASSIGNMENT((#13691,#13696));
#13691 = SURFACE_STYLE_USAGE(.BOTH.,#13692);
#13692 = SURFACE_SIDE_STYLE('',(#13693));
#13693 = SURFACE_STYLE_FILL_AREA(#13694);
#13694 = FILL_AREA_STYLE('',(#13695));
#13695 = FILL_AREA_STYLE_COLOUR('',#11337);
#13696 = CURVE_STYLE('',#13697,POSITIVE_LENGTH_MEASURE(0.1),#11337);
#13697 = DRAUGHTING_PRE_DEFINED_CURVE_FONT('continuous');
#13698 = STYLED_ITEM('color',(#13699),#9480);
#13699 = PRESENTATION_STYLE_ASSIGNMENT((#13700,#13705));
#13700 = SURFACE_STYLE_USAGE(.BOTH.,#13701);
#13701 = SURFACE_SIDE_STYLE('',(#13702));
#13702 = SURFACE_STYLE_FILL_AREA(#13703);
#13703 = FILL_AREA_STYLE('',(#13704));
#13704 = FILL_AREA_STYLE_COLOUR('',#11337);
#13705 = CURVE_STYLE('',#13706,POSITIVE_LENGTH_MEASURE(0.1),#11337);
#13706 = DRAUGHTING_PRE_DEFINED_CURVE_FONT('continuous');
#13707 = STYLED_ITEM('color',(#13708),#9497);
#13708 = PRESENTATION_STYLE_ASSIGNMENT((#13709,#13714));
#13709 = SURFACE_STYLE_USAGE(.BOTH.,#13710);
#13710 = SURFACE_SIDE_STYLE('',(#13711));
#13711 = SURFACE_STYLE_FILL_AREA(#13712);
#13712 = FILL_AREA_STYLE('',(#13713));
#13713 = FILL_AREA_STYLE_COLOUR('',#11337);
#13714 = CURVE_STYLE('',#13715,POSITIVE_LENGTH_MEASURE(0.1),#11337);
#13715 = DRAUGHTING_PRE_DEFINED_CURVE_FONT('continuous');
#13716 = STYLED_ITEM('color',(#13717),#9509);
#13717 = PRESENTATION_STYLE_ASSIGNMENT((#13718,#13723));
#13718 = SURFACE_STYLE_USAGE(.BOTH.,#13719);
#13719 = SURFACE_SIDE_STYLE('',(#13720));
#13720 = SURFACE_STYLE_FILL_AREA(#13721);
#13721 = FILL_AREA_STYLE('',(#13722));
#13722 = FILL_AREA_STYLE_COLOUR('',#11337);
#13723 = CURVE_STYLE('',#13724,POSITIVE_LENGTH_MEASURE(0.1),#11337);
#13724 = DRAUGHTING_PRE_DEFINED_CURVE_FONT('continuous');
#13725 = STYLED_ITEM('color',(#13726),#9526);
#13726 = PRESENTATION_STYLE_ASSIGNMENT((#13727,#13732));
#13727 = SURFACE_STYLE_USAGE(.BOTH.,#13728);
#13728 = SURFACE_SIDE_STYLE('',(#13729));
#13729 = SURFACE_STYLE_FILL_AREA(#13730);
#13730 = FILL_AREA_STYLE('',(#13731));
#13731 = FILL_AREA_STYLE_COLOUR('',#11337);
#13732 = CURVE_STYLE('',#13733,POSITIVE_LENGTH_MEASURE(0.1),#11337);
#13733 = DRAUGHTING_PRE_DEFINED_CURVE_FONT('continuous');
#13734 = STYLED_ITEM('color',(#13735),#9543);
#13735 = PRESENTATION_STYLE_ASSIGNMENT((#13736,#13741));
#13736 = SURFACE_STYLE_USAGE(.BOTH.,#13737);
#13737 = SURFACE_SIDE_STYLE('',(#13738));
#13738 = SURFACE_STYLE_FILL_AREA(#13739);
#13739 = FILL_AREA_STYLE('',(#13740));
#13740 = FILL_AREA_STYLE_COLOUR('',#11337);
#13741 = CURVE_STYLE('',#13742,POSITIVE_LENGTH_MEASURE(0.1),#11337);
#13742 = DRAUGHTING_PRE_DEFINED_CURVE_FONT('continuous');
#13743 = STYLED_ITEM('color',(#13744),#9555);
#13744 = PRESENTATION_STYLE_ASSIGNMENT((#13745,#13750));
#13745 = SURFACE_STYLE_USAGE(.BOTH.,#13746);
#13746 = SURFACE_SIDE_STYLE('',(#13747));
#13747 = SURFACE_STYLE_FILL_AREA(#13748);
#13748 = FILL_AREA_STYLE('',(#13749));
#13749 = FILL_AREA_STYLE_COLOUR('',#11337);
#13750 = CURVE_STYLE('',#13751,POSITIVE_LENGTH_MEASURE(0.1),#11337);
#13751 = DRAUGHTING_PRE_DEFINED_CURVE_FONT('continuous');
#13752 = STYLED_ITEM('color',(#13753),#9572);
#13753 = PRESENTATION_STYLE_ASSIGNMENT((#13754,#13759));
#13754 = SURFACE_STYLE_USAGE(.BOTH.,#13755);
#13755 = SURFACE_SIDE_STYLE('',(#13756));
#13756 = SURFACE_STYLE_FILL_AREA(#13757);
#13757 = FILL_AREA_STYLE('',(#13758));
#13758 = FILL_AREA_STYLE_COLOUR('',#11337);
#13759 = CURVE_STYLE('',#13760,POSITIVE_LENGTH_MEASURE(0.1),#11337);
#13760 = DRAUGHTING_PRE_DEFINED_CURVE_FONT('continuous');
#13761 = STYLED_ITEM('color',(#13762),#9589);
#13762 = PRESENTATION_STYLE_ASSIGNMENT((#13763,#13768));
#13763 = SURFACE_STYLE_USAGE(.BOTH.,#13764);
#13764 = SURFACE_SIDE_STYLE('',(#13765));
#13765 = SURFACE_STYLE_FILL_AREA(#13766);
#13766 = FILL_AREA_STYLE('',(#13767));
#13767 = FILL_AREA_STYLE_COLOUR('',#11337);
#13768 = CURVE_STYLE('',#13769,POSITIVE_LENGTH_MEASURE(0.1),#11337);
#13769 = DRAUGHTING_PRE_DEFINED_CURVE_FONT('continuous');
#13770 = STYLED_ITEM('color',(#13771),#9601);
#13771 = PRESENTATION_STYLE_ASSIGNMENT((#13772,#13777));
#13772 = SURFACE_STYLE_USAGE(.BOTH.,#13773);
#13773 = SURFACE_SIDE_STYLE('',(#13774));
#13774 = SURFACE_STYLE_FILL_AREA(#13775);
#13775 = FILL_AREA_STYLE('',(#13776));
#13776 = FILL_AREA_STYLE_COLOUR('',#11337);
#13777 = CURVE_STYLE('',#13778,POSITIVE_LENGTH_MEASURE(0.1),#11337);
#13778 = DRAUGHTING_PRE_DEFINED_CURVE_FONT('continuous');
#13779 = STYLED_ITEM('color',(#13780),#9618);
#13780 = PRESENTATION_STYLE_ASSIGNMENT((#13781,#13786));
#13781 = SURFACE_STYLE_USAGE(.BOTH.,#13782);
#13782 = SURFACE_SIDE_STYLE('',(#13783));
#13783 = SURFACE_STYLE_FILL_AREA(#13784);
#13784 = FILL_AREA_STYLE('',(#13785));
#13785 = FILL_AREA_STYLE_COLOUR('',#11337);
#13786 = CURVE_STYLE('',#13787,POSITIVE_LENGTH_MEASURE(0.1),#11337);
#13787 = DRAUGHTING_PRE_DEFINED_CURVE_FONT('continuous');
#13788 = STYLED_ITEM('color',(#13789),#9635);
#13789 = PRESENTATION_STYLE_ASSIGNMENT((#13790,#13795));
#13790 = SURFACE_STYLE_USAGE(.BOTH.,#13791);
#13791 = SURFACE_SIDE_STYLE('',(#13792));
#13792 = SURFACE_STYLE_FILL_AREA(#13793);
#13793 = FILL_AREA_STYLE('',(#13794));
#13794 = FILL_AREA_STYLE_COLOUR('',#11337);
#13795 = CURVE_STYLE('',#13796,POSITIVE_LENGTH_MEASURE(0.1),#11337);
#13796 = DRAUGHTING_PRE_DEFINED_CURVE_FONT('continuous');
#13797 = MECHANICAL_DESIGN_GEOMETRIC_PRESENTATION_REPRESENTATION('',(
    #13798),#2766);
#13798 = STYLED_ITEM('color',(#13799),#80);
#13799 = PRESENTATION_STYLE_ASSIGNMENT((#13800));
#13800 = SURFACE_STYLE_USAGE(.BOTH.,#13801);
#13801 = SURFACE_SIDE_STYLE('',(#13802));
#13802 = SURFACE_STYLE_FILL_AREA(#13803);
#13803 = FILL_AREA_STYLE('',(#13804));
#13804 = FILL_AREA_STYLE_COLOUR('',#13805);
#13805 = COLOUR_RGB('',0.792156867455,0.819607826924,0.933333342953);
ENDSEC;
END-ISO-10303-21;
