ISO-10303-21;
HEADER;
/* Generated by software containing ST-Developer
 * from STEP Tools, Inc. (www.steptools.com) 
 */
/* OPTION: using custom renumber hook */

FILE_DESCRIPTION(
/* description */ ('STEP AP242 Edition 2',
'CAx-IF Rec.Pracs.---Representation and Presentation of Product Manufa
cturing Information (PMI)---4.0---2014-10-13',
'CAx-IF Rec.Pracs.---3D Tessellated Geometry---0.4---2014-09-14','2;1',
'CAx-IF Rec.Pracs.---User Defined Attributes---1.5---2016-08-15'),
/* implementation_level */ '2;1');

FILE_NAME(
/* name */ 'Part Studio 1 - Part 1',
/* time_stamp */ '2026-09-11T12:34:15Z',
/* author */ (''),
/* organization */ (''),
/* preprocessor_version */ 'ST-DEVELOPER v20',
/* originating_system */ 'ONSHAPE BY PTC INC, 1.220',
/* authorisation */ '  ');

FILE_SCHEMA (('AP242_MANAGED_MODEL_BASED_3D_ENGINEERING_MIM_LF { 1 0 10303 442 3 1 4 }'));
ENDSEC;

DATA;
#10=SHAPE_REPRESENTATION_RELATIONSHIP('','',#7183,#11);
#11=ADVANCED_BREP_SHAPE_REPRESENTATION('',(#7181),#12372);
#12=OVER_RIDING_STYLED_ITEM('',(#7126),#6815,#7124);
#13=OVER_RIDING_STYLED_ITEM('',(#7127),#6820,#7124);
#14=OVER_RIDING_STYLED_ITEM('',(#7128),#6829,#7124);
#15=OVER_RIDING_STYLED_ITEM('',(#7129),#6857,#7124);
#16=OVER_RIDING_STYLED_ITEM('',(#7130),#6882,#7124);
#17=OVER_RIDING_STYLED_ITEM('',(#7131),#6910,#7124);
#18=OVER_RIDING_STYLED_ITEM('',(#7132),#6924,#7124);
#19=OVER_RIDING_STYLED_ITEM('',(#7133),#6932,#7124);
#20=B_SPLINE_SURFACE_WITH_KNOTS('',3,1,((#10182,#10183),(#10184,#10185),
(#10186,#10187),(#10188,#10189)),.SURF_OF_LINEAR_EXTRUSION.,.F.,.F.,.F.,
(4,4),(2,2),(0.,1.),(0.,1.),.PIECEWISE_BEZIER_KNOTS.);
#21=B_SPLINE_SURFACE_WITH_KNOTS('',3,1,((#10199,#10200),(#10201,#10202),
(#10203,#10204),(#10205,#10206)),.SURF_OF_LINEAR_EXTRUSION.,.F.,.F.,.F.,
(4,4),(2,2),(0.,1.),(0.,1.),.PIECEWISE_BEZIER_KNOTS.);
#22=B_SPLINE_SURFACE_WITH_KNOTS('',3,1,((#10212,#10213),(#10214,#10215),
(#10216,#10217),(#10218,#10219)),.SURF_OF_LINEAR_EXTRUSION.,.F.,.F.,.F.,
(4,4),(2,2),(0.,1.),(0.,1.),.PIECEWISE_BEZIER_KNOTS.);
#23=B_SPLINE_SURFACE_WITH_KNOTS('',3,1,((#10229,#10230),(#10231,#10232),
(#10233,#10234),(#10235,#10236)),.SURF_OF_LINEAR_EXTRUSION.,.F.,.F.,.F.,
(4,4),(2,2),(0.,1.),(0.,1.),.PIECEWISE_BEZIER_KNOTS.);
#24=B_SPLINE_SURFACE_WITH_KNOTS('',3,1,((#10254,#10255),(#10256,#10257),
(#10258,#10259),(#10260,#10261)),.SURF_OF_LINEAR_EXTRUSION.,.F.,.F.,.F.,
(4,4),(2,2),(0.,1.),(0.,1.),.PIECEWISE_BEZIER_KNOTS.);
#25=B_SPLINE_SURFACE_WITH_KNOTS('',3,1,((#10267,#10268),(#10269,#10270),
(#10271,#10272),(#10273,#10274)),.SURF_OF_LINEAR_EXTRUSION.,.F.,.F.,.F.,
(4,4),(2,2),(0.,1.),(0.,1.),.PIECEWISE_BEZIER_KNOTS.);
#26=B_SPLINE_SURFACE_WITH_KNOTS('',3,1,((#10280,#10281),(#10282,#10283),
(#10284,#10285),(#10286,#10287)),.SURF_OF_LINEAR_EXTRUSION.,.F.,.F.,.F.,
(4,4),(2,2),(0.,1.),(0.,1.),.PIECEWISE_BEZIER_KNOTS.);
#27=B_SPLINE_SURFACE_WITH_KNOTS('',3,1,((#10293,#10294),(#10295,#10296),
(#10297,#10298),(#10299,#10300)),.SURF_OF_LINEAR_EXTRUSION.,.F.,.F.,.F.,
(4,4),(2,2),(0.,1.),(0.,1.),.PIECEWISE_BEZIER_KNOTS.);
#28=B_SPLINE_SURFACE_WITH_KNOTS('',3,1,((#10355,#10356),(#10357,#10358),
(#10359,#10360),(#10361,#10362)),.SURF_OF_LINEAR_EXTRUSION.,.F.,.F.,.F.,
(4,4),(2,2),(0.,1.),(0.,1.),.PIECEWISE_BEZIER_KNOTS.);
#29=B_SPLINE_SURFACE_WITH_KNOTS('',3,1,((#10375,#10376),(#10377,#10378),
(#10379,#10380),(#10381,#10382)),.SURF_OF_LINEAR_EXTRUSION.,.F.,.F.,.F.,
(4,4),(2,2),(0.,1.),(0.,1.),.PIECEWISE_BEZIER_KNOTS.);
#30=B_SPLINE_SURFACE_WITH_KNOTS('',3,1,((#10410,#10411),(#10412,#10413),
(#10414,#10415),(#10416,#10417)),.SURF_OF_LINEAR_EXTRUSION.,.F.,.F.,.F.,
(4,4),(2,2),(0.,1.),(0.,1.),.PIECEWISE_BEZIER_KNOTS.);
#31=B_SPLINE_SURFACE_WITH_KNOTS('',3,1,((#10427,#10428),(#10429,#10430),
(#10431,#10432),(#10433,#10434)),.SURF_OF_LINEAR_EXTRUSION.,.F.,.F.,.F.,
(4,4),(2,2),(0.,1.),(0.,1.),.PIECEWISE_BEZIER_KNOTS.);
#32=B_SPLINE_SURFACE_WITH_KNOTS('',3,1,((#10444,#10445),(#10446,#10447),
(#10448,#10449),(#10450,#10451)),.SURF_OF_LINEAR_EXTRUSION.,.F.,.F.,.F.,
(4,4),(2,2),(0.,1.),(0.,1.),.PIECEWISE_BEZIER_KNOTS.);
#33=B_SPLINE_SURFACE_WITH_KNOTS('',3,1,((#10461,#10462),(#10463,#10464),
(#10465,#10466),(#10467,#10468)),.SURF_OF_LINEAR_EXTRUSION.,.F.,.F.,.F.,
(4,4),(2,2),(0.,1.),(0.,1.),.PIECEWISE_BEZIER_KNOTS.);
#34=B_SPLINE_SURFACE_WITH_KNOTS('',3,1,((#10490,#10491),(#10492,#10493),
(#10494,#10495),(#10496,#10497)),.SURF_OF_LINEAR_EXTRUSION.,.F.,.F.,.F.,
(4,4),(2,2),(0.,1.),(0.,1.),.PIECEWISE_BEZIER_KNOTS.);
#35=B_SPLINE_SURFACE_WITH_KNOTS('',3,1,((#10505,#10506),(#10507,#10508),
(#10509,#10510),(#10511,#10512)),.SURF_OF_LINEAR_EXTRUSION.,.F.,.F.,.F.,
(4,4),(2,2),(0.,1.),(0.,1.),.PIECEWISE_BEZIER_KNOTS.);
#36=B_SPLINE_SURFACE_WITH_KNOTS('',3,1,((#10518,#10519),(#10520,#10521),
(#10522,#10523),(#10524,#10525)),.SURF_OF_LINEAR_EXTRUSION.,.F.,.F.,.F.,
(4,4),(2,2),(0.,1.),(0.,1.),.PIECEWISE_BEZIER_KNOTS.);
#37=B_SPLINE_SURFACE_WITH_KNOTS('',3,1,((#10531,#10532),(#10533,#10534),
(#10535,#10536),(#10537,#10538)),.SURF_OF_LINEAR_EXTRUSION.,.F.,.F.,.F.,
(4,4),(2,2),(0.,1.),(0.,1.),.PIECEWISE_BEZIER_KNOTS.);
#38=B_SPLINE_SURFACE_WITH_KNOTS('',3,1,((#10544,#10545),(#10546,#10547),
(#10548,#10549),(#10550,#10551)),.SURF_OF_LINEAR_EXTRUSION.,.F.,.F.,.F.,
(4,4),(2,2),(0.,1.),(0.,1.),.PIECEWISE_BEZIER_KNOTS.);
#39=B_SPLINE_SURFACE_WITH_KNOTS('',3,1,((#10557,#10558),(#10559,#10560),
(#10561,#10562),(#10563,#10564)),.SURF_OF_LINEAR_EXTRUSION.,.F.,.F.,.F.,
(4,4),(2,2),(0.,1.),(0.,1.),.PIECEWISE_BEZIER_KNOTS.);
#40=B_SPLINE_SURFACE_WITH_KNOTS('',3,1,((#10590,#10591),(#10592,#10593),
(#10594,#10595),(#10596,#10597)),.SURF_OF_LINEAR_EXTRUSION.,.F.,.F.,.F.,
(4,4),(2,2),(0.,1.),(0.,1.),.PIECEWISE_BEZIER_KNOTS.);
#41=B_SPLINE_SURFACE_WITH_KNOTS('',3,1,((#10603,#10604),(#10605,#10606),
(#10607,#10608),(#10609,#10610)),.SURF_OF_LINEAR_EXTRUSION.,.F.,.F.,.F.,
(4,4),(2,2),(0.,1.),(0.,1.),.PIECEWISE_BEZIER_KNOTS.);
#42=B_SPLINE_SURFACE_WITH_KNOTS('',3,1,((#10616,#10617),(#10618,#10619),
(#10620,#10621),(#10622,#10623)),.SURF_OF_LINEAR_EXTRUSION.,.F.,.F.,.F.,
(4,4),(2,2),(0.,1.),(0.,1.),.PIECEWISE_BEZIER_KNOTS.);
#43=B_SPLINE_SURFACE_WITH_KNOTS('',3,1,((#10635,#10636),(#10637,#10638),
(#10639,#10640),(#10641,#10642)),.SURF_OF_LINEAR_EXTRUSION.,.F.,.F.,.F.,
(4,4),(2,2),(0.,1.),(0.,1.),.PIECEWISE_BEZIER_KNOTS.);
#44=B_SPLINE_SURFACE_WITH_KNOTS('',3,1,((#10661,#10662),(#10663,#10664),
(#10665,#10666),(#10667,#10668)),.SURF_OF_LINEAR_EXTRUSION.,.F.,.F.,.F.,
(4,4),(2,2),(0.,1.),(0.,1.),.PIECEWISE_BEZIER_KNOTS.);
#45=B_SPLINE_SURFACE_WITH_KNOTS('',3,1,((#10678,#10679),(#10680,#10681),
(#10682,#10683),(#10684,#10685)),.SURF_OF_LINEAR_EXTRUSION.,.F.,.F.,.F.,
(4,4),(2,2),(0.,1.),(0.,1.),.PIECEWISE_BEZIER_KNOTS.);
#46=B_SPLINE_SURFACE_WITH_KNOTS('',3,1,((#10707,#10708),(#10709,#10710),
(#10711,#10712),(#10713,#10714)),.SURF_OF_LINEAR_EXTRUSION.,.F.,.F.,.F.,
(4,4),(2,2),(0.,1.),(0.,1.),.PIECEWISE_BEZIER_KNOTS.);
#47=B_SPLINE_SURFACE_WITH_KNOTS('',3,1,((#10724,#10725),(#10726,#10727),
(#10728,#10729),(#10730,#10731)),.SURF_OF_LINEAR_EXTRUSION.,.F.,.F.,.F.,
(4,4),(2,2),(0.,1.),(0.,1.),.PIECEWISE_BEZIER_KNOTS.);
#48=B_SPLINE_SURFACE_WITH_KNOTS('',3,1,((#10737,#10738),(#10739,#10740),
(#10741,#10742),(#10743,#10744)),.SURF_OF_LINEAR_EXTRUSION.,.F.,.F.,.F.,
(4,4),(2,2),(0.,1.),(0.,1.),.PIECEWISE_BEZIER_KNOTS.);
#49=B_SPLINE_SURFACE_WITH_KNOTS('',3,1,((#10754,#10755),(#10756,#10757),
(#10758,#10759),(#10760,#10761)),.SURF_OF_LINEAR_EXTRUSION.,.F.,.F.,.F.,
(4,4),(2,2),(0.,1.),(0.,1.),.PIECEWISE_BEZIER_KNOTS.);
#50=B_SPLINE_SURFACE_WITH_KNOTS('',3,1,((#10767,#10768),(#10769,#10770),
(#10771,#10772),(#10773,#10774)),.SURF_OF_LINEAR_EXTRUSION.,.F.,.F.,.F.,
(4,4),(2,2),(0.,1.),(0.,1.),.PIECEWISE_BEZIER_KNOTS.);
#51=B_SPLINE_SURFACE_WITH_KNOTS('',3,1,((#10784,#10785),(#10786,#10787),
(#10788,#10789),(#10790,#10791)),.SURF_OF_LINEAR_EXTRUSION.,.F.,.F.,.F.,
(4,4),(2,2),(0.,1.),(0.,1.),.PIECEWISE_BEZIER_KNOTS.);
#52=B_SPLINE_SURFACE_WITH_KNOTS('',3,1,((#10797,#10798),(#10799,#10800),
(#10801,#10802),(#10803,#10804)),.SURF_OF_LINEAR_EXTRUSION.,.F.,.F.,.F.,
(4,4),(2,2),(0.,1.),(0.,1.),.PIECEWISE_BEZIER_KNOTS.);
#53=B_SPLINE_SURFACE_WITH_KNOTS('',3,1,((#10822,#10823),(#10824,#10825),
(#10826,#10827),(#10828,#10829)),.SURF_OF_LINEAR_EXTRUSION.,.F.,.F.,.F.,
(4,4),(2,2),(0.,1.),(0.,1.),.PIECEWISE_BEZIER_KNOTS.);
#54=B_SPLINE_SURFACE_WITH_KNOTS('',3,1,((#10835,#10836),(#10837,#10838),
(#10839,#10840),(#10841,#10842)),.SURF_OF_LINEAR_EXTRUSION.,.F.,.F.,.F.,
(4,4),(2,2),(0.,1.),(0.,1.),.PIECEWISE_BEZIER_KNOTS.);
#55=B_SPLINE_SURFACE_WITH_KNOTS('',3,1,((#10848,#10849),(#10850,#10851),
(#10852,#10853),(#10854,#10855)),.SURF_OF_LINEAR_EXTRUSION.,.F.,.F.,.F.,
(4,4),(2,2),(0.,1.),(0.,1.),.PIECEWISE_BEZIER_KNOTS.);
#56=B_SPLINE_SURFACE_WITH_KNOTS('',3,1,((#10867,#10868),(#10869,#10870),
(#10871,#10872),(#10873,#10874)),.SURF_OF_LINEAR_EXTRUSION.,.F.,.F.,.F.,
(4,4),(2,2),(0.,1.),(0.,1.),.PIECEWISE_BEZIER_KNOTS.);
#57=B_SPLINE_SURFACE_WITH_KNOTS('',3,1,((#10887,#10888),(#10889,#10890),
(#10891,#10892),(#10893,#10894)),.SURF_OF_LINEAR_EXTRUSION.,.F.,.F.,.F.,
(4,4),(2,2),(0.,1.),(0.,1.),.PIECEWISE_BEZIER_KNOTS.);
#58=B_SPLINE_SURFACE_WITH_KNOTS('',3,1,((#10922,#10923),(#10924,#10925),
(#10926,#10927),(#10928,#10929)),.SURF_OF_LINEAR_EXTRUSION.,.F.,.F.,.F.,
(4,4),(2,2),(0.,1.),(0.,1.),.PIECEWISE_BEZIER_KNOTS.);
#59=B_SPLINE_SURFACE_WITH_KNOTS('',3,1,((#10939,#10940),(#10941,#10942),
(#10943,#10944),(#10945,#10946)),.SURF_OF_LINEAR_EXTRUSION.,.F.,.F.,.F.,
(4,4),(2,2),(0.,1.),(0.,1.),.PIECEWISE_BEZIER_KNOTS.);
#60=B_SPLINE_SURFACE_WITH_KNOTS('',3,1,((#10956,#10957),(#10958,#10959),
(#10960,#10961),(#10962,#10963)),.SURF_OF_LINEAR_EXTRUSION.,.F.,.F.,.F.,
(4,4),(2,2),(0.,1.),(0.,1.),.PIECEWISE_BEZIER_KNOTS.);
#61=B_SPLINE_SURFACE_WITH_KNOTS('',3,1,((#10973,#10974),(#10975,#10976),
(#10977,#10978),(#10979,#10980)),.SURF_OF_LINEAR_EXTRUSION.,.F.,.F.,.F.,
(4,4),(2,2),(0.,1.),(0.,1.),.PIECEWISE_BEZIER_KNOTS.);
#62=B_SPLINE_SURFACE_WITH_KNOTS('',3,1,((#11002,#11003),(#11004,#11005),
(#11006,#11007),(#11008,#11009)),.SURF_OF_LINEAR_EXTRUSION.,.F.,.F.,.F.,
(4,4),(2,2),(0.,1.),(0.,1.),.PIECEWISE_BEZIER_KNOTS.);
#63=B_SPLINE_SURFACE_WITH_KNOTS('',3,1,((#11037,#11038),(#11039,#11040),
(#11041,#11042),(#11043,#11044)),.SURF_OF_LINEAR_EXTRUSION.,.F.,.F.,.F.,
(4,4),(2,2),(0.,1.),(0.,1.),.PIECEWISE_BEZIER_KNOTS.);
#64=B_SPLINE_SURFACE_WITH_KNOTS('',3,1,((#11050,#11051),(#11052,#11053),
(#11054,#11055),(#11056,#11057)),.SURF_OF_LINEAR_EXTRUSION.,.F.,.F.,.F.,
(4,4),(2,2),(0.,1.),(0.,1.),.PIECEWISE_BEZIER_KNOTS.);
#65=B_SPLINE_SURFACE_WITH_KNOTS('',3,1,((#11067,#11068),(#11069,#11070),
(#11071,#11072),(#11073,#11074)),.SURF_OF_LINEAR_EXTRUSION.,.F.,.F.,.F.,
(4,4),(2,2),(0.,1.),(0.,1.),.PIECEWISE_BEZIER_KNOTS.);
#66=B_SPLINE_SURFACE_WITH_KNOTS('',3,1,((#11080,#11081),(#11082,#11083),
(#11084,#11085),(#11086,#11087)),.SURF_OF_LINEAR_EXTRUSION.,.F.,.F.,.F.,
(4,4),(2,2),(0.,1.),(0.,1.),.PIECEWISE_BEZIER_KNOTS.);
#67=B_SPLINE_SURFACE_WITH_KNOTS('',3,1,((#11093,#11094),(#11095,#11096),
(#11097,#11098),(#11099,#11100)),.SURF_OF_LINEAR_EXTRUSION.,.F.,.F.,.F.,
(4,4),(2,2),(0.,1.),(0.,1.),.PIECEWISE_BEZIER_KNOTS.);
#68=B_SPLINE_SURFACE_WITH_KNOTS('',3,1,((#11110,#11111),(#11112,#11113),
(#11114,#11115),(#11116,#11117)),.SURF_OF_LINEAR_EXTRUSION.,.F.,.F.,.F.,
(4,4),(2,2),(0.,1.),(0.,1.),.PIECEWISE_BEZIER_KNOTS.);
#69=B_SPLINE_SURFACE_WITH_KNOTS('',3,1,((#11123,#11124),(#11125,#11126),
(#11127,#11128),(#11129,#11130)),.SURF_OF_LINEAR_EXTRUSION.,.F.,.F.,.F.,
(4,4),(2,2),(0.,1.),(0.,1.),.PIECEWISE_BEZIER_KNOTS.);
#70=B_SPLINE_SURFACE_WITH_KNOTS('',3,1,((#11299,#11300),(#11301,#11302),
(#11303,#11304),(#11305,#11306)),.SURF_OF_LINEAR_EXTRUSION.,.F.,.F.,.F.,
(4,4),(2,2),(0.,1.),(0.,1.),.PIECEWISE_BEZIER_KNOTS.);
#71=B_SPLINE_SURFACE_WITH_KNOTS('',3,1,((#11316,#11317),(#11318,#11319),
(#11320,#11321),(#11322,#11323)),.SURF_OF_LINEAR_EXTRUSION.,.F.,.F.,.F.,
(4,4),(2,2),(0.,1.),(0.,1.),.PIECEWISE_BEZIER_KNOTS.);
#72=B_SPLINE_SURFACE_WITH_KNOTS('',3,1,((#11329,#11330),(#11331,#11332),
(#11333,#11334),(#11335,#11336)),.SURF_OF_LINEAR_EXTRUSION.,.F.,.F.,.F.,
(4,4),(2,2),(0.,1.),(0.,1.),.PIECEWISE_BEZIER_KNOTS.);
#73=B_SPLINE_SURFACE_WITH_KNOTS('',3,1,((#11346,#11347),(#11348,#11349),
(#11350,#11351),(#11352,#11353)),.SURF_OF_LINEAR_EXTRUSION.,.F.,.F.,.F.,
(4,4),(2,2),(0.,1.),(0.,1.),.PIECEWISE_BEZIER_KNOTS.);
#74=B_SPLINE_SURFACE_WITH_KNOTS('',3,1,((#11371,#11372),(#11373,#11374),
(#11375,#11376),(#11377,#11378)),.SURF_OF_LINEAR_EXTRUSION.,.F.,.F.,.F.,
(4,4),(2,2),(0.,1.),(0.,1.),.PIECEWISE_BEZIER_KNOTS.);
#75=B_SPLINE_SURFACE_WITH_KNOTS('',3,1,((#11384,#11385),(#11386,#11387),
(#11388,#11389),(#11390,#11391)),.SURF_OF_LINEAR_EXTRUSION.,.F.,.F.,.F.,
(4,4),(2,2),(0.,1.),(0.,1.),.PIECEWISE_BEZIER_KNOTS.);
#76=B_SPLINE_SURFACE_WITH_KNOTS('',3,1,((#11397,#11398),(#11399,#11400),
(#11401,#11402),(#11403,#11404)),.SURF_OF_LINEAR_EXTRUSION.,.F.,.F.,.F.,
(4,4),(2,2),(0.,1.),(0.,1.),.PIECEWISE_BEZIER_KNOTS.);
#77=B_SPLINE_SURFACE_WITH_KNOTS('',3,1,((#11410,#11411),(#11412,#11413),
(#11414,#11415),(#11416,#11417)),.SURF_OF_LINEAR_EXTRUSION.,.F.,.F.,.F.,
(4,4),(2,2),(0.,1.),(0.,1.),.PIECEWISE_BEZIER_KNOTS.);
#78=B_SPLINE_SURFACE_WITH_KNOTS('',3,1,((#11472,#11473),(#11474,#11475),
(#11476,#11477),(#11478,#11479)),.SURF_OF_LINEAR_EXTRUSION.,.F.,.F.,.F.,
(4,4),(2,2),(0.,1.),(0.,1.),.PIECEWISE_BEZIER_KNOTS.);
#79=B_SPLINE_SURFACE_WITH_KNOTS('',3,1,((#11492,#11493),(#11494,#11495),
(#11496,#11497),(#11498,#11499)),.SURF_OF_LINEAR_EXTRUSION.,.F.,.F.,.F.,
(4,4),(2,2),(0.,1.),(0.,1.),.PIECEWISE_BEZIER_KNOTS.);
#80=B_SPLINE_SURFACE_WITH_KNOTS('',3,1,((#11527,#11528),(#11529,#11530),
(#11531,#11532),(#11533,#11534)),.SURF_OF_LINEAR_EXTRUSION.,.F.,.F.,.F.,
(4,4),(2,2),(0.,1.),(0.,1.),.PIECEWISE_BEZIER_KNOTS.);
#81=B_SPLINE_SURFACE_WITH_KNOTS('',3,1,((#11544,#11545),(#11546,#11547),
(#11548,#11549),(#11550,#11551)),.SURF_OF_LINEAR_EXTRUSION.,.F.,.F.,.F.,
(4,4),(2,2),(0.,1.),(0.,1.),.PIECEWISE_BEZIER_KNOTS.);
#82=B_SPLINE_SURFACE_WITH_KNOTS('',3,1,((#11561,#11562),(#11563,#11564),
(#11565,#11566),(#11567,#11568)),.SURF_OF_LINEAR_EXTRUSION.,.F.,.F.,.F.,
(4,4),(2,2),(0.,1.),(0.,1.),.PIECEWISE_BEZIER_KNOTS.);
#83=B_SPLINE_SURFACE_WITH_KNOTS('',3,1,((#11578,#11579),(#11580,#11581),
(#11582,#11583),(#11584,#11585)),.SURF_OF_LINEAR_EXTRUSION.,.F.,.F.,.F.,
(4,4),(2,2),(0.,1.),(0.,1.),.PIECEWISE_BEZIER_KNOTS.);
#84=B_SPLINE_SURFACE_WITH_KNOTS('',3,1,((#11607,#11608),(#11609,#11610),
(#11611,#11612),(#11613,#11614)),.SURF_OF_LINEAR_EXTRUSION.,.F.,.F.,.F.,
(4,4),(2,2),(0.,1.),(0.,1.),.PIECEWISE_BEZIER_KNOTS.);
#85=B_SPLINE_SURFACE_WITH_KNOTS('',3,1,((#11622,#11623),(#11624,#11625),
(#11626,#11627),(#11628,#11629)),.SURF_OF_LINEAR_EXTRUSION.,.F.,.F.,.F.,
(4,4),(2,2),(0.,1.),(0.,1.),.PIECEWISE_BEZIER_KNOTS.);
#86=B_SPLINE_SURFACE_WITH_KNOTS('',3,1,((#11635,#11636),(#11637,#11638),
(#11639,#11640),(#11641,#11642)),.SURF_OF_LINEAR_EXTRUSION.,.F.,.F.,.F.,
(4,4),(2,2),(0.,1.),(0.,1.),.PIECEWISE_BEZIER_KNOTS.);
#87=B_SPLINE_SURFACE_WITH_KNOTS('',3,1,((#11648,#11649),(#11650,#11651),
(#11652,#11653),(#11654,#11655)),.SURF_OF_LINEAR_EXTRUSION.,.F.,.F.,.F.,
(4,4),(2,2),(0.,1.),(0.,1.),.PIECEWISE_BEZIER_KNOTS.);
#88=B_SPLINE_SURFACE_WITH_KNOTS('',3,1,((#11661,#11662),(#11663,#11664),
(#11665,#11666),(#11667,#11668)),.SURF_OF_LINEAR_EXTRUSION.,.F.,.F.,.F.,
(4,4),(2,2),(0.,1.),(0.,1.),.PIECEWISE_BEZIER_KNOTS.);
#89=B_SPLINE_SURFACE_WITH_KNOTS('',3,1,((#11674,#11675),(#11676,#11677),
(#11678,#11679),(#11680,#11681)),.SURF_OF_LINEAR_EXTRUSION.,.F.,.F.,.F.,
(4,4),(2,2),(0.,1.),(0.,1.),.PIECEWISE_BEZIER_KNOTS.);
#90=B_SPLINE_SURFACE_WITH_KNOTS('',3,1,((#11707,#11708),(#11709,#11710),
(#11711,#11712),(#11713,#11714)),.SURF_OF_LINEAR_EXTRUSION.,.F.,.F.,.F.,
(4,4),(2,2),(0.,1.),(0.,1.),.PIECEWISE_BEZIER_KNOTS.);
#91=B_SPLINE_SURFACE_WITH_KNOTS('',3,1,((#11720,#11721),(#11722,#11723),
(#11724,#11725),(#11726,#11727)),.SURF_OF_LINEAR_EXTRUSION.,.F.,.F.,.F.,
(4,4),(2,2),(0.,1.),(0.,1.),.PIECEWISE_BEZIER_KNOTS.);
#92=B_SPLINE_SURFACE_WITH_KNOTS('',3,1,((#11733,#11734),(#11735,#11736),
(#11737,#11738),(#11739,#11740)),.SURF_OF_LINEAR_EXTRUSION.,.F.,.F.,.F.,
(4,4),(2,2),(0.,1.),(0.,1.),.PIECEWISE_BEZIER_KNOTS.);
#93=B_SPLINE_SURFACE_WITH_KNOTS('',3,1,((#11752,#11753),(#11754,#11755),
(#11756,#11757),(#11758,#11759)),.SURF_OF_LINEAR_EXTRUSION.,.F.,.F.,.F.,
(4,4),(2,2),(0.,1.),(0.,1.),.PIECEWISE_BEZIER_KNOTS.);
#94=B_SPLINE_SURFACE_WITH_KNOTS('',3,1,((#11778,#11779),(#11780,#11781),
(#11782,#11783),(#11784,#11785)),.SURF_OF_LINEAR_EXTRUSION.,.F.,.F.,.F.,
(4,4),(2,2),(0.,1.),(0.,1.),.PIECEWISE_BEZIER_KNOTS.);
#95=B_SPLINE_SURFACE_WITH_KNOTS('',3,1,((#11795,#11796),(#11797,#11798),
(#11799,#11800),(#11801,#11802)),.SURF_OF_LINEAR_EXTRUSION.,.F.,.F.,.F.,
(4,4),(2,2),(0.,1.),(0.,1.),.PIECEWISE_BEZIER_KNOTS.);
#96=B_SPLINE_SURFACE_WITH_KNOTS('',3,1,((#11824,#11825),(#11826,#11827),
(#11828,#11829),(#11830,#11831)),.SURF_OF_LINEAR_EXTRUSION.,.F.,.F.,.F.,
(4,4),(2,2),(0.,1.),(0.,1.),.PIECEWISE_BEZIER_KNOTS.);
#97=B_SPLINE_SURFACE_WITH_KNOTS('',3,1,((#11841,#11842),(#11843,#11844),
(#11845,#11846),(#11847,#11848)),.SURF_OF_LINEAR_EXTRUSION.,.F.,.F.,.F.,
(4,4),(2,2),(0.,1.),(0.,1.),.PIECEWISE_BEZIER_KNOTS.);
#98=B_SPLINE_SURFACE_WITH_KNOTS('',3,1,((#11854,#11855),(#11856,#11857),
(#11858,#11859),(#11860,#11861)),.SURF_OF_LINEAR_EXTRUSION.,.F.,.F.,.F.,
(4,4),(2,2),(0.,1.),(0.,1.),.PIECEWISE_BEZIER_KNOTS.);
#99=B_SPLINE_SURFACE_WITH_KNOTS('',3,1,((#11871,#11872),(#11873,#11874),
(#11875,#11876),(#11877,#11878)),.SURF_OF_LINEAR_EXTRUSION.,.F.,.F.,.F.,
(4,4),(2,2),(0.,1.),(0.,1.),.PIECEWISE_BEZIER_KNOTS.);
#100=B_SPLINE_SURFACE_WITH_KNOTS('',3,1,((#11884,#11885),(#11886,#11887),
(#11888,#11889),(#11890,#11891)),.SURF_OF_LINEAR_EXTRUSION.,.F.,.F.,.F.,
(4,4),(2,2),(0.,1.),(0.,1.),.PIECEWISE_BEZIER_KNOTS.);
#101=B_SPLINE_SURFACE_WITH_KNOTS('',3,1,((#11901,#11902),(#11903,#11904),
(#11905,#11906),(#11907,#11908)),.SURF_OF_LINEAR_EXTRUSION.,.F.,.F.,.F.,
(4,4),(2,2),(0.,1.),(0.,1.),.PIECEWISE_BEZIER_KNOTS.);
#102=B_SPLINE_SURFACE_WITH_KNOTS('',3,1,((#11914,#11915),(#11916,#11917),
(#11918,#11919),(#11920,#11921)),.SURF_OF_LINEAR_EXTRUSION.,.F.,.F.,.F.,
(4,4),(2,2),(0.,1.),(0.,1.),.PIECEWISE_BEZIER_KNOTS.);
#103=B_SPLINE_SURFACE_WITH_KNOTS('',3,1,((#11939,#11940),(#11941,#11942),
(#11943,#11944),(#11945,#11946)),.SURF_OF_LINEAR_EXTRUSION.,.F.,.F.,.F.,
(4,4),(2,2),(0.,1.),(0.,1.),.PIECEWISE_BEZIER_KNOTS.);
#104=B_SPLINE_SURFACE_WITH_KNOTS('',3,1,((#11952,#11953),(#11954,#11955),
(#11956,#11957),(#11958,#11959)),.SURF_OF_LINEAR_EXTRUSION.,.F.,.F.,.F.,
(4,4),(2,2),(0.,1.),(0.,1.),.PIECEWISE_BEZIER_KNOTS.);
#105=B_SPLINE_SURFACE_WITH_KNOTS('',3,1,((#11965,#11966),(#11967,#11968),
(#11969,#11970),(#11971,#11972)),.SURF_OF_LINEAR_EXTRUSION.,.F.,.F.,.F.,
(4,4),(2,2),(0.,1.),(0.,1.),.PIECEWISE_BEZIER_KNOTS.);
#106=B_SPLINE_SURFACE_WITH_KNOTS('',3,1,((#11984,#11985),(#11986,#11987),
(#11988,#11989),(#11990,#11991)),.SURF_OF_LINEAR_EXTRUSION.,.F.,.F.,.F.,
(4,4),(2,2),(0.,1.),(0.,1.),.PIECEWISE_BEZIER_KNOTS.);
#107=B_SPLINE_SURFACE_WITH_KNOTS('',3,1,((#12004,#12005),(#12006,#12007),
(#12008,#12009),(#12010,#12011)),.SURF_OF_LINEAR_EXTRUSION.,.F.,.F.,.F.,
(4,4),(2,2),(0.,1.),(0.,1.),.PIECEWISE_BEZIER_KNOTS.);
#108=B_SPLINE_SURFACE_WITH_KNOTS('',3,1,((#12039,#12040),(#12041,#12042),
(#12043,#12044),(#12045,#12046)),.SURF_OF_LINEAR_EXTRUSION.,.F.,.F.,.F.,
(4,4),(2,2),(0.,1.),(0.,1.),.PIECEWISE_BEZIER_KNOTS.);
#109=B_SPLINE_SURFACE_WITH_KNOTS('',3,1,((#12056,#12057),(#12058,#12059),
(#12060,#12061),(#12062,#12063)),.SURF_OF_LINEAR_EXTRUSION.,.F.,.F.,.F.,
(4,4),(2,2),(0.,1.),(0.,1.),.PIECEWISE_BEZIER_KNOTS.);
#110=B_SPLINE_SURFACE_WITH_KNOTS('',3,1,((#12073,#12074),(#12075,#12076),
(#12077,#12078),(#12079,#12080)),.SURF_OF_LINEAR_EXTRUSION.,.F.,.F.,.F.,
(4,4),(2,2),(0.,1.),(0.,1.),.PIECEWISE_BEZIER_KNOTS.);
#111=B_SPLINE_SURFACE_WITH_KNOTS('',3,1,((#12090,#12091),(#12092,#12093),
(#12094,#12095),(#12096,#12097)),.SURF_OF_LINEAR_EXTRUSION.,.F.,.F.,.F.,
(4,4),(2,2),(0.,1.),(0.,1.),.PIECEWISE_BEZIER_KNOTS.);
#112=B_SPLINE_SURFACE_WITH_KNOTS('',3,1,((#12119,#12120),(#12121,#12122),
(#12123,#12124),(#12125,#12126)),.SURF_OF_LINEAR_EXTRUSION.,.F.,.F.,.F.,
(4,4),(2,2),(0.,1.),(0.,1.),.PIECEWISE_BEZIER_KNOTS.);
#113=B_SPLINE_SURFACE_WITH_KNOTS('',3,1,((#12154,#12155),(#12156,#12157),
(#12158,#12159),(#12160,#12161)),.SURF_OF_LINEAR_EXTRUSION.,.F.,.F.,.F.,
(4,4),(2,2),(0.,1.),(0.,1.),.PIECEWISE_BEZIER_KNOTS.);
#114=B_SPLINE_SURFACE_WITH_KNOTS('',3,1,((#12167,#12168),(#12169,#12170),
(#12171,#12172),(#12173,#12174)),.SURF_OF_LINEAR_EXTRUSION.,.F.,.F.,.F.,
(4,4),(2,2),(0.,1.),(0.,1.),.PIECEWISE_BEZIER_KNOTS.);
#115=B_SPLINE_SURFACE_WITH_KNOTS('',3,1,((#12184,#12185),(#12186,#12187),
(#12188,#12189),(#12190,#12191)),.SURF_OF_LINEAR_EXTRUSION.,.F.,.F.,.F.,
(4,4),(2,2),(0.,1.),(0.,1.),.PIECEWISE_BEZIER_KNOTS.);
#116=B_SPLINE_SURFACE_WITH_KNOTS('',3,1,((#12197,#12198),(#12199,#12200),
(#12201,#12202),(#12203,#12204)),.SURF_OF_LINEAR_EXTRUSION.,.F.,.F.,.F.,
(4,4),(2,2),(0.,1.),(0.,1.),.PIECEWISE_BEZIER_KNOTS.);
#117=B_SPLINE_SURFACE_WITH_KNOTS('',3,1,((#12210,#12211),(#12212,#12213),
(#12214,#12215),(#12216,#12217)),.SURF_OF_LINEAR_EXTRUSION.,.F.,.F.,.F.,
(4,4),(2,2),(0.,1.),(0.,1.),.PIECEWISE_BEZIER_KNOTS.);
#118=B_SPLINE_SURFACE_WITH_KNOTS('',3,1,((#12227,#12228),(#12229,#12230),
(#12231,#12232),(#12233,#12234)),.SURF_OF_LINEAR_EXTRUSION.,.F.,.F.,.F.,
(4,4),(2,2),(0.,1.),(0.,1.),.PIECEWISE_BEZIER_KNOTS.);
#119=B_SPLINE_SURFACE_WITH_KNOTS('',3,1,((#12240,#12241),(#12242,#12243),
(#12244,#12245),(#12246,#12247)),.SURF_OF_LINEAR_EXTRUSION.,.F.,.F.,.F.,
(4,4),(2,2),(0.,1.),(0.,1.),.PIECEWISE_BEZIER_KNOTS.);
#120=CYLINDRICAL_SURFACE('',#7272,0.0023);
#121=CYLINDRICAL_SURFACE('',#7275,0.0023);
#122=CYLINDRICAL_SURFACE('',#7278,0.0023);
#123=CYLINDRICAL_SURFACE('',#7281,0.0023);
#124=CYLINDRICAL_SURFACE('',#7298,0.00189122680987175);
#125=CYLINDRICAL_SURFACE('',#7300,0.00191478189415123);
#126=CYLINDRICAL_SURFACE('',#7311,0.000522485369603297);
#127=CYLINDRICAL_SURFACE('',#7313,0.00049733410219197);
#128=CYLINDRICAL_SURFACE('',#7315,0.000527517836103322);
#129=CYLINDRICAL_SURFACE('',#7317,0.000529212917666294);
#130=CYLINDRICAL_SURFACE('',#7319,0.000497334102191699);
#131=CYLINDRICAL_SURFACE('',#7321,0.000522485369603185);
#132=CYLINDRICAL_SURFACE('',#7323,0.00052069070559212);
#133=CYLINDRICAL_SURFACE('',#7325,0.000519067009062028);
#134=CYLINDRICAL_SURFACE('',#7328,0.00153619412479915);
#135=CYLINDRICAL_SURFACE('',#7331,0.00160444189066168);
#136=CYLINDRICAL_SURFACE('',#7334,0.00157992200011369);
#137=CYLINDRICAL_SURFACE('',#7337,0.00160799497559707);
#138=CYLINDRICAL_SURFACE('',#7340,0.00160843904386145);
#139=CYLINDRICAL_SURFACE('',#7348,0.00215048989305136);
#140=CYLINDRICAL_SURFACE('',#7350,0.00153757703686586);
#141=CYLINDRICAL_SURFACE('',#7355,0.00170127862012871);
#142=CYLINDRICAL_SURFACE('',#7358,0.00474399679984521);
#143=CYLINDRICAL_SURFACE('',#7360,0.00205214268219766);
#144=CYLINDRICAL_SURFACE('',#7362,0.0020819597590677);
#145=CYLINDRICAL_SURFACE('',#7364,0.00216107606555551);
#146=CYLINDRICAL_SURFACE('',#7366,0.00204913641601904);
#147=CYLINDRICAL_SURFACE('',#7369,0.0012655185644977);
#148=CYLINDRICAL_SURFACE('',#7372,0.00130418943728444);
#149=CYLINDRICAL_SURFACE('',#7376,0.001536194124799);
#150=CYLINDRICAL_SURFACE('',#7379,0.00160181837665631);
#151=CYLINDRICAL_SURFACE('',#7382,0.00158627948872513);
#152=CYLINDRICAL_SURFACE('',#7385,0.00159020746109975);
#153=CYLINDRICAL_SURFACE('',#7388,0.00163035625890816);
#154=CYLINDRICAL_SURFACE('',#7396,0.00219006906889697);
#155=CYLINDRICAL_SURFACE('',#7398,0.00215048989305146);
#156=CYLINDRICAL_SURFACE('',#7400,0.00150942983526414);
#157=CYLINDRICAL_SURFACE('',#7421,0.004);
#158=CYLINDRICAL_SURFACE('',#7422,0.004);
#159=CYLINDRICAL_SURFACE('',#7423,0.004);
#160=CYLINDRICAL_SURFACE('',#7424,0.004);
#161=CYLINDRICAL_SURFACE('',#7437,0.0023);
#162=CYLINDRICAL_SURFACE('',#7442,0.0023);
#163=CYLINDRICAL_SURFACE('',#7447,0.0023);
#164=CYLINDRICAL_SURFACE('',#7452,0.0023);
#165=CYLINDRICAL_SURFACE('',#7468,0.00189122680987178);
#166=CYLINDRICAL_SURFACE('',#7470,0.00191478189416251);
#167=CYLINDRICAL_SURFACE('',#7481,0.00052248536960322);
#168=CYLINDRICAL_SURFACE('',#7483,0.000497334102192029);
#169=CYLINDRICAL_SURFACE('',#7485,0.000527517836088076);
#170=CYLINDRICAL_SURFACE('',#7487,0.000529212917645852);
#171=CYLINDRICAL_SURFACE('',#7489,0.000497334102181961);
#172=CYLINDRICAL_SURFACE('',#7491,0.000522485369602979);
#173=CYLINDRICAL_SURFACE('',#7493,0.000520690705591885);
#174=CYLINDRICAL_SURFACE('',#7495,0.000519067009072584);
#175=CYLINDRICAL_SURFACE('',#7498,0.00153619412479896);
#176=CYLINDRICAL_SURFACE('',#7501,0.00160444189066182);
#177=CYLINDRICAL_SURFACE('',#7504,0.00157992200011366);
#178=CYLINDRICAL_SURFACE('',#7507,0.00160799497559712);
#179=CYLINDRICAL_SURFACE('',#7510,0.00160843904385678);
#180=CYLINDRICAL_SURFACE('',#7518,0.00215048989304269);
#181=CYLINDRICAL_SURFACE('',#7520,0.00153757703685197);
#182=CYLINDRICAL_SURFACE('',#7525,0.0017012786201286);
#183=CYLINDRICAL_SURFACE('',#7528,0.00474399679984579);
#184=CYLINDRICAL_SURFACE('',#7530,0.00205214268220049);
#185=CYLINDRICAL_SURFACE('',#7532,0.00208195975906715);
#186=CYLINDRICAL_SURFACE('',#7534,0.00216107606555583);
#187=CYLINDRICAL_SURFACE('',#7536,0.00204913641601311);
#188=CYLINDRICAL_SURFACE('',#7539,0.00126551856449748);
#189=CYLINDRICAL_SURFACE('',#7542,0.00130418943728483);
#190=CYLINDRICAL_SURFACE('',#7546,0.0015361941247991);
#191=CYLINDRICAL_SURFACE('',#7549,0.00160181837665611);
#192=CYLINDRICAL_SURFACE('',#7552,0.00158627948872506);
#193=CYLINDRICAL_SURFACE('',#7555,0.00159020746109954);
#194=CYLINDRICAL_SURFACE('',#7558,0.00163035625890786);
#195=CYLINDRICAL_SURFACE('',#7566,0.00219006906889699);
#196=CYLINDRICAL_SURFACE('',#7568,0.00215048989305137);
#197=CYLINDRICAL_SURFACE('',#7570,0.00150942983528);
#198=LINE('',#9178,#872);
#199=LINE('',#9194,#873);
#200=LINE('',#9243,#874);
#201=LINE('',#9246,#875);
#202=LINE('',#9248,#876);
#203=LINE('',#9250,#877);
#204=LINE('',#9251,#878);
#205=LINE('',#9254,#879);
#206=LINE('',#9272,#880);
#207=LINE('',#9274,#881);
#208=LINE('',#9276,#882);
#209=LINE('',#9298,#883);
#210=LINE('',#9299,#884);
#211=LINE('',#9302,#885);
#212=LINE('',#9304,#886);
#213=LINE('',#9306,#887);
#214=LINE('',#9308,#888);
#215=LINE('',#9310,#889);
#216=LINE('',#9312,#890);
#217=LINE('',#9314,#891);
#218=LINE('',#9316,#892);
#219=LINE('',#9318,#893);
#220=LINE('',#9320,#894);
#221=LINE('',#9321,#895);
#222=LINE('',#9324,#896);
#223=LINE('',#9326,#897);
#224=LINE('',#9328,#898);
#225=LINE('',#9352,#899);
#226=LINE('',#9354,#900);
#227=LINE('',#9356,#901);
#228=LINE('',#9358,#902);
#229=LINE('',#9360,#903);
#230=LINE('',#9377,#904);
#231=LINE('',#9416,#905);
#232=LINE('',#9418,#906);
#233=LINE('',#9420,#907);
#234=LINE('',#9422,#908);
#235=LINE('',#9423,#909);
#236=LINE('',#9426,#910);
#237=LINE('',#9428,#911);
#238=LINE('',#9430,#912);
#239=LINE('',#9432,#913);
#240=LINE('',#9434,#914);
#241=LINE('',#9436,#915);
#242=LINE('',#9438,#916);
#243=LINE('',#9440,#917);
#244=LINE('',#9442,#918);
#245=LINE('',#9444,#919);
#246=LINE('',#9446,#920);
#247=LINE('',#9448,#921);
#248=LINE('',#9449,#922);
#249=LINE('',#9452,#923);
#250=LINE('',#9454,#924);
#251=LINE('',#9456,#925);
#252=LINE('',#9458,#926);
#253=LINE('',#9460,#927);
#254=LINE('',#9462,#928);
#255=LINE('',#9464,#929);
#256=LINE('',#9466,#930);
#257=LINE('',#9468,#931);
#258=LINE('',#9469,#932);
#259=LINE('',#9472,#933);
#260=LINE('',#9474,#934);
#261=LINE('',#9476,#935);
#262=LINE('',#9478,#936);
#263=LINE('',#9480,#937);
#264=LINE('',#9482,#938);
#265=LINE('',#9484,#939);
#266=LINE('',#9486,#940);
#267=LINE('',#9488,#941);
#268=LINE('',#9489,#942);
#269=LINE('',#9492,#943);
#270=LINE('',#9494,#944);
#271=LINE('',#9496,#945);
#272=LINE('',#9498,#946);
#273=LINE('',#9500,#947);
#274=LINE('',#9502,#948);
#275=LINE('',#9504,#949);
#276=LINE('',#9506,#950);
#277=LINE('',#9508,#951);
#278=LINE('',#9510,#952);
#279=LINE('',#9513,#953);
#280=LINE('',#9515,#954);
#281=LINE('',#9517,#955);
#282=LINE('',#9519,#956);
#283=LINE('',#9521,#957);
#284=LINE('',#9523,#958);
#285=LINE('',#9525,#959);
#286=LINE('',#9527,#960);
#287=LINE('',#9529,#961);
#288=LINE('',#9530,#962);
#289=LINE('',#9533,#963);
#290=LINE('',#9535,#964);
#291=LINE('',#9537,#965);
#292=LINE('',#9539,#966);
#293=LINE('',#9541,#967);
#294=LINE('',#9543,#968);
#295=LINE('',#9545,#969);
#296=LINE('',#9547,#970);
#297=LINE('',#9549,#971);
#298=LINE('',#9550,#972);
#299=LINE('',#9553,#973);
#300=LINE('',#9555,#974);
#301=LINE('',#9557,#975);
#302=LINE('',#9559,#976);
#303=LINE('',#9561,#977);
#304=LINE('',#9563,#978);
#305=LINE('',#9565,#979);
#306=LINE('',#9567,#980);
#307=LINE('',#9569,#981);
#308=LINE('',#9570,#982);
#309=LINE('',#9573,#983);
#310=LINE('',#9575,#984);
#311=LINE('',#9577,#985);
#312=LINE('',#9579,#986);
#313=LINE('',#9581,#987);
#314=LINE('',#9583,#988);
#315=LINE('',#9585,#989);
#316=LINE('',#9587,#990);
#317=LINE('',#9589,#991);
#318=LINE('',#9591,#992);
#319=LINE('',#9594,#993);
#320=LINE('',#9595,#994);
#321=LINE('',#9597,#995);
#322=LINE('',#9599,#996);
#323=LINE('',#9601,#997);
#324=LINE('',#9603,#998);
#325=LINE('',#9605,#999);
#326=LINE('',#9607,#1000);
#327=LINE('',#9609,#1001);
#328=LINE('',#9610,#1002);
#329=LINE('',#9612,#1003);
#330=LINE('',#9615,#1004);
#331=LINE('',#9617,#1005);
#332=LINE('',#9619,#1006);
#333=LINE('',#9621,#1007);
#334=LINE('',#9624,#1008);
#335=LINE('',#9625,#1009);
#336=LINE('',#9627,#1010);
#337=LINE('',#9630,#1011);
#338=LINE('',#9632,#1012);
#339=LINE('',#9634,#1013);
#340=LINE('',#9636,#1014);
#341=LINE('',#9639,#1015);
#342=LINE('',#9640,#1016);
#343=LINE('',#9642,#1017);
#344=LINE('',#9644,#1018);
#345=LINE('',#9646,#1019);
#346=LINE('',#9648,#1020);
#347=LINE('',#9651,#1021);
#348=LINE('',#9653,#1022);
#349=LINE('',#9655,#1023);
#350=LINE('',#9656,#1024);
#351=LINE('',#9659,#1025);
#352=LINE('',#9661,#1026);
#353=LINE('',#9663,#1027);
#354=LINE('',#9665,#1028);
#355=LINE('',#9668,#1029);
#356=LINE('',#9670,#1030);
#357=LINE('',#9672,#1031);
#358=LINE('',#9673,#1032);
#359=LINE('',#9676,#1033);
#360=LINE('',#9677,#1034);
#361=LINE('',#9678,#1035);
#362=LINE('',#9687,#1036);
#363=LINE('',#9703,#1037);
#364=LINE('',#9752,#1038);
#365=LINE('',#9755,#1039);
#366=LINE('',#9757,#1040);
#367=LINE('',#9759,#1041);
#368=LINE('',#9760,#1042);
#369=LINE('',#9763,#1043);
#370=LINE('',#9781,#1044);
#371=LINE('',#9783,#1045);
#372=LINE('',#9785,#1046);
#373=LINE('',#9807,#1047);
#374=LINE('',#9808,#1048);
#375=LINE('',#9811,#1049);
#376=LINE('',#9813,#1050);
#377=LINE('',#9815,#1051);
#378=LINE('',#9817,#1052);
#379=LINE('',#9819,#1053);
#380=LINE('',#9821,#1054);
#381=LINE('',#9823,#1055);
#382=LINE('',#9825,#1056);
#383=LINE('',#9827,#1057);
#384=LINE('',#9829,#1058);
#385=LINE('',#9830,#1059);
#386=LINE('',#9833,#1060);
#387=LINE('',#9835,#1061);
#388=LINE('',#9837,#1062);
#389=LINE('',#9838,#1063);
#390=LINE('',#9841,#1064);
#391=LINE('',#9843,#1065);
#392=LINE('',#9845,#1066);
#393=LINE('',#9869,#1067);
#394=LINE('',#9871,#1068);
#395=LINE('',#9873,#1069);
#396=LINE('',#9875,#1070);
#397=LINE('',#9877,#1071);
#398=LINE('',#9894,#1072);
#399=LINE('',#9933,#1073);
#400=LINE('',#9935,#1074);
#401=LINE('',#9937,#1075);
#402=LINE('',#9939,#1076);
#403=LINE('',#9940,#1077);
#404=LINE('',#9943,#1078);
#405=LINE('',#9945,#1079);
#406=LINE('',#9947,#1080);
#407=LINE('',#9949,#1081);
#408=LINE('',#9951,#1082);
#409=LINE('',#9953,#1083);
#410=LINE('',#9955,#1084);
#411=LINE('',#9957,#1085);
#412=LINE('',#9959,#1086);
#413=LINE('',#9961,#1087);
#414=LINE('',#9963,#1088);
#415=LINE('',#9965,#1089);
#416=LINE('',#9977,#1090);
#417=LINE('',#9982,#1091);
#418=LINE('',#9985,#1092);
#419=LINE('',#9987,#1093);
#420=LINE('',#9989,#1094);
#421=LINE('',#9991,#1095);
#422=LINE('',#9993,#1096);
#423=LINE('',#9994,#1097);
#424=LINE('',#9996,#1098);
#425=LINE('',#9998,#1099);
#426=LINE('',#10001,#1100);
#427=LINE('',#10003,#1101);
#428=LINE('',#10005,#1102);
#429=LINE('',#10007,#1103);
#430=LINE('',#10009,#1104);
#431=LINE('',#10011,#1105);
#432=LINE('',#10013,#1106);
#433=LINE('',#10016,#1107);
#434=LINE('',#10018,#1108);
#435=LINE('',#10020,#1109);
#436=LINE('',#10022,#1110);
#437=LINE('',#10024,#1111);
#438=LINE('',#10026,#1112);
#439=LINE('',#10027,#1113);
#440=LINE('',#10029,#1114);
#441=LINE('',#10031,#1115);
#442=LINE('',#10032,#1116);
#443=LINE('',#10034,#1117);
#444=LINE('',#10036,#1118);
#445=LINE('',#10038,#1119);
#446=LINE('',#10040,#1120);
#447=LINE('',#10041,#1121);
#448=LINE('',#10043,#1122);
#449=LINE('',#10045,#1123);
#450=LINE('',#10047,#1124);
#451=LINE('',#10049,#1125);
#452=LINE('',#10051,#1126);
#453=LINE('',#10053,#1127);
#454=LINE('',#10054,#1128);
#455=LINE('',#10056,#1129);
#456=LINE('',#10058,#1130);
#457=LINE('',#10059,#1131);
#458=LINE('',#10061,#1132);
#459=LINE('',#10063,#1133);
#460=LINE('',#10065,#1134);
#461=LINE('',#10066,#1135);
#462=LINE('',#10068,#1136);
#463=LINE('',#10070,#1137);
#464=LINE('',#10071,#1138);
#465=LINE('',#10072,#1139);
#466=LINE('',#10074,#1140);
#467=LINE('',#10076,#1141);
#468=LINE('',#10078,#1142);
#469=LINE('',#10085,#1143);
#470=LINE('',#10087,#1144);
#471=LINE('',#10089,#1145);
#472=LINE('',#10091,#1146);
#473=LINE('',#10093,#1147);
#474=LINE('',#10095,#1148);
#475=LINE('',#10096,#1149);
#476=LINE('',#10098,#1150);
#477=LINE('',#10100,#1151);
#478=LINE('',#10104,#1152);
#479=LINE('',#10106,#1153);
#480=LINE('',#10125,#1154);
#481=LINE('',#10127,#1155);
#482=LINE('',#10129,#1156);
#483=LINE('',#10131,#1157);
#484=LINE('',#10133,#1158);
#485=LINE('',#10135,#1159);
#486=LINE('',#10137,#1160);
#487=LINE('',#10139,#1161);
#488=LINE('',#10141,#1162);
#489=LINE('',#10143,#1163);
#490=LINE('',#10145,#1164);
#491=LINE('',#10147,#1165);
#492=LINE('',#10149,#1166);
#493=LINE('',#10151,#1167);
#494=LINE('',#10153,#1168);
#495=LINE('',#10155,#1169);
#496=LINE('',#10157,#1170);
#497=LINE('',#10159,#1171);
#498=LINE('',#10161,#1172);
#499=LINE('',#10163,#1173);
#500=LINE('',#10165,#1174);
#501=LINE('',#10167,#1175);
#502=LINE('',#10169,#1176);
#503=LINE('',#10171,#1177);
#504=LINE('',#10173,#1178);
#505=LINE('',#10175,#1179);
#506=LINE('',#10177,#1180);
#507=LINE('',#10179,#1181);
#508=LINE('',#10181,#1182);
#509=LINE('',#10190,#1183);
#510=LINE('',#10196,#1184);
#511=LINE('',#10207,#1185);
#512=LINE('',#10220,#1186);
#513=LINE('',#10226,#1187);
#514=LINE('',#10237,#1188);
#515=LINE('',#10243,#1189);
#516=LINE('',#10245,#1190);
#517=LINE('',#10247,#1191);
#518=LINE('',#10249,#1192);
#519=LINE('',#10251,#1193);
#520=LINE('',#10253,#1194);
#521=LINE('',#10262,#1195);
#522=LINE('',#10275,#1196);
#523=LINE('',#10288,#1197);
#524=LINE('',#10306,#1198);
#525=LINE('',#10308,#1199);
#526=LINE('',#10310,#1200);
#527=LINE('',#10312,#1201);
#528=LINE('',#10314,#1202);
#529=LINE('',#10316,#1203);
#530=LINE('',#10318,#1204);
#531=LINE('',#10320,#1205);
#532=LINE('',#10323,#1206);
#533=LINE('',#10327,#1207);
#534=LINE('',#10329,#1208);
#535=LINE('',#10333,#1209);
#536=LINE('',#10337,#1210);
#537=LINE('',#10341,#1211);
#538=LINE('',#10345,#1212);
#539=LINE('',#10349,#1213);
#540=LINE('',#10368,#1214);
#541=LINE('',#10374,#1215);
#542=LINE('',#10387,#1216);
#543=LINE('',#10395,#1217);
#544=LINE('',#10401,#1218);
#545=LINE('',#10407,#1219);
#546=LINE('',#10422,#1220);
#547=LINE('',#10439,#1221);
#548=LINE('',#10456,#1222);
#549=LINE('',#10473,#1223);
#550=LINE('',#10481,#1224);
#551=LINE('',#10487,#1225);
#552=LINE('',#10498,#1226);
#553=LINE('',#10504,#1227);
#554=LINE('',#10513,#1228);
#555=LINE('',#10526,#1229);
#556=LINE('',#10539,#1230);
#557=LINE('',#10552,#1231);
#558=LINE('',#10565,#1232);
#559=LINE('',#10571,#1233);
#560=LINE('',#10573,#1234);
#561=LINE('',#10575,#1235);
#562=LINE('',#10577,#1236);
#563=LINE('',#10579,#1237);
#564=LINE('',#10581,#1238);
#565=LINE('',#10583,#1239);
#566=LINE('',#10585,#1240);
#567=LINE('',#10587,#1241);
#568=LINE('',#10589,#1242);
#569=LINE('',#10598,#1243);
#570=LINE('',#10611,#1244);
#571=LINE('',#10624,#1245);
#572=LINE('',#10648,#1246);
#573=LINE('',#10654,#1247);
#574=LINE('',#10656,#1248);
#575=LINE('',#10658,#1249);
#576=LINE('',#10660,#1250);
#577=LINE('',#10673,#1251);
#578=LINE('',#10690,#1252);
#579=LINE('',#10698,#1253);
#580=LINE('',#10702,#1254);
#581=LINE('',#10706,#1255);
#582=LINE('',#10715,#1256);
#583=LINE('',#10721,#1257);
#584=LINE('',#10732,#1258);
#585=LINE('',#10745,#1259);
#586=LINE('',#10751,#1260);
#587=LINE('',#10762,#1261);
#588=LINE('',#10775,#1262);
#589=LINE('',#10781,#1263);
#590=LINE('',#10792,#1264);
#591=LINE('',#10805,#1265);
#592=LINE('',#10811,#1266);
#593=LINE('',#10815,#1267);
#594=LINE('',#10817,#1268);
#595=LINE('',#10819,#1269);
#596=LINE('',#10830,#1270);
#597=LINE('',#10843,#1271);
#598=LINE('',#10856,#1272);
#599=LINE('',#10862,#1273);
#600=LINE('',#10880,#1274);
#601=LINE('',#10886,#1275);
#602=LINE('',#10899,#1276);
#603=LINE('',#10907,#1277);
#604=LINE('',#10913,#1278);
#605=LINE('',#10919,#1279);
#606=LINE('',#10934,#1280);
#607=LINE('',#10951,#1281);
#608=LINE('',#10968,#1282);
#609=LINE('',#10985,#1283);
#610=LINE('',#10993,#1284);
#611=LINE('',#10999,#1285);
#612=LINE('',#11010,#1286);
#613=LINE('',#11016,#1287);
#614=LINE('',#11018,#1288);
#615=LINE('',#11020,#1289);
#616=LINE('',#11022,#1290);
#617=LINE('',#11024,#1291);
#618=LINE('',#11026,#1292);
#619=LINE('',#11028,#1293);
#620=LINE('',#11030,#1294);
#621=LINE('',#11032,#1295);
#622=LINE('',#11034,#1296);
#623=LINE('',#11036,#1297);
#624=LINE('',#11045,#1298);
#625=LINE('',#11058,#1299);
#626=LINE('',#11064,#1300);
#627=LINE('',#11075,#1301);
#628=LINE('',#11088,#1302);
#629=LINE('',#11101,#1303);
#630=LINE('',#11107,#1304);
#631=LINE('',#11118,#1305);
#632=LINE('',#11139,#1306);
#633=LINE('',#11141,#1307);
#634=LINE('',#11143,#1308);
#635=LINE('',#11145,#1309);
#636=LINE('',#11147,#1310);
#637=LINE('',#11149,#1311);
#638=LINE('',#11151,#1312);
#639=LINE('',#11153,#1313);
#640=LINE('',#11155,#1314);
#641=LINE('',#11157,#1315);
#642=LINE('',#11159,#1316);
#643=LINE('',#11161,#1317);
#644=LINE('',#11163,#1318);
#645=LINE('',#11165,#1319);
#646=LINE('',#11167,#1320);
#647=LINE('',#11169,#1321);
#648=LINE('',#11171,#1322);
#649=LINE('',#11173,#1323);
#650=LINE('',#11175,#1324);
#651=LINE('',#11177,#1325);
#652=LINE('',#11179,#1326);
#653=LINE('',#11181,#1327);
#654=LINE('',#11183,#1328);
#655=LINE('',#11185,#1329);
#656=LINE('',#11187,#1330);
#657=LINE('',#11189,#1331);
#658=LINE('',#11200,#1332);
#659=LINE('',#11202,#1333);
#660=LINE('',#11205,#1334);
#661=LINE('',#11206,#1335);
#662=LINE('',#11208,#1336);
#663=LINE('',#11210,#1337);
#664=LINE('',#11241,#1338);
#665=LINE('',#11243,#1339);
#666=LINE('',#11245,#1340);
#667=LINE('',#11247,#1341);
#668=LINE('',#11249,#1342);
#669=LINE('',#11251,#1343);
#670=LINE('',#11253,#1344);
#671=LINE('',#11255,#1345);
#672=LINE('',#11257,#1346);
#673=LINE('',#11259,#1347);
#674=LINE('',#11261,#1348);
#675=LINE('',#11263,#1349);
#676=LINE('',#11265,#1350);
#677=LINE('',#11267,#1351);
#678=LINE('',#11269,#1352);
#679=LINE('',#11271,#1353);
#680=LINE('',#11273,#1354);
#681=LINE('',#11275,#1355);
#682=LINE('',#11277,#1356);
#683=LINE('',#11279,#1357);
#684=LINE('',#11281,#1358);
#685=LINE('',#11283,#1359);
#686=LINE('',#11286,#1360);
#687=LINE('',#11288,#1361);
#688=LINE('',#11290,#1362);
#689=LINE('',#11292,#1363);
#690=LINE('',#11294,#1364);
#691=LINE('',#11296,#1365);
#692=LINE('',#11298,#1366);
#693=LINE('',#11307,#1367);
#694=LINE('',#11313,#1368);
#695=LINE('',#11324,#1369);
#696=LINE('',#11337,#1370);
#697=LINE('',#11343,#1371);
#698=LINE('',#11354,#1372);
#699=LINE('',#11360,#1373);
#700=LINE('',#11362,#1374);
#701=LINE('',#11364,#1375);
#702=LINE('',#11366,#1376);
#703=LINE('',#11368,#1377);
#704=LINE('',#11370,#1378);
#705=LINE('',#11379,#1379);
#706=LINE('',#11392,#1380);
#707=LINE('',#11405,#1381);
#708=LINE('',#11423,#1382);
#709=LINE('',#11425,#1383);
#710=LINE('',#11427,#1384);
#711=LINE('',#11429,#1385);
#712=LINE('',#11431,#1386);
#713=LINE('',#11433,#1387);
#714=LINE('',#11435,#1388);
#715=LINE('',#11437,#1389);
#716=LINE('',#11440,#1390);
#717=LINE('',#11444,#1391);
#718=LINE('',#11446,#1392);
#719=LINE('',#11450,#1393);
#720=LINE('',#11454,#1394);
#721=LINE('',#11458,#1395);
#722=LINE('',#11462,#1396);
#723=LINE('',#11466,#1397);
#724=LINE('',#11485,#1398);
#725=LINE('',#11491,#1399);
#726=LINE('',#11504,#1400);
#727=LINE('',#11512,#1401);
#728=LINE('',#11518,#1402);
#729=LINE('',#11524,#1403);
#730=LINE('',#11539,#1404);
#731=LINE('',#11556,#1405);
#732=LINE('',#11573,#1406);
#733=LINE('',#11590,#1407);
#734=LINE('',#11598,#1408);
#735=LINE('',#11604,#1409);
#736=LINE('',#11615,#1410);
#737=LINE('',#11621,#1411);
#738=LINE('',#11630,#1412);
#739=LINE('',#11643,#1413);
#740=LINE('',#11656,#1414);
#741=LINE('',#11669,#1415);
#742=LINE('',#11682,#1416);
#743=LINE('',#11688,#1417);
#744=LINE('',#11690,#1418);
#745=LINE('',#11692,#1419);
#746=LINE('',#11694,#1420);
#747=LINE('',#11696,#1421);
#748=LINE('',#11698,#1422);
#749=LINE('',#11700,#1423);
#750=LINE('',#11702,#1424);
#751=LINE('',#11704,#1425);
#752=LINE('',#11706,#1426);
#753=LINE('',#11715,#1427);
#754=LINE('',#11728,#1428);
#755=LINE('',#11741,#1429);
#756=LINE('',#11765,#1430);
#757=LINE('',#11771,#1431);
#758=LINE('',#11773,#1432);
#759=LINE('',#11775,#1433);
#760=LINE('',#11777,#1434);
#761=LINE('',#11790,#1435);
#762=LINE('',#11807,#1436);
#763=LINE('',#11815,#1437);
#764=LINE('',#11819,#1438);
#765=LINE('',#11823,#1439);
#766=LINE('',#11832,#1440);
#767=LINE('',#11838,#1441);
#768=LINE('',#11849,#1442);
#769=LINE('',#11862,#1443);
#770=LINE('',#11868,#1444);
#771=LINE('',#11879,#1445);
#772=LINE('',#11892,#1446);
#773=LINE('',#11898,#1447);
#774=LINE('',#11909,#1448);
#775=LINE('',#11922,#1449);
#776=LINE('',#11928,#1450);
#777=LINE('',#11932,#1451);
#778=LINE('',#11934,#1452);
#779=LINE('',#11936,#1453);
#780=LINE('',#11947,#1454);
#781=LINE('',#11960,#1455);
#782=LINE('',#11973,#1456);
#783=LINE('',#11979,#1457);
#784=LINE('',#11997,#1458);
#785=LINE('',#12003,#1459);
#786=LINE('',#12016,#1460);
#787=LINE('',#12024,#1461);
#788=LINE('',#12030,#1462);
#789=LINE('',#12036,#1463);
#790=LINE('',#12051,#1464);
#791=LINE('',#12068,#1465);
#792=LINE('',#12085,#1466);
#793=LINE('',#12102,#1467);
#794=LINE('',#12110,#1468);
#795=LINE('',#12116,#1469);
#796=LINE('',#12127,#1470);
#797=LINE('',#12133,#1471);
#798=LINE('',#12135,#1472);
#799=LINE('',#12137,#1473);
#800=LINE('',#12139,#1474);
#801=LINE('',#12141,#1475);
#802=LINE('',#12143,#1476);
#803=LINE('',#12145,#1477);
#804=LINE('',#12147,#1478);
#805=LINE('',#12149,#1479);
#806=LINE('',#12151,#1480);
#807=LINE('',#12153,#1481);
#808=LINE('',#12162,#1482);
#809=LINE('',#12175,#1483);
#810=LINE('',#12181,#1484);
#811=LINE('',#12192,#1485);
#812=LINE('',#12205,#1486);
#813=LINE('',#12218,#1487);
#814=LINE('',#12224,#1488);
#815=LINE('',#12235,#1489);
#816=LINE('',#12256,#1490);
#817=LINE('',#12258,#1491);
#818=LINE('',#12260,#1492);
#819=LINE('',#12262,#1493);
#820=LINE('',#12264,#1494);
#821=LINE('',#12266,#1495);
#822=LINE('',#12268,#1496);
#823=LINE('',#12270,#1497);
#824=LINE('',#12272,#1498);
#825=LINE('',#12274,#1499);
#826=LINE('',#12276,#1500);
#827=LINE('',#12278,#1501);
#828=LINE('',#12280,#1502);
#829=LINE('',#12282,#1503);
#830=LINE('',#12284,#1504);
#831=LINE('',#12286,#1505);
#832=LINE('',#12288,#1506);
#833=LINE('',#12290,#1507);
#834=LINE('',#12292,#1508);
#835=LINE('',#12294,#1509);
#836=LINE('',#12296,#1510);
#837=LINE('',#12298,#1511);
#838=LINE('',#12300,#1512);
#839=LINE('',#12302,#1513);
#840=LINE('',#12304,#1514);
#841=LINE('',#12306,#1515);
#842=LINE('',#12312,#1516);
#843=LINE('',#12313,#1517);
#844=LINE('',#12315,#1518);
#845=LINE('',#12317,#1519);
#846=LINE('',#12319,#1520);
#847=LINE('',#12321,#1521);
#848=LINE('',#12323,#1522);
#849=LINE('',#12325,#1523);
#850=LINE('',#12327,#1524);
#851=LINE('',#12329,#1525);
#852=LINE('',#12332,#1526);
#853=LINE('',#12333,#1527);
#854=LINE('',#12335,#1528);
#855=LINE('',#12337,#1529);
#856=LINE('',#12339,#1530);
#857=LINE('',#12341,#1531);
#858=LINE('',#12343,#1532);
#859=LINE('',#12345,#1533);
#860=LINE('',#12347,#1534);
#861=LINE('',#12349,#1535);
#862=LINE('',#12352,#1536);
#863=LINE('',#12353,#1537);
#864=LINE('',#12355,#1538);
#865=LINE('',#12357,#1539);
#866=LINE('',#12359,#1540);
#867=LINE('',#12361,#1541);
#868=LINE('',#12363,#1542);
#869=LINE('',#12365,#1543);
#870=LINE('',#12367,#1544);
#871=LINE('',#12369,#1545);
#872=VECTOR('',#7627,1.);
#873=VECTOR('',#7630,1.);
#874=VECTOR('',#7655,1.);
#875=VECTOR('',#7656,1.);
#876=VECTOR('',#7657,1.);
#877=VECTOR('',#7658,1.);
#878=VECTOR('',#7659,1.);
#879=VECTOR('',#7660,1.);
#880=VECTOR('',#7661,1.);
#881=VECTOR('',#7662,1.);
#882=VECTOR('',#7663,1.);
#883=VECTOR('',#7668,1.);
#884=VECTOR('',#7669,1.);
#885=VECTOR('',#7670,1.);
#886=VECTOR('',#7671,1.);
#887=VECTOR('',#7672,1.);
#888=VECTOR('',#7673,1.);
#889=VECTOR('',#7674,1.);
#890=VECTOR('',#7675,1.);
#891=VECTOR('',#7676,1.);
#892=VECTOR('',#7677,1.);
#893=VECTOR('',#7678,1.);
#894=VECTOR('',#7679,1.);
#895=VECTOR('',#7680,1.);
#896=VECTOR('',#7681,1.);
#897=VECTOR('',#7682,1.);
#898=VECTOR('',#7683,1.);
#899=VECTOR('',#7686,1.);
#900=VECTOR('',#7687,1.);
#901=VECTOR('',#7688,1.);
#902=VECTOR('',#7689,1.);
#903=VECTOR('',#7690,1.);
#904=VECTOR('',#7691,1.);
#905=VECTOR('',#7696,1.);
#906=VECTOR('',#7697,1.);
#907=VECTOR('',#7698,1.);
#908=VECTOR('',#7699,1.);
#909=VECTOR('',#7700,1.);
#910=VECTOR('',#7701,1.);
#911=VECTOR('',#7702,1.);
#912=VECTOR('',#7703,1.);
#913=VECTOR('',#7704,1.);
#914=VECTOR('',#7705,1.);
#915=VECTOR('',#7706,1.);
#916=VECTOR('',#7707,1.);
#917=VECTOR('',#7708,1.);
#918=VECTOR('',#7709,1.);
#919=VECTOR('',#7710,1.);
#920=VECTOR('',#7711,1.);
#921=VECTOR('',#7712,1.);
#922=VECTOR('',#7713,1.);
#923=VECTOR('',#7714,1.);
#924=VECTOR('',#7715,1.);
#925=VECTOR('',#7716,1.);
#926=VECTOR('',#7717,1.);
#927=VECTOR('',#7718,1.);
#928=VECTOR('',#7719,1.);
#929=VECTOR('',#7720,1.);
#930=VECTOR('',#7721,1.);
#931=VECTOR('',#7722,1.);
#932=VECTOR('',#7723,1.);
#933=VECTOR('',#7724,1.);
#934=VECTOR('',#7725,1.);
#935=VECTOR('',#7726,1.);
#936=VECTOR('',#7727,1.);
#937=VECTOR('',#7728,1.);
#938=VECTOR('',#7729,1.);
#939=VECTOR('',#7730,1.);
#940=VECTOR('',#7731,1.);
#941=VECTOR('',#7732,1.);
#942=VECTOR('',#7733,1.);
#943=VECTOR('',#7734,1.);
#944=VECTOR('',#7735,1.);
#945=VECTOR('',#7736,1.);
#946=VECTOR('',#7737,1.);
#947=VECTOR('',#7738,1.);
#948=VECTOR('',#7739,1.);
#949=VECTOR('',#7740,1.);
#950=VECTOR('',#7741,1.);
#951=VECTOR('',#7742,1.);
#952=VECTOR('',#7745,1.);
#953=VECTOR('',#7746,1.);
#954=VECTOR('',#7747,1.);
#955=VECTOR('',#7748,1.);
#956=VECTOR('',#7749,1.);
#957=VECTOR('',#7750,1.);
#958=VECTOR('',#7751,1.);
#959=VECTOR('',#7752,1.);
#960=VECTOR('',#7753,1.);
#961=VECTOR('',#7754,1.);
#962=VECTOR('',#7755,1.);
#963=VECTOR('',#7756,1.);
#964=VECTOR('',#7757,1.);
#965=VECTOR('',#7758,1.);
#966=VECTOR('',#7759,1.);
#967=VECTOR('',#7760,1.);
#968=VECTOR('',#7761,1.);
#969=VECTOR('',#7762,1.);
#970=VECTOR('',#7763,1.);
#971=VECTOR('',#7764,1.);
#972=VECTOR('',#7765,1.);
#973=VECTOR('',#7766,1.);
#974=VECTOR('',#7767,1.);
#975=VECTOR('',#7768,1.);
#976=VECTOR('',#7769,1.);
#977=VECTOR('',#7770,1.);
#978=VECTOR('',#7771,1.);
#979=VECTOR('',#7772,1.);
#980=VECTOR('',#7773,1.);
#981=VECTOR('',#7774,1.);
#982=VECTOR('',#7775,1.);
#983=VECTOR('',#7776,1.);
#984=VECTOR('',#7777,1.);
#985=VECTOR('',#7778,1.);
#986=VECTOR('',#7779,1.);
#987=VECTOR('',#7780,1.);
#988=VECTOR('',#7781,1.);
#989=VECTOR('',#7782,1.);
#990=VECTOR('',#7783,1.);
#991=VECTOR('',#7784,1.);
#992=VECTOR('',#7787,1.);
#993=VECTOR('',#7788,1.);
#994=VECTOR('',#7789,1.);
#995=VECTOR('',#7792,1.);
#996=VECTOR('',#7793,1.);
#997=VECTOR('',#7794,1.);
#998=VECTOR('',#7797,1.);
#999=VECTOR('',#7798,1.);
#1000=VECTOR('',#7799,1.);
#1001=VECTOR('',#7802,1.);
#1002=VECTOR('',#7803,1.);
#1003=VECTOR('',#7806,1.);
#1004=VECTOR('',#7807,1.);
#1005=VECTOR('',#7808,1.);
#1006=VECTOR('',#7809,1.);
#1007=VECTOR('',#7812,1.);
#1008=VECTOR('',#7813,1.);
#1009=VECTOR('',#7814,1.);
#1010=VECTOR('',#7817,1.);
#1011=VECTOR('',#7818,1.);
#1012=VECTOR('',#7819,1.);
#1013=VECTOR('',#7820,1.);
#1014=VECTOR('',#7823,1.);
#1015=VECTOR('',#7824,1.);
#1016=VECTOR('',#7825,1.);
#1017=VECTOR('',#7828,1.);
#1018=VECTOR('',#7829,1.);
#1019=VECTOR('',#7830,1.);
#1020=VECTOR('',#7833,1.);
#1021=VECTOR('',#7834,1.);
#1022=VECTOR('',#7835,1.);
#1023=VECTOR('',#7836,1.);
#1024=VECTOR('',#7837,1.);
#1025=VECTOR('',#7838,1.);
#1026=VECTOR('',#7839,1.);
#1027=VECTOR('',#7840,1.);
#1028=VECTOR('',#7843,1.);
#1029=VECTOR('',#7844,1.);
#1030=VECTOR('',#7845,1.);
#1031=VECTOR('',#7846,1.);
#1032=VECTOR('',#7847,1.);
#1033=VECTOR('',#7848,1.);
#1034=VECTOR('',#7849,1.);
#1035=VECTOR('',#7850,1.);
#1036=VECTOR('',#7855,1.);
#1037=VECTOR('',#7858,1.);
#1038=VECTOR('',#7883,1.);
#1039=VECTOR('',#7884,1.);
#1040=VECTOR('',#7885,1.);
#1041=VECTOR('',#7886,1.);
#1042=VECTOR('',#7887,1.);
#1043=VECTOR('',#7888,1.);
#1044=VECTOR('',#7889,1.);
#1045=VECTOR('',#7890,1.);
#1046=VECTOR('',#7891,1.);
#1047=VECTOR('',#7896,1.);
#1048=VECTOR('',#7897,1.);
#1049=VECTOR('',#7898,1.);
#1050=VECTOR('',#7899,1.);
#1051=VECTOR('',#7900,1.);
#1052=VECTOR('',#7901,1.);
#1053=VECTOR('',#7902,1.);
#1054=VECTOR('',#7903,1.);
#1055=VECTOR('',#7904,1.);
#1056=VECTOR('',#7905,1.);
#1057=VECTOR('',#7906,1.);
#1058=VECTOR('',#7907,1.);
#1059=VECTOR('',#7908,1.);
#1060=VECTOR('',#7909,1.);
#1061=VECTOR('',#7910,1.);
#1062=VECTOR('',#7911,1.);
#1063=VECTOR('',#7912,1.);
#1064=VECTOR('',#7913,1.);
#1065=VECTOR('',#7914,1.);
#1066=VECTOR('',#7915,1.);
#1067=VECTOR('',#7918,1.);
#1068=VECTOR('',#7919,1.);
#1069=VECTOR('',#7920,1.);
#1070=VECTOR('',#7921,1.);
#1071=VECTOR('',#7922,1.);
#1072=VECTOR('',#7923,1.);
#1073=VECTOR('',#7928,1.);
#1074=VECTOR('',#7929,1.);
#1075=VECTOR('',#7930,1.);
#1076=VECTOR('',#7931,1.);
#1077=VECTOR('',#7932,1.);
#1078=VECTOR('',#7933,1.);
#1079=VECTOR('',#7934,1.);
#1080=VECTOR('',#7935,1.);
#1081=VECTOR('',#7936,1.);
#1082=VECTOR('',#7937,1.);
#1083=VECTOR('',#7938,1.);
#1084=VECTOR('',#7939,1.);
#1085=VECTOR('',#7940,1.);
#1086=VECTOR('',#7941,1.);
#1087=VECTOR('',#7942,1.);
#1088=VECTOR('',#7943,1.);
#1089=VECTOR('',#7944,1.);
#1090=VECTOR('',#7957,1.);
#1091=VECTOR('',#7964,1.);
#1092=VECTOR('',#7965,1.);
#1093=VECTOR('',#7966,1.);
#1094=VECTOR('',#7967,1.);
#1095=VECTOR('',#7968,1.);
#1096=VECTOR('',#7969,1.);
#1097=VECTOR('',#7970,1.);
#1098=VECTOR('',#7971,1.);
#1099=VECTOR('',#7974,1.);
#1100=VECTOR('',#7975,1.);
#1101=VECTOR('',#7976,1.);
#1102=VECTOR('',#7977,1.);
#1103=VECTOR('',#7980,1.);
#1104=VECTOR('',#7981,1.);
#1105=VECTOR('',#7982,1.);
#1106=VECTOR('',#7985,1.);
#1107=VECTOR('',#7986,1.);
#1108=VECTOR('',#7987,1.);
#1109=VECTOR('',#7988,1.);
#1110=VECTOR('',#7989,1.);
#1111=VECTOR('',#7992,1.);
#1112=VECTOR('',#7993,1.);
#1113=VECTOR('',#7994,1.);
#1114=VECTOR('',#7995,1.);
#1115=VECTOR('',#7998,1.);
#1116=VECTOR('',#7999,1.);
#1117=VECTOR('',#8002,1.);
#1118=VECTOR('',#8003,1.);
#1119=VECTOR('',#8004,1.);
#1120=VECTOR('',#8005,1.);
#1121=VECTOR('',#8006,1.);
#1122=VECTOR('',#8007,1.);
#1123=VECTOR('',#8008,1.);
#1124=VECTOR('',#8009,1.);
#1125=VECTOR('',#8012,1.);
#1126=VECTOR('',#8013,1.);
#1127=VECTOR('',#8014,1.);
#1128=VECTOR('',#8015,1.);
#1129=VECTOR('',#8018,1.);
#1130=VECTOR('',#8021,1.);
#1131=VECTOR('',#8022,1.);
#1132=VECTOR('',#8023,1.);
#1133=VECTOR('',#8024,1.);
#1134=VECTOR('',#8025,1.);
#1135=VECTOR('',#8026,1.);
#1136=VECTOR('',#8027,1.);
#1137=VECTOR('',#8030,1.);
#1138=VECTOR('',#8031,1.);
#1139=VECTOR('',#8032,1.);
#1140=VECTOR('',#8035,1.);
#1141=VECTOR('',#8036,1.);
#1142=VECTOR('',#8037,1.);
#1143=VECTOR('',#8050,1.);
#1144=VECTOR('',#8053,1.);
#1145=VECTOR('',#8056,1.);
#1146=VECTOR('',#8057,1.);
#1147=VECTOR('',#8058,1.);
#1148=VECTOR('',#8061,1.);
#1149=VECTOR('',#8062,1.);
#1150=VECTOR('',#8063,1.);
#1151=VECTOR('',#8066,1.);
#1152=VECTOR('',#8073,1.);
#1153=VECTOR('',#8076,1.);
#1154=VECTOR('',#8105,1.);
#1155=VECTOR('',#8106,1.);
#1156=VECTOR('',#8107,1.);
#1157=VECTOR('',#8110,1.);
#1158=VECTOR('',#8111,1.);
#1159=VECTOR('',#8114,1.);
#1160=VECTOR('',#8115,1.);
#1161=VECTOR('',#8118,1.);
#1162=VECTOR('',#8119,1.);
#1163=VECTOR('',#8122,1.);
#1164=VECTOR('',#8123,1.);
#1165=VECTOR('',#8126,1.);
#1166=VECTOR('',#8127,1.);
#1167=VECTOR('',#8130,1.);
#1168=VECTOR('',#8131,1.);
#1169=VECTOR('',#8134,1.);
#1170=VECTOR('',#8135,1.);
#1171=VECTOR('',#8138,1.);
#1172=VECTOR('',#8139,1.);
#1173=VECTOR('',#8142,1.);
#1174=VECTOR('',#8143,1.);
#1175=VECTOR('',#8146,1.);
#1176=VECTOR('',#8149,1.);
#1177=VECTOR('',#8150,1.);
#1178=VECTOR('',#8151,1.);
#1179=VECTOR('',#8154,1.);
#1180=VECTOR('',#8155,1.);
#1181=VECTOR('',#8158,1.);
#1182=VECTOR('',#8159,1.);
#1183=VECTOR('',#8160,1.);
#1184=VECTOR('',#8163,1.);
#1185=VECTOR('',#8166,1.);
#1186=VECTOR('',#8167,1.);
#1187=VECTOR('',#8170,1.);
#1188=VECTOR('',#8173,1.);
#1189=VECTOR('',#8176,1.);
#1190=VECTOR('',#8177,1.);
#1191=VECTOR('',#8180,1.);
#1192=VECTOR('',#8181,1.);
#1193=VECTOR('',#8184,1.);
#1194=VECTOR('',#8185,1.);
#1195=VECTOR('',#8186,1.);
#1196=VECTOR('',#8187,1.);
#1197=VECTOR('',#8188,1.);
#1198=VECTOR('',#8193,1.);
#1199=VECTOR('',#8194,1.);
#1200=VECTOR('',#8195,1.);
#1201=VECTOR('',#8198,1.);
#1202=VECTOR('',#8199,1.);
#1203=VECTOR('',#8202,1.);
#1204=VECTOR('',#8203,1.);
#1205=VECTOR('',#8206,1.);
#1206=VECTOR('',#8211,1.);
#1207=VECTOR('',#8214,1.);
#1208=VECTOR('',#8217,1.);
#1209=VECTOR('',#8222,1.);
#1210=VECTOR('',#8227,1.);
#1211=VECTOR('',#8232,1.);
#1212=VECTOR('',#8237,1.);
#1213=VECTOR('',#8242,1.);
#1214=VECTOR('',#8251,1.);
#1215=VECTOR('',#8252,1.);
#1216=VECTOR('',#8253,1.);
#1217=VECTOR('',#8258,1.);
#1218=VECTOR('',#8265,1.);
#1219=VECTOR('',#8272,1.);
#1220=VECTOR('',#8275,1.);
#1221=VECTOR('',#8276,1.);
#1222=VECTOR('',#8277,1.);
#1223=VECTOR('',#8278,1.);
#1224=VECTOR('',#8283,1.);
#1225=VECTOR('',#8290,1.);
#1226=VECTOR('',#8293,1.);
#1227=VECTOR('',#8294,1.);
#1228=VECTOR('',#8295,1.);
#1229=VECTOR('',#8296,1.);
#1230=VECTOR('',#8297,1.);
#1231=VECTOR('',#8298,1.);
#1232=VECTOR('',#8299,1.);
#1233=VECTOR('',#8302,1.);
#1234=VECTOR('',#8303,1.);
#1235=VECTOR('',#8306,1.);
#1236=VECTOR('',#8307,1.);
#1237=VECTOR('',#8310,1.);
#1238=VECTOR('',#8311,1.);
#1239=VECTOR('',#8314,1.);
#1240=VECTOR('',#8315,1.);
#1241=VECTOR('',#8318,1.);
#1242=VECTOR('',#8319,1.);
#1243=VECTOR('',#8320,1.);
#1244=VECTOR('',#8321,1.);
#1245=VECTOR('',#8322,1.);
#1246=VECTOR('',#8335,1.);
#1247=VECTOR('',#8336,1.);
#1248=VECTOR('',#8339,1.);
#1249=VECTOR('',#8340,1.);
#1250=VECTOR('',#8341,1.);
#1251=VECTOR('',#8342,1.);
#1252=VECTOR('',#8343,1.);
#1253=VECTOR('',#8348,1.);
#1254=VECTOR('',#8353,1.);
#1255=VECTOR('',#8356,1.);
#1256=VECTOR('',#8357,1.);
#1257=VECTOR('',#8360,1.);
#1258=VECTOR('',#8363,1.);
#1259=VECTOR('',#8364,1.);
#1260=VECTOR('',#8367,1.);
#1261=VECTOR('',#8370,1.);
#1262=VECTOR('',#8371,1.);
#1263=VECTOR('',#8374,1.);
#1264=VECTOR('',#8377,1.);
#1265=VECTOR('',#8378,1.);
#1266=VECTOR('',#8381,1.);
#1267=VECTOR('',#8386,1.);
#1268=VECTOR('',#8387,1.);
#1269=VECTOR('',#8390,1.);
#1270=VECTOR('',#8393,1.);
#1271=VECTOR('',#8394,1.);
#1272=VECTOR('',#8395,1.);
#1273=VECTOR('',#8398,1.);
#1274=VECTOR('',#8407,1.);
#1275=VECTOR('',#8408,1.);
#1276=VECTOR('',#8409,1.);
#1277=VECTOR('',#8414,1.);
#1278=VECTOR('',#8421,1.);
#1279=VECTOR('',#8428,1.);
#1280=VECTOR('',#8431,1.);
#1281=VECTOR('',#8432,1.);
#1282=VECTOR('',#8433,1.);
#1283=VECTOR('',#8434,1.);
#1284=VECTOR('',#8439,1.);
#1285=VECTOR('',#8446,1.);
#1286=VECTOR('',#8449,1.);
#1287=VECTOR('',#8450,1.);
#1288=VECTOR('',#8453,1.);
#1289=VECTOR('',#8454,1.);
#1290=VECTOR('',#8457,1.);
#1291=VECTOR('',#8458,1.);
#1292=VECTOR('',#8461,1.);
#1293=VECTOR('',#8462,1.);
#1294=VECTOR('',#8465,1.);
#1295=VECTOR('',#8466,1.);
#1296=VECTOR('',#8469,1.);
#1297=VECTOR('',#8470,1.);
#1298=VECTOR('',#8471,1.);
#1299=VECTOR('',#8472,1.);
#1300=VECTOR('',#8475,1.);
#1301=VECTOR('',#8478,1.);
#1302=VECTOR('',#8479,1.);
#1303=VECTOR('',#8480,1.);
#1304=VECTOR('',#8483,1.);
#1305=VECTOR('',#8486,1.);
#1306=VECTOR('',#8497,1.);
#1307=VECTOR('',#8498,1.);
#1308=VECTOR('',#8499,1.);
#1309=VECTOR('',#8502,1.);
#1310=VECTOR('',#8503,1.);
#1311=VECTOR('',#8506,1.);
#1312=VECTOR('',#8507,1.);
#1313=VECTOR('',#8510,1.);
#1314=VECTOR('',#8511,1.);
#1315=VECTOR('',#8514,1.);
#1316=VECTOR('',#8515,1.);
#1317=VECTOR('',#8518,1.);
#1318=VECTOR('',#8519,1.);
#1319=VECTOR('',#8522,1.);
#1320=VECTOR('',#8523,1.);
#1321=VECTOR('',#8526,1.);
#1322=VECTOR('',#8527,1.);
#1323=VECTOR('',#8530,1.);
#1324=VECTOR('',#8531,1.);
#1325=VECTOR('',#8534,1.);
#1326=VECTOR('',#8535,1.);
#1327=VECTOR('',#8538,1.);
#1328=VECTOR('',#8539,1.);
#1329=VECTOR('',#8542,1.);
#1330=VECTOR('',#8543,1.);
#1331=VECTOR('',#8546,1.);
#1332=VECTOR('',#8567,1.);
#1333=VECTOR('',#8570,1.);
#1334=VECTOR('',#8575,1.);
#1335=VECTOR('',#8576,1.);
#1336=VECTOR('',#8579,1.);
#1337=VECTOR('',#8582,1.);
#1338=VECTOR('',#8627,1.);
#1339=VECTOR('',#8628,1.);
#1340=VECTOR('',#8629,1.);
#1341=VECTOR('',#8632,1.);
#1342=VECTOR('',#8633,1.);
#1343=VECTOR('',#8636,1.);
#1344=VECTOR('',#8637,1.);
#1345=VECTOR('',#8640,1.);
#1346=VECTOR('',#8641,1.);
#1347=VECTOR('',#8644,1.);
#1348=VECTOR('',#8645,1.);
#1349=VECTOR('',#8648,1.);
#1350=VECTOR('',#8649,1.);
#1351=VECTOR('',#8652,1.);
#1352=VECTOR('',#8653,1.);
#1353=VECTOR('',#8656,1.);
#1354=VECTOR('',#8657,1.);
#1355=VECTOR('',#8660,1.);
#1356=VECTOR('',#8661,1.);
#1357=VECTOR('',#8664,1.);
#1358=VECTOR('',#8665,1.);
#1359=VECTOR('',#8668,1.);
#1360=VECTOR('',#8673,1.);
#1361=VECTOR('',#8674,1.);
#1362=VECTOR('',#8675,1.);
#1363=VECTOR('',#8678,1.);
#1364=VECTOR('',#8679,1.);
#1365=VECTOR('',#8682,1.);
#1366=VECTOR('',#8683,1.);
#1367=VECTOR('',#8684,1.);
#1368=VECTOR('',#8687,1.);
#1369=VECTOR('',#8690,1.);
#1370=VECTOR('',#8691,1.);
#1371=VECTOR('',#8694,1.);
#1372=VECTOR('',#8697,1.);
#1373=VECTOR('',#8700,1.);
#1374=VECTOR('',#8701,1.);
#1375=VECTOR('',#8704,1.);
#1376=VECTOR('',#8705,1.);
#1377=VECTOR('',#8708,1.);
#1378=VECTOR('',#8709,1.);
#1379=VECTOR('',#8710,1.);
#1380=VECTOR('',#8711,1.);
#1381=VECTOR('',#8712,1.);
#1382=VECTOR('',#8717,1.);
#1383=VECTOR('',#8718,1.);
#1384=VECTOR('',#8719,1.);
#1385=VECTOR('',#8722,1.);
#1386=VECTOR('',#8723,1.);
#1387=VECTOR('',#8726,1.);
#1388=VECTOR('',#8727,1.);
#1389=VECTOR('',#8730,1.);
#1390=VECTOR('',#8735,1.);
#1391=VECTOR('',#8738,1.);
#1392=VECTOR('',#8741,1.);
#1393=VECTOR('',#8746,1.);
#1394=VECTOR('',#8751,1.);
#1395=VECTOR('',#8756,1.);
#1396=VECTOR('',#8761,1.);
#1397=VECTOR('',#8766,1.);
#1398=VECTOR('',#8775,1.);
#1399=VECTOR('',#8776,1.);
#1400=VECTOR('',#8777,1.);
#1401=VECTOR('',#8782,1.);
#1402=VECTOR('',#8789,1.);
#1403=VECTOR('',#8796,1.);
#1404=VECTOR('',#8799,1.);
#1405=VECTOR('',#8800,1.);
#1406=VECTOR('',#8801,1.);
#1407=VECTOR('',#8802,1.);
#1408=VECTOR('',#8807,1.);
#1409=VECTOR('',#8814,1.);
#1410=VECTOR('',#8817,1.);
#1411=VECTOR('',#8818,1.);
#1412=VECTOR('',#8819,1.);
#1413=VECTOR('',#8820,1.);
#1414=VECTOR('',#8821,1.);
#1415=VECTOR('',#8822,1.);
#1416=VECTOR('',#8823,1.);
#1417=VECTOR('',#8826,1.);
#1418=VECTOR('',#8827,1.);
#1419=VECTOR('',#8830,1.);
#1420=VECTOR('',#8831,1.);
#1421=VECTOR('',#8834,1.);
#1422=VECTOR('',#8835,1.);
#1423=VECTOR('',#8838,1.);
#1424=VECTOR('',#8839,1.);
#1425=VECTOR('',#8842,1.);
#1426=VECTOR('',#8843,1.);
#1427=VECTOR('',#8844,1.);
#1428=VECTOR('',#8845,1.);
#1429=VECTOR('',#8846,1.);
#1430=VECTOR('',#8859,1.);
#1431=VECTOR('',#8860,1.);
#1432=VECTOR('',#8863,1.);
#1433=VECTOR('',#8864,1.);
#1434=VECTOR('',#8865,1.);
#1435=VECTOR('',#8866,1.);
#1436=VECTOR('',#8867,1.);
#1437=VECTOR('',#8872,1.);
#1438=VECTOR('',#8877,1.);
#1439=VECTOR('',#8880,1.);
#1440=VECTOR('',#8881,1.);
#1441=VECTOR('',#8884,1.);
#1442=VECTOR('',#8887,1.);
#1443=VECTOR('',#8888,1.);
#1444=VECTOR('',#8891,1.);
#1445=VECTOR('',#8894,1.);
#1446=VECTOR('',#8895,1.);
#1447=VECTOR('',#8898,1.);
#1448=VECTOR('',#8901,1.);
#1449=VECTOR('',#8902,1.);
#1450=VECTOR('',#8905,1.);
#1451=VECTOR('',#8910,1.);
#1452=VECTOR('',#8911,1.);
#1453=VECTOR('',#8914,1.);
#1454=VECTOR('',#8917,1.);
#1455=VECTOR('',#8918,1.);
#1456=VECTOR('',#8919,1.);
#1457=VECTOR('',#8922,1.);
#1458=VECTOR('',#8931,1.);
#1459=VECTOR('',#8932,1.);
#1460=VECTOR('',#8933,1.);
#1461=VECTOR('',#8938,1.);
#1462=VECTOR('',#8945,1.);
#1463=VECTOR('',#8952,1.);
#1464=VECTOR('',#8955,1.);
#1465=VECTOR('',#8956,1.);
#1466=VECTOR('',#8957,1.);
#1467=VECTOR('',#8958,1.);
#1468=VECTOR('',#8963,1.);
#1469=VECTOR('',#8970,1.);
#1470=VECTOR('',#8973,1.);
#1471=VECTOR('',#8974,1.);
#1472=VECTOR('',#8977,1.);
#1473=VECTOR('',#8978,1.);
#1474=VECTOR('',#8981,1.);
#1475=VECTOR('',#8982,1.);
#1476=VECTOR('',#8985,1.);
#1477=VECTOR('',#8986,1.);
#1478=VECTOR('',#8989,1.);
#1479=VECTOR('',#8990,1.);
#1480=VECTOR('',#8993,1.);
#1481=VECTOR('',#8994,1.);
#1482=VECTOR('',#8995,1.);
#1483=VECTOR('',#8996,1.);
#1484=VECTOR('',#8999,1.);
#1485=VECTOR('',#9002,1.);
#1486=VECTOR('',#9003,1.);
#1487=VECTOR('',#9004,1.);
#1488=VECTOR('',#9007,1.);
#1489=VECTOR('',#9010,1.);
#1490=VECTOR('',#9021,1.);
#1491=VECTOR('',#9022,1.);
#1492=VECTOR('',#9023,1.);
#1493=VECTOR('',#9026,1.);
#1494=VECTOR('',#9027,1.);
#1495=VECTOR('',#9030,1.);
#1496=VECTOR('',#9031,1.);
#1497=VECTOR('',#9034,1.);
#1498=VECTOR('',#9035,1.);
#1499=VECTOR('',#9038,1.);
#1500=VECTOR('',#9039,1.);
#1501=VECTOR('',#9042,1.);
#1502=VECTOR('',#9043,1.);
#1503=VECTOR('',#9046,1.);
#1504=VECTOR('',#9047,1.);
#1505=VECTOR('',#9050,1.);
#1506=VECTOR('',#9051,1.);
#1507=VECTOR('',#9054,1.);
#1508=VECTOR('',#9055,1.);
#1509=VECTOR('',#9058,1.);
#1510=VECTOR('',#9059,1.);
#1511=VECTOR('',#9062,1.);
#1512=VECTOR('',#9063,1.);
#1513=VECTOR('',#9066,1.);
#1514=VECTOR('',#9067,1.);
#1515=VECTOR('',#9070,1.);
#1516=VECTOR('',#9081,1.);
#1517=VECTOR('',#9082,1.);
#1518=VECTOR('',#9085,1.);
#1519=VECTOR('',#9088,1.);
#1520=VECTOR('',#9091,1.);
#1521=VECTOR('',#9094,1.);
#1522=VECTOR('',#9097,1.);
#1523=VECTOR('',#9100,1.);
#1524=VECTOR('',#9103,1.);
#1525=VECTOR('',#9106,1.);
#1526=VECTOR('',#9111,1.);
#1527=VECTOR('',#9112,1.);
#1528=VECTOR('',#9115,1.);
#1529=VECTOR('',#9118,1.);
#1530=VECTOR('',#9121,1.);
#1531=VECTOR('',#9124,1.);
#1532=VECTOR('',#9127,1.);
#1533=VECTOR('',#9130,1.);
#1534=VECTOR('',#9133,1.);
#1535=VECTOR('',#9136,1.);
#1536=VECTOR('',#9141,1.);
#1537=VECTOR('',#9142,1.);
#1538=VECTOR('',#9145,1.);
#1539=VECTOR('',#9148,1.);
#1540=VECTOR('',#9151,1.);
#1541=VECTOR('',#9154,1.);
#1542=VECTOR('',#9157,1.);
#1543=VECTOR('',#9160,1.);
#1544=VECTOR('',#9163,1.);
#1545=VECTOR('',#9166,1.);
#1546=CIRCLE('',#7186,0.00474399679984579);
#1547=CIRCLE('',#7187,0.00126551856449748);
#1548=CIRCLE('',#7188,0.00204913641601311);
#1549=CIRCLE('',#7189,0.00216107606555583);
#1550=CIRCLE('',#7190,0.00208195975906715);
#1551=CIRCLE('',#7191,0.00205214268220049);
#1552=CIRCLE('',#7192,0.000497334102192029);
#1553=CIRCLE('',#7193,0.00052248536960322);
#1554=CIRCLE('',#7194,0.000519067009072584);
#1555=CIRCLE('',#7195,0.000520690705591885);
#1556=CIRCLE('',#7196,0.000522485369602979);
#1557=CIRCLE('',#7197,0.000497334102181961);
#1558=CIRCLE('',#7198,0.000529212917645852);
#1559=CIRCLE('',#7199,0.000527517836088076);
#1560=CIRCLE('',#7200,0.00191478189416251);
#1561=CIRCLE('',#7201,0.00189122680987178);
#1562=CIRCLE('',#7202,0.00215048989304269);
#1563=CIRCLE('',#7203,0.00215048989305137);
#1564=CIRCLE('',#7204,0.00219006906889699);
#1565=CIRCLE('',#7218,0.00474399679984521);
#1566=CIRCLE('',#7219,0.0012655185644977);
#1567=CIRCLE('',#7220,0.00204913641601904);
#1568=CIRCLE('',#7221,0.00216107606555551);
#1569=CIRCLE('',#7222,0.0020819597590677);
#1570=CIRCLE('',#7223,0.00205214268219766);
#1571=CIRCLE('',#7224,0.00049733410219197);
#1572=CIRCLE('',#7225,0.000522485369603297);
#1573=CIRCLE('',#7226,0.000519067009062028);
#1574=CIRCLE('',#7227,0.00052069070559212);
#1575=CIRCLE('',#7228,0.000522485369603185);
#1576=CIRCLE('',#7229,0.000497334102191699);
#1577=CIRCLE('',#7230,0.000529212917666294);
#1578=CIRCLE('',#7231,0.000527517836103322);
#1579=CIRCLE('',#7232,0.00191478189415123);
#1580=CIRCLE('',#7233,0.00189122680987175);
#1581=CIRCLE('',#7234,0.00215048989305136);
#1582=CIRCLE('',#7235,0.00215048989305146);
#1583=CIRCLE('',#7236,0.00219006906889697);
#1584=CIRCLE('',#7238,0.0023);
#1585=CIRCLE('',#7239,0.0023);
#1586=CIRCLE('',#7240,0.0023);
#1587=CIRCLE('',#7241,0.0023);
#1588=CIRCLE('',#7242,0.004);
#1589=CIRCLE('',#7243,0.004);
#1590=CIRCLE('',#7244,0.004);
#1591=CIRCLE('',#7245,0.004);
#1592=CIRCLE('',#7258,0.004);
#1593=CIRCLE('',#7259,0.004);
#1594=CIRCLE('',#7260,0.004);
#1595=CIRCLE('',#7261,0.004);
#1596=CIRCLE('',#7273,0.0023);
#1597=CIRCLE('',#7276,0.0023);
#1598=CIRCLE('',#7279,0.0023);
#1599=CIRCLE('',#7282,0.0023);
#1600=CIRCLE('',#7299,0.00189122680987175);
#1601=CIRCLE('',#7301,0.00191478189415123);
#1602=CIRCLE('',#7312,0.000522485369603297);
#1603=CIRCLE('',#7314,0.00049733410219197);
#1604=CIRCLE('',#7316,0.000527517836103322);
#1605=CIRCLE('',#7318,0.000529212917666294);
#1606=CIRCLE('',#7320,0.000497334102191699);
#1607=CIRCLE('',#7322,0.000522485369603185);
#1608=CIRCLE('',#7324,0.00052069070559212);
#1609=CIRCLE('',#7326,0.000519067009062028);
#1610=CIRCLE('',#7329,0.00153619412479915);
#1611=CIRCLE('',#7330,0.00153619412479915);
#1612=CIRCLE('',#7332,0.00160444189066168);
#1613=CIRCLE('',#7333,0.00160444189066168);
#1614=CIRCLE('',#7335,0.00157992200011369);
#1615=CIRCLE('',#7336,0.00157992200011369);
#1616=CIRCLE('',#7338,0.00160799497559707);
#1617=CIRCLE('',#7339,0.00160799497559707);
#1618=CIRCLE('',#7341,0.00160843904386145);
#1619=CIRCLE('',#7342,0.00160843904386145);
#1620=CIRCLE('',#7349,0.00215048989305136);
#1621=CIRCLE('',#7351,0.00153757703686586);
#1622=CIRCLE('',#7352,0.00153757703686586);
#1623=CIRCLE('',#7356,0.00170127862012871);
#1624=CIRCLE('',#7357,0.00170127862012871);
#1625=CIRCLE('',#7359,0.00474399679984521);
#1626=CIRCLE('',#7361,0.00205214268219766);
#1627=CIRCLE('',#7363,0.0020819597590677);
#1628=CIRCLE('',#7365,0.00216107606555551);
#1629=CIRCLE('',#7367,0.00204913641601904);
#1630=CIRCLE('',#7370,0.0012655185644977);
#1631=CIRCLE('',#7373,0.00130418943728444);
#1632=CIRCLE('',#7374,0.00130418943728444);
#1633=CIRCLE('',#7377,0.001536194124799);
#1634=CIRCLE('',#7378,0.001536194124799);
#1635=CIRCLE('',#7380,0.00160181837665631);
#1636=CIRCLE('',#7381,0.00160181837665631);
#1637=CIRCLE('',#7383,0.00158627948872513);
#1638=CIRCLE('',#7384,0.00158627948872513);
#1639=CIRCLE('',#7386,0.00159020746109975);
#1640=CIRCLE('',#7387,0.00159020746109975);
#1641=CIRCLE('',#7389,0.00163035625890816);
#1642=CIRCLE('',#7390,0.00163035625890816);
#1643=CIRCLE('',#7397,0.00219006906889697);
#1644=CIRCLE('',#7399,0.00215048989305146);
#1645=CIRCLE('',#7401,0.00150942983526414);
#1646=CIRCLE('',#7402,0.00150942983526414);
#1647=CIRCLE('',#7434,0.0023);
#1648=CIRCLE('',#7436,0.0023);
#1649=CIRCLE('',#7439,0.0023);
#1650=CIRCLE('',#7441,0.0023);
#1651=CIRCLE('',#7444,0.0023);
#1652=CIRCLE('',#7446,0.0023);
#1653=CIRCLE('',#7449,0.0023);
#1654=CIRCLE('',#7451,0.0023);
#1655=CIRCLE('',#7469,0.00189122680987178);
#1656=CIRCLE('',#7471,0.00191478189416251);
#1657=CIRCLE('',#7482,0.00052248536960322);
#1658=CIRCLE('',#7484,0.000497334102192029);
#1659=CIRCLE('',#7486,0.000527517836088076);
#1660=CIRCLE('',#7488,0.000529212917645852);
#1661=CIRCLE('',#7490,0.000497334102181961);
#1662=CIRCLE('',#7492,0.000522485369602979);
#1663=CIRCLE('',#7494,0.000520690705591885);
#1664=CIRCLE('',#7496,0.000519067009072584);
#1665=CIRCLE('',#7499,0.00153619412479896);
#1666=CIRCLE('',#7500,0.00153619412479896);
#1667=CIRCLE('',#7502,0.00160444189066182);
#1668=CIRCLE('',#7503,0.00160444189066182);
#1669=CIRCLE('',#7505,0.00157992200011366);
#1670=CIRCLE('',#7506,0.00157992200011366);
#1671=CIRCLE('',#7508,0.00160799497559712);
#1672=CIRCLE('',#7509,0.00160799497559712);
#1673=CIRCLE('',#7511,0.00160843904385678);
#1674=CIRCLE('',#7512,0.00160843904385678);
#1675=CIRCLE('',#7519,0.00215048989304269);
#1676=CIRCLE('',#7521,0.00153757703685197);
#1677=CIRCLE('',#7522,0.00153757703685197);
#1678=CIRCLE('',#7526,0.0017012786201286);
#1679=CIRCLE('',#7527,0.0017012786201286);
#1680=CIRCLE('',#7529,0.00474399679984579);
#1681=CIRCLE('',#7531,0.00205214268220049);
#1682=CIRCLE('',#7533,0.00208195975906715);
#1683=CIRCLE('',#7535,0.00216107606555583);
#1684=CIRCLE('',#7537,0.00204913641601311);
#1685=CIRCLE('',#7540,0.00126551856449748);
#1686=CIRCLE('',#7543,0.00130418943728483);
#1687=CIRCLE('',#7544,0.00130418943728483);
#1688=CIRCLE('',#7547,0.0015361941247991);
#1689=CIRCLE('',#7548,0.0015361941247991);
#1690=CIRCLE('',#7550,0.00160181837665611);
#1691=CIRCLE('',#7551,0.00160181837665611);
#1692=CIRCLE('',#7553,0.00158627948872506);
#1693=CIRCLE('',#7554,0.00158627948872506);
#1694=CIRCLE('',#7556,0.00159020746109954);
#1695=CIRCLE('',#7557,0.00159020746109954);
#1696=CIRCLE('',#7559,0.00163035625890786);
#1697=CIRCLE('',#7560,0.00163035625890786);
#1698=CIRCLE('',#7567,0.00219006906889699);
#1699=CIRCLE('',#7569,0.00215048989305137);
#1700=CIRCLE('',#7571,0.00150942983528);
#1701=CIRCLE('',#7572,0.00150942983528);
#1702=ORIENTED_EDGE('',*,*,#3762,.T.);
#1703=ORIENTED_EDGE('',*,*,#3763,.T.);
#1704=ORIENTED_EDGE('',*,*,#3764,.T.);
#1705=ORIENTED_EDGE('',*,*,#3765,.T.);
#1706=ORIENTED_EDGE('',*,*,#3766,.T.);
#1707=ORIENTED_EDGE('',*,*,#3767,.T.);
#1708=ORIENTED_EDGE('',*,*,#3768,.T.);
#1709=ORIENTED_EDGE('',*,*,#3769,.T.);
#1710=ORIENTED_EDGE('',*,*,#3770,.T.);
#1711=ORIENTED_EDGE('',*,*,#3771,.T.);
#1712=ORIENTED_EDGE('',*,*,#3772,.T.);
#1713=ORIENTED_EDGE('',*,*,#3773,.T.);
#1714=ORIENTED_EDGE('',*,*,#3774,.T.);
#1715=ORIENTED_EDGE('',*,*,#3775,.T.);
#1716=ORIENTED_EDGE('',*,*,#3776,.T.);
#1717=ORIENTED_EDGE('',*,*,#3777,.T.);
#1718=ORIENTED_EDGE('',*,*,#3778,.T.);
#1719=ORIENTED_EDGE('',*,*,#3779,.T.);
#1720=ORIENTED_EDGE('',*,*,#3780,.T.);
#1721=ORIENTED_EDGE('',*,*,#3781,.T.);
#1722=ORIENTED_EDGE('',*,*,#3782,.T.);
#1723=ORIENTED_EDGE('',*,*,#3783,.T.);
#1724=ORIENTED_EDGE('',*,*,#3784,.T.);
#1725=ORIENTED_EDGE('',*,*,#3785,.T.);
#1726=ORIENTED_EDGE('',*,*,#3786,.T.);
#1727=ORIENTED_EDGE('',*,*,#3787,.T.);
#1728=ORIENTED_EDGE('',*,*,#3788,.T.);
#1729=ORIENTED_EDGE('',*,*,#3789,.T.);
#1730=ORIENTED_EDGE('',*,*,#3790,.T.);
#1731=ORIENTED_EDGE('',*,*,#3791,.T.);
#1732=ORIENTED_EDGE('',*,*,#3792,.T.);
#1733=ORIENTED_EDGE('',*,*,#3793,.T.);
#1734=ORIENTED_EDGE('',*,*,#3794,.T.);
#1735=ORIENTED_EDGE('',*,*,#3795,.T.);
#1736=ORIENTED_EDGE('',*,*,#3796,.T.);
#1737=ORIENTED_EDGE('',*,*,#3797,.T.);
#1738=ORIENTED_EDGE('',*,*,#3798,.T.);
#1739=ORIENTED_EDGE('',*,*,#3799,.T.);
#1740=ORIENTED_EDGE('',*,*,#3800,.T.);
#1741=ORIENTED_EDGE('',*,*,#3801,.T.);
#1742=ORIENTED_EDGE('',*,*,#3802,.T.);
#1743=ORIENTED_EDGE('',*,*,#3803,.T.);
#1744=ORIENTED_EDGE('',*,*,#3804,.T.);
#1745=ORIENTED_EDGE('',*,*,#3805,.T.);
#1746=ORIENTED_EDGE('',*,*,#3806,.T.);
#1747=ORIENTED_EDGE('',*,*,#3807,.T.);
#1748=ORIENTED_EDGE('',*,*,#3808,.T.);
#1749=ORIENTED_EDGE('',*,*,#3809,.T.);
#1750=ORIENTED_EDGE('',*,*,#3810,.T.);
#1751=ORIENTED_EDGE('',*,*,#3811,.T.);
#1752=ORIENTED_EDGE('',*,*,#3812,.T.);
#1753=ORIENTED_EDGE('',*,*,#3813,.T.);
#1754=ORIENTED_EDGE('',*,*,#3814,.T.);
#1755=ORIENTED_EDGE('',*,*,#3815,.T.);
#1756=ORIENTED_EDGE('',*,*,#3816,.T.);
#1757=ORIENTED_EDGE('',*,*,#3817,.T.);
#1758=ORIENTED_EDGE('',*,*,#3818,.T.);
#1759=ORIENTED_EDGE('',*,*,#3819,.T.);
#1760=ORIENTED_EDGE('',*,*,#3820,.T.);
#1761=ORIENTED_EDGE('',*,*,#3821,.F.);
#1762=ORIENTED_EDGE('',*,*,#3822,.T.);
#1763=ORIENTED_EDGE('',*,*,#3823,.T.);
#1764=ORIENTED_EDGE('',*,*,#3824,.T.);
#1765=ORIENTED_EDGE('',*,*,#3825,.T.);
#1766=ORIENTED_EDGE('',*,*,#3826,.T.);
#1767=ORIENTED_EDGE('',*,*,#3827,.T.);
#1768=ORIENTED_EDGE('',*,*,#3828,.T.);
#1769=ORIENTED_EDGE('',*,*,#3829,.T.);
#1770=ORIENTED_EDGE('',*,*,#3830,.T.);
#1771=ORIENTED_EDGE('',*,*,#3831,.T.);
#1772=ORIENTED_EDGE('',*,*,#3832,.T.);
#1773=ORIENTED_EDGE('',*,*,#3833,.T.);
#1774=ORIENTED_EDGE('',*,*,#3834,.T.);
#1775=ORIENTED_EDGE('',*,*,#3835,.T.);
#1776=ORIENTED_EDGE('',*,*,#3836,.T.);
#1777=ORIENTED_EDGE('',*,*,#3837,.T.);
#1778=ORIENTED_EDGE('',*,*,#3838,.T.);
#1779=ORIENTED_EDGE('',*,*,#3839,.T.);
#1780=ORIENTED_EDGE('',*,*,#3840,.T.);
#1781=ORIENTED_EDGE('',*,*,#3841,.T.);
#1782=ORIENTED_EDGE('',*,*,#3842,.T.);
#1783=ORIENTED_EDGE('',*,*,#3843,.T.);
#1784=ORIENTED_EDGE('',*,*,#3844,.T.);
#1785=ORIENTED_EDGE('',*,*,#3845,.T.);
#1786=ORIENTED_EDGE('',*,*,#3846,.T.);
#1787=ORIENTED_EDGE('',*,*,#3847,.T.);
#1788=ORIENTED_EDGE('',*,*,#3848,.T.);
#1789=ORIENTED_EDGE('',*,*,#3849,.T.);
#1790=ORIENTED_EDGE('',*,*,#3850,.T.);
#1791=ORIENTED_EDGE('',*,*,#3851,.T.);
#1792=ORIENTED_EDGE('',*,*,#3852,.T.);
#1793=ORIENTED_EDGE('',*,*,#3853,.T.);
#1794=ORIENTED_EDGE('',*,*,#3854,.T.);
#1795=ORIENTED_EDGE('',*,*,#3855,.T.);
#1796=ORIENTED_EDGE('',*,*,#3856,.T.);
#1797=ORIENTED_EDGE('',*,*,#3857,.T.);
#1798=ORIENTED_EDGE('',*,*,#3858,.T.);
#1799=ORIENTED_EDGE('',*,*,#3859,.T.);
#1800=ORIENTED_EDGE('',*,*,#3860,.T.);
#1801=ORIENTED_EDGE('',*,*,#3861,.T.);
#1802=ORIENTED_EDGE('',*,*,#3862,.T.);
#1803=ORIENTED_EDGE('',*,*,#3863,.T.);
#1804=ORIENTED_EDGE('',*,*,#3864,.T.);
#1805=ORIENTED_EDGE('',*,*,#3865,.T.);
#1806=ORIENTED_EDGE('',*,*,#3866,.T.);
#1807=ORIENTED_EDGE('',*,*,#3867,.T.);
#1808=ORIENTED_EDGE('',*,*,#3868,.T.);
#1809=ORIENTED_EDGE('',*,*,#3869,.T.);
#1810=ORIENTED_EDGE('',*,*,#3870,.T.);
#1811=ORIENTED_EDGE('',*,*,#3871,.T.);
#1812=ORIENTED_EDGE('',*,*,#3872,.T.);
#1813=ORIENTED_EDGE('',*,*,#3873,.T.);
#1814=ORIENTED_EDGE('',*,*,#3874,.T.);
#1815=ORIENTED_EDGE('',*,*,#3875,.T.);
#1816=ORIENTED_EDGE('',*,*,#3876,.T.);
#1817=ORIENTED_EDGE('',*,*,#3877,.T.);
#1818=ORIENTED_EDGE('',*,*,#3878,.T.);
#1819=ORIENTED_EDGE('',*,*,#3879,.T.);
#1820=ORIENTED_EDGE('',*,*,#3880,.T.);
#1821=ORIENTED_EDGE('',*,*,#3881,.T.);
#1822=ORIENTED_EDGE('',*,*,#3882,.T.);
#1823=ORIENTED_EDGE('',*,*,#3883,.T.);
#1824=ORIENTED_EDGE('',*,*,#3884,.T.);
#1825=ORIENTED_EDGE('',*,*,#3885,.T.);
#1826=ORIENTED_EDGE('',*,*,#3886,.T.);
#1827=ORIENTED_EDGE('',*,*,#3887,.T.);
#1828=ORIENTED_EDGE('',*,*,#3888,.T.);
#1829=ORIENTED_EDGE('',*,*,#3889,.T.);
#1830=ORIENTED_EDGE('',*,*,#3890,.T.);
#1831=ORIENTED_EDGE('',*,*,#3891,.T.);
#1832=ORIENTED_EDGE('',*,*,#3892,.T.);
#1833=ORIENTED_EDGE('',*,*,#3893,.T.);
#1834=ORIENTED_EDGE('',*,*,#3894,.T.);
#1835=ORIENTED_EDGE('',*,*,#3895,.T.);
#1836=ORIENTED_EDGE('',*,*,#3896,.F.);
#1837=ORIENTED_EDGE('',*,*,#3897,.F.);
#1838=ORIENTED_EDGE('',*,*,#3898,.F.);
#1839=ORIENTED_EDGE('',*,*,#3899,.T.);
#1840=ORIENTED_EDGE('',*,*,#3900,.F.);
#1841=ORIENTED_EDGE('',*,*,#3901,.T.);
#1842=ORIENTED_EDGE('',*,*,#3902,.T.);
#1843=ORIENTED_EDGE('',*,*,#3903,.T.);
#1844=ORIENTED_EDGE('',*,*,#3904,.F.);
#1845=ORIENTED_EDGE('',*,*,#3905,.T.);
#1846=ORIENTED_EDGE('',*,*,#3906,.T.);
#1847=ORIENTED_EDGE('',*,*,#3907,.T.);
#1848=ORIENTED_EDGE('',*,*,#3908,.T.);
#1849=ORIENTED_EDGE('',*,*,#3909,.T.);
#1850=ORIENTED_EDGE('',*,*,#3910,.T.);
#1851=ORIENTED_EDGE('',*,*,#3911,.T.);
#1852=ORIENTED_EDGE('',*,*,#3912,.T.);
#1853=ORIENTED_EDGE('',*,*,#3913,.T.);
#1854=ORIENTED_EDGE('',*,*,#3914,.T.);
#1855=ORIENTED_EDGE('',*,*,#3915,.T.);
#1856=ORIENTED_EDGE('',*,*,#3916,.T.);
#1857=ORIENTED_EDGE('',*,*,#3917,.T.);
#1858=ORIENTED_EDGE('',*,*,#3918,.T.);
#1859=ORIENTED_EDGE('',*,*,#3919,.T.);
#1860=ORIENTED_EDGE('',*,*,#3920,.T.);
#1861=ORIENTED_EDGE('',*,*,#3921,.T.);
#1862=ORIENTED_EDGE('',*,*,#3922,.T.);
#1863=ORIENTED_EDGE('',*,*,#3923,.T.);
#1864=ORIENTED_EDGE('',*,*,#3924,.T.);
#1865=ORIENTED_EDGE('',*,*,#3925,.T.);
#1866=ORIENTED_EDGE('',*,*,#3926,.T.);
#1867=ORIENTED_EDGE('',*,*,#3927,.T.);
#1868=ORIENTED_EDGE('',*,*,#3928,.T.);
#1869=ORIENTED_EDGE('',*,*,#3929,.T.);
#1870=ORIENTED_EDGE('',*,*,#3930,.T.);
#1871=ORIENTED_EDGE('',*,*,#3931,.T.);
#1872=ORIENTED_EDGE('',*,*,#3932,.T.);
#1873=ORIENTED_EDGE('',*,*,#3933,.T.);
#1874=ORIENTED_EDGE('',*,*,#3934,.T.);
#1875=ORIENTED_EDGE('',*,*,#3935,.T.);
#1876=ORIENTED_EDGE('',*,*,#3936,.T.);
#1877=ORIENTED_EDGE('',*,*,#3937,.T.);
#1878=ORIENTED_EDGE('',*,*,#3899,.F.);
#1879=ORIENTED_EDGE('',*,*,#3938,.F.);
#1880=ORIENTED_EDGE('',*,*,#3939,.F.);
#1881=ORIENTED_EDGE('',*,*,#3905,.F.);
#1882=ORIENTED_EDGE('',*,*,#3940,.T.);
#1883=ORIENTED_EDGE('',*,*,#3941,.T.);
#1884=ORIENTED_EDGE('',*,*,#3942,.F.);
#1885=ORIENTED_EDGE('',*,*,#3941,.F.);
#1886=ORIENTED_EDGE('',*,*,#3943,.T.);
#1887=ORIENTED_EDGE('',*,*,#3944,.T.);
#1888=ORIENTED_EDGE('',*,*,#3945,.F.);
#1889=ORIENTED_EDGE('',*,*,#3944,.F.);
#1890=ORIENTED_EDGE('',*,*,#3946,.T.);
#1891=ORIENTED_EDGE('',*,*,#3897,.T.);
#1892=ORIENTED_EDGE('',*,*,#3947,.T.);
#1893=ORIENTED_EDGE('',*,*,#3948,.T.);
#1894=ORIENTED_EDGE('',*,*,#3949,.F.);
#1895=ORIENTED_EDGE('',*,*,#3950,.F.);
#1896=ORIENTED_EDGE('',*,*,#3951,.F.);
#1897=ORIENTED_EDGE('',*,*,#3952,.T.);
#1898=ORIENTED_EDGE('',*,*,#3947,.F.);
#1899=ORIENTED_EDGE('',*,*,#3953,.F.);
#1900=ORIENTED_EDGE('',*,*,#3954,.T.);
#1901=ORIENTED_EDGE('',*,*,#3955,.T.);
#1902=ORIENTED_EDGE('',*,*,#3956,.F.);
#1903=ORIENTED_EDGE('',*,*,#3957,.F.);
#1904=ORIENTED_EDGE('',*,*,#3958,.F.);
#1905=ORIENTED_EDGE('',*,*,#3959,.T.);
#1906=ORIENTED_EDGE('',*,*,#3954,.F.);
#1907=ORIENTED_EDGE('',*,*,#3960,.F.);
#1908=ORIENTED_EDGE('',*,*,#3961,.F.);
#1909=ORIENTED_EDGE('',*,*,#3962,.T.);
#1910=ORIENTED_EDGE('',*,*,#3963,.T.);
#1911=ORIENTED_EDGE('',*,*,#3956,.T.);
#1912=ORIENTED_EDGE('',*,*,#3964,.F.);
#1913=ORIENTED_EDGE('',*,*,#3965,.T.);
#1914=ORIENTED_EDGE('',*,*,#3966,.T.);
#1915=ORIENTED_EDGE('',*,*,#3967,.T.);
#1916=ORIENTED_EDGE('',*,*,#3968,.T.);
#1917=ORIENTED_EDGE('',*,*,#3969,.T.);
#1918=ORIENTED_EDGE('',*,*,#3970,.F.);
#1919=ORIENTED_EDGE('',*,*,#3971,.F.);
#1920=ORIENTED_EDGE('',*,*,#3972,.T.);
#1921=ORIENTED_EDGE('',*,*,#3973,.F.);
#1922=ORIENTED_EDGE('',*,*,#3974,.F.);
#1923=ORIENTED_EDGE('',*,*,#3975,.T.);
#1924=ORIENTED_EDGE('',*,*,#3976,.T.);
#1925=ORIENTED_EDGE('',*,*,#3977,.T.);
#1926=ORIENTED_EDGE('',*,*,#3951,.T.);
#1927=ORIENTED_EDGE('',*,*,#3978,.T.);
#1928=ORIENTED_EDGE('',*,*,#3903,.F.);
#1929=ORIENTED_EDGE('',*,*,#3979,.F.);
#1930=ORIENTED_EDGE('',*,*,#3980,.T.);
#1931=ORIENTED_EDGE('',*,*,#3981,.T.);
#1932=ORIENTED_EDGE('',*,*,#3982,.T.);
#1933=ORIENTED_EDGE('',*,*,#3983,.T.);
#1934=ORIENTED_EDGE('',*,*,#3984,.T.);
#1935=ORIENTED_EDGE('',*,*,#3985,.T.);
#1936=ORIENTED_EDGE('',*,*,#3986,.T.);
#1937=ORIENTED_EDGE('',*,*,#3987,.T.);
#1938=ORIENTED_EDGE('',*,*,#3988,.T.);
#1939=ORIENTED_EDGE('',*,*,#3989,.T.);
#1940=ORIENTED_EDGE('',*,*,#3990,.T.);
#1941=ORIENTED_EDGE('',*,*,#3991,.T.);
#1942=ORIENTED_EDGE('',*,*,#3992,.T.);
#1943=ORIENTED_EDGE('',*,*,#3993,.T.);
#1944=ORIENTED_EDGE('',*,*,#3994,.T.);
#1945=ORIENTED_EDGE('',*,*,#3995,.T.);
#1946=ORIENTED_EDGE('',*,*,#3996,.T.);
#1947=ORIENTED_EDGE('',*,*,#3997,.T.);
#1948=ORIENTED_EDGE('',*,*,#3998,.T.);
#1949=ORIENTED_EDGE('',*,*,#3999,.T.);
#1950=ORIENTED_EDGE('',*,*,#4000,.T.);
#1951=ORIENTED_EDGE('',*,*,#4001,.T.);
#1952=ORIENTED_EDGE('',*,*,#4002,.T.);
#1953=ORIENTED_EDGE('',*,*,#4003,.T.);
#1954=ORIENTED_EDGE('',*,*,#4004,.T.);
#1955=ORIENTED_EDGE('',*,*,#4005,.T.);
#1956=ORIENTED_EDGE('',*,*,#4006,.T.);
#1957=ORIENTED_EDGE('',*,*,#4007,.T.);
#1958=ORIENTED_EDGE('',*,*,#4008,.T.);
#1959=ORIENTED_EDGE('',*,*,#4009,.T.);
#1960=ORIENTED_EDGE('',*,*,#4010,.T.);
#1961=ORIENTED_EDGE('',*,*,#4011,.T.);
#1962=ORIENTED_EDGE('',*,*,#4012,.T.);
#1963=ORIENTED_EDGE('',*,*,#4013,.T.);
#1964=ORIENTED_EDGE('',*,*,#4014,.T.);
#1965=ORIENTED_EDGE('',*,*,#4015,.T.);
#1966=ORIENTED_EDGE('',*,*,#4016,.T.);
#1967=ORIENTED_EDGE('',*,*,#4017,.T.);
#1968=ORIENTED_EDGE('',*,*,#4018,.T.);
#1969=ORIENTED_EDGE('',*,*,#4019,.T.);
#1970=ORIENTED_EDGE('',*,*,#4020,.T.);
#1971=ORIENTED_EDGE('',*,*,#4021,.T.);
#1972=ORIENTED_EDGE('',*,*,#4022,.T.);
#1973=ORIENTED_EDGE('',*,*,#4023,.T.);
#1974=ORIENTED_EDGE('',*,*,#4024,.T.);
#1975=ORIENTED_EDGE('',*,*,#4025,.T.);
#1976=ORIENTED_EDGE('',*,*,#4026,.T.);
#1977=ORIENTED_EDGE('',*,*,#4027,.T.);
#1978=ORIENTED_EDGE('',*,*,#4028,.T.);
#1979=ORIENTED_EDGE('',*,*,#4029,.T.);
#1980=ORIENTED_EDGE('',*,*,#4030,.T.);
#1981=ORIENTED_EDGE('',*,*,#4031,.T.);
#1982=ORIENTED_EDGE('',*,*,#4032,.T.);
#1983=ORIENTED_EDGE('',*,*,#4033,.T.);
#1984=ORIENTED_EDGE('',*,*,#4034,.T.);
#1985=ORIENTED_EDGE('',*,*,#4035,.T.);
#1986=ORIENTED_EDGE('',*,*,#4036,.T.);
#1987=ORIENTED_EDGE('',*,*,#4037,.T.);
#1988=ORIENTED_EDGE('',*,*,#4038,.F.);
#1989=ORIENTED_EDGE('',*,*,#4039,.T.);
#1990=ORIENTED_EDGE('',*,*,#4040,.T.);
#1991=ORIENTED_EDGE('',*,*,#4041,.F.);
#1992=ORIENTED_EDGE('',*,*,#4042,.T.);
#1993=ORIENTED_EDGE('',*,*,#4043,.T.);
#1994=ORIENTED_EDGE('',*,*,#4044,.T.);
#1995=ORIENTED_EDGE('',*,*,#4045,.T.);
#1996=ORIENTED_EDGE('',*,*,#4046,.T.);
#1997=ORIENTED_EDGE('',*,*,#4047,.T.);
#1998=ORIENTED_EDGE('',*,*,#4048,.T.);
#1999=ORIENTED_EDGE('',*,*,#4049,.T.);
#2000=ORIENTED_EDGE('',*,*,#4050,.T.);
#2001=ORIENTED_EDGE('',*,*,#4051,.T.);
#2002=ORIENTED_EDGE('',*,*,#4052,.T.);
#2003=ORIENTED_EDGE('',*,*,#4053,.T.);
#2004=ORIENTED_EDGE('',*,*,#4054,.T.);
#2005=ORIENTED_EDGE('',*,*,#4055,.T.);
#2006=ORIENTED_EDGE('',*,*,#4056,.T.);
#2007=ORIENTED_EDGE('',*,*,#4057,.T.);
#2008=ORIENTED_EDGE('',*,*,#4058,.T.);
#2009=ORIENTED_EDGE('',*,*,#4059,.T.);
#2010=ORIENTED_EDGE('',*,*,#4060,.T.);
#2011=ORIENTED_EDGE('',*,*,#4061,.T.);
#2012=ORIENTED_EDGE('',*,*,#4062,.T.);
#2013=ORIENTED_EDGE('',*,*,#4063,.T.);
#2014=ORIENTED_EDGE('',*,*,#4064,.T.);
#2015=ORIENTED_EDGE('',*,*,#4065,.T.);
#2016=ORIENTED_EDGE('',*,*,#4066,.T.);
#2017=ORIENTED_EDGE('',*,*,#4067,.T.);
#2018=ORIENTED_EDGE('',*,*,#4068,.T.);
#2019=ORIENTED_EDGE('',*,*,#4069,.T.);
#2020=ORIENTED_EDGE('',*,*,#4070,.T.);
#2021=ORIENTED_EDGE('',*,*,#4071,.T.);
#2022=ORIENTED_EDGE('',*,*,#4072,.T.);
#2023=ORIENTED_EDGE('',*,*,#4073,.T.);
#2024=ORIENTED_EDGE('',*,*,#4074,.T.);
#2025=ORIENTED_EDGE('',*,*,#4075,.T.);
#2026=ORIENTED_EDGE('',*,*,#4076,.T.);
#2027=ORIENTED_EDGE('',*,*,#4077,.T.);
#2028=ORIENTED_EDGE('',*,*,#4078,.T.);
#2029=ORIENTED_EDGE('',*,*,#4079,.T.);
#2030=ORIENTED_EDGE('',*,*,#4080,.T.);
#2031=ORIENTED_EDGE('',*,*,#4081,.T.);
#2032=ORIENTED_EDGE('',*,*,#4082,.T.);
#2033=ORIENTED_EDGE('',*,*,#4083,.T.);
#2034=ORIENTED_EDGE('',*,*,#4084,.T.);
#2035=ORIENTED_EDGE('',*,*,#4085,.T.);
#2036=ORIENTED_EDGE('',*,*,#4086,.T.);
#2037=ORIENTED_EDGE('',*,*,#4087,.T.);
#2038=ORIENTED_EDGE('',*,*,#4088,.F.);
#2039=ORIENTED_EDGE('',*,*,#4089,.F.);
#2040=ORIENTED_EDGE('',*,*,#4090,.F.);
#2041=ORIENTED_EDGE('',*,*,#4091,.F.);
#2042=ORIENTED_EDGE('',*,*,#3966,.F.);
#2043=ORIENTED_EDGE('',*,*,#4092,.T.);
#2044=ORIENTED_EDGE('',*,*,#4093,.F.);
#2045=ORIENTED_EDGE('',*,*,#4094,.T.);
#2046=ORIENTED_EDGE('',*,*,#4041,.T.);
#2047=ORIENTED_EDGE('',*,*,#4095,.T.);
#2048=ORIENTED_EDGE('',*,*,#3821,.T.);
#2049=ORIENTED_EDGE('',*,*,#4096,.T.);
#2050=ORIENTED_EDGE('',*,*,#4097,.T.);
#2051=ORIENTED_EDGE('',*,*,#4098,.T.);
#2052=ORIENTED_EDGE('',*,*,#4099,.T.);
#2053=ORIENTED_EDGE('',*,*,#4100,.T.);
#2054=ORIENTED_EDGE('',*,*,#4101,.F.);
#2055=ORIENTED_EDGE('',*,*,#4102,.T.);
#2056=ORIENTED_EDGE('',*,*,#3979,.T.);
#2057=ORIENTED_EDGE('',*,*,#3902,.F.);
#2058=ORIENTED_EDGE('',*,*,#4103,.F.);
#2059=ORIENTED_EDGE('',*,*,#4104,.F.);
#2060=ORIENTED_EDGE('',*,*,#4105,.T.);
#2061=ORIENTED_EDGE('',*,*,#4106,.T.);
#2062=ORIENTED_EDGE('',*,*,#4107,.F.);
#2063=ORIENTED_EDGE('',*,*,#4108,.T.);
#2064=ORIENTED_EDGE('',*,*,#4107,.T.);
#2065=ORIENTED_EDGE('',*,*,#4109,.T.);
#2066=ORIENTED_EDGE('',*,*,#4110,.F.);
#2067=ORIENTED_EDGE('',*,*,#4111,.T.);
#2068=ORIENTED_EDGE('',*,*,#4112,.T.);
#2069=ORIENTED_EDGE('',*,*,#4113,.T.);
#2070=ORIENTED_EDGE('',*,*,#4114,.F.);
#2071=ORIENTED_EDGE('',*,*,#4115,.F.);
#2072=ORIENTED_EDGE('',*,*,#4116,.F.);
#2073=ORIENTED_EDGE('',*,*,#4117,.F.);
#2074=ORIENTED_EDGE('',*,*,#4110,.T.);
#2075=ORIENTED_EDGE('',*,*,#4118,.T.);
#2076=ORIENTED_EDGE('',*,*,#4038,.T.);
#2077=ORIENTED_EDGE('',*,*,#4119,.T.);
#2078=ORIENTED_EDGE('',*,*,#4120,.F.);
#2079=ORIENTED_EDGE('',*,*,#4120,.T.);
#2080=ORIENTED_EDGE('',*,*,#4121,.T.);
#2081=ORIENTED_EDGE('',*,*,#4105,.F.);
#2082=ORIENTED_EDGE('',*,*,#4122,.F.);
#2083=ORIENTED_EDGE('',*,*,#4123,.F.);
#2084=ORIENTED_EDGE('',*,*,#4113,.F.);
#2085=ORIENTED_EDGE('',*,*,#4124,.F.);
#2086=ORIENTED_EDGE('',*,*,#4125,.T.);
#2087=ORIENTED_EDGE('',*,*,#4126,.T.);
#2088=ORIENTED_EDGE('',*,*,#4104,.T.);
#2089=ORIENTED_EDGE('',*,*,#4127,.F.);
#2090=ORIENTED_EDGE('',*,*,#4128,.T.);
#2091=ORIENTED_EDGE('',*,*,#4129,.F.);
#2092=ORIENTED_EDGE('',*,*,#4130,.F.);
#2093=ORIENTED_EDGE('',*,*,#4098,.F.);
#2094=ORIENTED_EDGE('',*,*,#4131,.F.);
#2095=ORIENTED_EDGE('',*,*,#4132,.F.);
#2096=ORIENTED_EDGE('',*,*,#4133,.T.);
#2097=ORIENTED_EDGE('',*,*,#4116,.T.);
#2098=ORIENTED_EDGE('',*,*,#4134,.T.);
#2099=ORIENTED_EDGE('',*,*,#4134,.F.);
#2100=ORIENTED_EDGE('',*,*,#4115,.T.);
#2101=ORIENTED_EDGE('',*,*,#4135,.T.);
#2102=ORIENTED_EDGE('',*,*,#4099,.F.);
#2103=ORIENTED_EDGE('',*,*,#3953,.T.);
#2104=ORIENTED_EDGE('',*,*,#3950,.T.);
#2105=ORIENTED_EDGE('',*,*,#4136,.F.);
#2106=ORIENTED_EDGE('',*,*,#3960,.T.);
#2107=ORIENTED_EDGE('',*,*,#3957,.T.);
#2108=ORIENTED_EDGE('',*,*,#3963,.F.);
#2109=ORIENTED_EDGE('',*,*,#4137,.F.);
#2110=ORIENTED_EDGE('',*,*,#4138,.T.);
#2111=ORIENTED_EDGE('',*,*,#4139,.F.);
#2112=ORIENTED_EDGE('',*,*,#4140,.T.);
#2113=ORIENTED_EDGE('',*,*,#4130,.T.);
#2114=ORIENTED_EDGE('',*,*,#4141,.F.);
#2115=ORIENTED_EDGE('',*,*,#4142,.T.);
#2116=ORIENTED_EDGE('',*,*,#3938,.T.);
#2117=ORIENTED_EDGE('',*,*,#3898,.T.);
#2118=ORIENTED_EDGE('',*,*,#3946,.F.);
#2119=ORIENTED_EDGE('',*,*,#3943,.F.);
#2120=ORIENTED_EDGE('',*,*,#3940,.F.);
#2121=ORIENTED_EDGE('',*,*,#3904,.T.);
#2122=ORIENTED_EDGE('',*,*,#3978,.F.);
#2123=ORIENTED_EDGE('',*,*,#3962,.F.);
#2124=ORIENTED_EDGE('',*,*,#4143,.T.);
#2125=ORIENTED_EDGE('',*,*,#3958,.T.);
#2126=ORIENTED_EDGE('',*,*,#4136,.T.);
#2127=ORIENTED_EDGE('',*,*,#3949,.T.);
#2128=ORIENTED_EDGE('',*,*,#4144,.T.);
#2129=ORIENTED_EDGE('',*,*,#3976,.F.);
#2130=ORIENTED_EDGE('',*,*,#4102,.F.);
#2131=ORIENTED_EDGE('',*,*,#4145,.F.);
#2132=ORIENTED_EDGE('',*,*,#4137,.T.);
#2133=ORIENTED_EDGE('',*,*,#4093,.T.);
#2134=ORIENTED_EDGE('',*,*,#4146,.T.);
#2135=ORIENTED_EDGE('',*,*,#4147,.F.);
#2136=ORIENTED_EDGE('',*,*,#4148,.T.);
#2137=ORIENTED_EDGE('',*,*,#4147,.T.);
#2138=ORIENTED_EDGE('',*,*,#4149,.T.);
#2139=ORIENTED_EDGE('',*,*,#3964,.T.);
#2140=ORIENTED_EDGE('',*,*,#4150,.T.);
#2141=ORIENTED_EDGE('',*,*,#3819,.F.);
#2142=ORIENTED_EDGE('',*,*,#4151,.T.);
#2143=ORIENTED_EDGE('',*,*,#4043,.F.);
#2144=ORIENTED_EDGE('',*,*,#4152,.T.);
#2145=ORIENTED_EDGE('',*,*,#4145,.T.);
#2146=ORIENTED_EDGE('',*,*,#4101,.T.);
#2147=ORIENTED_EDGE('',*,*,#4153,.F.);
#2148=ORIENTED_EDGE('',*,*,#4138,.F.);
#2149=ORIENTED_EDGE('',*,*,#4100,.F.);
#2150=ORIENTED_EDGE('',*,*,#4135,.F.);
#2151=ORIENTED_EDGE('',*,*,#4154,.F.);
#2152=ORIENTED_EDGE('',*,*,#4139,.T.);
#2153=ORIENTED_EDGE('',*,*,#4153,.T.);
#2154=ORIENTED_EDGE('',*,*,#3901,.F.);
#2155=ORIENTED_EDGE('',*,*,#4155,.F.);
#2156=ORIENTED_EDGE('',*,*,#4156,.T.);
#2157=ORIENTED_EDGE('',*,*,#4157,.T.);
#2158=ORIENTED_EDGE('',*,*,#4127,.T.);
#2159=ORIENTED_EDGE('',*,*,#4103,.T.);
#2160=ORIENTED_EDGE('',*,*,#4156,.F.);
#2161=ORIENTED_EDGE('',*,*,#4158,.T.);
#2162=ORIENTED_EDGE('',*,*,#3936,.F.);
#2163=ORIENTED_EDGE('',*,*,#4142,.F.);
#2164=ORIENTED_EDGE('',*,*,#4159,.T.);
#2165=ORIENTED_EDGE('',*,*,#4160,.F.);
#2166=ORIENTED_EDGE('',*,*,#4159,.F.);
#2167=ORIENTED_EDGE('',*,*,#4141,.T.);
#2168=ORIENTED_EDGE('',*,*,#4129,.T.);
#2169=ORIENTED_EDGE('',*,*,#4161,.T.);
#2170=ORIENTED_EDGE('',*,*,#4157,.F.);
#2171=ORIENTED_EDGE('',*,*,#4160,.T.);
#2172=ORIENTED_EDGE('',*,*,#4161,.F.);
#2173=ORIENTED_EDGE('',*,*,#4128,.F.);
#2174=ORIENTED_EDGE('',*,*,#4140,.F.);
#2175=ORIENTED_EDGE('',*,*,#4154,.T.);
#2176=ORIENTED_EDGE('',*,*,#4114,.T.);
#2177=ORIENTED_EDGE('',*,*,#4123,.T.);
#2178=ORIENTED_EDGE('',*,*,#4124,.T.);
#2179=ORIENTED_EDGE('',*,*,#4112,.F.);
#2180=ORIENTED_EDGE('',*,*,#4133,.F.);
#2181=ORIENTED_EDGE('',*,*,#4162,.T.);
#2182=ORIENTED_EDGE('',*,*,#4111,.F.);
#2183=ORIENTED_EDGE('',*,*,#4117,.T.);
#2184=ORIENTED_EDGE('',*,*,#4122,.T.);
#2185=ORIENTED_EDGE('',*,*,#4108,.F.);
#2186=ORIENTED_EDGE('',*,*,#4097,.F.);
#2187=ORIENTED_EDGE('',*,*,#4126,.F.);
#2188=ORIENTED_EDGE('',*,*,#4163,.T.);
#2189=ORIENTED_EDGE('',*,*,#4131,.T.);
#2190=ORIENTED_EDGE('',*,*,#4162,.F.);
#2191=ORIENTED_EDGE('',*,*,#4132,.T.);
#2192=ORIENTED_EDGE('',*,*,#4163,.F.);
#2193=ORIENTED_EDGE('',*,*,#4125,.F.);
#2194=ORIENTED_EDGE('',*,*,#4164,.F.);
#2195=ORIENTED_EDGE('',*,*,#4091,.T.);
#2196=ORIENTED_EDGE('',*,*,#4164,.T.);
#2197=ORIENTED_EDGE('',*,*,#4165,.F.);
#2198=ORIENTED_EDGE('',*,*,#4090,.T.);
#2199=ORIENTED_EDGE('',*,*,#4165,.T.);
#2200=ORIENTED_EDGE('',*,*,#4166,.F.);
#2201=ORIENTED_EDGE('',*,*,#4089,.T.);
#2202=ORIENTED_EDGE('',*,*,#4166,.T.);
#2203=ORIENTED_EDGE('',*,*,#4167,.F.);
#2204=ORIENTED_EDGE('',*,*,#4088,.T.);
#2205=ORIENTED_EDGE('',*,*,#4167,.T.);
#2206=ORIENTED_EDGE('',*,*,#4027,.F.);
#2207=ORIENTED_EDGE('',*,*,#4168,.F.);
#2208=ORIENTED_EDGE('',*,*,#4169,.T.);
#2209=ORIENTED_EDGE('',*,*,#4170,.T.);
#2210=ORIENTED_EDGE('',*,*,#4026,.F.);
#2211=ORIENTED_EDGE('',*,*,#4171,.F.);
#2212=ORIENTED_EDGE('',*,*,#4172,.T.);
#2213=ORIENTED_EDGE('',*,*,#4168,.T.);
#2214=ORIENTED_EDGE('',*,*,#4036,.F.);
#2215=ORIENTED_EDGE('',*,*,#4173,.F.);
#2216=ORIENTED_EDGE('',*,*,#4174,.T.);
#2217=ORIENTED_EDGE('',*,*,#4171,.T.);
#2218=ORIENTED_EDGE('',*,*,#4035,.F.);
#2219=ORIENTED_EDGE('',*,*,#4175,.F.);
#2220=ORIENTED_EDGE('',*,*,#4176,.T.);
#2221=ORIENTED_EDGE('',*,*,#4173,.T.);
#2222=ORIENTED_EDGE('',*,*,#4034,.F.);
#2223=ORIENTED_EDGE('',*,*,#4177,.F.);
#2224=ORIENTED_EDGE('',*,*,#4178,.T.);
#2225=ORIENTED_EDGE('',*,*,#4175,.T.);
#2226=ORIENTED_EDGE('',*,*,#4033,.F.);
#2227=ORIENTED_EDGE('',*,*,#4179,.F.);
#2228=ORIENTED_EDGE('',*,*,#4180,.T.);
#2229=ORIENTED_EDGE('',*,*,#4177,.T.);
#2230=ORIENTED_EDGE('',*,*,#4032,.F.);
#2231=ORIENTED_EDGE('',*,*,#4181,.F.);
#2232=ORIENTED_EDGE('',*,*,#4182,.T.);
#2233=ORIENTED_EDGE('',*,*,#4179,.T.);
#2234=ORIENTED_EDGE('',*,*,#4031,.F.);
#2235=ORIENTED_EDGE('',*,*,#4183,.F.);
#2236=ORIENTED_EDGE('',*,*,#4184,.T.);
#2237=ORIENTED_EDGE('',*,*,#4181,.T.);
#2238=ORIENTED_EDGE('',*,*,#4030,.F.);
#2239=ORIENTED_EDGE('',*,*,#4185,.F.);
#2240=ORIENTED_EDGE('',*,*,#4186,.T.);
#2241=ORIENTED_EDGE('',*,*,#4183,.T.);
#2242=ORIENTED_EDGE('',*,*,#4029,.F.);
#2243=ORIENTED_EDGE('',*,*,#4187,.F.);
#2244=ORIENTED_EDGE('',*,*,#4188,.T.);
#2245=ORIENTED_EDGE('',*,*,#4185,.T.);
#2246=ORIENTED_EDGE('',*,*,#4028,.F.);
#2247=ORIENTED_EDGE('',*,*,#4170,.F.);
#2248=ORIENTED_EDGE('',*,*,#4189,.T.);
#2249=ORIENTED_EDGE('',*,*,#4187,.T.);
#2250=ORIENTED_EDGE('',*,*,#4011,.F.);
#2251=ORIENTED_EDGE('',*,*,#4190,.F.);
#2252=ORIENTED_EDGE('',*,*,#4191,.T.);
#2253=ORIENTED_EDGE('',*,*,#4192,.T.);
#2254=ORIENTED_EDGE('',*,*,#4010,.F.);
#2255=ORIENTED_EDGE('',*,*,#4193,.F.);
#2256=ORIENTED_EDGE('',*,*,#4194,.T.);
#2257=ORIENTED_EDGE('',*,*,#4190,.T.);
#2258=ORIENTED_EDGE('',*,*,#4025,.F.);
#2259=ORIENTED_EDGE('',*,*,#4195,.F.);
#2260=ORIENTED_EDGE('',*,*,#4196,.T.);
#2261=ORIENTED_EDGE('',*,*,#4193,.T.);
#2262=ORIENTED_EDGE('',*,*,#4024,.F.);
#2263=ORIENTED_EDGE('',*,*,#4197,.F.);
#2264=ORIENTED_EDGE('',*,*,#4198,.T.);
#2265=ORIENTED_EDGE('',*,*,#4195,.T.);
#2266=ORIENTED_EDGE('',*,*,#4023,.F.);
#2267=ORIENTED_EDGE('',*,*,#4199,.F.);
#2268=ORIENTED_EDGE('',*,*,#4200,.T.);
#2269=ORIENTED_EDGE('',*,*,#4197,.T.);
#2270=ORIENTED_EDGE('',*,*,#4022,.F.);
#2271=ORIENTED_EDGE('',*,*,#4201,.F.);
#2272=ORIENTED_EDGE('',*,*,#4202,.T.);
#2273=ORIENTED_EDGE('',*,*,#4199,.T.);
#2274=ORIENTED_EDGE('',*,*,#4021,.F.);
#2275=ORIENTED_EDGE('',*,*,#4203,.F.);
#2276=ORIENTED_EDGE('',*,*,#4204,.T.);
#2277=ORIENTED_EDGE('',*,*,#4201,.T.);
#2278=ORIENTED_EDGE('',*,*,#4020,.F.);
#2279=ORIENTED_EDGE('',*,*,#4205,.F.);
#2280=ORIENTED_EDGE('',*,*,#4206,.T.);
#2281=ORIENTED_EDGE('',*,*,#4203,.T.);
#2282=ORIENTED_EDGE('',*,*,#4019,.F.);
#2283=ORIENTED_EDGE('',*,*,#4207,.F.);
#2284=ORIENTED_EDGE('',*,*,#4208,.T.);
#2285=ORIENTED_EDGE('',*,*,#4205,.T.);
#2286=ORIENTED_EDGE('',*,*,#4018,.F.);
#2287=ORIENTED_EDGE('',*,*,#4209,.F.);
#2288=ORIENTED_EDGE('',*,*,#4210,.T.);
#2289=ORIENTED_EDGE('',*,*,#4207,.T.);
#2290=ORIENTED_EDGE('',*,*,#4017,.F.);
#2291=ORIENTED_EDGE('',*,*,#4211,.F.);
#2292=ORIENTED_EDGE('',*,*,#4212,.T.);
#2293=ORIENTED_EDGE('',*,*,#4209,.T.);
#2294=ORIENTED_EDGE('',*,*,#4016,.F.);
#2295=ORIENTED_EDGE('',*,*,#4213,.F.);
#2296=ORIENTED_EDGE('',*,*,#4214,.T.);
#2297=ORIENTED_EDGE('',*,*,#4211,.T.);
#2298=ORIENTED_EDGE('',*,*,#4015,.F.);
#2299=ORIENTED_EDGE('',*,*,#4215,.F.);
#2300=ORIENTED_EDGE('',*,*,#4216,.T.);
#2301=ORIENTED_EDGE('',*,*,#4213,.T.);
#2302=ORIENTED_EDGE('',*,*,#4014,.F.);
#2303=ORIENTED_EDGE('',*,*,#4217,.F.);
#2304=ORIENTED_EDGE('',*,*,#4218,.T.);
#2305=ORIENTED_EDGE('',*,*,#4215,.T.);
#2306=ORIENTED_EDGE('',*,*,#4013,.F.);
#2307=ORIENTED_EDGE('',*,*,#4219,.F.);
#2308=ORIENTED_EDGE('',*,*,#4220,.T.);
#2309=ORIENTED_EDGE('',*,*,#4217,.T.);
#2310=ORIENTED_EDGE('',*,*,#4012,.F.);
#2311=ORIENTED_EDGE('',*,*,#4192,.F.);
#2312=ORIENTED_EDGE('',*,*,#4221,.T.);
#2313=ORIENTED_EDGE('',*,*,#4219,.T.);
#2314=ORIENTED_EDGE('',*,*,#4191,.F.);
#2315=ORIENTED_EDGE('',*,*,#4194,.F.);
#2316=ORIENTED_EDGE('',*,*,#4196,.F.);
#2317=ORIENTED_EDGE('',*,*,#4198,.F.);
#2318=ORIENTED_EDGE('',*,*,#4200,.F.);
#2319=ORIENTED_EDGE('',*,*,#4202,.F.);
#2320=ORIENTED_EDGE('',*,*,#4204,.F.);
#2321=ORIENTED_EDGE('',*,*,#4206,.F.);
#2322=ORIENTED_EDGE('',*,*,#4208,.F.);
#2323=ORIENTED_EDGE('',*,*,#4210,.F.);
#2324=ORIENTED_EDGE('',*,*,#4212,.F.);
#2325=ORIENTED_EDGE('',*,*,#4214,.F.);
#2326=ORIENTED_EDGE('',*,*,#4216,.F.);
#2327=ORIENTED_EDGE('',*,*,#4218,.F.);
#2328=ORIENTED_EDGE('',*,*,#4220,.F.);
#2329=ORIENTED_EDGE('',*,*,#4221,.F.);
#2330=ORIENTED_EDGE('',*,*,#4007,.F.);
#2331=ORIENTED_EDGE('',*,*,#4222,.F.);
#2332=ORIENTED_EDGE('',*,*,#4223,.T.);
#2333=ORIENTED_EDGE('',*,*,#4224,.T.);
#2334=ORIENTED_EDGE('',*,*,#4006,.F.);
#2335=ORIENTED_EDGE('',*,*,#4225,.F.);
#2336=ORIENTED_EDGE('',*,*,#4226,.T.);
#2337=ORIENTED_EDGE('',*,*,#4222,.T.);
#2338=ORIENTED_EDGE('',*,*,#4009,.F.);
#2339=ORIENTED_EDGE('',*,*,#4227,.F.);
#2340=ORIENTED_EDGE('',*,*,#4228,.T.);
#2341=ORIENTED_EDGE('',*,*,#4225,.T.);
#2342=ORIENTED_EDGE('',*,*,#4008,.F.);
#2343=ORIENTED_EDGE('',*,*,#4224,.F.);
#2344=ORIENTED_EDGE('',*,*,#4229,.T.);
#2345=ORIENTED_EDGE('',*,*,#4227,.T.);
#2346=ORIENTED_EDGE('',*,*,#4223,.F.);
#2347=ORIENTED_EDGE('',*,*,#4226,.F.);
#2348=ORIENTED_EDGE('',*,*,#4228,.F.);
#2349=ORIENTED_EDGE('',*,*,#4229,.F.);
#2350=ORIENTED_EDGE('',*,*,#3999,.F.);
#2351=ORIENTED_EDGE('',*,*,#4230,.F.);
#2352=ORIENTED_EDGE('',*,*,#4231,.T.);
#2353=ORIENTED_EDGE('',*,*,#4232,.T.);
#2354=ORIENTED_EDGE('',*,*,#3998,.F.);
#2355=ORIENTED_EDGE('',*,*,#4233,.F.);
#2356=ORIENTED_EDGE('',*,*,#4234,.T.);
#2357=ORIENTED_EDGE('',*,*,#4230,.T.);
#2358=ORIENTED_EDGE('',*,*,#4005,.F.);
#2359=ORIENTED_EDGE('',*,*,#4235,.F.);
#2360=ORIENTED_EDGE('',*,*,#4236,.T.);
#2361=ORIENTED_EDGE('',*,*,#4233,.T.);
#2362=ORIENTED_EDGE('',*,*,#4004,.F.);
#2363=ORIENTED_EDGE('',*,*,#4237,.F.);
#2364=ORIENTED_EDGE('',*,*,#4238,.T.);
#2365=ORIENTED_EDGE('',*,*,#4235,.T.);
#2366=ORIENTED_EDGE('',*,*,#4003,.F.);
#2367=ORIENTED_EDGE('',*,*,#4239,.F.);
#2368=ORIENTED_EDGE('',*,*,#4240,.T.);
#2369=ORIENTED_EDGE('',*,*,#4237,.T.);
#2370=ORIENTED_EDGE('',*,*,#4002,.F.);
#2371=ORIENTED_EDGE('',*,*,#4241,.F.);
#2372=ORIENTED_EDGE('',*,*,#4242,.T.);
#2373=ORIENTED_EDGE('',*,*,#4239,.T.);
#2374=ORIENTED_EDGE('',*,*,#4001,.F.);
#2375=ORIENTED_EDGE('',*,*,#4243,.F.);
#2376=ORIENTED_EDGE('',*,*,#4244,.T.);
#2377=ORIENTED_EDGE('',*,*,#4241,.T.);
#2378=ORIENTED_EDGE('',*,*,#4000,.F.);
#2379=ORIENTED_EDGE('',*,*,#4232,.F.);
#2380=ORIENTED_EDGE('',*,*,#4245,.T.);
#2381=ORIENTED_EDGE('',*,*,#4243,.T.);
#2382=ORIENTED_EDGE('',*,*,#4231,.F.);
#2383=ORIENTED_EDGE('',*,*,#4234,.F.);
#2384=ORIENTED_EDGE('',*,*,#4236,.F.);
#2385=ORIENTED_EDGE('',*,*,#4238,.F.);
#2386=ORIENTED_EDGE('',*,*,#4240,.F.);
#2387=ORIENTED_EDGE('',*,*,#4242,.F.);
#2388=ORIENTED_EDGE('',*,*,#4244,.F.);
#2389=ORIENTED_EDGE('',*,*,#4245,.F.);
#2390=ORIENTED_EDGE('',*,*,#4246,.F.);
#2391=ORIENTED_EDGE('',*,*,#4247,.F.);
#2392=ORIENTED_EDGE('',*,*,#4248,.T.);
#2393=ORIENTED_EDGE('',*,*,#4249,.T.);
#2394=ORIENTED_EDGE('',*,*,#4250,.F.);
#2395=ORIENTED_EDGE('',*,*,#4251,.F.);
#2396=ORIENTED_EDGE('',*,*,#4252,.T.);
#2397=ORIENTED_EDGE('',*,*,#4247,.T.);
#2398=ORIENTED_EDGE('',*,*,#4253,.F.);
#2399=ORIENTED_EDGE('',*,*,#4254,.F.);
#2400=ORIENTED_EDGE('',*,*,#4255,.T.);
#2401=ORIENTED_EDGE('',*,*,#4251,.T.);
#2402=ORIENTED_EDGE('',*,*,#4256,.F.);
#2403=ORIENTED_EDGE('',*,*,#4257,.F.);
#2404=ORIENTED_EDGE('',*,*,#4258,.T.);
#2405=ORIENTED_EDGE('',*,*,#4254,.T.);
#2406=ORIENTED_EDGE('',*,*,#4259,.F.);
#2407=ORIENTED_EDGE('',*,*,#4260,.F.);
#2408=ORIENTED_EDGE('',*,*,#4261,.T.);
#2409=ORIENTED_EDGE('',*,*,#4257,.T.);
#2410=ORIENTED_EDGE('',*,*,#4262,.F.);
#2411=ORIENTED_EDGE('',*,*,#4263,.F.);
#2412=ORIENTED_EDGE('',*,*,#4264,.T.);
#2413=ORIENTED_EDGE('',*,*,#4260,.T.);
#2414=ORIENTED_EDGE('',*,*,#4265,.F.);
#2415=ORIENTED_EDGE('',*,*,#4266,.F.);
#2416=ORIENTED_EDGE('',*,*,#4267,.T.);
#2417=ORIENTED_EDGE('',*,*,#4263,.T.);
#2418=ORIENTED_EDGE('',*,*,#4268,.F.);
#2419=ORIENTED_EDGE('',*,*,#4269,.F.);
#2420=ORIENTED_EDGE('',*,*,#4270,.T.);
#2421=ORIENTED_EDGE('',*,*,#4266,.T.);
#2422=ORIENTED_EDGE('',*,*,#4271,.F.);
#2423=ORIENTED_EDGE('',*,*,#4272,.F.);
#2424=ORIENTED_EDGE('',*,*,#4273,.T.);
#2425=ORIENTED_EDGE('',*,*,#4269,.T.);
#2426=ORIENTED_EDGE('',*,*,#4274,.F.);
#2427=ORIENTED_EDGE('',*,*,#4275,.F.);
#2428=ORIENTED_EDGE('',*,*,#4276,.T.);
#2429=ORIENTED_EDGE('',*,*,#4272,.T.);
#2430=ORIENTED_EDGE('',*,*,#4277,.F.);
#2431=ORIENTED_EDGE('',*,*,#4278,.F.);
#2432=ORIENTED_EDGE('',*,*,#4279,.T.);
#2433=ORIENTED_EDGE('',*,*,#4275,.T.);
#2434=ORIENTED_EDGE('',*,*,#4046,.F.);
#2435=ORIENTED_EDGE('',*,*,#4280,.F.);
#2436=ORIENTED_EDGE('',*,*,#4281,.T.);
#2437=ORIENTED_EDGE('',*,*,#4282,.T.);
#2438=ORIENTED_EDGE('',*,*,#4045,.F.);
#2439=ORIENTED_EDGE('',*,*,#4283,.F.);
#2440=ORIENTED_EDGE('',*,*,#4284,.T.);
#2441=ORIENTED_EDGE('',*,*,#4280,.T.);
#2442=ORIENTED_EDGE('',*,*,#4059,.F.);
#2443=ORIENTED_EDGE('',*,*,#4285,.F.);
#2444=ORIENTED_EDGE('',*,*,#4286,.T.);
#2445=ORIENTED_EDGE('',*,*,#4283,.T.);
#2446=ORIENTED_EDGE('',*,*,#4058,.F.);
#2447=ORIENTED_EDGE('',*,*,#4287,.F.);
#2448=ORIENTED_EDGE('',*,*,#4288,.T.);
#2449=ORIENTED_EDGE('',*,*,#4285,.T.);
#2450=ORIENTED_EDGE('',*,*,#4057,.F.);
#2451=ORIENTED_EDGE('',*,*,#4289,.F.);
#2452=ORIENTED_EDGE('',*,*,#4290,.T.);
#2453=ORIENTED_EDGE('',*,*,#4287,.T.);
#2454=ORIENTED_EDGE('',*,*,#4056,.F.);
#2455=ORIENTED_EDGE('',*,*,#4291,.F.);
#2456=ORIENTED_EDGE('',*,*,#4292,.T.);
#2457=ORIENTED_EDGE('',*,*,#4289,.T.);
#2458=ORIENTED_EDGE('',*,*,#4055,.F.);
#2459=ORIENTED_EDGE('',*,*,#4293,.F.);
#2460=ORIENTED_EDGE('',*,*,#4294,.T.);
#2461=ORIENTED_EDGE('',*,*,#4291,.T.);
#2462=ORIENTED_EDGE('',*,*,#4054,.F.);
#2463=ORIENTED_EDGE('',*,*,#4295,.F.);
#2464=ORIENTED_EDGE('',*,*,#4296,.T.);
#2465=ORIENTED_EDGE('',*,*,#4293,.T.);
#2466=ORIENTED_EDGE('',*,*,#4053,.F.);
#2467=ORIENTED_EDGE('',*,*,#4297,.F.);
#2468=ORIENTED_EDGE('',*,*,#4298,.T.);
#2469=ORIENTED_EDGE('',*,*,#4295,.T.);
#2470=ORIENTED_EDGE('',*,*,#4052,.F.);
#2471=ORIENTED_EDGE('',*,*,#4299,.F.);
#2472=ORIENTED_EDGE('',*,*,#4300,.T.);
#2473=ORIENTED_EDGE('',*,*,#4297,.T.);
#2474=ORIENTED_EDGE('',*,*,#4051,.F.);
#2475=ORIENTED_EDGE('',*,*,#4301,.F.);
#2476=ORIENTED_EDGE('',*,*,#4302,.T.);
#2477=ORIENTED_EDGE('',*,*,#4299,.T.);
#2478=ORIENTED_EDGE('',*,*,#4050,.F.);
#2479=ORIENTED_EDGE('',*,*,#4303,.F.);
#2480=ORIENTED_EDGE('',*,*,#4304,.T.);
#2481=ORIENTED_EDGE('',*,*,#4301,.T.);
#2482=ORIENTED_EDGE('',*,*,#4049,.F.);
#2483=ORIENTED_EDGE('',*,*,#4305,.F.);
#2484=ORIENTED_EDGE('',*,*,#4306,.T.);
#2485=ORIENTED_EDGE('',*,*,#4303,.T.);
#2486=ORIENTED_EDGE('',*,*,#4048,.F.);
#2487=ORIENTED_EDGE('',*,*,#4307,.F.);
#2488=ORIENTED_EDGE('',*,*,#4308,.T.);
#2489=ORIENTED_EDGE('',*,*,#4305,.T.);
#2490=ORIENTED_EDGE('',*,*,#4047,.F.);
#2491=ORIENTED_EDGE('',*,*,#4282,.F.);
#2492=ORIENTED_EDGE('',*,*,#4309,.T.);
#2493=ORIENTED_EDGE('',*,*,#4307,.T.);
#2494=ORIENTED_EDGE('',*,*,#4310,.F.);
#2495=ORIENTED_EDGE('',*,*,#4249,.F.);
#2496=ORIENTED_EDGE('',*,*,#4311,.T.);
#2497=ORIENTED_EDGE('',*,*,#4278,.T.);
#2498=ORIENTED_EDGE('',*,*,#4281,.F.);
#2499=ORIENTED_EDGE('',*,*,#4284,.F.);
#2500=ORIENTED_EDGE('',*,*,#4286,.F.);
#2501=ORIENTED_EDGE('',*,*,#4288,.F.);
#2502=ORIENTED_EDGE('',*,*,#4290,.F.);
#2503=ORIENTED_EDGE('',*,*,#4292,.F.);
#2504=ORIENTED_EDGE('',*,*,#4294,.F.);
#2505=ORIENTED_EDGE('',*,*,#4296,.F.);
#2506=ORIENTED_EDGE('',*,*,#4298,.F.);
#2507=ORIENTED_EDGE('',*,*,#4300,.F.);
#2508=ORIENTED_EDGE('',*,*,#4302,.F.);
#2509=ORIENTED_EDGE('',*,*,#4304,.F.);
#2510=ORIENTED_EDGE('',*,*,#4306,.F.);
#2511=ORIENTED_EDGE('',*,*,#4308,.F.);
#2512=ORIENTED_EDGE('',*,*,#4309,.F.);
#2513=ORIENTED_EDGE('',*,*,#4248,.F.);
#2514=ORIENTED_EDGE('',*,*,#4252,.F.);
#2515=ORIENTED_EDGE('',*,*,#4255,.F.);
#2516=ORIENTED_EDGE('',*,*,#4258,.F.);
#2517=ORIENTED_EDGE('',*,*,#4261,.F.);
#2518=ORIENTED_EDGE('',*,*,#4264,.F.);
#2519=ORIENTED_EDGE('',*,*,#4267,.F.);
#2520=ORIENTED_EDGE('',*,*,#4270,.F.);
#2521=ORIENTED_EDGE('',*,*,#4273,.F.);
#2522=ORIENTED_EDGE('',*,*,#4276,.F.);
#2523=ORIENTED_EDGE('',*,*,#4279,.F.);
#2524=ORIENTED_EDGE('',*,*,#4311,.F.);
#2525=ORIENTED_EDGE('',*,*,#4312,.F.);
#2526=ORIENTED_EDGE('',*,*,#4313,.F.);
#2527=ORIENTED_EDGE('',*,*,#4314,.T.);
#2528=ORIENTED_EDGE('',*,*,#4315,.T.);
#2529=ORIENTED_EDGE('',*,*,#4316,.F.);
#2530=ORIENTED_EDGE('',*,*,#4317,.F.);
#2531=ORIENTED_EDGE('',*,*,#4318,.T.);
#2532=ORIENTED_EDGE('',*,*,#4313,.T.);
#2533=ORIENTED_EDGE('',*,*,#4319,.F.);
#2534=ORIENTED_EDGE('',*,*,#4320,.F.);
#2535=ORIENTED_EDGE('',*,*,#4321,.T.);
#2536=ORIENTED_EDGE('',*,*,#4317,.T.);
#2537=ORIENTED_EDGE('',*,*,#4322,.F.);
#2538=ORIENTED_EDGE('',*,*,#4323,.F.);
#2539=ORIENTED_EDGE('',*,*,#4324,.T.);
#2540=ORIENTED_EDGE('',*,*,#4320,.T.);
#2541=ORIENTED_EDGE('',*,*,#4325,.F.);
#2542=ORIENTED_EDGE('',*,*,#4326,.F.);
#2543=ORIENTED_EDGE('',*,*,#4327,.T.);
#2544=ORIENTED_EDGE('',*,*,#4323,.T.);
#2545=ORIENTED_EDGE('',*,*,#3981,.F.);
#2546=ORIENTED_EDGE('',*,*,#4328,.F.);
#2547=ORIENTED_EDGE('',*,*,#4329,.T.);
#2548=ORIENTED_EDGE('',*,*,#4330,.T.);
#2549=ORIENTED_EDGE('',*,*,#3980,.F.);
#2550=ORIENTED_EDGE('',*,*,#4331,.F.);
#2551=ORIENTED_EDGE('',*,*,#4332,.T.);
#2552=ORIENTED_EDGE('',*,*,#4328,.T.);
#2553=ORIENTED_EDGE('',*,*,#3997,.F.);
#2554=ORIENTED_EDGE('',*,*,#4333,.F.);
#2555=ORIENTED_EDGE('',*,*,#4334,.T.);
#2556=ORIENTED_EDGE('',*,*,#4331,.T.);
#2557=ORIENTED_EDGE('',*,*,#3996,.F.);
#2558=ORIENTED_EDGE('',*,*,#4335,.F.);
#2559=ORIENTED_EDGE('',*,*,#4336,.T.);
#2560=ORIENTED_EDGE('',*,*,#4333,.T.);
#2561=ORIENTED_EDGE('',*,*,#3995,.F.);
#2562=ORIENTED_EDGE('',*,*,#4337,.F.);
#2563=ORIENTED_EDGE('',*,*,#4338,.T.);
#2564=ORIENTED_EDGE('',*,*,#4335,.T.);
#2565=ORIENTED_EDGE('',*,*,#3994,.F.);
#2566=ORIENTED_EDGE('',*,*,#4339,.F.);
#2567=ORIENTED_EDGE('',*,*,#4340,.T.);
#2568=ORIENTED_EDGE('',*,*,#4337,.T.);
#2569=ORIENTED_EDGE('',*,*,#3993,.F.);
#2570=ORIENTED_EDGE('',*,*,#4341,.F.);
#2571=ORIENTED_EDGE('',*,*,#4342,.T.);
#2572=ORIENTED_EDGE('',*,*,#4339,.T.);
#2573=ORIENTED_EDGE('',*,*,#3992,.F.);
#2574=ORIENTED_EDGE('',*,*,#4343,.F.);
#2575=ORIENTED_EDGE('',*,*,#4344,.T.);
#2576=ORIENTED_EDGE('',*,*,#4341,.T.);
#2577=ORIENTED_EDGE('',*,*,#3991,.F.);
#2578=ORIENTED_EDGE('',*,*,#4345,.F.);
#2579=ORIENTED_EDGE('',*,*,#4346,.T.);
#2580=ORIENTED_EDGE('',*,*,#4343,.T.);
#2581=ORIENTED_EDGE('',*,*,#3990,.F.);
#2582=ORIENTED_EDGE('',*,*,#4347,.F.);
#2583=ORIENTED_EDGE('',*,*,#4348,.T.);
#2584=ORIENTED_EDGE('',*,*,#4345,.T.);
#2585=ORIENTED_EDGE('',*,*,#3989,.F.);
#2586=ORIENTED_EDGE('',*,*,#4349,.F.);
#2587=ORIENTED_EDGE('',*,*,#4350,.T.);
#2588=ORIENTED_EDGE('',*,*,#4347,.T.);
#2589=ORIENTED_EDGE('',*,*,#3988,.F.);
#2590=ORIENTED_EDGE('',*,*,#4351,.F.);
#2591=ORIENTED_EDGE('',*,*,#4352,.T.);
#2592=ORIENTED_EDGE('',*,*,#4349,.T.);
#2593=ORIENTED_EDGE('',*,*,#3987,.F.);
#2594=ORIENTED_EDGE('',*,*,#4353,.F.);
#2595=ORIENTED_EDGE('',*,*,#4354,.T.);
#2596=ORIENTED_EDGE('',*,*,#4351,.T.);
#2597=ORIENTED_EDGE('',*,*,#3986,.F.);
#2598=ORIENTED_EDGE('',*,*,#4355,.F.);
#2599=ORIENTED_EDGE('',*,*,#4356,.T.);
#2600=ORIENTED_EDGE('',*,*,#4353,.T.);
#2601=ORIENTED_EDGE('',*,*,#3985,.F.);
#2602=ORIENTED_EDGE('',*,*,#4357,.F.);
#2603=ORIENTED_EDGE('',*,*,#4358,.T.);
#2604=ORIENTED_EDGE('',*,*,#4355,.T.);
#2605=ORIENTED_EDGE('',*,*,#3984,.F.);
#2606=ORIENTED_EDGE('',*,*,#4359,.F.);
#2607=ORIENTED_EDGE('',*,*,#4360,.T.);
#2608=ORIENTED_EDGE('',*,*,#4357,.T.);
#2609=ORIENTED_EDGE('',*,*,#3983,.F.);
#2610=ORIENTED_EDGE('',*,*,#4361,.F.);
#2611=ORIENTED_EDGE('',*,*,#4362,.T.);
#2612=ORIENTED_EDGE('',*,*,#4359,.T.);
#2613=ORIENTED_EDGE('',*,*,#3982,.F.);
#2614=ORIENTED_EDGE('',*,*,#4330,.F.);
#2615=ORIENTED_EDGE('',*,*,#4363,.T.);
#2616=ORIENTED_EDGE('',*,*,#4361,.T.);
#2617=ORIENTED_EDGE('',*,*,#4364,.F.);
#2618=ORIENTED_EDGE('',*,*,#4315,.F.);
#2619=ORIENTED_EDGE('',*,*,#4365,.T.);
#2620=ORIENTED_EDGE('',*,*,#4326,.T.);
#2621=ORIENTED_EDGE('',*,*,#4329,.F.);
#2622=ORIENTED_EDGE('',*,*,#4332,.F.);
#2623=ORIENTED_EDGE('',*,*,#4334,.F.);
#2624=ORIENTED_EDGE('',*,*,#4336,.F.);
#2625=ORIENTED_EDGE('',*,*,#4338,.F.);
#2626=ORIENTED_EDGE('',*,*,#4340,.F.);
#2627=ORIENTED_EDGE('',*,*,#4342,.F.);
#2628=ORIENTED_EDGE('',*,*,#4344,.F.);
#2629=ORIENTED_EDGE('',*,*,#4346,.F.);
#2630=ORIENTED_EDGE('',*,*,#4348,.F.);
#2631=ORIENTED_EDGE('',*,*,#4350,.F.);
#2632=ORIENTED_EDGE('',*,*,#4352,.F.);
#2633=ORIENTED_EDGE('',*,*,#4354,.F.);
#2634=ORIENTED_EDGE('',*,*,#4356,.F.);
#2635=ORIENTED_EDGE('',*,*,#4358,.F.);
#2636=ORIENTED_EDGE('',*,*,#4360,.F.);
#2637=ORIENTED_EDGE('',*,*,#4362,.F.);
#2638=ORIENTED_EDGE('',*,*,#4363,.F.);
#2639=ORIENTED_EDGE('',*,*,#4314,.F.);
#2640=ORIENTED_EDGE('',*,*,#4318,.F.);
#2641=ORIENTED_EDGE('',*,*,#4321,.F.);
#2642=ORIENTED_EDGE('',*,*,#4324,.F.);
#2643=ORIENTED_EDGE('',*,*,#4327,.F.);
#2644=ORIENTED_EDGE('',*,*,#4365,.F.);
#2645=ORIENTED_EDGE('',*,*,#4366,.F.);
#2646=ORIENTED_EDGE('',*,*,#4367,.F.);
#2647=ORIENTED_EDGE('',*,*,#4368,.T.);
#2648=ORIENTED_EDGE('',*,*,#4369,.T.);
#2649=ORIENTED_EDGE('',*,*,#4370,.F.);
#2650=ORIENTED_EDGE('',*,*,#4371,.F.);
#2651=ORIENTED_EDGE('',*,*,#4372,.T.);
#2652=ORIENTED_EDGE('',*,*,#4367,.T.);
#2653=ORIENTED_EDGE('',*,*,#4373,.F.);
#2654=ORIENTED_EDGE('',*,*,#4374,.F.);
#2655=ORIENTED_EDGE('',*,*,#4375,.T.);
#2656=ORIENTED_EDGE('',*,*,#4371,.T.);
#2657=ORIENTED_EDGE('',*,*,#4376,.F.);
#2658=ORIENTED_EDGE('',*,*,#4377,.F.);
#2659=ORIENTED_EDGE('',*,*,#4378,.T.);
#2660=ORIENTED_EDGE('',*,*,#4374,.T.);
#2661=ORIENTED_EDGE('',*,*,#4379,.F.);
#2662=ORIENTED_EDGE('',*,*,#4380,.F.);
#2663=ORIENTED_EDGE('',*,*,#4381,.T.);
#2664=ORIENTED_EDGE('',*,*,#4377,.T.);
#2665=ORIENTED_EDGE('',*,*,#4382,.F.);
#2666=ORIENTED_EDGE('',*,*,#4383,.F.);
#2667=ORIENTED_EDGE('',*,*,#4384,.T.);
#2668=ORIENTED_EDGE('',*,*,#4380,.T.);
#2669=ORIENTED_EDGE('',*,*,#4385,.F.);
#2670=ORIENTED_EDGE('',*,*,#4386,.F.);
#2671=ORIENTED_EDGE('',*,*,#4387,.T.);
#2672=ORIENTED_EDGE('',*,*,#4383,.T.);
#2673=ORIENTED_EDGE('',*,*,#4388,.F.);
#2674=ORIENTED_EDGE('',*,*,#4389,.F.);
#2675=ORIENTED_EDGE('',*,*,#4390,.T.);
#2676=ORIENTED_EDGE('',*,*,#4386,.T.);
#2677=ORIENTED_EDGE('',*,*,#4391,.F.);
#2678=ORIENTED_EDGE('',*,*,#4392,.F.);
#2679=ORIENTED_EDGE('',*,*,#4393,.T.);
#2680=ORIENTED_EDGE('',*,*,#4389,.T.);
#2681=ORIENTED_EDGE('',*,*,#4394,.F.);
#2682=ORIENTED_EDGE('',*,*,#4395,.F.);
#2683=ORIENTED_EDGE('',*,*,#4396,.T.);
#2684=ORIENTED_EDGE('',*,*,#4392,.T.);
#2685=ORIENTED_EDGE('',*,*,#4397,.F.);
#2686=ORIENTED_EDGE('',*,*,#4398,.F.);
#2687=ORIENTED_EDGE('',*,*,#4399,.T.);
#2688=ORIENTED_EDGE('',*,*,#4395,.T.);
#2689=ORIENTED_EDGE('',*,*,#4061,.F.);
#2690=ORIENTED_EDGE('',*,*,#4400,.F.);
#2691=ORIENTED_EDGE('',*,*,#4401,.T.);
#2692=ORIENTED_EDGE('',*,*,#4402,.T.);
#2693=ORIENTED_EDGE('',*,*,#4060,.F.);
#2694=ORIENTED_EDGE('',*,*,#4403,.F.);
#2695=ORIENTED_EDGE('',*,*,#4404,.T.);
#2696=ORIENTED_EDGE('',*,*,#4400,.T.);
#2697=ORIENTED_EDGE('',*,*,#4074,.F.);
#2698=ORIENTED_EDGE('',*,*,#4405,.F.);
#2699=ORIENTED_EDGE('',*,*,#4406,.T.);
#2700=ORIENTED_EDGE('',*,*,#4403,.T.);
#2701=ORIENTED_EDGE('',*,*,#4073,.F.);
#2702=ORIENTED_EDGE('',*,*,#4407,.F.);
#2703=ORIENTED_EDGE('',*,*,#4408,.T.);
#2704=ORIENTED_EDGE('',*,*,#4405,.T.);
#2705=ORIENTED_EDGE('',*,*,#4072,.F.);
#2706=ORIENTED_EDGE('',*,*,#4409,.F.);
#2707=ORIENTED_EDGE('',*,*,#4410,.T.);
#2708=ORIENTED_EDGE('',*,*,#4407,.T.);
#2709=ORIENTED_EDGE('',*,*,#4071,.F.);
#2710=ORIENTED_EDGE('',*,*,#4411,.F.);
#2711=ORIENTED_EDGE('',*,*,#4412,.T.);
#2712=ORIENTED_EDGE('',*,*,#4409,.T.);
#2713=ORIENTED_EDGE('',*,*,#4070,.F.);
#2714=ORIENTED_EDGE('',*,*,#4413,.F.);
#2715=ORIENTED_EDGE('',*,*,#4414,.T.);
#2716=ORIENTED_EDGE('',*,*,#4411,.T.);
#2717=ORIENTED_EDGE('',*,*,#4069,.F.);
#2718=ORIENTED_EDGE('',*,*,#4415,.F.);
#2719=ORIENTED_EDGE('',*,*,#4416,.T.);
#2720=ORIENTED_EDGE('',*,*,#4413,.T.);
#2721=ORIENTED_EDGE('',*,*,#4068,.F.);
#2722=ORIENTED_EDGE('',*,*,#4417,.F.);
#2723=ORIENTED_EDGE('',*,*,#4418,.T.);
#2724=ORIENTED_EDGE('',*,*,#4415,.T.);
#2725=ORIENTED_EDGE('',*,*,#4067,.F.);
#2726=ORIENTED_EDGE('',*,*,#4419,.F.);
#2727=ORIENTED_EDGE('',*,*,#4420,.T.);
#2728=ORIENTED_EDGE('',*,*,#4417,.T.);
#2729=ORIENTED_EDGE('',*,*,#4066,.F.);
#2730=ORIENTED_EDGE('',*,*,#4421,.F.);
#2731=ORIENTED_EDGE('',*,*,#4422,.T.);
#2732=ORIENTED_EDGE('',*,*,#4419,.T.);
#2733=ORIENTED_EDGE('',*,*,#4065,.F.);
#2734=ORIENTED_EDGE('',*,*,#4423,.F.);
#2735=ORIENTED_EDGE('',*,*,#4424,.T.);
#2736=ORIENTED_EDGE('',*,*,#4421,.T.);
#2737=ORIENTED_EDGE('',*,*,#4064,.F.);
#2738=ORIENTED_EDGE('',*,*,#4425,.F.);
#2739=ORIENTED_EDGE('',*,*,#4426,.T.);
#2740=ORIENTED_EDGE('',*,*,#4423,.T.);
#2741=ORIENTED_EDGE('',*,*,#4063,.F.);
#2742=ORIENTED_EDGE('',*,*,#4427,.F.);
#2743=ORIENTED_EDGE('',*,*,#4428,.T.);
#2744=ORIENTED_EDGE('',*,*,#4425,.T.);
#2745=ORIENTED_EDGE('',*,*,#4062,.F.);
#2746=ORIENTED_EDGE('',*,*,#4402,.F.);
#2747=ORIENTED_EDGE('',*,*,#4429,.T.);
#2748=ORIENTED_EDGE('',*,*,#4427,.T.);
#2749=ORIENTED_EDGE('',*,*,#4430,.F.);
#2750=ORIENTED_EDGE('',*,*,#4369,.F.);
#2751=ORIENTED_EDGE('',*,*,#4431,.T.);
#2752=ORIENTED_EDGE('',*,*,#4398,.T.);
#2753=ORIENTED_EDGE('',*,*,#4401,.F.);
#2754=ORIENTED_EDGE('',*,*,#4404,.F.);
#2755=ORIENTED_EDGE('',*,*,#4406,.F.);
#2756=ORIENTED_EDGE('',*,*,#4408,.F.);
#2757=ORIENTED_EDGE('',*,*,#4410,.F.);
#2758=ORIENTED_EDGE('',*,*,#4412,.F.);
#2759=ORIENTED_EDGE('',*,*,#4414,.F.);
#2760=ORIENTED_EDGE('',*,*,#4416,.F.);
#2761=ORIENTED_EDGE('',*,*,#4418,.F.);
#2762=ORIENTED_EDGE('',*,*,#4420,.F.);
#2763=ORIENTED_EDGE('',*,*,#4422,.F.);
#2764=ORIENTED_EDGE('',*,*,#4424,.F.);
#2765=ORIENTED_EDGE('',*,*,#4426,.F.);
#2766=ORIENTED_EDGE('',*,*,#4428,.F.);
#2767=ORIENTED_EDGE('',*,*,#4429,.F.);
#2768=ORIENTED_EDGE('',*,*,#4368,.F.);
#2769=ORIENTED_EDGE('',*,*,#4372,.F.);
#2770=ORIENTED_EDGE('',*,*,#4375,.F.);
#2771=ORIENTED_EDGE('',*,*,#4378,.F.);
#2772=ORIENTED_EDGE('',*,*,#4381,.F.);
#2773=ORIENTED_EDGE('',*,*,#4384,.F.);
#2774=ORIENTED_EDGE('',*,*,#4387,.F.);
#2775=ORIENTED_EDGE('',*,*,#4390,.F.);
#2776=ORIENTED_EDGE('',*,*,#4393,.F.);
#2777=ORIENTED_EDGE('',*,*,#4396,.F.);
#2778=ORIENTED_EDGE('',*,*,#4399,.F.);
#2779=ORIENTED_EDGE('',*,*,#4431,.F.);
#2780=ORIENTED_EDGE('',*,*,#4076,.F.);
#2781=ORIENTED_EDGE('',*,*,#4432,.F.);
#2782=ORIENTED_EDGE('',*,*,#4433,.T.);
#2783=ORIENTED_EDGE('',*,*,#4434,.T.);
#2784=ORIENTED_EDGE('',*,*,#4075,.F.);
#2785=ORIENTED_EDGE('',*,*,#4435,.F.);
#2786=ORIENTED_EDGE('',*,*,#4436,.T.);
#2787=ORIENTED_EDGE('',*,*,#4432,.T.);
#2788=ORIENTED_EDGE('',*,*,#4087,.F.);
#2789=ORIENTED_EDGE('',*,*,#4437,.F.);
#2790=ORIENTED_EDGE('',*,*,#4438,.T.);
#2791=ORIENTED_EDGE('',*,*,#4435,.T.);
#2792=ORIENTED_EDGE('',*,*,#4086,.F.);
#2793=ORIENTED_EDGE('',*,*,#4439,.F.);
#2794=ORIENTED_EDGE('',*,*,#4440,.T.);
#2795=ORIENTED_EDGE('',*,*,#4437,.T.);
#2796=ORIENTED_EDGE('',*,*,#4085,.F.);
#2797=ORIENTED_EDGE('',*,*,#4441,.F.);
#2798=ORIENTED_EDGE('',*,*,#4442,.T.);
#2799=ORIENTED_EDGE('',*,*,#4439,.T.);
#2800=ORIENTED_EDGE('',*,*,#4084,.F.);
#2801=ORIENTED_EDGE('',*,*,#4443,.F.);
#2802=ORIENTED_EDGE('',*,*,#4444,.T.);
#2803=ORIENTED_EDGE('',*,*,#4441,.T.);
#2804=ORIENTED_EDGE('',*,*,#4083,.F.);
#2805=ORIENTED_EDGE('',*,*,#4445,.F.);
#2806=ORIENTED_EDGE('',*,*,#4446,.T.);
#2807=ORIENTED_EDGE('',*,*,#4443,.T.);
#2808=ORIENTED_EDGE('',*,*,#4082,.F.);
#2809=ORIENTED_EDGE('',*,*,#4447,.F.);
#2810=ORIENTED_EDGE('',*,*,#4448,.T.);
#2811=ORIENTED_EDGE('',*,*,#4445,.T.);
#2812=ORIENTED_EDGE('',*,*,#4081,.F.);
#2813=ORIENTED_EDGE('',*,*,#4449,.F.);
#2814=ORIENTED_EDGE('',*,*,#4450,.T.);
#2815=ORIENTED_EDGE('',*,*,#4447,.T.);
#2816=ORIENTED_EDGE('',*,*,#4080,.F.);
#2817=ORIENTED_EDGE('',*,*,#4451,.F.);
#2818=ORIENTED_EDGE('',*,*,#4452,.T.);
#2819=ORIENTED_EDGE('',*,*,#4449,.T.);
#2820=ORIENTED_EDGE('',*,*,#4079,.F.);
#2821=ORIENTED_EDGE('',*,*,#4453,.F.);
#2822=ORIENTED_EDGE('',*,*,#4454,.T.);
#2823=ORIENTED_EDGE('',*,*,#4451,.T.);
#2824=ORIENTED_EDGE('',*,*,#4078,.F.);
#2825=ORIENTED_EDGE('',*,*,#4455,.F.);
#2826=ORIENTED_EDGE('',*,*,#4456,.T.);
#2827=ORIENTED_EDGE('',*,*,#4453,.T.);
#2828=ORIENTED_EDGE('',*,*,#4077,.F.);
#2829=ORIENTED_EDGE('',*,*,#4434,.F.);
#2830=ORIENTED_EDGE('',*,*,#4457,.T.);
#2831=ORIENTED_EDGE('',*,*,#4455,.T.);
#2832=ORIENTED_EDGE('',*,*,#4433,.F.);
#2833=ORIENTED_EDGE('',*,*,#4436,.F.);
#2834=ORIENTED_EDGE('',*,*,#4438,.F.);
#2835=ORIENTED_EDGE('',*,*,#4440,.F.);
#2836=ORIENTED_EDGE('',*,*,#4442,.F.);
#2837=ORIENTED_EDGE('',*,*,#4444,.F.);
#2838=ORIENTED_EDGE('',*,*,#4446,.F.);
#2839=ORIENTED_EDGE('',*,*,#4448,.F.);
#2840=ORIENTED_EDGE('',*,*,#4450,.F.);
#2841=ORIENTED_EDGE('',*,*,#4452,.F.);
#2842=ORIENTED_EDGE('',*,*,#4454,.F.);
#2843=ORIENTED_EDGE('',*,*,#4456,.F.);
#2844=ORIENTED_EDGE('',*,*,#4457,.F.);
#2845=ORIENTED_EDGE('',*,*,#4250,.T.);
#2846=ORIENTED_EDGE('',*,*,#4246,.T.);
#2847=ORIENTED_EDGE('',*,*,#4310,.T.);
#2848=ORIENTED_EDGE('',*,*,#4277,.T.);
#2849=ORIENTED_EDGE('',*,*,#4274,.T.);
#2850=ORIENTED_EDGE('',*,*,#4271,.T.);
#2851=ORIENTED_EDGE('',*,*,#4268,.T.);
#2852=ORIENTED_EDGE('',*,*,#4265,.T.);
#2853=ORIENTED_EDGE('',*,*,#4262,.T.);
#2854=ORIENTED_EDGE('',*,*,#4259,.T.);
#2855=ORIENTED_EDGE('',*,*,#4256,.T.);
#2856=ORIENTED_EDGE('',*,*,#4253,.T.);
#2857=ORIENTED_EDGE('',*,*,#4316,.T.);
#2858=ORIENTED_EDGE('',*,*,#4312,.T.);
#2859=ORIENTED_EDGE('',*,*,#4364,.T.);
#2860=ORIENTED_EDGE('',*,*,#4325,.T.);
#2861=ORIENTED_EDGE('',*,*,#4322,.T.);
#2862=ORIENTED_EDGE('',*,*,#4319,.T.);
#2863=ORIENTED_EDGE('',*,*,#4370,.T.);
#2864=ORIENTED_EDGE('',*,*,#4366,.T.);
#2865=ORIENTED_EDGE('',*,*,#4430,.T.);
#2866=ORIENTED_EDGE('',*,*,#4397,.T.);
#2867=ORIENTED_EDGE('',*,*,#4394,.T.);
#2868=ORIENTED_EDGE('',*,*,#4391,.T.);
#2869=ORIENTED_EDGE('',*,*,#4388,.T.);
#2870=ORIENTED_EDGE('',*,*,#4385,.T.);
#2871=ORIENTED_EDGE('',*,*,#4382,.T.);
#2872=ORIENTED_EDGE('',*,*,#4379,.T.);
#2873=ORIENTED_EDGE('',*,*,#4376,.T.);
#2874=ORIENTED_EDGE('',*,*,#4373,.T.);
#2875=ORIENTED_EDGE('',*,*,#4149,.F.);
#2876=ORIENTED_EDGE('',*,*,#4146,.F.);
#2877=ORIENTED_EDGE('',*,*,#4092,.F.);
#2878=ORIENTED_EDGE('',*,*,#3965,.F.);
#2879=ORIENTED_EDGE('',*,*,#4150,.F.);
#2880=ORIENTED_EDGE('',*,*,#3967,.F.);
#2881=ORIENTED_EDGE('',*,*,#4096,.F.);
#2882=ORIENTED_EDGE('',*,*,#3820,.F.);
#2883=ORIENTED_EDGE('',*,*,#4152,.F.);
#2884=ORIENTED_EDGE('',*,*,#4042,.F.);
#2885=ORIENTED_EDGE('',*,*,#4094,.F.);
#2886=ORIENTED_EDGE('',*,*,#4148,.F.);
#2887=ORIENTED_EDGE('',*,*,#4151,.F.);
#2888=ORIENTED_EDGE('',*,*,#3822,.F.);
#2889=ORIENTED_EDGE('',*,*,#4095,.F.);
#2890=ORIENTED_EDGE('',*,*,#4044,.F.);
#2891=ORIENTED_EDGE('',*,*,#4169,.F.);
#2892=ORIENTED_EDGE('',*,*,#4172,.F.);
#2893=ORIENTED_EDGE('',*,*,#4174,.F.);
#2894=ORIENTED_EDGE('',*,*,#4176,.F.);
#2895=ORIENTED_EDGE('',*,*,#4178,.F.);
#2896=ORIENTED_EDGE('',*,*,#4180,.F.);
#2897=ORIENTED_EDGE('',*,*,#4182,.F.);
#2898=ORIENTED_EDGE('',*,*,#4184,.F.);
#2899=ORIENTED_EDGE('',*,*,#4186,.F.);
#2900=ORIENTED_EDGE('',*,*,#4188,.F.);
#2901=ORIENTED_EDGE('',*,*,#4189,.F.);
#2902=ORIENTED_EDGE('',*,*,#4118,.F.);
#2903=ORIENTED_EDGE('',*,*,#4109,.F.);
#2904=ORIENTED_EDGE('',*,*,#4458,.F.);
#2905=ORIENTED_EDGE('',*,*,#4039,.F.);
#2906=ORIENTED_EDGE('',*,*,#4458,.T.);
#2907=ORIENTED_EDGE('',*,*,#4106,.F.);
#2908=ORIENTED_EDGE('',*,*,#4459,.F.);
#2909=ORIENTED_EDGE('',*,*,#4040,.F.);
#2910=ORIENTED_EDGE('',*,*,#4119,.F.);
#2911=ORIENTED_EDGE('',*,*,#4037,.F.);
#2912=ORIENTED_EDGE('',*,*,#4459,.T.);
#2913=ORIENTED_EDGE('',*,*,#4121,.F.);
#2914=ORIENTED_EDGE('',*,*,#3974,.T.);
#2915=ORIENTED_EDGE('',*,*,#4460,.T.);
#2916=ORIENTED_EDGE('',*,*,#3968,.F.);
#2917=ORIENTED_EDGE('',*,*,#4461,.F.);
#2918=ORIENTED_EDGE('',*,*,#4461,.T.);
#2919=ORIENTED_EDGE('',*,*,#3971,.T.);
#2920=ORIENTED_EDGE('',*,*,#4462,.F.);
#2921=ORIENTED_EDGE('',*,*,#3975,.F.);
#2922=ORIENTED_EDGE('',*,*,#4462,.T.);
#2923=ORIENTED_EDGE('',*,*,#3970,.T.);
#2924=ORIENTED_EDGE('',*,*,#4463,.F.);
#2925=ORIENTED_EDGE('',*,*,#3972,.F.);
#2926=ORIENTED_EDGE('',*,*,#3973,.T.);
#2927=ORIENTED_EDGE('',*,*,#4463,.T.);
#2928=ORIENTED_EDGE('',*,*,#3969,.F.);
#2929=ORIENTED_EDGE('',*,*,#4460,.F.);
#2930=ORIENTED_EDGE('',*,*,#4143,.F.);
#2931=ORIENTED_EDGE('',*,*,#3961,.T.);
#2932=ORIENTED_EDGE('',*,*,#3955,.F.);
#2933=ORIENTED_EDGE('',*,*,#3959,.F.);
#2934=ORIENTED_EDGE('',*,*,#4464,.T.);
#2935=ORIENTED_EDGE('',*,*,#4465,.F.);
#2936=ORIENTED_EDGE('',*,*,#4465,.T.);
#2937=ORIENTED_EDGE('',*,*,#4464,.F.);
#2938=ORIENTED_EDGE('',*,*,#3952,.F.);
#2939=ORIENTED_EDGE('',*,*,#3977,.F.);
#2940=ORIENTED_EDGE('',*,*,#4144,.F.);
#2941=ORIENTED_EDGE('',*,*,#3948,.F.);
#2942=ORIENTED_EDGE('',*,*,#4466,.T.);
#2943=ORIENTED_EDGE('',*,*,#4467,.F.);
#2944=ORIENTED_EDGE('',*,*,#4467,.T.);
#2945=ORIENTED_EDGE('',*,*,#4466,.F.);
#2946=ORIENTED_EDGE('',*,*,#4468,.T.);
#2947=ORIENTED_EDGE('',*,*,#3939,.T.);
#2948=ORIENTED_EDGE('',*,*,#3942,.T.);
#2949=ORIENTED_EDGE('',*,*,#3945,.T.);
#2950=ORIENTED_EDGE('',*,*,#3896,.T.);
#2951=ORIENTED_EDGE('',*,*,#4469,.F.);
#2952=ORIENTED_EDGE('',*,*,#4469,.T.);
#2953=ORIENTED_EDGE('',*,*,#4468,.F.);
#2954=ORIENTED_EDGE('',*,*,#4158,.F.);
#2955=ORIENTED_EDGE('',*,*,#4155,.T.);
#2956=ORIENTED_EDGE('',*,*,#3900,.T.);
#2957=ORIENTED_EDGE('',*,*,#3937,.F.);
#2958=ORIENTED_EDGE('',*,*,#4470,.T.);
#2959=ORIENTED_EDGE('',*,*,#4471,.F.);
#2960=ORIENTED_EDGE('',*,*,#4471,.T.);
#2961=ORIENTED_EDGE('',*,*,#4470,.F.);
#2962=ORIENTED_EDGE('',*,*,#3809,.F.);
#2963=ORIENTED_EDGE('',*,*,#4472,.F.);
#2964=ORIENTED_EDGE('',*,*,#4473,.T.);
#2965=ORIENTED_EDGE('',*,*,#4474,.T.);
#2966=ORIENTED_EDGE('',*,*,#3808,.F.);
#2967=ORIENTED_EDGE('',*,*,#4475,.F.);
#2968=ORIENTED_EDGE('',*,*,#4476,.T.);
#2969=ORIENTED_EDGE('',*,*,#4472,.T.);
#2970=ORIENTED_EDGE('',*,*,#3818,.F.);
#2971=ORIENTED_EDGE('',*,*,#4477,.F.);
#2972=ORIENTED_EDGE('',*,*,#4478,.T.);
#2973=ORIENTED_EDGE('',*,*,#4475,.T.);
#2974=ORIENTED_EDGE('',*,*,#3817,.F.);
#2975=ORIENTED_EDGE('',*,*,#4479,.F.);
#2976=ORIENTED_EDGE('',*,*,#4480,.T.);
#2977=ORIENTED_EDGE('',*,*,#4477,.T.);
#2978=ORIENTED_EDGE('',*,*,#3816,.F.);
#2979=ORIENTED_EDGE('',*,*,#4481,.F.);
#2980=ORIENTED_EDGE('',*,*,#4482,.T.);
#2981=ORIENTED_EDGE('',*,*,#4479,.T.);
#2982=ORIENTED_EDGE('',*,*,#3815,.F.);
#2983=ORIENTED_EDGE('',*,*,#4483,.F.);
#2984=ORIENTED_EDGE('',*,*,#4484,.T.);
#2985=ORIENTED_EDGE('',*,*,#4481,.T.);
#2986=ORIENTED_EDGE('',*,*,#3814,.F.);
#2987=ORIENTED_EDGE('',*,*,#4485,.F.);
#2988=ORIENTED_EDGE('',*,*,#4486,.T.);
#2989=ORIENTED_EDGE('',*,*,#4483,.T.);
#2990=ORIENTED_EDGE('',*,*,#3813,.F.);
#2991=ORIENTED_EDGE('',*,*,#4487,.F.);
#2992=ORIENTED_EDGE('',*,*,#4488,.T.);
#2993=ORIENTED_EDGE('',*,*,#4485,.T.);
#2994=ORIENTED_EDGE('',*,*,#3812,.F.);
#2995=ORIENTED_EDGE('',*,*,#4489,.F.);
#2996=ORIENTED_EDGE('',*,*,#4490,.T.);
#2997=ORIENTED_EDGE('',*,*,#4487,.T.);
#2998=ORIENTED_EDGE('',*,*,#3811,.F.);
#2999=ORIENTED_EDGE('',*,*,#4491,.F.);
#3000=ORIENTED_EDGE('',*,*,#4492,.T.);
#3001=ORIENTED_EDGE('',*,*,#4489,.T.);
#3002=ORIENTED_EDGE('',*,*,#3810,.F.);
#3003=ORIENTED_EDGE('',*,*,#4474,.F.);
#3004=ORIENTED_EDGE('',*,*,#4493,.T.);
#3005=ORIENTED_EDGE('',*,*,#4491,.T.);
#3006=ORIENTED_EDGE('',*,*,#4473,.F.);
#3007=ORIENTED_EDGE('',*,*,#4476,.F.);
#3008=ORIENTED_EDGE('',*,*,#4478,.F.);
#3009=ORIENTED_EDGE('',*,*,#4480,.F.);
#3010=ORIENTED_EDGE('',*,*,#4482,.F.);
#3011=ORIENTED_EDGE('',*,*,#4484,.F.);
#3012=ORIENTED_EDGE('',*,*,#4486,.F.);
#3013=ORIENTED_EDGE('',*,*,#4488,.F.);
#3014=ORIENTED_EDGE('',*,*,#4490,.F.);
#3015=ORIENTED_EDGE('',*,*,#4492,.F.);
#3016=ORIENTED_EDGE('',*,*,#4493,.F.);
#3017=ORIENTED_EDGE('',*,*,#3793,.F.);
#3018=ORIENTED_EDGE('',*,*,#4494,.F.);
#3019=ORIENTED_EDGE('',*,*,#4495,.T.);
#3020=ORIENTED_EDGE('',*,*,#4496,.T.);
#3021=ORIENTED_EDGE('',*,*,#3792,.F.);
#3022=ORIENTED_EDGE('',*,*,#4497,.F.);
#3023=ORIENTED_EDGE('',*,*,#4498,.T.);
#3024=ORIENTED_EDGE('',*,*,#4494,.T.);
#3025=ORIENTED_EDGE('',*,*,#3807,.F.);
#3026=ORIENTED_EDGE('',*,*,#4499,.F.);
#3027=ORIENTED_EDGE('',*,*,#4500,.T.);
#3028=ORIENTED_EDGE('',*,*,#4497,.T.);
#3029=ORIENTED_EDGE('',*,*,#3806,.F.);
#3030=ORIENTED_EDGE('',*,*,#4501,.F.);
#3031=ORIENTED_EDGE('',*,*,#4502,.T.);
#3032=ORIENTED_EDGE('',*,*,#4499,.T.);
#3033=ORIENTED_EDGE('',*,*,#3805,.F.);
#3034=ORIENTED_EDGE('',*,*,#4503,.F.);
#3035=ORIENTED_EDGE('',*,*,#4504,.T.);
#3036=ORIENTED_EDGE('',*,*,#4501,.T.);
#3037=ORIENTED_EDGE('',*,*,#3804,.F.);
#3038=ORIENTED_EDGE('',*,*,#4505,.F.);
#3039=ORIENTED_EDGE('',*,*,#4506,.T.);
#3040=ORIENTED_EDGE('',*,*,#4503,.T.);
#3041=ORIENTED_EDGE('',*,*,#3803,.F.);
#3042=ORIENTED_EDGE('',*,*,#4507,.F.);
#3043=ORIENTED_EDGE('',*,*,#4508,.T.);
#3044=ORIENTED_EDGE('',*,*,#4505,.T.);
#3045=ORIENTED_EDGE('',*,*,#3802,.F.);
#3046=ORIENTED_EDGE('',*,*,#4509,.F.);
#3047=ORIENTED_EDGE('',*,*,#4510,.T.);
#3048=ORIENTED_EDGE('',*,*,#4507,.T.);
#3049=ORIENTED_EDGE('',*,*,#3801,.F.);
#3050=ORIENTED_EDGE('',*,*,#4511,.F.);
#3051=ORIENTED_EDGE('',*,*,#4512,.T.);
#3052=ORIENTED_EDGE('',*,*,#4509,.T.);
#3053=ORIENTED_EDGE('',*,*,#3800,.F.);
#3054=ORIENTED_EDGE('',*,*,#4513,.F.);
#3055=ORIENTED_EDGE('',*,*,#4514,.T.);
#3056=ORIENTED_EDGE('',*,*,#4511,.T.);
#3057=ORIENTED_EDGE('',*,*,#3799,.F.);
#3058=ORIENTED_EDGE('',*,*,#4515,.F.);
#3059=ORIENTED_EDGE('',*,*,#4516,.T.);
#3060=ORIENTED_EDGE('',*,*,#4513,.T.);
#3061=ORIENTED_EDGE('',*,*,#3798,.F.);
#3062=ORIENTED_EDGE('',*,*,#4517,.F.);
#3063=ORIENTED_EDGE('',*,*,#4518,.T.);
#3064=ORIENTED_EDGE('',*,*,#4515,.T.);
#3065=ORIENTED_EDGE('',*,*,#3797,.F.);
#3066=ORIENTED_EDGE('',*,*,#4519,.F.);
#3067=ORIENTED_EDGE('',*,*,#4520,.T.);
#3068=ORIENTED_EDGE('',*,*,#4517,.T.);
#3069=ORIENTED_EDGE('',*,*,#3796,.F.);
#3070=ORIENTED_EDGE('',*,*,#4521,.F.);
#3071=ORIENTED_EDGE('',*,*,#4522,.T.);
#3072=ORIENTED_EDGE('',*,*,#4519,.T.);
#3073=ORIENTED_EDGE('',*,*,#3795,.F.);
#3074=ORIENTED_EDGE('',*,*,#4523,.F.);
#3075=ORIENTED_EDGE('',*,*,#4524,.T.);
#3076=ORIENTED_EDGE('',*,*,#4521,.T.);
#3077=ORIENTED_EDGE('',*,*,#3794,.F.);
#3078=ORIENTED_EDGE('',*,*,#4496,.F.);
#3079=ORIENTED_EDGE('',*,*,#4525,.T.);
#3080=ORIENTED_EDGE('',*,*,#4523,.T.);
#3081=ORIENTED_EDGE('',*,*,#4495,.F.);
#3082=ORIENTED_EDGE('',*,*,#4498,.F.);
#3083=ORIENTED_EDGE('',*,*,#4500,.F.);
#3084=ORIENTED_EDGE('',*,*,#4502,.F.);
#3085=ORIENTED_EDGE('',*,*,#4504,.F.);
#3086=ORIENTED_EDGE('',*,*,#4506,.F.);
#3087=ORIENTED_EDGE('',*,*,#4508,.F.);
#3088=ORIENTED_EDGE('',*,*,#4510,.F.);
#3089=ORIENTED_EDGE('',*,*,#4512,.F.);
#3090=ORIENTED_EDGE('',*,*,#4514,.F.);
#3091=ORIENTED_EDGE('',*,*,#4516,.F.);
#3092=ORIENTED_EDGE('',*,*,#4518,.F.);
#3093=ORIENTED_EDGE('',*,*,#4520,.F.);
#3094=ORIENTED_EDGE('',*,*,#4522,.F.);
#3095=ORIENTED_EDGE('',*,*,#4524,.F.);
#3096=ORIENTED_EDGE('',*,*,#4525,.F.);
#3097=ORIENTED_EDGE('',*,*,#3789,.F.);
#3098=ORIENTED_EDGE('',*,*,#4526,.F.);
#3099=ORIENTED_EDGE('',*,*,#4527,.T.);
#3100=ORIENTED_EDGE('',*,*,#4528,.T.);
#3101=ORIENTED_EDGE('',*,*,#3788,.F.);
#3102=ORIENTED_EDGE('',*,*,#4529,.F.);
#3103=ORIENTED_EDGE('',*,*,#4530,.T.);
#3104=ORIENTED_EDGE('',*,*,#4526,.T.);
#3105=ORIENTED_EDGE('',*,*,#3791,.F.);
#3106=ORIENTED_EDGE('',*,*,#4531,.F.);
#3107=ORIENTED_EDGE('',*,*,#4532,.T.);
#3108=ORIENTED_EDGE('',*,*,#4529,.T.);
#3109=ORIENTED_EDGE('',*,*,#3790,.F.);
#3110=ORIENTED_EDGE('',*,*,#4528,.F.);
#3111=ORIENTED_EDGE('',*,*,#4533,.T.);
#3112=ORIENTED_EDGE('',*,*,#4531,.T.);
#3113=ORIENTED_EDGE('',*,*,#4527,.F.);
#3114=ORIENTED_EDGE('',*,*,#4530,.F.);
#3115=ORIENTED_EDGE('',*,*,#4532,.F.);
#3116=ORIENTED_EDGE('',*,*,#4533,.F.);
#3117=ORIENTED_EDGE('',*,*,#3781,.F.);
#3118=ORIENTED_EDGE('',*,*,#4534,.F.);
#3119=ORIENTED_EDGE('',*,*,#4535,.T.);
#3120=ORIENTED_EDGE('',*,*,#4536,.T.);
#3121=ORIENTED_EDGE('',*,*,#3780,.F.);
#3122=ORIENTED_EDGE('',*,*,#4537,.F.);
#3123=ORIENTED_EDGE('',*,*,#4538,.T.);
#3124=ORIENTED_EDGE('',*,*,#4534,.T.);
#3125=ORIENTED_EDGE('',*,*,#3787,.F.);
#3126=ORIENTED_EDGE('',*,*,#4539,.F.);
#3127=ORIENTED_EDGE('',*,*,#4540,.T.);
#3128=ORIENTED_EDGE('',*,*,#4537,.T.);
#3129=ORIENTED_EDGE('',*,*,#3786,.F.);
#3130=ORIENTED_EDGE('',*,*,#4541,.F.);
#3131=ORIENTED_EDGE('',*,*,#4542,.T.);
#3132=ORIENTED_EDGE('',*,*,#4539,.T.);
#3133=ORIENTED_EDGE('',*,*,#3785,.F.);
#3134=ORIENTED_EDGE('',*,*,#4543,.F.);
#3135=ORIENTED_EDGE('',*,*,#4544,.T.);
#3136=ORIENTED_EDGE('',*,*,#4541,.T.);
#3137=ORIENTED_EDGE('',*,*,#3784,.F.);
#3138=ORIENTED_EDGE('',*,*,#4545,.F.);
#3139=ORIENTED_EDGE('',*,*,#4546,.T.);
#3140=ORIENTED_EDGE('',*,*,#4543,.T.);
#3141=ORIENTED_EDGE('',*,*,#3783,.F.);
#3142=ORIENTED_EDGE('',*,*,#4547,.F.);
#3143=ORIENTED_EDGE('',*,*,#4548,.T.);
#3144=ORIENTED_EDGE('',*,*,#4545,.T.);
#3145=ORIENTED_EDGE('',*,*,#3782,.F.);
#3146=ORIENTED_EDGE('',*,*,#4536,.F.);
#3147=ORIENTED_EDGE('',*,*,#4549,.T.);
#3148=ORIENTED_EDGE('',*,*,#4547,.T.);
#3149=ORIENTED_EDGE('',*,*,#4535,.F.);
#3150=ORIENTED_EDGE('',*,*,#4538,.F.);
#3151=ORIENTED_EDGE('',*,*,#4540,.F.);
#3152=ORIENTED_EDGE('',*,*,#4542,.F.);
#3153=ORIENTED_EDGE('',*,*,#4544,.F.);
#3154=ORIENTED_EDGE('',*,*,#4546,.F.);
#3155=ORIENTED_EDGE('',*,*,#4548,.F.);
#3156=ORIENTED_EDGE('',*,*,#4549,.F.);
#3157=ORIENTED_EDGE('',*,*,#4550,.F.);
#3158=ORIENTED_EDGE('',*,*,#4551,.F.);
#3159=ORIENTED_EDGE('',*,*,#4552,.T.);
#3160=ORIENTED_EDGE('',*,*,#4553,.T.);
#3161=ORIENTED_EDGE('',*,*,#4554,.F.);
#3162=ORIENTED_EDGE('',*,*,#4555,.F.);
#3163=ORIENTED_EDGE('',*,*,#4556,.T.);
#3164=ORIENTED_EDGE('',*,*,#4551,.T.);
#3165=ORIENTED_EDGE('',*,*,#4557,.F.);
#3166=ORIENTED_EDGE('',*,*,#4558,.F.);
#3167=ORIENTED_EDGE('',*,*,#4559,.T.);
#3168=ORIENTED_EDGE('',*,*,#4555,.T.);
#3169=ORIENTED_EDGE('',*,*,#4560,.F.);
#3170=ORIENTED_EDGE('',*,*,#4561,.F.);
#3171=ORIENTED_EDGE('',*,*,#4562,.T.);
#3172=ORIENTED_EDGE('',*,*,#4558,.T.);
#3173=ORIENTED_EDGE('',*,*,#4563,.F.);
#3174=ORIENTED_EDGE('',*,*,#4564,.F.);
#3175=ORIENTED_EDGE('',*,*,#4565,.T.);
#3176=ORIENTED_EDGE('',*,*,#4561,.T.);
#3177=ORIENTED_EDGE('',*,*,#4566,.F.);
#3178=ORIENTED_EDGE('',*,*,#4567,.F.);
#3179=ORIENTED_EDGE('',*,*,#4568,.T.);
#3180=ORIENTED_EDGE('',*,*,#4564,.T.);
#3181=ORIENTED_EDGE('',*,*,#4569,.F.);
#3182=ORIENTED_EDGE('',*,*,#4570,.F.);
#3183=ORIENTED_EDGE('',*,*,#4571,.T.);
#3184=ORIENTED_EDGE('',*,*,#4567,.T.);
#3185=ORIENTED_EDGE('',*,*,#4572,.F.);
#3186=ORIENTED_EDGE('',*,*,#4573,.F.);
#3187=ORIENTED_EDGE('',*,*,#4574,.T.);
#3188=ORIENTED_EDGE('',*,*,#4570,.T.);
#3189=ORIENTED_EDGE('',*,*,#4575,.F.);
#3190=ORIENTED_EDGE('',*,*,#4576,.F.);
#3191=ORIENTED_EDGE('',*,*,#4577,.T.);
#3192=ORIENTED_EDGE('',*,*,#4573,.T.);
#3193=ORIENTED_EDGE('',*,*,#4578,.F.);
#3194=ORIENTED_EDGE('',*,*,#4579,.F.);
#3195=ORIENTED_EDGE('',*,*,#4580,.T.);
#3196=ORIENTED_EDGE('',*,*,#4576,.T.);
#3197=ORIENTED_EDGE('',*,*,#4581,.F.);
#3198=ORIENTED_EDGE('',*,*,#4582,.F.);
#3199=ORIENTED_EDGE('',*,*,#4583,.T.);
#3200=ORIENTED_EDGE('',*,*,#4579,.T.);
#3201=ORIENTED_EDGE('',*,*,#3824,.F.);
#3202=ORIENTED_EDGE('',*,*,#4584,.F.);
#3203=ORIENTED_EDGE('',*,*,#4585,.T.);
#3204=ORIENTED_EDGE('',*,*,#4586,.T.);
#3205=ORIENTED_EDGE('',*,*,#3823,.F.);
#3206=ORIENTED_EDGE('',*,*,#4587,.F.);
#3207=ORIENTED_EDGE('',*,*,#4588,.T.);
#3208=ORIENTED_EDGE('',*,*,#4584,.T.);
#3209=ORIENTED_EDGE('',*,*,#3837,.F.);
#3210=ORIENTED_EDGE('',*,*,#4589,.F.);
#3211=ORIENTED_EDGE('',*,*,#4590,.T.);
#3212=ORIENTED_EDGE('',*,*,#4587,.T.);
#3213=ORIENTED_EDGE('',*,*,#3836,.F.);
#3214=ORIENTED_EDGE('',*,*,#4591,.F.);
#3215=ORIENTED_EDGE('',*,*,#4592,.T.);
#3216=ORIENTED_EDGE('',*,*,#4589,.T.);
#3217=ORIENTED_EDGE('',*,*,#3835,.F.);
#3218=ORIENTED_EDGE('',*,*,#4593,.F.);
#3219=ORIENTED_EDGE('',*,*,#4594,.T.);
#3220=ORIENTED_EDGE('',*,*,#4591,.T.);
#3221=ORIENTED_EDGE('',*,*,#3834,.F.);
#3222=ORIENTED_EDGE('',*,*,#4595,.F.);
#3223=ORIENTED_EDGE('',*,*,#4596,.T.);
#3224=ORIENTED_EDGE('',*,*,#4593,.T.);
#3225=ORIENTED_EDGE('',*,*,#3833,.F.);
#3226=ORIENTED_EDGE('',*,*,#4597,.F.);
#3227=ORIENTED_EDGE('',*,*,#4598,.T.);
#3228=ORIENTED_EDGE('',*,*,#4595,.T.);
#3229=ORIENTED_EDGE('',*,*,#3832,.F.);
#3230=ORIENTED_EDGE('',*,*,#4599,.F.);
#3231=ORIENTED_EDGE('',*,*,#4600,.T.);
#3232=ORIENTED_EDGE('',*,*,#4597,.T.);
#3233=ORIENTED_EDGE('',*,*,#3831,.F.);
#3234=ORIENTED_EDGE('',*,*,#4601,.F.);
#3235=ORIENTED_EDGE('',*,*,#4602,.T.);
#3236=ORIENTED_EDGE('',*,*,#4599,.T.);
#3237=ORIENTED_EDGE('',*,*,#3830,.F.);
#3238=ORIENTED_EDGE('',*,*,#4603,.F.);
#3239=ORIENTED_EDGE('',*,*,#4604,.T.);
#3240=ORIENTED_EDGE('',*,*,#4601,.T.);
#3241=ORIENTED_EDGE('',*,*,#3829,.F.);
#3242=ORIENTED_EDGE('',*,*,#4605,.F.);
#3243=ORIENTED_EDGE('',*,*,#4606,.T.);
#3244=ORIENTED_EDGE('',*,*,#4603,.T.);
#3245=ORIENTED_EDGE('',*,*,#3828,.F.);
#3246=ORIENTED_EDGE('',*,*,#4607,.F.);
#3247=ORIENTED_EDGE('',*,*,#4608,.T.);
#3248=ORIENTED_EDGE('',*,*,#4605,.T.);
#3249=ORIENTED_EDGE('',*,*,#3827,.F.);
#3250=ORIENTED_EDGE('',*,*,#4609,.F.);
#3251=ORIENTED_EDGE('',*,*,#4610,.T.);
#3252=ORIENTED_EDGE('',*,*,#4607,.T.);
#3253=ORIENTED_EDGE('',*,*,#3826,.F.);
#3254=ORIENTED_EDGE('',*,*,#4611,.F.);
#3255=ORIENTED_EDGE('',*,*,#4612,.T.);
#3256=ORIENTED_EDGE('',*,*,#4609,.T.);
#3257=ORIENTED_EDGE('',*,*,#3825,.F.);
#3258=ORIENTED_EDGE('',*,*,#4586,.F.);
#3259=ORIENTED_EDGE('',*,*,#4613,.T.);
#3260=ORIENTED_EDGE('',*,*,#4611,.T.);
#3261=ORIENTED_EDGE('',*,*,#4614,.F.);
#3262=ORIENTED_EDGE('',*,*,#4553,.F.);
#3263=ORIENTED_EDGE('',*,*,#4615,.T.);
#3264=ORIENTED_EDGE('',*,*,#4582,.T.);
#3265=ORIENTED_EDGE('',*,*,#4585,.F.);
#3266=ORIENTED_EDGE('',*,*,#4588,.F.);
#3267=ORIENTED_EDGE('',*,*,#4590,.F.);
#3268=ORIENTED_EDGE('',*,*,#4592,.F.);
#3269=ORIENTED_EDGE('',*,*,#4594,.F.);
#3270=ORIENTED_EDGE('',*,*,#4596,.F.);
#3271=ORIENTED_EDGE('',*,*,#4598,.F.);
#3272=ORIENTED_EDGE('',*,*,#4600,.F.);
#3273=ORIENTED_EDGE('',*,*,#4602,.F.);
#3274=ORIENTED_EDGE('',*,*,#4604,.F.);
#3275=ORIENTED_EDGE('',*,*,#4606,.F.);
#3276=ORIENTED_EDGE('',*,*,#4608,.F.);
#3277=ORIENTED_EDGE('',*,*,#4610,.F.);
#3278=ORIENTED_EDGE('',*,*,#4612,.F.);
#3279=ORIENTED_EDGE('',*,*,#4613,.F.);
#3280=ORIENTED_EDGE('',*,*,#4552,.F.);
#3281=ORIENTED_EDGE('',*,*,#4556,.F.);
#3282=ORIENTED_EDGE('',*,*,#4559,.F.);
#3283=ORIENTED_EDGE('',*,*,#4562,.F.);
#3284=ORIENTED_EDGE('',*,*,#4565,.F.);
#3285=ORIENTED_EDGE('',*,*,#4568,.F.);
#3286=ORIENTED_EDGE('',*,*,#4571,.F.);
#3287=ORIENTED_EDGE('',*,*,#4574,.F.);
#3288=ORIENTED_EDGE('',*,*,#4577,.F.);
#3289=ORIENTED_EDGE('',*,*,#4580,.F.);
#3290=ORIENTED_EDGE('',*,*,#4583,.F.);
#3291=ORIENTED_EDGE('',*,*,#4615,.F.);
#3292=ORIENTED_EDGE('',*,*,#4616,.F.);
#3293=ORIENTED_EDGE('',*,*,#4617,.F.);
#3294=ORIENTED_EDGE('',*,*,#4618,.T.);
#3295=ORIENTED_EDGE('',*,*,#4619,.T.);
#3296=ORIENTED_EDGE('',*,*,#4620,.F.);
#3297=ORIENTED_EDGE('',*,*,#4621,.F.);
#3298=ORIENTED_EDGE('',*,*,#4622,.T.);
#3299=ORIENTED_EDGE('',*,*,#4617,.T.);
#3300=ORIENTED_EDGE('',*,*,#4623,.F.);
#3301=ORIENTED_EDGE('',*,*,#4624,.F.);
#3302=ORIENTED_EDGE('',*,*,#4625,.T.);
#3303=ORIENTED_EDGE('',*,*,#4621,.T.);
#3304=ORIENTED_EDGE('',*,*,#4626,.F.);
#3305=ORIENTED_EDGE('',*,*,#4627,.F.);
#3306=ORIENTED_EDGE('',*,*,#4628,.T.);
#3307=ORIENTED_EDGE('',*,*,#4624,.T.);
#3308=ORIENTED_EDGE('',*,*,#4629,.F.);
#3309=ORIENTED_EDGE('',*,*,#4630,.F.);
#3310=ORIENTED_EDGE('',*,*,#4631,.T.);
#3311=ORIENTED_EDGE('',*,*,#4627,.T.);
#3312=ORIENTED_EDGE('',*,*,#3763,.F.);
#3313=ORIENTED_EDGE('',*,*,#4632,.F.);
#3314=ORIENTED_EDGE('',*,*,#4633,.T.);
#3315=ORIENTED_EDGE('',*,*,#4634,.T.);
#3316=ORIENTED_EDGE('',*,*,#3762,.F.);
#3317=ORIENTED_EDGE('',*,*,#4635,.F.);
#3318=ORIENTED_EDGE('',*,*,#4636,.T.);
#3319=ORIENTED_EDGE('',*,*,#4632,.T.);
#3320=ORIENTED_EDGE('',*,*,#3779,.F.);
#3321=ORIENTED_EDGE('',*,*,#4637,.F.);
#3322=ORIENTED_EDGE('',*,*,#4638,.T.);
#3323=ORIENTED_EDGE('',*,*,#4635,.T.);
#3324=ORIENTED_EDGE('',*,*,#3778,.F.);
#3325=ORIENTED_EDGE('',*,*,#4639,.F.);
#3326=ORIENTED_EDGE('',*,*,#4640,.T.);
#3327=ORIENTED_EDGE('',*,*,#4637,.T.);
#3328=ORIENTED_EDGE('',*,*,#3777,.F.);
#3329=ORIENTED_EDGE('',*,*,#4641,.F.);
#3330=ORIENTED_EDGE('',*,*,#4642,.T.);
#3331=ORIENTED_EDGE('',*,*,#4639,.T.);
#3332=ORIENTED_EDGE('',*,*,#3776,.F.);
#3333=ORIENTED_EDGE('',*,*,#4643,.F.);
#3334=ORIENTED_EDGE('',*,*,#4644,.T.);
#3335=ORIENTED_EDGE('',*,*,#4641,.T.);
#3336=ORIENTED_EDGE('',*,*,#3775,.F.);
#3337=ORIENTED_EDGE('',*,*,#4645,.F.);
#3338=ORIENTED_EDGE('',*,*,#4646,.T.);
#3339=ORIENTED_EDGE('',*,*,#4643,.T.);
#3340=ORIENTED_EDGE('',*,*,#3774,.F.);
#3341=ORIENTED_EDGE('',*,*,#4647,.F.);
#3342=ORIENTED_EDGE('',*,*,#4648,.T.);
#3343=ORIENTED_EDGE('',*,*,#4645,.T.);
#3344=ORIENTED_EDGE('',*,*,#3773,.F.);
#3345=ORIENTED_EDGE('',*,*,#4649,.F.);
#3346=ORIENTED_EDGE('',*,*,#4650,.T.);
#3347=ORIENTED_EDGE('',*,*,#4647,.T.);
#3348=ORIENTED_EDGE('',*,*,#3772,.F.);
#3349=ORIENTED_EDGE('',*,*,#4651,.F.);
#3350=ORIENTED_EDGE('',*,*,#4652,.T.);
#3351=ORIENTED_EDGE('',*,*,#4649,.T.);
#3352=ORIENTED_EDGE('',*,*,#3771,.F.);
#3353=ORIENTED_EDGE('',*,*,#4653,.F.);
#3354=ORIENTED_EDGE('',*,*,#4654,.T.);
#3355=ORIENTED_EDGE('',*,*,#4651,.T.);
#3356=ORIENTED_EDGE('',*,*,#3770,.F.);
#3357=ORIENTED_EDGE('',*,*,#4655,.F.);
#3358=ORIENTED_EDGE('',*,*,#4656,.T.);
#3359=ORIENTED_EDGE('',*,*,#4653,.T.);
#3360=ORIENTED_EDGE('',*,*,#3769,.F.);
#3361=ORIENTED_EDGE('',*,*,#4657,.F.);
#3362=ORIENTED_EDGE('',*,*,#4658,.T.);
#3363=ORIENTED_EDGE('',*,*,#4655,.T.);
#3364=ORIENTED_EDGE('',*,*,#3768,.F.);
#3365=ORIENTED_EDGE('',*,*,#4659,.F.);
#3366=ORIENTED_EDGE('',*,*,#4660,.T.);
#3367=ORIENTED_EDGE('',*,*,#4657,.T.);
#3368=ORIENTED_EDGE('',*,*,#3767,.F.);
#3369=ORIENTED_EDGE('',*,*,#4661,.F.);
#3370=ORIENTED_EDGE('',*,*,#4662,.T.);
#3371=ORIENTED_EDGE('',*,*,#4659,.T.);
#3372=ORIENTED_EDGE('',*,*,#3766,.F.);
#3373=ORIENTED_EDGE('',*,*,#4663,.F.);
#3374=ORIENTED_EDGE('',*,*,#4664,.T.);
#3375=ORIENTED_EDGE('',*,*,#4661,.T.);
#3376=ORIENTED_EDGE('',*,*,#3765,.F.);
#3377=ORIENTED_EDGE('',*,*,#4665,.F.);
#3378=ORIENTED_EDGE('',*,*,#4666,.T.);
#3379=ORIENTED_EDGE('',*,*,#4663,.T.);
#3380=ORIENTED_EDGE('',*,*,#3764,.F.);
#3381=ORIENTED_EDGE('',*,*,#4634,.F.);
#3382=ORIENTED_EDGE('',*,*,#4667,.T.);
#3383=ORIENTED_EDGE('',*,*,#4665,.T.);
#3384=ORIENTED_EDGE('',*,*,#4668,.F.);
#3385=ORIENTED_EDGE('',*,*,#4619,.F.);
#3386=ORIENTED_EDGE('',*,*,#4669,.T.);
#3387=ORIENTED_EDGE('',*,*,#4630,.T.);
#3388=ORIENTED_EDGE('',*,*,#4633,.F.);
#3389=ORIENTED_EDGE('',*,*,#4636,.F.);
#3390=ORIENTED_EDGE('',*,*,#4638,.F.);
#3391=ORIENTED_EDGE('',*,*,#4640,.F.);
#3392=ORIENTED_EDGE('',*,*,#4642,.F.);
#3393=ORIENTED_EDGE('',*,*,#4644,.F.);
#3394=ORIENTED_EDGE('',*,*,#4646,.F.);
#3395=ORIENTED_EDGE('',*,*,#4648,.F.);
#3396=ORIENTED_EDGE('',*,*,#4650,.F.);
#3397=ORIENTED_EDGE('',*,*,#4652,.F.);
#3398=ORIENTED_EDGE('',*,*,#4654,.F.);
#3399=ORIENTED_EDGE('',*,*,#4656,.F.);
#3400=ORIENTED_EDGE('',*,*,#4658,.F.);
#3401=ORIENTED_EDGE('',*,*,#4660,.F.);
#3402=ORIENTED_EDGE('',*,*,#4662,.F.);
#3403=ORIENTED_EDGE('',*,*,#4664,.F.);
#3404=ORIENTED_EDGE('',*,*,#4666,.F.);
#3405=ORIENTED_EDGE('',*,*,#4667,.F.);
#3406=ORIENTED_EDGE('',*,*,#4618,.F.);
#3407=ORIENTED_EDGE('',*,*,#4622,.F.);
#3408=ORIENTED_EDGE('',*,*,#4625,.F.);
#3409=ORIENTED_EDGE('',*,*,#4628,.F.);
#3410=ORIENTED_EDGE('',*,*,#4631,.F.);
#3411=ORIENTED_EDGE('',*,*,#4669,.F.);
#3412=ORIENTED_EDGE('',*,*,#4670,.F.);
#3413=ORIENTED_EDGE('',*,*,#4671,.F.);
#3414=ORIENTED_EDGE('',*,*,#4672,.T.);
#3415=ORIENTED_EDGE('',*,*,#4673,.T.);
#3416=ORIENTED_EDGE('',*,*,#4674,.F.);
#3417=ORIENTED_EDGE('',*,*,#4675,.F.);
#3418=ORIENTED_EDGE('',*,*,#4676,.T.);
#3419=ORIENTED_EDGE('',*,*,#4671,.T.);
#3420=ORIENTED_EDGE('',*,*,#4677,.F.);
#3421=ORIENTED_EDGE('',*,*,#4678,.F.);
#3422=ORIENTED_EDGE('',*,*,#4679,.T.);
#3423=ORIENTED_EDGE('',*,*,#4675,.T.);
#3424=ORIENTED_EDGE('',*,*,#4680,.F.);
#3425=ORIENTED_EDGE('',*,*,#4681,.F.);
#3426=ORIENTED_EDGE('',*,*,#4682,.T.);
#3427=ORIENTED_EDGE('',*,*,#4678,.T.);
#3428=ORIENTED_EDGE('',*,*,#4683,.F.);
#3429=ORIENTED_EDGE('',*,*,#4684,.F.);
#3430=ORIENTED_EDGE('',*,*,#4685,.T.);
#3431=ORIENTED_EDGE('',*,*,#4681,.T.);
#3432=ORIENTED_EDGE('',*,*,#4686,.F.);
#3433=ORIENTED_EDGE('',*,*,#4687,.F.);
#3434=ORIENTED_EDGE('',*,*,#4688,.T.);
#3435=ORIENTED_EDGE('',*,*,#4684,.T.);
#3436=ORIENTED_EDGE('',*,*,#4689,.F.);
#3437=ORIENTED_EDGE('',*,*,#4690,.F.);
#3438=ORIENTED_EDGE('',*,*,#4691,.T.);
#3439=ORIENTED_EDGE('',*,*,#4687,.T.);
#3440=ORIENTED_EDGE('',*,*,#4692,.F.);
#3441=ORIENTED_EDGE('',*,*,#4693,.F.);
#3442=ORIENTED_EDGE('',*,*,#4694,.T.);
#3443=ORIENTED_EDGE('',*,*,#4690,.T.);
#3444=ORIENTED_EDGE('',*,*,#4695,.F.);
#3445=ORIENTED_EDGE('',*,*,#4696,.F.);
#3446=ORIENTED_EDGE('',*,*,#4697,.T.);
#3447=ORIENTED_EDGE('',*,*,#4693,.T.);
#3448=ORIENTED_EDGE('',*,*,#4698,.F.);
#3449=ORIENTED_EDGE('',*,*,#4699,.F.);
#3450=ORIENTED_EDGE('',*,*,#4700,.T.);
#3451=ORIENTED_EDGE('',*,*,#4696,.T.);
#3452=ORIENTED_EDGE('',*,*,#4701,.F.);
#3453=ORIENTED_EDGE('',*,*,#4702,.F.);
#3454=ORIENTED_EDGE('',*,*,#4703,.T.);
#3455=ORIENTED_EDGE('',*,*,#4699,.T.);
#3456=ORIENTED_EDGE('',*,*,#3839,.F.);
#3457=ORIENTED_EDGE('',*,*,#4704,.F.);
#3458=ORIENTED_EDGE('',*,*,#4705,.T.);
#3459=ORIENTED_EDGE('',*,*,#4706,.T.);
#3460=ORIENTED_EDGE('',*,*,#3838,.F.);
#3461=ORIENTED_EDGE('',*,*,#4707,.F.);
#3462=ORIENTED_EDGE('',*,*,#4708,.T.);
#3463=ORIENTED_EDGE('',*,*,#4704,.T.);
#3464=ORIENTED_EDGE('',*,*,#3852,.F.);
#3465=ORIENTED_EDGE('',*,*,#4709,.F.);
#3466=ORIENTED_EDGE('',*,*,#4710,.T.);
#3467=ORIENTED_EDGE('',*,*,#4707,.T.);
#3468=ORIENTED_EDGE('',*,*,#3851,.F.);
#3469=ORIENTED_EDGE('',*,*,#4711,.F.);
#3470=ORIENTED_EDGE('',*,*,#4712,.T.);
#3471=ORIENTED_EDGE('',*,*,#4709,.T.);
#3472=ORIENTED_EDGE('',*,*,#3850,.F.);
#3473=ORIENTED_EDGE('',*,*,#4713,.F.);
#3474=ORIENTED_EDGE('',*,*,#4714,.T.);
#3475=ORIENTED_EDGE('',*,*,#4711,.T.);
#3476=ORIENTED_EDGE('',*,*,#3849,.F.);
#3477=ORIENTED_EDGE('',*,*,#4715,.F.);
#3478=ORIENTED_EDGE('',*,*,#4716,.T.);
#3479=ORIENTED_EDGE('',*,*,#4713,.T.);
#3480=ORIENTED_EDGE('',*,*,#3848,.F.);
#3481=ORIENTED_EDGE('',*,*,#4717,.F.);
#3482=ORIENTED_EDGE('',*,*,#4718,.T.);
#3483=ORIENTED_EDGE('',*,*,#4715,.T.);
#3484=ORIENTED_EDGE('',*,*,#3847,.F.);
#3485=ORIENTED_EDGE('',*,*,#4719,.F.);
#3486=ORIENTED_EDGE('',*,*,#4720,.T.);
#3487=ORIENTED_EDGE('',*,*,#4717,.T.);
#3488=ORIENTED_EDGE('',*,*,#3846,.F.);
#3489=ORIENTED_EDGE('',*,*,#4721,.F.);
#3490=ORIENTED_EDGE('',*,*,#4722,.T.);
#3491=ORIENTED_EDGE('',*,*,#4719,.T.);
#3492=ORIENTED_EDGE('',*,*,#3845,.F.);
#3493=ORIENTED_EDGE('',*,*,#4723,.F.);
#3494=ORIENTED_EDGE('',*,*,#4724,.T.);
#3495=ORIENTED_EDGE('',*,*,#4721,.T.);
#3496=ORIENTED_EDGE('',*,*,#3844,.F.);
#3497=ORIENTED_EDGE('',*,*,#4725,.F.);
#3498=ORIENTED_EDGE('',*,*,#4726,.T.);
#3499=ORIENTED_EDGE('',*,*,#4723,.T.);
#3500=ORIENTED_EDGE('',*,*,#3843,.F.);
#3501=ORIENTED_EDGE('',*,*,#4727,.F.);
#3502=ORIENTED_EDGE('',*,*,#4728,.T.);
#3503=ORIENTED_EDGE('',*,*,#4725,.T.);
#3504=ORIENTED_EDGE('',*,*,#3842,.F.);
#3505=ORIENTED_EDGE('',*,*,#4729,.F.);
#3506=ORIENTED_EDGE('',*,*,#4730,.T.);
#3507=ORIENTED_EDGE('',*,*,#4727,.T.);
#3508=ORIENTED_EDGE('',*,*,#3841,.F.);
#3509=ORIENTED_EDGE('',*,*,#4731,.F.);
#3510=ORIENTED_EDGE('',*,*,#4732,.T.);
#3511=ORIENTED_EDGE('',*,*,#4729,.T.);
#3512=ORIENTED_EDGE('',*,*,#3840,.F.);
#3513=ORIENTED_EDGE('',*,*,#4706,.F.);
#3514=ORIENTED_EDGE('',*,*,#4733,.T.);
#3515=ORIENTED_EDGE('',*,*,#4731,.T.);
#3516=ORIENTED_EDGE('',*,*,#4734,.F.);
#3517=ORIENTED_EDGE('',*,*,#4673,.F.);
#3518=ORIENTED_EDGE('',*,*,#4735,.T.);
#3519=ORIENTED_EDGE('',*,*,#4702,.T.);
#3520=ORIENTED_EDGE('',*,*,#4705,.F.);
#3521=ORIENTED_EDGE('',*,*,#4708,.F.);
#3522=ORIENTED_EDGE('',*,*,#4710,.F.);
#3523=ORIENTED_EDGE('',*,*,#4712,.F.);
#3524=ORIENTED_EDGE('',*,*,#4714,.F.);
#3525=ORIENTED_EDGE('',*,*,#4716,.F.);
#3526=ORIENTED_EDGE('',*,*,#4718,.F.);
#3527=ORIENTED_EDGE('',*,*,#4720,.F.);
#3528=ORIENTED_EDGE('',*,*,#4722,.F.);
#3529=ORIENTED_EDGE('',*,*,#4724,.F.);
#3530=ORIENTED_EDGE('',*,*,#4726,.F.);
#3531=ORIENTED_EDGE('',*,*,#4728,.F.);
#3532=ORIENTED_EDGE('',*,*,#4730,.F.);
#3533=ORIENTED_EDGE('',*,*,#4732,.F.);
#3534=ORIENTED_EDGE('',*,*,#4733,.F.);
#3535=ORIENTED_EDGE('',*,*,#4672,.F.);
#3536=ORIENTED_EDGE('',*,*,#4676,.F.);
#3537=ORIENTED_EDGE('',*,*,#4679,.F.);
#3538=ORIENTED_EDGE('',*,*,#4682,.F.);
#3539=ORIENTED_EDGE('',*,*,#4685,.F.);
#3540=ORIENTED_EDGE('',*,*,#4688,.F.);
#3541=ORIENTED_EDGE('',*,*,#4691,.F.);
#3542=ORIENTED_EDGE('',*,*,#4694,.F.);
#3543=ORIENTED_EDGE('',*,*,#4697,.F.);
#3544=ORIENTED_EDGE('',*,*,#4700,.F.);
#3545=ORIENTED_EDGE('',*,*,#4703,.F.);
#3546=ORIENTED_EDGE('',*,*,#4735,.F.);
#3547=ORIENTED_EDGE('',*,*,#3854,.F.);
#3548=ORIENTED_EDGE('',*,*,#4736,.F.);
#3549=ORIENTED_EDGE('',*,*,#4737,.T.);
#3550=ORIENTED_EDGE('',*,*,#4738,.T.);
#3551=ORIENTED_EDGE('',*,*,#3853,.F.);
#3552=ORIENTED_EDGE('',*,*,#4739,.F.);
#3553=ORIENTED_EDGE('',*,*,#4740,.T.);
#3554=ORIENTED_EDGE('',*,*,#4736,.T.);
#3555=ORIENTED_EDGE('',*,*,#3865,.F.);
#3556=ORIENTED_EDGE('',*,*,#4741,.F.);
#3557=ORIENTED_EDGE('',*,*,#4742,.T.);
#3558=ORIENTED_EDGE('',*,*,#4739,.T.);
#3559=ORIENTED_EDGE('',*,*,#3864,.F.);
#3560=ORIENTED_EDGE('',*,*,#4743,.F.);
#3561=ORIENTED_EDGE('',*,*,#4744,.T.);
#3562=ORIENTED_EDGE('',*,*,#4741,.T.);
#3563=ORIENTED_EDGE('',*,*,#3863,.F.);
#3564=ORIENTED_EDGE('',*,*,#4745,.F.);
#3565=ORIENTED_EDGE('',*,*,#4746,.T.);
#3566=ORIENTED_EDGE('',*,*,#4743,.T.);
#3567=ORIENTED_EDGE('',*,*,#3862,.F.);
#3568=ORIENTED_EDGE('',*,*,#4747,.F.);
#3569=ORIENTED_EDGE('',*,*,#4748,.T.);
#3570=ORIENTED_EDGE('',*,*,#4745,.T.);
#3571=ORIENTED_EDGE('',*,*,#3861,.F.);
#3572=ORIENTED_EDGE('',*,*,#4749,.F.);
#3573=ORIENTED_EDGE('',*,*,#4750,.T.);
#3574=ORIENTED_EDGE('',*,*,#4747,.T.);
#3575=ORIENTED_EDGE('',*,*,#3860,.F.);
#3576=ORIENTED_EDGE('',*,*,#4751,.F.);
#3577=ORIENTED_EDGE('',*,*,#4752,.T.);
#3578=ORIENTED_EDGE('',*,*,#4749,.T.);
#3579=ORIENTED_EDGE('',*,*,#3859,.F.);
#3580=ORIENTED_EDGE('',*,*,#4753,.F.);
#3581=ORIENTED_EDGE('',*,*,#4754,.T.);
#3582=ORIENTED_EDGE('',*,*,#4751,.T.);
#3583=ORIENTED_EDGE('',*,*,#3858,.F.);
#3584=ORIENTED_EDGE('',*,*,#4755,.F.);
#3585=ORIENTED_EDGE('',*,*,#4756,.T.);
#3586=ORIENTED_EDGE('',*,*,#4753,.T.);
#3587=ORIENTED_EDGE('',*,*,#3857,.F.);
#3588=ORIENTED_EDGE('',*,*,#4757,.F.);
#3589=ORIENTED_EDGE('',*,*,#4758,.T.);
#3590=ORIENTED_EDGE('',*,*,#4755,.T.);
#3591=ORIENTED_EDGE('',*,*,#3856,.F.);
#3592=ORIENTED_EDGE('',*,*,#4759,.F.);
#3593=ORIENTED_EDGE('',*,*,#4760,.T.);
#3594=ORIENTED_EDGE('',*,*,#4757,.T.);
#3595=ORIENTED_EDGE('',*,*,#3855,.F.);
#3596=ORIENTED_EDGE('',*,*,#4738,.F.);
#3597=ORIENTED_EDGE('',*,*,#4761,.T.);
#3598=ORIENTED_EDGE('',*,*,#4759,.T.);
#3599=ORIENTED_EDGE('',*,*,#4737,.F.);
#3600=ORIENTED_EDGE('',*,*,#4740,.F.);
#3601=ORIENTED_EDGE('',*,*,#4742,.F.);
#3602=ORIENTED_EDGE('',*,*,#4744,.F.);
#3603=ORIENTED_EDGE('',*,*,#4746,.F.);
#3604=ORIENTED_EDGE('',*,*,#4748,.F.);
#3605=ORIENTED_EDGE('',*,*,#4750,.F.);
#3606=ORIENTED_EDGE('',*,*,#4752,.F.);
#3607=ORIENTED_EDGE('',*,*,#4754,.F.);
#3608=ORIENTED_EDGE('',*,*,#4756,.F.);
#3609=ORIENTED_EDGE('',*,*,#4758,.F.);
#3610=ORIENTED_EDGE('',*,*,#4760,.F.);
#3611=ORIENTED_EDGE('',*,*,#4761,.F.);
#3612=ORIENTED_EDGE('',*,*,#4554,.T.);
#3613=ORIENTED_EDGE('',*,*,#4550,.T.);
#3614=ORIENTED_EDGE('',*,*,#4614,.T.);
#3615=ORIENTED_EDGE('',*,*,#4581,.T.);
#3616=ORIENTED_EDGE('',*,*,#4578,.T.);
#3617=ORIENTED_EDGE('',*,*,#4575,.T.);
#3618=ORIENTED_EDGE('',*,*,#4572,.T.);
#3619=ORIENTED_EDGE('',*,*,#4569,.T.);
#3620=ORIENTED_EDGE('',*,*,#4566,.T.);
#3621=ORIENTED_EDGE('',*,*,#4563,.T.);
#3622=ORIENTED_EDGE('',*,*,#4560,.T.);
#3623=ORIENTED_EDGE('',*,*,#4557,.T.);
#3624=ORIENTED_EDGE('',*,*,#4620,.T.);
#3625=ORIENTED_EDGE('',*,*,#4616,.T.);
#3626=ORIENTED_EDGE('',*,*,#4668,.T.);
#3627=ORIENTED_EDGE('',*,*,#4629,.T.);
#3628=ORIENTED_EDGE('',*,*,#4626,.T.);
#3629=ORIENTED_EDGE('',*,*,#4623,.T.);
#3630=ORIENTED_EDGE('',*,*,#4674,.T.);
#3631=ORIENTED_EDGE('',*,*,#4670,.T.);
#3632=ORIENTED_EDGE('',*,*,#4734,.T.);
#3633=ORIENTED_EDGE('',*,*,#4701,.T.);
#3634=ORIENTED_EDGE('',*,*,#4698,.T.);
#3635=ORIENTED_EDGE('',*,*,#4695,.T.);
#3636=ORIENTED_EDGE('',*,*,#4692,.T.);
#3637=ORIENTED_EDGE('',*,*,#4689,.T.);
#3638=ORIENTED_EDGE('',*,*,#4686,.T.);
#3639=ORIENTED_EDGE('',*,*,#4683,.T.);
#3640=ORIENTED_EDGE('',*,*,#4680,.T.);
#3641=ORIENTED_EDGE('',*,*,#4677,.T.);
#3642=ORIENTED_EDGE('',*,*,#4762,.T.);
#3643=ORIENTED_EDGE('',*,*,#3867,.F.);
#3644=ORIENTED_EDGE('',*,*,#4763,.F.);
#3645=ORIENTED_EDGE('',*,*,#3907,.F.);
#3646=ORIENTED_EDGE('',*,*,#4763,.T.);
#3647=ORIENTED_EDGE('',*,*,#3866,.F.);
#3648=ORIENTED_EDGE('',*,*,#4764,.F.);
#3649=ORIENTED_EDGE('',*,*,#3908,.F.);
#3650=ORIENTED_EDGE('',*,*,#4764,.T.);
#3651=ORIENTED_EDGE('',*,*,#3875,.F.);
#3652=ORIENTED_EDGE('',*,*,#4765,.F.);
#3653=ORIENTED_EDGE('',*,*,#3909,.F.);
#3654=ORIENTED_EDGE('',*,*,#4765,.T.);
#3655=ORIENTED_EDGE('',*,*,#3874,.F.);
#3656=ORIENTED_EDGE('',*,*,#4766,.F.);
#3657=ORIENTED_EDGE('',*,*,#3910,.F.);
#3658=ORIENTED_EDGE('',*,*,#4766,.T.);
#3659=ORIENTED_EDGE('',*,*,#3873,.F.);
#3660=ORIENTED_EDGE('',*,*,#4767,.F.);
#3661=ORIENTED_EDGE('',*,*,#3911,.F.);
#3662=ORIENTED_EDGE('',*,*,#4767,.T.);
#3663=ORIENTED_EDGE('',*,*,#3872,.F.);
#3664=ORIENTED_EDGE('',*,*,#4768,.F.);
#3665=ORIENTED_EDGE('',*,*,#3912,.F.);
#3666=ORIENTED_EDGE('',*,*,#4768,.T.);
#3667=ORIENTED_EDGE('',*,*,#3871,.F.);
#3668=ORIENTED_EDGE('',*,*,#4769,.F.);
#3669=ORIENTED_EDGE('',*,*,#3913,.F.);
#3670=ORIENTED_EDGE('',*,*,#4769,.T.);
#3671=ORIENTED_EDGE('',*,*,#3870,.F.);
#3672=ORIENTED_EDGE('',*,*,#4770,.F.);
#3673=ORIENTED_EDGE('',*,*,#3914,.F.);
#3674=ORIENTED_EDGE('',*,*,#4770,.T.);
#3675=ORIENTED_EDGE('',*,*,#3869,.F.);
#3676=ORIENTED_EDGE('',*,*,#4771,.F.);
#3677=ORIENTED_EDGE('',*,*,#3915,.F.);
#3678=ORIENTED_EDGE('',*,*,#4771,.T.);
#3679=ORIENTED_EDGE('',*,*,#3868,.F.);
#3680=ORIENTED_EDGE('',*,*,#4762,.F.);
#3681=ORIENTED_EDGE('',*,*,#3906,.F.);
#3682=ORIENTED_EDGE('',*,*,#4772,.T.);
#3683=ORIENTED_EDGE('',*,*,#3877,.F.);
#3684=ORIENTED_EDGE('',*,*,#4773,.F.);
#3685=ORIENTED_EDGE('',*,*,#3917,.F.);
#3686=ORIENTED_EDGE('',*,*,#4773,.T.);
#3687=ORIENTED_EDGE('',*,*,#3876,.F.);
#3688=ORIENTED_EDGE('',*,*,#4774,.F.);
#3689=ORIENTED_EDGE('',*,*,#3918,.F.);
#3690=ORIENTED_EDGE('',*,*,#4774,.T.);
#3691=ORIENTED_EDGE('',*,*,#3885,.F.);
#3692=ORIENTED_EDGE('',*,*,#4775,.F.);
#3693=ORIENTED_EDGE('',*,*,#3919,.F.);
#3694=ORIENTED_EDGE('',*,*,#4775,.T.);
#3695=ORIENTED_EDGE('',*,*,#3884,.F.);
#3696=ORIENTED_EDGE('',*,*,#4776,.F.);
#3697=ORIENTED_EDGE('',*,*,#3920,.F.);
#3698=ORIENTED_EDGE('',*,*,#4776,.T.);
#3699=ORIENTED_EDGE('',*,*,#3883,.F.);
#3700=ORIENTED_EDGE('',*,*,#4777,.F.);
#3701=ORIENTED_EDGE('',*,*,#3921,.F.);
#3702=ORIENTED_EDGE('',*,*,#4777,.T.);
#3703=ORIENTED_EDGE('',*,*,#3882,.F.);
#3704=ORIENTED_EDGE('',*,*,#4778,.F.);
#3705=ORIENTED_EDGE('',*,*,#3922,.F.);
#3706=ORIENTED_EDGE('',*,*,#4778,.T.);
#3707=ORIENTED_EDGE('',*,*,#3881,.F.);
#3708=ORIENTED_EDGE('',*,*,#4779,.F.);
#3709=ORIENTED_EDGE('',*,*,#3923,.F.);
#3710=ORIENTED_EDGE('',*,*,#4779,.T.);
#3711=ORIENTED_EDGE('',*,*,#3880,.F.);
#3712=ORIENTED_EDGE('',*,*,#4780,.F.);
#3713=ORIENTED_EDGE('',*,*,#3924,.F.);
#3714=ORIENTED_EDGE('',*,*,#4780,.T.);
#3715=ORIENTED_EDGE('',*,*,#3879,.F.);
#3716=ORIENTED_EDGE('',*,*,#4781,.F.);
#3717=ORIENTED_EDGE('',*,*,#3925,.F.);
#3718=ORIENTED_EDGE('',*,*,#4781,.T.);
#3719=ORIENTED_EDGE('',*,*,#3878,.F.);
#3720=ORIENTED_EDGE('',*,*,#4772,.F.);
#3721=ORIENTED_EDGE('',*,*,#3916,.F.);
#3722=ORIENTED_EDGE('',*,*,#4782,.T.);
#3723=ORIENTED_EDGE('',*,*,#3887,.F.);
#3724=ORIENTED_EDGE('',*,*,#4783,.F.);
#3725=ORIENTED_EDGE('',*,*,#3927,.F.);
#3726=ORIENTED_EDGE('',*,*,#4783,.T.);
#3727=ORIENTED_EDGE('',*,*,#3886,.F.);
#3728=ORIENTED_EDGE('',*,*,#4784,.F.);
#3729=ORIENTED_EDGE('',*,*,#3928,.F.);
#3730=ORIENTED_EDGE('',*,*,#4784,.T.);
#3731=ORIENTED_EDGE('',*,*,#3895,.F.);
#3732=ORIENTED_EDGE('',*,*,#4785,.F.);
#3733=ORIENTED_EDGE('',*,*,#3929,.F.);
#3734=ORIENTED_EDGE('',*,*,#4785,.T.);
#3735=ORIENTED_EDGE('',*,*,#3894,.F.);
#3736=ORIENTED_EDGE('',*,*,#4786,.F.);
#3737=ORIENTED_EDGE('',*,*,#3930,.F.);
#3738=ORIENTED_EDGE('',*,*,#4786,.T.);
#3739=ORIENTED_EDGE('',*,*,#3893,.F.);
#3740=ORIENTED_EDGE('',*,*,#4787,.F.);
#3741=ORIENTED_EDGE('',*,*,#3931,.F.);
#3742=ORIENTED_EDGE('',*,*,#4787,.T.);
#3743=ORIENTED_EDGE('',*,*,#3892,.F.);
#3744=ORIENTED_EDGE('',*,*,#4788,.F.);
#3745=ORIENTED_EDGE('',*,*,#3932,.F.);
#3746=ORIENTED_EDGE('',*,*,#4788,.T.);
#3747=ORIENTED_EDGE('',*,*,#3891,.F.);
#3748=ORIENTED_EDGE('',*,*,#4789,.F.);
#3749=ORIENTED_EDGE('',*,*,#3933,.F.);
#3750=ORIENTED_EDGE('',*,*,#4789,.T.);
#3751=ORIENTED_EDGE('',*,*,#3890,.F.);
#3752=ORIENTED_EDGE('',*,*,#4790,.F.);
#3753=ORIENTED_EDGE('',*,*,#3934,.F.);
#3754=ORIENTED_EDGE('',*,*,#4790,.T.);
#3755=ORIENTED_EDGE('',*,*,#3889,.F.);
#3756=ORIENTED_EDGE('',*,*,#4791,.F.);
#3757=ORIENTED_EDGE('',*,*,#3935,.F.);
#3758=ORIENTED_EDGE('',*,*,#4791,.T.);
#3759=ORIENTED_EDGE('',*,*,#3888,.F.);
#3760=ORIENTED_EDGE('',*,*,#4782,.F.);
#3761=ORIENTED_EDGE('',*,*,#3926,.F.);
#3762=EDGE_CURVE('',#4792,#4793,#5483,.T.);
#3763=EDGE_CURVE('',#4793,#4794,#1546,.F.);
#3764=EDGE_CURVE('',#4794,#4795,#198,.T.);
#3765=EDGE_CURVE('',#4795,#4796,#5484,.T.);
#3766=EDGE_CURVE('',#4796,#4797,#5485,.T.);
#3767=EDGE_CURVE('',#4797,#4798,#5486,.T.);
#3768=EDGE_CURVE('',#4798,#4799,#1547,.T.);
#3769=EDGE_CURVE('',#4799,#4800,#199,.T.);
#3770=EDGE_CURVE('',#4800,#4801,#1548,.F.);
#3771=EDGE_CURVE('',#4801,#4802,#5487,.T.);
#3772=EDGE_CURVE('',#4802,#4803,#5488,.T.);
#3773=EDGE_CURVE('',#4803,#4804,#1549,.F.);
#3774=EDGE_CURVE('',#4804,#4805,#5489,.T.);
#3775=EDGE_CURVE('',#4805,#4806,#5490,.T.);
#3776=EDGE_CURVE('',#4806,#4807,#1550,.F.);
#3777=EDGE_CURVE('',#4807,#4808,#5491,.T.);
#3778=EDGE_CURVE('',#4808,#4809,#5492,.T.);
#3779=EDGE_CURVE('',#4809,#4792,#1551,.F.);
#3780=EDGE_CURVE('',#4810,#4811,#1552,.F.);
#3781=EDGE_CURVE('',#4811,#4812,#1553,.F.);
#3782=EDGE_CURVE('',#4812,#4813,#1554,.F.);
#3783=EDGE_CURVE('',#4813,#4814,#1555,.F.);
#3784=EDGE_CURVE('',#4814,#4815,#1556,.F.);
#3785=EDGE_CURVE('',#4815,#4816,#1557,.F.);
#3786=EDGE_CURVE('',#4816,#4817,#1558,.F.);
#3787=EDGE_CURVE('',#4817,#4810,#1559,.F.);
#3788=EDGE_CURVE('',#4818,#4819,#200,.T.);
#3789=EDGE_CURVE('',#4819,#4820,#201,.T.);
#3790=EDGE_CURVE('',#4820,#4821,#202,.T.);
#3791=EDGE_CURVE('',#4821,#4818,#203,.T.);
#3792=EDGE_CURVE('',#4822,#4823,#204,.T.);
#3793=EDGE_CURVE('',#4823,#4824,#205,.T.);
#3794=EDGE_CURVE('',#4824,#4825,#5493,.T.);
#3795=EDGE_CURVE('',#4825,#4826,#5494,.T.);
#3796=EDGE_CURVE('',#4826,#4827,#5495,.T.);
#3797=EDGE_CURVE('',#4827,#4828,#5496,.T.);
#3798=EDGE_CURVE('',#4828,#4829,#206,.T.);
#3799=EDGE_CURVE('',#4829,#4830,#207,.T.);
#3800=EDGE_CURVE('',#4830,#4831,#208,.T.);
#3801=EDGE_CURVE('',#4831,#4832,#5497,.T.);
#3802=EDGE_CURVE('',#4832,#4833,#1560,.F.);
#3803=EDGE_CURVE('',#4833,#4834,#5498,.T.);
#3804=EDGE_CURVE('',#4834,#4835,#5499,.T.);
#3805=EDGE_CURVE('',#4835,#4836,#1561,.F.);
#3806=EDGE_CURVE('',#4836,#4837,#5500,.T.);
#3807=EDGE_CURVE('',#4837,#4822,#209,.T.);
#3808=EDGE_CURVE('',#4838,#4839,#210,.T.);
#3809=EDGE_CURVE('',#4839,#4840,#211,.T.);
#3810=EDGE_CURVE('',#4840,#4841,#212,.T.);
#3811=EDGE_CURVE('',#4841,#4842,#213,.T.);
#3812=EDGE_CURVE('',#4842,#4843,#214,.T.);
#3813=EDGE_CURVE('',#4843,#4844,#215,.T.);
#3814=EDGE_CURVE('',#4844,#4845,#216,.T.);
#3815=EDGE_CURVE('',#4845,#4846,#217,.T.);
#3816=EDGE_CURVE('',#4846,#4847,#218,.T.);
#3817=EDGE_CURVE('',#4847,#4848,#219,.T.);
#3818=EDGE_CURVE('',#4848,#4838,#220,.T.);
#3819=EDGE_CURVE('',#4849,#4850,#221,.T.);
#3820=EDGE_CURVE('',#4850,#4851,#222,.T.);
#3821=EDGE_CURVE('',#4852,#4851,#223,.T.);
#3822=EDGE_CURVE('',#4852,#4849,#224,.F.);
#3823=EDGE_CURVE('',#4853,#4854,#5501,.T.);
#3824=EDGE_CURVE('',#4854,#4855,#5502,.T.);
#3825=EDGE_CURVE('',#4855,#4856,#1562,.F.);
#3826=EDGE_CURVE('',#4856,#4857,#5503,.T.);
#3827=EDGE_CURVE('',#4857,#4858,#5504,.T.);
#3828=EDGE_CURVE('',#4858,#4859,#5505,.T.);
#3829=EDGE_CURVE('',#4859,#4860,#225,.T.);
#3830=EDGE_CURVE('',#4860,#4861,#226,.T.);
#3831=EDGE_CURVE('',#4861,#4862,#227,.T.);
#3832=EDGE_CURVE('',#4862,#4863,#228,.T.);
#3833=EDGE_CURVE('',#4863,#4864,#229,.T.);
#3834=EDGE_CURVE('',#4864,#4865,#5506,.T.);
#3835=EDGE_CURVE('',#4865,#4866,#5507,.T.);
#3836=EDGE_CURVE('',#4866,#4867,#5508,.T.);
#3837=EDGE_CURVE('',#4867,#4853,#5509,.T.);
#3838=EDGE_CURVE('',#4868,#4869,#230,.T.);
#3839=EDGE_CURVE('',#4869,#4870,#5510,.T.);
#3840=EDGE_CURVE('',#4870,#4871,#5511,.T.);
#3841=EDGE_CURVE('',#4871,#4872,#5512,.T.);
#3842=EDGE_CURVE('',#4872,#4873,#1563,.F.);
#3843=EDGE_CURVE('',#4873,#4874,#5513,.T.);
#3844=EDGE_CURVE('',#4874,#4875,#5514,.T.);
#3845=EDGE_CURVE('',#4875,#4876,#5515,.T.);
#3846=EDGE_CURVE('',#4876,#4877,#1564,.F.);
#3847=EDGE_CURVE('',#4877,#4878,#5516,.T.);
#3848=EDGE_CURVE('',#4878,#4879,#5517,.T.);
#3849=EDGE_CURVE('',#4879,#4880,#231,.T.);
#3850=EDGE_CURVE('',#4880,#4881,#232,.T.);
#3851=EDGE_CURVE('',#4881,#4882,#233,.T.);
#3852=EDGE_CURVE('',#4882,#4868,#234,.T.);
#3853=EDGE_CURVE('',#4883,#4884,#235,.T.);
#3854=EDGE_CURVE('',#4884,#4885,#236,.T.);
#3855=EDGE_CURVE('',#4885,#4886,#237,.T.);
#3856=EDGE_CURVE('',#4886,#4887,#238,.T.);
#3857=EDGE_CURVE('',#4887,#4888,#239,.T.);
#3858=EDGE_CURVE('',#4888,#4889,#240,.T.);
#3859=EDGE_CURVE('',#4889,#4890,#241,.T.);
#3860=EDGE_CURVE('',#4890,#4891,#242,.T.);
#3861=EDGE_CURVE('',#4891,#4892,#243,.T.);
#3862=EDGE_CURVE('',#4892,#4893,#244,.T.);
#3863=EDGE_CURVE('',#4893,#4894,#245,.T.);
#3864=EDGE_CURVE('',#4894,#4895,#246,.T.);
#3865=EDGE_CURVE('',#4895,#4883,#247,.T.);
#3866=EDGE_CURVE('',#4896,#4897,#248,.T.);
#3867=EDGE_CURVE('',#4897,#4898,#249,.T.);
#3868=EDGE_CURVE('',#4898,#4899,#250,.T.);
#3869=EDGE_CURVE('',#4899,#4900,#251,.T.);
#3870=EDGE_CURVE('',#4900,#4901,#252,.T.);
#3871=EDGE_CURVE('',#4901,#4902,#253,.T.);
#3872=EDGE_CURVE('',#4902,#4903,#254,.T.);
#3873=EDGE_CURVE('',#4903,#4904,#255,.T.);
#3874=EDGE_CURVE('',#4904,#4905,#256,.T.);
#3875=EDGE_CURVE('',#4905,#4896,#257,.T.);
#3876=EDGE_CURVE('',#4906,#4907,#258,.T.);
#3877=EDGE_CURVE('',#4907,#4908,#259,.T.);
#3878=EDGE_CURVE('',#4908,#4909,#260,.T.);
#3879=EDGE_CURVE('',#4909,#4910,#261,.T.);
#3880=EDGE_CURVE('',#4910,#4911,#262,.T.);
#3881=EDGE_CURVE('',#4911,#4912,#263,.T.);
#3882=EDGE_CURVE('',#4912,#4913,#264,.T.);
#3883=EDGE_CURVE('',#4913,#4914,#265,.T.);
#3884=EDGE_CURVE('',#4914,#4915,#266,.T.);
#3885=EDGE_CURVE('',#4915,#4906,#267,.T.);
#3886=EDGE_CURVE('',#4916,#4917,#268,.T.);
#3887=EDGE_CURVE('',#4917,#4918,#269,.T.);
#3888=EDGE_CURVE('',#4918,#4919,#270,.T.);
#3889=EDGE_CURVE('',#4919,#4920,#271,.T.);
#3890=EDGE_CURVE('',#4920,#4921,#272,.T.);
#3891=EDGE_CURVE('',#4921,#4922,#273,.T.);
#3892=EDGE_CURVE('',#4922,#4923,#274,.T.);
#3893=EDGE_CURVE('',#4923,#4924,#275,.T.);
#3894=EDGE_CURVE('',#4924,#4925,#276,.T.);
#3895=EDGE_CURVE('',#4925,#4916,#277,.T.);
#3896=EDGE_CURVE('',#4926,#4927,#278,.T.);
#3897=EDGE_CURVE('',#4928,#4926,#279,.T.);
#3898=EDGE_CURVE('',#4929,#4928,#280,.T.);
#3899=EDGE_CURVE('',#4929,#4930,#281,.T.);
#3900=EDGE_CURVE('',#4931,#4930,#282,.T.);
#3901=EDGE_CURVE('',#4931,#4932,#283,.T.);
#3902=EDGE_CURVE('',#4932,#4933,#284,.T.);
#3903=EDGE_CURVE('',#4933,#4934,#285,.T.);
#3904=EDGE_CURVE('',#4935,#4934,#286,.T.);
#3905=EDGE_CURVE('',#4935,#4927,#287,.T.);
#3906=EDGE_CURVE('',#4936,#4937,#288,.T.);
#3907=EDGE_CURVE('',#4937,#4938,#289,.T.);
#3908=EDGE_CURVE('',#4938,#4939,#290,.T.);
#3909=EDGE_CURVE('',#4939,#4940,#291,.T.);
#3910=EDGE_CURVE('',#4940,#4941,#292,.T.);
#3911=EDGE_CURVE('',#4941,#4942,#293,.T.);
#3912=EDGE_CURVE('',#4942,#4943,#294,.T.);
#3913=EDGE_CURVE('',#4943,#4944,#295,.T.);
#3914=EDGE_CURVE('',#4944,#4945,#296,.T.);
#3915=EDGE_CURVE('',#4945,#4936,#297,.T.);
#3916=EDGE_CURVE('',#4946,#4947,#298,.T.);
#3917=EDGE_CURVE('',#4947,#4948,#299,.T.);
#3918=EDGE_CURVE('',#4948,#4949,#300,.T.);
#3919=EDGE_CURVE('',#4949,#4950,#301,.T.);
#3920=EDGE_CURVE('',#4950,#4951,#302,.T.);
#3921=EDGE_CURVE('',#4951,#4952,#303,.T.);
#3922=EDGE_CURVE('',#4952,#4953,#304,.T.);
#3923=EDGE_CURVE('',#4953,#4954,#305,.T.);
#3924=EDGE_CURVE('',#4954,#4955,#306,.T.);
#3925=EDGE_CURVE('',#4955,#4946,#307,.T.);
#3926=EDGE_CURVE('',#4956,#4957,#308,.T.);
#3927=EDGE_CURVE('',#4957,#4958,#309,.T.);
#3928=EDGE_CURVE('',#4958,#4959,#310,.T.);
#3929=EDGE_CURVE('',#4959,#4960,#311,.T.);
#3930=EDGE_CURVE('',#4960,#4961,#312,.T.);
#3931=EDGE_CURVE('',#4961,#4962,#313,.T.);
#3932=EDGE_CURVE('',#4962,#4963,#314,.T.);
#3933=EDGE_CURVE('',#4963,#4964,#315,.T.);
#3934=EDGE_CURVE('',#4964,#4965,#316,.T.);
#3935=EDGE_CURVE('',#4965,#4956,#317,.T.);
#3936=EDGE_CURVE('',#4966,#4967,#318,.T.);
#3937=EDGE_CURVE('',#4967,#4930,#319,.T.);
#3938=EDGE_CURVE('',#4966,#4929,#320,.T.);
#3939=EDGE_CURVE('',#4927,#4968,#321,.T.);
#3940=EDGE_CURVE('',#4935,#4969,#322,.T.);
#3941=EDGE_CURVE('',#4969,#4968,#323,.T.);
#3942=EDGE_CURVE('',#4968,#4970,#324,.T.);
#3943=EDGE_CURVE('',#4969,#4971,#325,.T.);
#3944=EDGE_CURVE('',#4971,#4970,#326,.T.);
#3945=EDGE_CURVE('',#4970,#4926,#327,.T.);
#3946=EDGE_CURVE('',#4971,#4928,#328,.T.);
#3947=EDGE_CURVE('',#4972,#4973,#329,.T.);
#3948=EDGE_CURVE('',#4973,#4974,#330,.T.);
#3949=EDGE_CURVE('',#4975,#4974,#331,.T.);
#3950=EDGE_CURVE('',#4972,#4975,#332,.T.);
#3951=EDGE_CURVE('',#4976,#4977,#333,.T.);
#3952=EDGE_CURVE('',#4976,#4973,#334,.T.);
#3953=EDGE_CURVE('',#4977,#4972,#335,.T.);
#3954=EDGE_CURVE('',#4978,#4979,#336,.T.);
#3955=EDGE_CURVE('',#4979,#4980,#337,.T.);
#3956=EDGE_CURVE('',#4981,#4980,#338,.T.);
#3957=EDGE_CURVE('',#4978,#4981,#339,.T.);
#3958=EDGE_CURVE('',#4982,#4983,#340,.T.);
#3959=EDGE_CURVE('',#4982,#4979,#341,.T.);
#3960=EDGE_CURVE('',#4983,#4978,#342,.T.);
#3961=EDGE_CURVE('',#4984,#4980,#343,.T.);
#3962=EDGE_CURVE('',#4984,#4985,#344,.T.);
#3963=EDGE_CURVE('',#4985,#4981,#345,.T.);
#3964=EDGE_CURVE('',#4986,#4987,#346,.T.);
#3965=EDGE_CURVE('',#4986,#4988,#347,.T.);
#3966=EDGE_CURVE('',#4988,#4989,#348,.T.);
#3967=EDGE_CURVE('',#4989,#4987,#349,.F.);
#3968=EDGE_CURVE('',#4990,#4991,#350,.T.);
#3969=EDGE_CURVE('',#4991,#4992,#351,.T.);
#3970=EDGE_CURVE('',#4993,#4992,#352,.T.);
#3971=EDGE_CURVE('',#4990,#4993,#353,.T.);
#3972=EDGE_CURVE('',#4994,#4995,#354,.T.);
#3973=EDGE_CURVE('',#4996,#4995,#355,.T.);
#3974=EDGE_CURVE('',#4997,#4996,#356,.T.);
#3975=EDGE_CURVE('',#4997,#4994,#357,.T.);
#3976=EDGE_CURVE('',#4998,#4999,#358,.T.);
#3977=EDGE_CURVE('',#4999,#4976,#359,.T.);
#3978=EDGE_CURVE('',#4977,#4934,#360,.T.);
#3979=EDGE_CURVE('',#4998,#4933,#361,.T.);
#3980=EDGE_CURVE('',#5000,#5001,#5518,.T.);
#3981=EDGE_CURVE('',#5001,#5002,#1565,.F.);
#3982=EDGE_CURVE('',#5002,#5003,#362,.T.);
#3983=EDGE_CURVE('',#5003,#5004,#5519,.T.);
#3984=EDGE_CURVE('',#5004,#5005,#5520,.T.);
#3985=EDGE_CURVE('',#5005,#5006,#5521,.T.);
#3986=EDGE_CURVE('',#5006,#5007,#1566,.T.);
#3987=EDGE_CURVE('',#5007,#5008,#363,.T.);
#3988=EDGE_CURVE('',#5008,#5009,#1567,.F.);
#3989=EDGE_CURVE('',#5009,#5010,#5522,.T.);
#3990=EDGE_CURVE('',#5010,#5011,#5523,.T.);
#3991=EDGE_CURVE('',#5011,#5012,#1568,.F.);
#3992=EDGE_CURVE('',#5012,#5013,#5524,.T.);
#3993=EDGE_CURVE('',#5013,#5014,#5525,.T.);
#3994=EDGE_CURVE('',#5014,#5015,#1569,.F.);
#3995=EDGE_CURVE('',#5015,#5016,#5526,.T.);
#3996=EDGE_CURVE('',#5016,#5017,#5527,.T.);
#3997=EDGE_CURVE('',#5017,#5000,#1570,.F.);
#3998=EDGE_CURVE('',#5018,#5019,#1571,.F.);
#3999=EDGE_CURVE('',#5019,#5020,#1572,.F.);
#4000=EDGE_CURVE('',#5020,#5021,#1573,.F.);
#4001=EDGE_CURVE('',#5021,#5022,#1574,.F.);
#4002=EDGE_CURVE('',#5022,#5023,#1575,.F.);
#4003=EDGE_CURVE('',#5023,#5024,#1576,.F.);
#4004=EDGE_CURVE('',#5024,#5025,#1577,.F.);
#4005=EDGE_CURVE('',#5025,#5018,#1578,.F.);
#4006=EDGE_CURVE('',#5026,#5027,#364,.T.);
#4007=EDGE_CURVE('',#5027,#5028,#365,.T.);
#4008=EDGE_CURVE('',#5028,#5029,#366,.T.);
#4009=EDGE_CURVE('',#5029,#5026,#367,.T.);
#4010=EDGE_CURVE('',#5030,#5031,#368,.T.);
#4011=EDGE_CURVE('',#5031,#5032,#369,.T.);
#4012=EDGE_CURVE('',#5032,#5033,#5528,.T.);
#4013=EDGE_CURVE('',#5033,#5034,#5529,.T.);
#4014=EDGE_CURVE('',#5034,#5035,#5530,.T.);
#4015=EDGE_CURVE('',#5035,#5036,#5531,.T.);
#4016=EDGE_CURVE('',#5036,#5037,#370,.T.);
#4017=EDGE_CURVE('',#5037,#5038,#371,.T.);
#4018=EDGE_CURVE('',#5038,#5039,#372,.T.);
#4019=EDGE_CURVE('',#5039,#5040,#5532,.T.);
#4020=EDGE_CURVE('',#5040,#5041,#1579,.F.);
#4021=EDGE_CURVE('',#5041,#5042,#5533,.T.);
#4022=EDGE_CURVE('',#5042,#5043,#5534,.T.);
#4023=EDGE_CURVE('',#5043,#5044,#1580,.F.);
#4024=EDGE_CURVE('',#5044,#5045,#5535,.T.);
#4025=EDGE_CURVE('',#5045,#5030,#373,.T.);
#4026=EDGE_CURVE('',#5046,#5047,#374,.T.);
#4027=EDGE_CURVE('',#5047,#5048,#375,.T.);
#4028=EDGE_CURVE('',#5048,#5049,#376,.T.);
#4029=EDGE_CURVE('',#5049,#5050,#377,.T.);
#4030=EDGE_CURVE('',#5050,#5051,#378,.T.);
#4031=EDGE_CURVE('',#5051,#5052,#379,.T.);
#4032=EDGE_CURVE('',#5052,#5053,#380,.T.);
#4033=EDGE_CURVE('',#5053,#5054,#381,.T.);
#4034=EDGE_CURVE('',#5054,#5055,#382,.T.);
#4035=EDGE_CURVE('',#5055,#5056,#383,.T.);
#4036=EDGE_CURVE('',#5056,#5046,#384,.T.);
#4037=EDGE_CURVE('',#5057,#5058,#385,.T.);
#4038=EDGE_CURVE('',#5059,#5058,#386,.T.);
#4039=EDGE_CURVE('',#5059,#5060,#387,.T.);
#4040=EDGE_CURVE('',#5060,#5057,#388,.T.);
#4041=EDGE_CURVE('',#5061,#5062,#389,.T.);
#4042=EDGE_CURVE('',#5061,#5063,#390,.F.);
#4043=EDGE_CURVE('',#5063,#5064,#391,.T.);
#4044=EDGE_CURVE('',#5064,#5062,#392,.T.);
#4045=EDGE_CURVE('',#5065,#5066,#5536,.T.);
#4046=EDGE_CURVE('',#5066,#5067,#5537,.T.);
#4047=EDGE_CURVE('',#5067,#5068,#1581,.F.);
#4048=EDGE_CURVE('',#5068,#5069,#5538,.T.);
#4049=EDGE_CURVE('',#5069,#5070,#5539,.T.);
#4050=EDGE_CURVE('',#5070,#5071,#5540,.T.);
#4051=EDGE_CURVE('',#5071,#5072,#393,.T.);
#4052=EDGE_CURVE('',#5072,#5073,#394,.T.);
#4053=EDGE_CURVE('',#5073,#5074,#395,.T.);
#4054=EDGE_CURVE('',#5074,#5075,#396,.T.);
#4055=EDGE_CURVE('',#5075,#5076,#397,.T.);
#4056=EDGE_CURVE('',#5076,#5077,#5541,.T.);
#4057=EDGE_CURVE('',#5077,#5078,#5542,.T.);
#4058=EDGE_CURVE('',#5078,#5079,#5543,.T.);
#4059=EDGE_CURVE('',#5079,#5065,#5544,.T.);
#4060=EDGE_CURVE('',#5080,#5081,#398,.T.);
#4061=EDGE_CURVE('',#5081,#5082,#5545,.T.);
#4062=EDGE_CURVE('',#5082,#5083,#5546,.T.);
#4063=EDGE_CURVE('',#5083,#5084,#5547,.T.);
#4064=EDGE_CURVE('',#5084,#5085,#1582,.F.);
#4065=EDGE_CURVE('',#5085,#5086,#5548,.T.);
#4066=EDGE_CURVE('',#5086,#5087,#5549,.T.);
#4067=EDGE_CURVE('',#5087,#5088,#5550,.T.);
#4068=EDGE_CURVE('',#5088,#5089,#1583,.F.);
#4069=EDGE_CURVE('',#5089,#5090,#5551,.T.);
#4070=EDGE_CURVE('',#5090,#5091,#5552,.T.);
#4071=EDGE_CURVE('',#5091,#5092,#399,.T.);
#4072=EDGE_CURVE('',#5092,#5093,#400,.T.);
#4073=EDGE_CURVE('',#5093,#5094,#401,.T.);
#4074=EDGE_CURVE('',#5094,#5080,#402,.T.);
#4075=EDGE_CURVE('',#5095,#5096,#403,.T.);
#4076=EDGE_CURVE('',#5096,#5097,#404,.T.);
#4077=EDGE_CURVE('',#5097,#5098,#405,.T.);
#4078=EDGE_CURVE('',#5098,#5099,#406,.T.);
#4079=EDGE_CURVE('',#5099,#5100,#407,.T.);
#4080=EDGE_CURVE('',#5100,#5101,#408,.T.);
#4081=EDGE_CURVE('',#5101,#5102,#409,.T.);
#4082=EDGE_CURVE('',#5102,#5103,#410,.T.);
#4083=EDGE_CURVE('',#5103,#5104,#411,.T.);
#4084=EDGE_CURVE('',#5104,#5105,#412,.T.);
#4085=EDGE_CURVE('',#5105,#5106,#413,.T.);
#4086=EDGE_CURVE('',#5106,#5107,#414,.T.);
#4087=EDGE_CURVE('',#5107,#5095,#415,.T.);
#4088=EDGE_CURVE('',#5108,#5108,#1584,.T.);
#4089=EDGE_CURVE('',#5109,#5109,#1585,.T.);
#4090=EDGE_CURVE('',#5110,#5110,#1586,.T.);
#4091=EDGE_CURVE('',#5111,#5111,#1587,.T.);
#4092=EDGE_CURVE('',#4988,#5112,#1588,.F.);
#4093=EDGE_CURVE('',#5113,#5112,#416,.T.);
#4094=EDGE_CURVE('',#5113,#5061,#1589,.F.);
#4095=EDGE_CURVE('',#5062,#4852,#1590,.F.);
#4096=EDGE_CURVE('',#4851,#4989,#1591,.F.);
#4097=EDGE_CURVE('',#5114,#5115,#417,.T.);
#4098=EDGE_CURVE('',#5115,#5116,#418,.T.);
#4099=EDGE_CURVE('',#5116,#5117,#419,.T.);
#4100=EDGE_CURVE('',#5117,#5118,#420,.T.);
#4101=EDGE_CURVE('',#5119,#5118,#421,.T.);
#4102=EDGE_CURVE('',#5119,#4998,#422,.T.);
#4103=EDGE_CURVE('',#5120,#4932,#423,.T.);
#4104=EDGE_CURVE('',#5114,#5120,#424,.T.);
#4105=EDGE_CURVE('',#5121,#5122,#425,.T.);
#4106=EDGE_CURVE('',#5122,#5123,#426,.T.);
#4107=EDGE_CURVE('',#5124,#5123,#427,.T.);
#4108=EDGE_CURVE('',#5124,#5121,#428,.T.);
#4109=EDGE_CURVE('',#5123,#5125,#429,.T.);
#4110=EDGE_CURVE('',#5126,#5125,#430,.T.);
#4111=EDGE_CURVE('',#5126,#5124,#431,.T.);
#4112=EDGE_CURVE('',#5127,#5128,#432,.T.);
#4113=EDGE_CURVE('',#5128,#5129,#433,.T.);
#4114=EDGE_CURVE('',#5130,#5129,#434,.T.);
#4115=EDGE_CURVE('',#5131,#5130,#435,.T.);
#4116=EDGE_CURVE('',#5127,#5131,#436,.T.);
#4117=EDGE_CURVE('',#5126,#5132,#437,.T.);
#4118=EDGE_CURVE('',#5125,#5059,#438,.F.);
#4119=EDGE_CURVE('',#5058,#5133,#439,.T.);
#4120=EDGE_CURVE('',#5132,#5133,#440,.T.);
#4121=EDGE_CURVE('',#5133,#5122,#441,.T.);
#4122=EDGE_CURVE('',#5132,#5121,#442,.T.);
#4123=EDGE_CURVE('',#5129,#5134,#443,.T.);
#4124=EDGE_CURVE('',#5135,#5128,#444,.T.);
#4125=EDGE_CURVE('',#5135,#5136,#445,.T.);
#4126=EDGE_CURVE('',#5136,#5114,#446,.T.);
#4127=EDGE_CURVE('',#5137,#5120,#447,.T.);
#4128=EDGE_CURVE('',#5137,#5138,#448,.T.);
#4129=EDGE_CURVE('',#5139,#5138,#449,.T.);
#4130=EDGE_CURVE('',#5134,#5139,#450,.T.);
#4131=EDGE_CURVE('',#5140,#5115,#451,.T.);
#4132=EDGE_CURVE('',#5141,#5140,#452,.T.);
#4133=EDGE_CURVE('',#5141,#5127,#453,.T.);
#4134=EDGE_CURVE('',#5131,#5116,#454,.T.);
#4135=EDGE_CURVE('',#5130,#5117,#455,.T.);
#4136=EDGE_CURVE('',#4983,#4975,#456,.T.);
#4137=EDGE_CURVE('',#5142,#4985,#457,.T.);
#4138=EDGE_CURVE('',#5142,#5143,#458,.T.);
#4139=EDGE_CURVE('',#5144,#5143,#459,.T.);
#4140=EDGE_CURVE('',#5144,#5134,#460,.T.);
#4141=EDGE_CURVE('',#5145,#5139,#461,.T.);
#4142=EDGE_CURVE('',#5145,#4966,#462,.T.);
#4143=EDGE_CURVE('',#4984,#4982,#463,.T.);
#4144=EDGE_CURVE('',#4974,#4999,#464,.T.);
#4145=EDGE_CURVE('',#5142,#5119,#465,.T.);
#4146=EDGE_CURVE('',#5112,#5146,#466,.F.);
#4147=EDGE_CURVE('',#5147,#5146,#467,.T.);
#4148=EDGE_CURVE('',#5147,#5113,#468,.T.);
#4149=EDGE_CURVE('',#5146,#4986,#1592,.T.);
#4150=EDGE_CURVE('',#4987,#4850,#1593,.T.);
#4151=EDGE_CURVE('',#4849,#5064,#1594,.T.);
#4152=EDGE_CURVE('',#5063,#5147,#1595,.T.);
#4153=EDGE_CURVE('',#5143,#5118,#469,.T.);
#4154=EDGE_CURVE('',#5144,#5130,#470,.T.);
#4155=EDGE_CURVE('',#5148,#4931,#471,.T.);
#4156=EDGE_CURVE('',#5148,#5149,#472,.T.);
#4157=EDGE_CURVE('',#5149,#5137,#473,.T.);
#4158=EDGE_CURVE('',#5148,#4967,#474,.T.);
#4159=EDGE_CURVE('',#5145,#5150,#475,.T.);
#4160=EDGE_CURVE('',#5149,#5150,#476,.T.);
#4161=EDGE_CURVE('',#5138,#5150,#477,.T.);
#4162=EDGE_CURVE('',#5141,#5135,#478,.T.);
#4163=EDGE_CURVE('',#5136,#5140,#479,.T.);
#4164=EDGE_CURVE('',#5151,#5151,#1596,.T.);
#4165=EDGE_CURVE('',#5152,#5152,#1597,.T.);
#4166=EDGE_CURVE('',#5153,#5153,#1598,.T.);
#4167=EDGE_CURVE('',#5154,#5154,#1599,.T.);
#4168=EDGE_CURVE('',#5155,#5047,#480,.T.);
#4169=EDGE_CURVE('',#5155,#5156,#481,.T.);
#4170=EDGE_CURVE('',#5156,#5048,#482,.T.);
#4171=EDGE_CURVE('',#5157,#5046,#483,.T.);
#4172=EDGE_CURVE('',#5157,#5155,#484,.T.);
#4173=EDGE_CURVE('',#5158,#5056,#485,.T.);
#4174=EDGE_CURVE('',#5158,#5157,#486,.T.);
#4175=EDGE_CURVE('',#5159,#5055,#487,.T.);
#4176=EDGE_CURVE('',#5159,#5158,#488,.T.);
#4177=EDGE_CURVE('',#5160,#5054,#489,.T.);
#4178=EDGE_CURVE('',#5160,#5159,#490,.T.);
#4179=EDGE_CURVE('',#5161,#5053,#491,.T.);
#4180=EDGE_CURVE('',#5161,#5160,#492,.T.);
#4181=EDGE_CURVE('',#5162,#5052,#493,.T.);
#4182=EDGE_CURVE('',#5162,#5161,#494,.T.);
#4183=EDGE_CURVE('',#5163,#5051,#495,.T.);
#4184=EDGE_CURVE('',#5163,#5162,#496,.T.);
#4185=EDGE_CURVE('',#5164,#5050,#497,.T.);
#4186=EDGE_CURVE('',#5164,#5163,#498,.T.);
#4187=EDGE_CURVE('',#5165,#5049,#499,.T.);
#4188=EDGE_CURVE('',#5165,#5164,#500,.T.);
#4189=EDGE_CURVE('',#5156,#5165,#501,.T.);
#4190=EDGE_CURVE('',#5166,#5031,#502,.T.);
#4191=EDGE_CURVE('',#5166,#5167,#503,.T.);
#4192=EDGE_CURVE('',#5167,#5032,#504,.T.);
#4193=EDGE_CURVE('',#5168,#5030,#505,.T.);
#4194=EDGE_CURVE('',#5168,#5166,#506,.T.);
#4195=EDGE_CURVE('',#5169,#5045,#507,.T.);
#4196=EDGE_CURVE('',#5169,#5168,#508,.T.);
#4197=EDGE_CURVE('',#5170,#5044,#509,.T.);
#4198=EDGE_CURVE('',#5170,#5169,#5553,.T.);
#4199=EDGE_CURVE('',#5171,#5043,#510,.T.);
#4200=EDGE_CURVE('',#5171,#5170,#1600,.F.);
#4201=EDGE_CURVE('',#5172,#5042,#511,.T.);
#4202=EDGE_CURVE('',#5172,#5171,#5554,.T.);
#4203=EDGE_CURVE('',#5173,#5041,#512,.T.);
#4204=EDGE_CURVE('',#5173,#5172,#5555,.T.);
#4205=EDGE_CURVE('',#5174,#5040,#513,.T.);
#4206=EDGE_CURVE('',#5174,#5173,#1601,.F.);
#4207=EDGE_CURVE('',#5175,#5039,#514,.T.);
#4208=EDGE_CURVE('',#5175,#5174,#5556,.T.);
#4209=EDGE_CURVE('',#5176,#5038,#515,.T.);
#4210=EDGE_CURVE('',#5176,#5175,#516,.T.);
#4211=EDGE_CURVE('',#5177,#5037,#517,.T.);
#4212=EDGE_CURVE('',#5177,#5176,#518,.T.);
#4213=EDGE_CURVE('',#5178,#5036,#519,.T.);
#4214=EDGE_CURVE('',#5178,#5177,#520,.T.);
#4215=EDGE_CURVE('',#5179,#5035,#521,.T.);
#4216=EDGE_CURVE('',#5179,#5178,#5557,.T.);
#4217=EDGE_CURVE('',#5180,#5034,#522,.T.);
#4218=EDGE_CURVE('',#5180,#5179,#5558,.T.);
#4219=EDGE_CURVE('',#5181,#5033,#523,.T.);
#4220=EDGE_CURVE('',#5181,#5180,#5559,.T.);
#4221=EDGE_CURVE('',#5167,#5181,#5560,.T.);
#4222=EDGE_CURVE('',#5182,#5027,#524,.T.);
#4223=EDGE_CURVE('',#5182,#5183,#525,.T.);
#4224=EDGE_CURVE('',#5183,#5028,#526,.T.);
#4225=EDGE_CURVE('',#5184,#5026,#527,.T.);
#4226=EDGE_CURVE('',#5184,#5182,#528,.T.);
#4227=EDGE_CURVE('',#5185,#5029,#529,.T.);
#4228=EDGE_CURVE('',#5185,#5184,#530,.T.);
#4229=EDGE_CURVE('',#5183,#5185,#531,.T.);
#4230=EDGE_CURVE('',#5186,#5019,#532,.T.);
#4231=EDGE_CURVE('',#5186,#5187,#1602,.F.);
#4232=EDGE_CURVE('',#5187,#5020,#533,.T.);
#4233=EDGE_CURVE('',#5188,#5018,#534,.T.);
#4234=EDGE_CURVE('',#5188,#5186,#1603,.F.);
#4235=EDGE_CURVE('',#5189,#5025,#535,.T.);
#4236=EDGE_CURVE('',#5189,#5188,#1604,.F.);
#4237=EDGE_CURVE('',#5190,#5024,#536,.T.);
#4238=EDGE_CURVE('',#5190,#5189,#1605,.F.);
#4239=EDGE_CURVE('',#5191,#5023,#537,.T.);
#4240=EDGE_CURVE('',#5191,#5190,#1606,.F.);
#4241=EDGE_CURVE('',#5192,#5022,#538,.T.);
#4242=EDGE_CURVE('',#5192,#5191,#1607,.F.);
#4243=EDGE_CURVE('',#5193,#5021,#539,.T.);
#4244=EDGE_CURVE('',#5193,#5192,#1608,.F.);
#4245=EDGE_CURVE('',#5187,#5193,#1609,.F.);
#4246=EDGE_CURVE('',#5194,#5195,#5561,.T.);
#4247=EDGE_CURVE('',#5196,#5194,#540,.T.);
#4248=EDGE_CURVE('',#5196,#5197,#5562,.T.);
#4249=EDGE_CURVE('',#5197,#5195,#541,.T.);
#4250=EDGE_CURVE('',#5198,#5194,#5563,.T.);
#4251=EDGE_CURVE('',#5199,#5198,#542,.T.);
#4252=EDGE_CURVE('',#5199,#5196,#5564,.T.);
#4253=EDGE_CURVE('',#5200,#5198,#1610,.T.);
#4254=EDGE_CURVE('',#5201,#5200,#543,.T.);
#4255=EDGE_CURVE('',#5201,#5199,#1611,.T.);
#4256=EDGE_CURVE('',#5202,#5200,#1612,.T.);
#4257=EDGE_CURVE('',#5203,#5202,#544,.T.);
#4258=EDGE_CURVE('',#5203,#5201,#1613,.T.);
#4259=EDGE_CURVE('',#5204,#5202,#1614,.T.);
#4260=EDGE_CURVE('',#5205,#5204,#545,.T.);
#4261=EDGE_CURVE('',#5205,#5203,#1615,.T.);
#4262=EDGE_CURVE('',#5206,#5204,#5565,.T.);
#4263=EDGE_CURVE('',#5207,#5206,#546,.T.);
#4264=EDGE_CURVE('',#5207,#5205,#5566,.T.);
#4265=EDGE_CURVE('',#5208,#5206,#5567,.T.);
#4266=EDGE_CURVE('',#5209,#5208,#547,.T.);
#4267=EDGE_CURVE('',#5209,#5207,#5568,.T.);
#4268=EDGE_CURVE('',#5210,#5208,#5569,.T.);
#4269=EDGE_CURVE('',#5211,#5210,#548,.T.);
#4270=EDGE_CURVE('',#5211,#5209,#5570,.T.);
#4271=EDGE_CURVE('',#5212,#5210,#5571,.T.);
#4272=EDGE_CURVE('',#5213,#5212,#549,.T.);
#4273=EDGE_CURVE('',#5213,#5211,#5572,.T.);
#4274=EDGE_CURVE('',#5214,#5212,#1616,.T.);
#4275=EDGE_CURVE('',#5215,#5214,#550,.T.);
#4276=EDGE_CURVE('',#5215,#5213,#1617,.T.);
#4277=EDGE_CURVE('',#5216,#5214,#1618,.T.);
#4278=EDGE_CURVE('',#5217,#5216,#551,.T.);
#4279=EDGE_CURVE('',#5217,#5215,#1619,.T.);
#4280=EDGE_CURVE('',#5218,#5066,#552,.T.);
#4281=EDGE_CURVE('',#5218,#5219,#5573,.T.);
#4282=EDGE_CURVE('',#5219,#5067,#553,.T.);
#4283=EDGE_CURVE('',#5220,#5065,#554,.T.);
#4284=EDGE_CURVE('',#5220,#5218,#5574,.T.);
#4285=EDGE_CURVE('',#5221,#5079,#555,.T.);
#4286=EDGE_CURVE('',#5221,#5220,#5575,.T.);
#4287=EDGE_CURVE('',#5222,#5078,#556,.T.);
#4288=EDGE_CURVE('',#5222,#5221,#5576,.T.);
#4289=EDGE_CURVE('',#5223,#5077,#557,.T.);
#4290=EDGE_CURVE('',#5223,#5222,#5577,.T.);
#4291=EDGE_CURVE('',#5224,#5076,#558,.T.);
#4292=EDGE_CURVE('',#5224,#5223,#5578,.T.);
#4293=EDGE_CURVE('',#5225,#5075,#559,.T.);
#4294=EDGE_CURVE('',#5225,#5224,#560,.T.);
#4295=EDGE_CURVE('',#5226,#5074,#561,.T.);
#4296=EDGE_CURVE('',#5226,#5225,#562,.T.);
#4297=EDGE_CURVE('',#5227,#5073,#563,.T.);
#4298=EDGE_CURVE('',#5227,#5226,#564,.T.);
#4299=EDGE_CURVE('',#5228,#5072,#565,.T.);
#4300=EDGE_CURVE('',#5228,#5227,#566,.T.);
#4301=EDGE_CURVE('',#5229,#5071,#567,.T.);
#4302=EDGE_CURVE('',#5229,#5228,#568,.T.);
#4303=EDGE_CURVE('',#5230,#5070,#569,.T.);
#4304=EDGE_CURVE('',#5230,#5229,#5579,.T.);
#4305=EDGE_CURVE('',#5231,#5069,#570,.T.);
#4306=EDGE_CURVE('',#5231,#5230,#5580,.T.);
#4307=EDGE_CURVE('',#5232,#5068,#571,.T.);
#4308=EDGE_CURVE('',#5232,#5231,#5581,.T.);
#4309=EDGE_CURVE('',#5219,#5232,#1620,.F.);
#4310=EDGE_CURVE('',#5195,#5216,#1621,.T.);
#4311=EDGE_CURVE('',#5197,#5217,#1622,.T.);
#4312=EDGE_CURVE('',#5233,#5234,#5582,.T.);
#4313=EDGE_CURVE('',#5235,#5233,#572,.T.);
#4314=EDGE_CURVE('',#5235,#5236,#5583,.T.);
#4315=EDGE_CURVE('',#5236,#5234,#573,.T.);
#4316=EDGE_CURVE('',#5237,#5233,#574,.T.);
#4317=EDGE_CURVE('',#5238,#5237,#575,.T.);
#4318=EDGE_CURVE('',#5238,#5235,#576,.T.);
#4319=EDGE_CURVE('',#5239,#5237,#5584,.T.);
#4320=EDGE_CURVE('',#5240,#5239,#577,.T.);
#4321=EDGE_CURVE('',#5240,#5238,#5585,.T.);
#4322=EDGE_CURVE('',#5241,#5239,#5586,.T.);
#4323=EDGE_CURVE('',#5242,#5241,#578,.T.);
#4324=EDGE_CURVE('',#5242,#5240,#5587,.T.);
#4325=EDGE_CURVE('',#5243,#5241,#1623,.T.);
#4326=EDGE_CURVE('',#5244,#5243,#579,.T.);
#4327=EDGE_CURVE('',#5244,#5242,#1624,.T.);
#4328=EDGE_CURVE('',#5245,#5001,#580,.T.);
#4329=EDGE_CURVE('',#5245,#5246,#1625,.F.);
#4330=EDGE_CURVE('',#5246,#5002,#581,.T.);
#4331=EDGE_CURVE('',#5247,#5000,#582,.T.);
#4332=EDGE_CURVE('',#5247,#5245,#5588,.T.);
#4333=EDGE_CURVE('',#5248,#5017,#583,.T.);
#4334=EDGE_CURVE('',#5248,#5247,#1626,.F.);
#4335=EDGE_CURVE('',#5249,#5016,#584,.T.);
#4336=EDGE_CURVE('',#5249,#5248,#5589,.T.);
#4337=EDGE_CURVE('',#5250,#5015,#585,.T.);
#4338=EDGE_CURVE('',#5250,#5249,#5590,.T.);
#4339=EDGE_CURVE('',#5251,#5014,#586,.T.);
#4340=EDGE_CURVE('',#5251,#5250,#1627,.F.);
#4341=EDGE_CURVE('',#5252,#5013,#587,.T.);
#4342=EDGE_CURVE('',#5252,#5251,#5591,.T.);
#4343=EDGE_CURVE('',#5253,#5012,#588,.T.);
#4344=EDGE_CURVE('',#5253,#5252,#5592,.T.);
#4345=EDGE_CURVE('',#5254,#5011,#589,.T.);
#4346=EDGE_CURVE('',#5254,#5253,#1628,.F.);
#4347=EDGE_CURVE('',#5255,#5010,#590,.T.);
#4348=EDGE_CURVE('',#5255,#5254,#5593,.T.);
#4349=EDGE_CURVE('',#5256,#5009,#591,.T.);
#4350=EDGE_CURVE('',#5256,#5255,#5594,.T.);
#4351=EDGE_CURVE('',#5257,#5008,#592,.T.);
#4352=EDGE_CURVE('',#5257,#5256,#1629,.F.);
#4353=EDGE_CURVE('',#5258,#5007,#593,.T.);
#4354=EDGE_CURVE('',#5258,#5257,#594,.T.);
#4355=EDGE_CURVE('',#5259,#5006,#595,.T.);
#4356=EDGE_CURVE('',#5259,#5258,#1630,.T.);
#4357=EDGE_CURVE('',#5260,#5005,#596,.T.);
#4358=EDGE_CURVE('',#5260,#5259,#5595,.T.);
#4359=EDGE_CURVE('',#5261,#5004,#597,.T.);
#4360=EDGE_CURVE('',#5261,#5260,#5596,.T.);
#4361=EDGE_CURVE('',#5262,#5003,#598,.T.);
#4362=EDGE_CURVE('',#5262,#5261,#5597,.T.);
#4363=EDGE_CURVE('',#5246,#5262,#599,.T.);
#4364=EDGE_CURVE('',#5234,#5243,#1631,.T.);
#4365=EDGE_CURVE('',#5236,#5244,#1632,.T.);
#4366=EDGE_CURVE('',#5263,#5264,#5598,.T.);
#4367=EDGE_CURVE('',#5265,#5263,#600,.T.);
#4368=EDGE_CURVE('',#5265,#5266,#5599,.T.);
#4369=EDGE_CURVE('',#5266,#5264,#601,.T.);
#4370=EDGE_CURVE('',#5267,#5263,#5600,.T.);
#4371=EDGE_CURVE('',#5268,#5267,#602,.T.);
#4372=EDGE_CURVE('',#5268,#5265,#5601,.T.);
#4373=EDGE_CURVE('',#5269,#5267,#1633,.T.);
#4374=EDGE_CURVE('',#5270,#5269,#603,.T.);
#4375=EDGE_CURVE('',#5270,#5268,#1634,.T.);
#4376=EDGE_CURVE('',#5271,#5269,#1635,.T.);
#4377=EDGE_CURVE('',#5272,#5271,#604,.T.);
#4378=EDGE_CURVE('',#5272,#5270,#1636,.T.);
#4379=EDGE_CURVE('',#5273,#5271,#1637,.T.);
#4380=EDGE_CURVE('',#5274,#5273,#605,.T.);
#4381=EDGE_CURVE('',#5274,#5272,#1638,.T.);
#4382=EDGE_CURVE('',#5275,#5273,#5602,.T.);
#4383=EDGE_CURVE('',#5276,#5275,#606,.T.);
#4384=EDGE_CURVE('',#5276,#5274,#5603,.T.);
#4385=EDGE_CURVE('',#5277,#5275,#5604,.T.);
#4386=EDGE_CURVE('',#5278,#5277,#607,.T.);
#4387=EDGE_CURVE('',#5278,#5276,#5605,.T.);
#4388=EDGE_CURVE('',#5279,#5277,#5606,.T.);
#4389=EDGE_CURVE('',#5280,#5279,#608,.T.);
#4390=EDGE_CURVE('',#5280,#5278,#5607,.T.);
#4391=EDGE_CURVE('',#5281,#5279,#5608,.T.);
#4392=EDGE_CURVE('',#5282,#5281,#609,.T.);
#4393=EDGE_CURVE('',#5282,#5280,#5609,.T.);
#4394=EDGE_CURVE('',#5283,#5281,#1639,.T.);
#4395=EDGE_CURVE('',#5284,#5283,#610,.T.);
#4396=EDGE_CURVE('',#5284,#5282,#1640,.T.);
#4397=EDGE_CURVE('',#5285,#5283,#1641,.T.);
#4398=EDGE_CURVE('',#5286,#5285,#611,.T.);
#4399=EDGE_CURVE('',#5286,#5284,#1642,.T.);
#4400=EDGE_CURVE('',#5287,#5081,#612,.T.);
#4401=EDGE_CURVE('',#5287,#5288,#5610,.T.);
#4402=EDGE_CURVE('',#5288,#5082,#613,.T.);
#4403=EDGE_CURVE('',#5289,#5080,#614,.T.);
#4404=EDGE_CURVE('',#5289,#5287,#615,.T.);
#4405=EDGE_CURVE('',#5290,#5094,#616,.T.);
#4406=EDGE_CURVE('',#5290,#5289,#617,.T.);
#4407=EDGE_CURVE('',#5291,#5093,#618,.T.);
#4408=EDGE_CURVE('',#5291,#5290,#619,.T.);
#4409=EDGE_CURVE('',#5292,#5092,#620,.T.);
#4410=EDGE_CURVE('',#5292,#5291,#621,.T.);
#4411=EDGE_CURVE('',#5293,#5091,#622,.T.);
#4412=EDGE_CURVE('',#5293,#5292,#623,.T.);
#4413=EDGE_CURVE('',#5294,#5090,#624,.T.);
#4414=EDGE_CURVE('',#5294,#5293,#5611,.T.);
#4415=EDGE_CURVE('',#5295,#5089,#625,.T.);
#4416=EDGE_CURVE('',#5295,#5294,#5612,.T.);
#4417=EDGE_CURVE('',#5296,#5088,#626,.T.);
#4418=EDGE_CURVE('',#5296,#5295,#1643,.F.);
#4419=EDGE_CURVE('',#5297,#5087,#627,.T.);
#4420=EDGE_CURVE('',#5297,#5296,#5613,.T.);
#4421=EDGE_CURVE('',#5298,#5086,#628,.T.);
#4422=EDGE_CURVE('',#5298,#5297,#5614,.T.);
#4423=EDGE_CURVE('',#5299,#5085,#629,.T.);
#4424=EDGE_CURVE('',#5299,#5298,#5615,.T.);
#4425=EDGE_CURVE('',#5300,#5084,#630,.T.);
#4426=EDGE_CURVE('',#5300,#5299,#1644,.F.);
#4427=EDGE_CURVE('',#5301,#5083,#631,.T.);
#4428=EDGE_CURVE('',#5301,#5300,#5616,.T.);
#4429=EDGE_CURVE('',#5288,#5301,#5617,.T.);
#4430=EDGE_CURVE('',#5264,#5285,#1645,.T.);
#4431=EDGE_CURVE('',#5266,#5286,#1646,.T.);
#4432=EDGE_CURVE('',#5302,#5096,#632,.T.);
#4433=EDGE_CURVE('',#5302,#5303,#633,.T.);
#4434=EDGE_CURVE('',#5303,#5097,#634,.T.);
#4435=EDGE_CURVE('',#5304,#5095,#635,.T.);
#4436=EDGE_CURVE('',#5304,#5302,#636,.T.);
#4437=EDGE_CURVE('',#5305,#5107,#637,.T.);
#4438=EDGE_CURVE('',#5305,#5304,#638,.T.);
#4439=EDGE_CURVE('',#5306,#5106,#639,.T.);
#4440=EDGE_CURVE('',#5306,#5305,#640,.T.);
#4441=EDGE_CURVE('',#5307,#5105,#641,.T.);
#4442=EDGE_CURVE('',#5307,#5306,#642,.T.);
#4443=EDGE_CURVE('',#5308,#5104,#643,.T.);
#4444=EDGE_CURVE('',#5308,#5307,#644,.T.);
#4445=EDGE_CURVE('',#5309,#5103,#645,.T.);
#4446=EDGE_CURVE('',#5309,#5308,#646,.T.);
#4447=EDGE_CURVE('',#5310,#5102,#647,.T.);
#4448=EDGE_CURVE('',#5310,#5309,#648,.T.);
#4449=EDGE_CURVE('',#5311,#5101,#649,.T.);
#4450=EDGE_CURVE('',#5311,#5310,#650,.T.);
#4451=EDGE_CURVE('',#5312,#5100,#651,.T.);
#4452=EDGE_CURVE('',#5312,#5311,#652,.T.);
#4453=EDGE_CURVE('',#5313,#5099,#653,.T.);
#4454=EDGE_CURVE('',#5313,#5312,#654,.T.);
#4455=EDGE_CURVE('',#5314,#5098,#655,.T.);
#4456=EDGE_CURVE('',#5314,#5313,#656,.T.);
#4457=EDGE_CURVE('',#5303,#5314,#657,.T.);
#4458=EDGE_CURVE('',#5060,#5123,#658,.F.);
#4459=EDGE_CURVE('',#5057,#5122,#659,.T.);
#4460=EDGE_CURVE('',#4996,#4991,#660,.T.);
#4461=EDGE_CURVE('',#4997,#4990,#661,.T.);
#4462=EDGE_CURVE('',#4994,#4993,#662,.T.);
#4463=EDGE_CURVE('',#4995,#4992,#663,.T.);
#4464=EDGE_CURVE('',#5315,#5315,#1647,.F.);
#4465=EDGE_CURVE('',#5316,#5316,#1648,.T.);
#4466=EDGE_CURVE('',#5317,#5317,#1649,.F.);
#4467=EDGE_CURVE('',#5318,#5318,#1650,.T.);
#4468=EDGE_CURVE('',#5319,#5319,#1651,.F.);
#4469=EDGE_CURVE('',#5320,#5320,#1652,.T.);
#4470=EDGE_CURVE('',#5321,#5321,#1653,.F.);
#4471=EDGE_CURVE('',#5322,#5322,#1654,.T.);
#4472=EDGE_CURVE('',#5323,#4839,#664,.T.);
#4473=EDGE_CURVE('',#5323,#5324,#665,.T.);
#4474=EDGE_CURVE('',#5324,#4840,#666,.T.);
#4475=EDGE_CURVE('',#5325,#4838,#667,.T.);
#4476=EDGE_CURVE('',#5325,#5323,#668,.T.);
#4477=EDGE_CURVE('',#5326,#4848,#669,.T.);
#4478=EDGE_CURVE('',#5326,#5325,#670,.T.);
#4479=EDGE_CURVE('',#5327,#4847,#671,.T.);
#4480=EDGE_CURVE('',#5327,#5326,#672,.T.);
#4481=EDGE_CURVE('',#5328,#4846,#673,.T.);
#4482=EDGE_CURVE('',#5328,#5327,#674,.T.);
#4483=EDGE_CURVE('',#5329,#4845,#675,.T.);
#4484=EDGE_CURVE('',#5329,#5328,#676,.T.);
#4485=EDGE_CURVE('',#5330,#4844,#677,.T.);
#4486=EDGE_CURVE('',#5330,#5329,#678,.T.);
#4487=EDGE_CURVE('',#5331,#4843,#679,.T.);
#4488=EDGE_CURVE('',#5331,#5330,#680,.T.);
#4489=EDGE_CURVE('',#5332,#4842,#681,.T.);
#4490=EDGE_CURVE('',#5332,#5331,#682,.T.);
#4491=EDGE_CURVE('',#5333,#4841,#683,.T.);
#4492=EDGE_CURVE('',#5333,#5332,#684,.T.);
#4493=EDGE_CURVE('',#5324,#5333,#685,.T.);
#4494=EDGE_CURVE('',#5334,#4823,#686,.T.);
#4495=EDGE_CURVE('',#5334,#5335,#687,.T.);
#4496=EDGE_CURVE('',#5335,#4824,#688,.T.);
#4497=EDGE_CURVE('',#5336,#4822,#689,.T.);
#4498=EDGE_CURVE('',#5336,#5334,#690,.T.);
#4499=EDGE_CURVE('',#5337,#4837,#691,.T.);
#4500=EDGE_CURVE('',#5337,#5336,#692,.T.);
#4501=EDGE_CURVE('',#5338,#4836,#693,.T.);
#4502=EDGE_CURVE('',#5338,#5337,#5618,.T.);
#4503=EDGE_CURVE('',#5339,#4835,#694,.T.);
#4504=EDGE_CURVE('',#5339,#5338,#1655,.F.);
#4505=EDGE_CURVE('',#5340,#4834,#695,.T.);
#4506=EDGE_CURVE('',#5340,#5339,#5619,.T.);
#4507=EDGE_CURVE('',#5341,#4833,#696,.T.);
#4508=EDGE_CURVE('',#5341,#5340,#5620,.T.);
#4509=EDGE_CURVE('',#5342,#4832,#697,.T.);
#4510=EDGE_CURVE('',#5342,#5341,#1656,.F.);
#4511=EDGE_CURVE('',#5343,#4831,#698,.T.);
#4512=EDGE_CURVE('',#5343,#5342,#5621,.T.);
#4513=EDGE_CURVE('',#5344,#4830,#699,.T.);
#4514=EDGE_CURVE('',#5344,#5343,#700,.T.);
#4515=EDGE_CURVE('',#5345,#4829,#701,.T.);
#4516=EDGE_CURVE('',#5345,#5344,#702,.T.);
#4517=EDGE_CURVE('',#5346,#4828,#703,.T.);
#4518=EDGE_CURVE('',#5346,#5345,#704,.T.);
#4519=EDGE_CURVE('',#5347,#4827,#705,.T.);
#4520=EDGE_CURVE('',#5347,#5346,#5622,.T.);
#4521=EDGE_CURVE('',#5348,#4826,#706,.T.);
#4522=EDGE_CURVE('',#5348,#5347,#5623,.T.);
#4523=EDGE_CURVE('',#5349,#4825,#707,.T.);
#4524=EDGE_CURVE('',#5349,#5348,#5624,.T.);
#4525=EDGE_CURVE('',#5335,#5349,#5625,.T.);
#4526=EDGE_CURVE('',#5350,#4819,#708,.T.);
#4527=EDGE_CURVE('',#5350,#5351,#709,.T.);
#4528=EDGE_CURVE('',#5351,#4820,#710,.T.);
#4529=EDGE_CURVE('',#5352,#4818,#711,.T.);
#4530=EDGE_CURVE('',#5352,#5350,#712,.T.);
#4531=EDGE_CURVE('',#5353,#4821,#713,.T.);
#4532=EDGE_CURVE('',#5353,#5352,#714,.T.);
#4533=EDGE_CURVE('',#5351,#5353,#715,.T.);
#4534=EDGE_CURVE('',#5354,#4811,#716,.T.);
#4535=EDGE_CURVE('',#5354,#5355,#1657,.F.);
#4536=EDGE_CURVE('',#5355,#4812,#717,.T.);
#4537=EDGE_CURVE('',#5356,#4810,#718,.T.);
#4538=EDGE_CURVE('',#5356,#5354,#1658,.F.);
#4539=EDGE_CURVE('',#5357,#4817,#719,.T.);
#4540=EDGE_CURVE('',#5357,#5356,#1659,.F.);
#4541=EDGE_CURVE('',#5358,#4816,#720,.T.);
#4542=EDGE_CURVE('',#5358,#5357,#1660,.F.);
#4543=EDGE_CURVE('',#5359,#4815,#721,.T.);
#4544=EDGE_CURVE('',#5359,#5358,#1661,.F.);
#4545=EDGE_CURVE('',#5360,#4814,#722,.T.);
#4546=EDGE_CURVE('',#5360,#5359,#1662,.F.);
#4547=EDGE_CURVE('',#5361,#4813,#723,.T.);
#4548=EDGE_CURVE('',#5361,#5360,#1663,.F.);
#4549=EDGE_CURVE('',#5355,#5361,#1664,.F.);
#4550=EDGE_CURVE('',#5362,#5363,#5626,.T.);
#4551=EDGE_CURVE('',#5364,#5362,#724,.T.);
#4552=EDGE_CURVE('',#5364,#5365,#5627,.T.);
#4553=EDGE_CURVE('',#5365,#5363,#725,.T.);
#4554=EDGE_CURVE('',#5366,#5362,#5628,.T.);
#4555=EDGE_CURVE('',#5367,#5366,#726,.T.);
#4556=EDGE_CURVE('',#5367,#5364,#5629,.T.);
#4557=EDGE_CURVE('',#5368,#5366,#1665,.T.);
#4558=EDGE_CURVE('',#5369,#5368,#727,.T.);
#4559=EDGE_CURVE('',#5369,#5367,#1666,.T.);
#4560=EDGE_CURVE('',#5370,#5368,#1667,.T.);
#4561=EDGE_CURVE('',#5371,#5370,#728,.T.);
#4562=EDGE_CURVE('',#5371,#5369,#1668,.T.);
#4563=EDGE_CURVE('',#5372,#5370,#1669,.T.);
#4564=EDGE_CURVE('',#5373,#5372,#729,.T.);
#4565=EDGE_CURVE('',#5373,#5371,#1670,.T.);
#4566=EDGE_CURVE('',#5374,#5372,#5630,.T.);
#4567=EDGE_CURVE('',#5375,#5374,#730,.T.);
#4568=EDGE_CURVE('',#5375,#5373,#5631,.T.);
#4569=EDGE_CURVE('',#5376,#5374,#5632,.T.);
#4570=EDGE_CURVE('',#5377,#5376,#731,.T.);
#4571=EDGE_CURVE('',#5377,#5375,#5633,.T.);
#4572=EDGE_CURVE('',#5378,#5376,#5634,.T.);
#4573=EDGE_CURVE('',#5379,#5378,#732,.T.);
#4574=EDGE_CURVE('',#5379,#5377,#5635,.T.);
#4575=EDGE_CURVE('',#5380,#5378,#5636,.T.);
#4576=EDGE_CURVE('',#5381,#5380,#733,.T.);
#4577=EDGE_CURVE('',#5381,#5379,#5637,.T.);
#4578=EDGE_CURVE('',#5382,#5380,#1671,.T.);
#4579=EDGE_CURVE('',#5383,#5382,#734,.T.);
#4580=EDGE_CURVE('',#5383,#5381,#1672,.T.);
#4581=EDGE_CURVE('',#5384,#5382,#1673,.T.);
#4582=EDGE_CURVE('',#5385,#5384,#735,.T.);
#4583=EDGE_CURVE('',#5385,#5383,#1674,.T.);
#4584=EDGE_CURVE('',#5386,#4854,#736,.T.);
#4585=EDGE_CURVE('',#5386,#5387,#5638,.T.);
#4586=EDGE_CURVE('',#5387,#4855,#737,.T.);
#4587=EDGE_CURVE('',#5388,#4853,#738,.T.);
#4588=EDGE_CURVE('',#5388,#5386,#5639,.T.);
#4589=EDGE_CURVE('',#5389,#4867,#739,.T.);
#4590=EDGE_CURVE('',#5389,#5388,#5640,.T.);
#4591=EDGE_CURVE('',#5390,#4866,#740,.T.);
#4592=EDGE_CURVE('',#5390,#5389,#5641,.T.);
#4593=EDGE_CURVE('',#5391,#4865,#741,.T.);
#4594=EDGE_CURVE('',#5391,#5390,#5642,.T.);
#4595=EDGE_CURVE('',#5392,#4864,#742,.T.);
#4596=EDGE_CURVE('',#5392,#5391,#5643,.T.);
#4597=EDGE_CURVE('',#5393,#4863,#743,.T.);
#4598=EDGE_CURVE('',#5393,#5392,#744,.T.);
#4599=EDGE_CURVE('',#5394,#4862,#745,.T.);
#4600=EDGE_CURVE('',#5394,#5393,#746,.T.);
#4601=EDGE_CURVE('',#5395,#4861,#747,.T.);
#4602=EDGE_CURVE('',#5395,#5394,#748,.T.);
#4603=EDGE_CURVE('',#5396,#4860,#749,.T.);
#4604=EDGE_CURVE('',#5396,#5395,#750,.T.);
#4605=EDGE_CURVE('',#5397,#4859,#751,.T.);
#4606=EDGE_CURVE('',#5397,#5396,#752,.T.);
#4607=EDGE_CURVE('',#5398,#4858,#753,.T.);
#4608=EDGE_CURVE('',#5398,#5397,#5644,.T.);
#4609=EDGE_CURVE('',#5399,#4857,#754,.T.);
#4610=EDGE_CURVE('',#5399,#5398,#5645,.T.);
#4611=EDGE_CURVE('',#5400,#4856,#755,.T.);
#4612=EDGE_CURVE('',#5400,#5399,#5646,.T.);
#4613=EDGE_CURVE('',#5387,#5400,#1675,.F.);
#4614=EDGE_CURVE('',#5363,#5384,#1676,.T.);
#4615=EDGE_CURVE('',#5365,#5385,#1677,.T.);
#4616=EDGE_CURVE('',#5401,#5402,#5647,.T.);
#4617=EDGE_CURVE('',#5403,#5401,#756,.T.);
#4618=EDGE_CURVE('',#5403,#5404,#5648,.T.);
#4619=EDGE_CURVE('',#5404,#5402,#757,.T.);
#4620=EDGE_CURVE('',#5405,#5401,#758,.T.);
#4621=EDGE_CURVE('',#5406,#5405,#759,.T.);
#4622=EDGE_CURVE('',#5406,#5403,#760,.T.);
#4623=EDGE_CURVE('',#5407,#5405,#5649,.T.);
#4624=EDGE_CURVE('',#5408,#5407,#761,.T.);
#4625=EDGE_CURVE('',#5408,#5406,#5650,.T.);
#4626=EDGE_CURVE('',#5409,#5407,#5651,.T.);
#4627=EDGE_CURVE('',#5410,#5409,#762,.T.);
#4628=EDGE_CURVE('',#5410,#5408,#5652,.T.);
#4629=EDGE_CURVE('',#5411,#5409,#1678,.T.);
#4630=EDGE_CURVE('',#5412,#5411,#763,.T.);
#4631=EDGE_CURVE('',#5412,#5410,#1679,.T.);
#4632=EDGE_CURVE('',#5413,#4793,#764,.T.);
#4633=EDGE_CURVE('',#5413,#5414,#1680,.F.);
#4634=EDGE_CURVE('',#5414,#4794,#765,.T.);
#4635=EDGE_CURVE('',#5415,#4792,#766,.T.);
#4636=EDGE_CURVE('',#5415,#5413,#5653,.T.);
#4637=EDGE_CURVE('',#5416,#4809,#767,.T.);
#4638=EDGE_CURVE('',#5416,#5415,#1681,.F.);
#4639=EDGE_CURVE('',#5417,#4808,#768,.T.);
#4640=EDGE_CURVE('',#5417,#5416,#5654,.T.);
#4641=EDGE_CURVE('',#5418,#4807,#769,.T.);
#4642=EDGE_CURVE('',#5418,#5417,#5655,.T.);
#4643=EDGE_CURVE('',#5419,#4806,#770,.T.);
#4644=EDGE_CURVE('',#5419,#5418,#1682,.F.);
#4645=EDGE_CURVE('',#5420,#4805,#771,.T.);
#4646=EDGE_CURVE('',#5420,#5419,#5656,.T.);
#4647=EDGE_CURVE('',#5421,#4804,#772,.T.);
#4648=EDGE_CURVE('',#5421,#5420,#5657,.T.);
#4649=EDGE_CURVE('',#5422,#4803,#773,.T.);
#4650=EDGE_CURVE('',#5422,#5421,#1683,.F.);
#4651=EDGE_CURVE('',#5423,#4802,#774,.T.);
#4652=EDGE_CURVE('',#5423,#5422,#5658,.T.);
#4653=EDGE_CURVE('',#5424,#4801,#775,.T.);
#4654=EDGE_CURVE('',#5424,#5423,#5659,.T.);
#4655=EDGE_CURVE('',#5425,#4800,#776,.T.);
#4656=EDGE_CURVE('',#5425,#5424,#1684,.F.);
#4657=EDGE_CURVE('',#5426,#4799,#777,.T.);
#4658=EDGE_CURVE('',#5426,#5425,#778,.T.);
#4659=EDGE_CURVE('',#5427,#4798,#779,.T.);
#4660=EDGE_CURVE('',#5427,#5426,#1685,.T.);
#4661=EDGE_CURVE('',#5428,#4797,#780,.T.);
#4662=EDGE_CURVE('',#5428,#5427,#5660,.T.);
#4663=EDGE_CURVE('',#5429,#4796,#781,.T.);
#4664=EDGE_CURVE('',#5429,#5428,#5661,.T.);
#4665=EDGE_CURVE('',#5430,#4795,#782,.T.);
#4666=EDGE_CURVE('',#5430,#5429,#5662,.T.);
#4667=EDGE_CURVE('',#5414,#5430,#783,.T.);
#4668=EDGE_CURVE('',#5402,#5411,#1686,.T.);
#4669=EDGE_CURVE('',#5404,#5412,#1687,.T.);
#4670=EDGE_CURVE('',#5431,#5432,#5663,.T.);
#4671=EDGE_CURVE('',#5433,#5431,#784,.T.);
#4672=EDGE_CURVE('',#5433,#5434,#5664,.T.);
#4673=EDGE_CURVE('',#5434,#5432,#785,.T.);
#4674=EDGE_CURVE('',#5435,#5431,#5665,.T.);
#4675=EDGE_CURVE('',#5436,#5435,#786,.T.);
#4676=EDGE_CURVE('',#5436,#5433,#5666,.T.);
#4677=EDGE_CURVE('',#5437,#5435,#1688,.T.);
#4678=EDGE_CURVE('',#5438,#5437,#787,.T.);
#4679=EDGE_CURVE('',#5438,#5436,#1689,.T.);
#4680=EDGE_CURVE('',#5439,#5437,#1690,.T.);
#4681=EDGE_CURVE('',#5440,#5439,#788,.T.);
#4682=EDGE_CURVE('',#5440,#5438,#1691,.T.);
#4683=EDGE_CURVE('',#5441,#5439,#1692,.T.);
#4684=EDGE_CURVE('',#5442,#5441,#789,.T.);
#4685=EDGE_CURVE('',#5442,#5440,#1693,.T.);
#4686=EDGE_CURVE('',#5443,#5441,#5667,.T.);
#4687=EDGE_CURVE('',#5444,#5443,#790,.T.);
#4688=EDGE_CURVE('',#5444,#5442,#5668,.T.);
#4689=EDGE_CURVE('',#5445,#5443,#5669,.T.);
#4690=EDGE_CURVE('',#5446,#5445,#791,.T.);
#4691=EDGE_CURVE('',#5446,#5444,#5670,.T.);
#4692=EDGE_CURVE('',#5447,#5445,#5671,.T.);
#4693=EDGE_CURVE('',#5448,#5447,#792,.T.);
#4694=EDGE_CURVE('',#5448,#5446,#5672,.T.);
#4695=EDGE_CURVE('',#5449,#5447,#5673,.T.);
#4696=EDGE_CURVE('',#5450,#5449,#793,.T.);
#4697=EDGE_CURVE('',#5450,#5448,#5674,.T.);
#4698=EDGE_CURVE('',#5451,#5449,#1694,.T.);
#4699=EDGE_CURVE('',#5452,#5451,#794,.T.);
#4700=EDGE_CURVE('',#5452,#5450,#1695,.T.);
#4701=EDGE_CURVE('',#5453,#5451,#1696,.T.);
#4702=EDGE_CURVE('',#5454,#5453,#795,.T.);
#4703=EDGE_CURVE('',#5454,#5452,#1697,.T.);
#4704=EDGE_CURVE('',#5455,#4869,#796,.T.);
#4705=EDGE_CURVE('',#5455,#5456,#5675,.T.);
#4706=EDGE_CURVE('',#5456,#4870,#797,.T.);
#4707=EDGE_CURVE('',#5457,#4868,#798,.T.);
#4708=EDGE_CURVE('',#5457,#5455,#799,.T.);
#4709=EDGE_CURVE('',#5458,#4882,#800,.T.);
#4710=EDGE_CURVE('',#5458,#5457,#801,.T.);
#4711=EDGE_CURVE('',#5459,#4881,#802,.T.);
#4712=EDGE_CURVE('',#5459,#5458,#803,.T.);
#4713=EDGE_CURVE('',#5460,#4880,#804,.T.);
#4714=EDGE_CURVE('',#5460,#5459,#805,.T.);
#4715=EDGE_CURVE('',#5461,#4879,#806,.T.);
#4716=EDGE_CURVE('',#5461,#5460,#807,.T.);
#4717=EDGE_CURVE('',#5462,#4878,#808,.T.);
#4718=EDGE_CURVE('',#5462,#5461,#5676,.T.);
#4719=EDGE_CURVE('',#5463,#4877,#809,.T.);
#4720=EDGE_CURVE('',#5463,#5462,#5677,.T.);
#4721=EDGE_CURVE('',#5464,#4876,#810,.T.);
#4722=EDGE_CURVE('',#5464,#5463,#1698,.F.);
#4723=EDGE_CURVE('',#5465,#4875,#811,.T.);
#4724=EDGE_CURVE('',#5465,#5464,#5678,.T.);
#4725=EDGE_CURVE('',#5466,#4874,#812,.T.);
#4726=EDGE_CURVE('',#5466,#5465,#5679,.T.);
#4727=EDGE_CURVE('',#5467,#4873,#813,.T.);
#4728=EDGE_CURVE('',#5467,#5466,#5680,.T.);
#4729=EDGE_CURVE('',#5468,#4872,#814,.T.);
#4730=EDGE_CURVE('',#5468,#5467,#1699,.F.);
#4731=EDGE_CURVE('',#5469,#4871,#815,.T.);
#4732=EDGE_CURVE('',#5469,#5468,#5681,.T.);
#4733=EDGE_CURVE('',#5456,#5469,#5682,.T.);
#4734=EDGE_CURVE('',#5432,#5453,#1700,.T.);
#4735=EDGE_CURVE('',#5434,#5454,#1701,.T.);
#4736=EDGE_CURVE('',#5470,#4884,#816,.T.);
#4737=EDGE_CURVE('',#5470,#5471,#817,.T.);
#4738=EDGE_CURVE('',#5471,#4885,#818,.T.);
#4739=EDGE_CURVE('',#5472,#4883,#819,.T.);
#4740=EDGE_CURVE('',#5472,#5470,#820,.T.);
#4741=EDGE_CURVE('',#5473,#4895,#821,.T.);
#4742=EDGE_CURVE('',#5473,#5472,#822,.T.);
#4743=EDGE_CURVE('',#5474,#4894,#823,.T.);
#4744=EDGE_CURVE('',#5474,#5473,#824,.T.);
#4745=EDGE_CURVE('',#5475,#4893,#825,.T.);
#4746=EDGE_CURVE('',#5475,#5474,#826,.T.);
#4747=EDGE_CURVE('',#5476,#4892,#827,.T.);
#4748=EDGE_CURVE('',#5476,#5475,#828,.T.);
#4749=EDGE_CURVE('',#5477,#4891,#829,.T.);
#4750=EDGE_CURVE('',#5477,#5476,#830,.T.);
#4751=EDGE_CURVE('',#5478,#4890,#831,.T.);
#4752=EDGE_CURVE('',#5478,#5477,#832,.T.);
#4753=EDGE_CURVE('',#5479,#4889,#833,.T.);
#4754=EDGE_CURVE('',#5479,#5478,#834,.T.);
#4755=EDGE_CURVE('',#5480,#4888,#835,.T.);
#4756=EDGE_CURVE('',#5480,#5479,#836,.T.);
#4757=EDGE_CURVE('',#5481,#4887,#837,.T.);
#4758=EDGE_CURVE('',#5481,#5480,#838,.T.);
#4759=EDGE_CURVE('',#5482,#4886,#839,.T.);
#4760=EDGE_CURVE('',#5482,#5481,#840,.T.);
#4761=EDGE_CURVE('',#5471,#5482,#841,.T.);
#4762=EDGE_CURVE('',#4937,#4898,#842,.T.);
#4763=EDGE_CURVE('',#4938,#4897,#843,.T.);
#4764=EDGE_CURVE('',#4939,#4896,#844,.T.);
#4765=EDGE_CURVE('',#4940,#4905,#845,.T.);
#4766=EDGE_CURVE('',#4941,#4904,#846,.T.);
#4767=EDGE_CURVE('',#4942,#4903,#847,.T.);
#4768=EDGE_CURVE('',#4943,#4902,#848,.T.);
#4769=EDGE_CURVE('',#4944,#4901,#849,.T.);
#4770=EDGE_CURVE('',#4945,#4900,#850,.T.);
#4771=EDGE_CURVE('',#4936,#4899,#851,.T.);
#4772=EDGE_CURVE('',#4947,#4908,#852,.T.);
#4773=EDGE_CURVE('',#4948,#4907,#853,.T.);
#4774=EDGE_CURVE('',#4949,#4906,#854,.T.);
#4775=EDGE_CURVE('',#4950,#4915,#855,.T.);
#4776=EDGE_CURVE('',#4951,#4914,#856,.T.);
#4777=EDGE_CURVE('',#4952,#4913,#857,.T.);
#4778=EDGE_CURVE('',#4953,#4912,#858,.T.);
#4779=EDGE_CURVE('',#4954,#4911,#859,.T.);
#4780=EDGE_CURVE('',#4955,#4910,#860,.T.);
#4781=EDGE_CURVE('',#4946,#4909,#861,.T.);
#4782=EDGE_CURVE('',#4957,#4918,#862,.T.);
#4783=EDGE_CURVE('',#4958,#4917,#863,.T.);
#4784=EDGE_CURVE('',#4959,#4916,#864,.T.);
#4785=EDGE_CURVE('',#4960,#4925,#865,.T.);
#4786=EDGE_CURVE('',#4961,#4924,#866,.T.);
#4787=EDGE_CURVE('',#4962,#4923,#867,.T.);
#4788=EDGE_CURVE('',#4963,#4922,#868,.T.);
#4789=EDGE_CURVE('',#4964,#4921,#869,.T.);
#4790=EDGE_CURVE('',#4965,#4920,#870,.T.);
#4791=EDGE_CURVE('',#4956,#4919,#871,.T.);
#4792=VERTEX_POINT('',#9174);
#4793=VERTEX_POINT('',#9175);
#4794=VERTEX_POINT('',#9177);
#4795=VERTEX_POINT('',#9179);
#4796=VERTEX_POINT('',#9183);
#4797=VERTEX_POINT('',#9187);
#4798=VERTEX_POINT('',#9191);
#4799=VERTEX_POINT('',#9193);
#4800=VERTEX_POINT('',#9195);
#4801=VERTEX_POINT('',#9197);
#4802=VERTEX_POINT('',#9201);
#4803=VERTEX_POINT('',#9205);
#4804=VERTEX_POINT('',#9207);
#4805=VERTEX_POINT('',#9211);
#4806=VERTEX_POINT('',#9215);
#4807=VERTEX_POINT('',#9217);
#4808=VERTEX_POINT('',#9221);
#4809=VERTEX_POINT('',#9225);
#4810=VERTEX_POINT('',#9228);
#4811=VERTEX_POINT('',#9229);
#4812=VERTEX_POINT('',#9231);
#4813=VERTEX_POINT('',#9233);
#4814=VERTEX_POINT('',#9235);
#4815=VERTEX_POINT('',#9237);
#4816=VERTEX_POINT('',#9239);
#4817=VERTEX_POINT('',#9241);
#4818=VERTEX_POINT('',#9244);
#4819=VERTEX_POINT('',#9245);
#4820=VERTEX_POINT('',#9247);
#4821=VERTEX_POINT('',#9249);
#4822=VERTEX_POINT('',#9252);
#4823=VERTEX_POINT('',#9253);
#4824=VERTEX_POINT('',#9255);
#4825=VERTEX_POINT('',#9259);
#4826=VERTEX_POINT('',#9263);
#4827=VERTEX_POINT('',#9267);
#4828=VERTEX_POINT('',#9271);
#4829=VERTEX_POINT('',#9273);
#4830=VERTEX_POINT('',#9275);
#4831=VERTEX_POINT('',#9277);
#4832=VERTEX_POINT('',#9281);
#4833=VERTEX_POINT('',#9283);
#4834=VERTEX_POINT('',#9287);
#4835=VERTEX_POINT('',#9291);
#4836=VERTEX_POINT('',#9293);
#4837=VERTEX_POINT('',#9297);
#4838=VERTEX_POINT('',#9300);
#4839=VERTEX_POINT('',#9301);
#4840=VERTEX_POINT('',#9303);
#4841=VERTEX_POINT('',#9305);
#4842=VERTEX_POINT('',#9307);
#4843=VERTEX_POINT('',#9309);
#4844=VERTEX_POINT('',#9311);
#4845=VERTEX_POINT('',#9313);
#4846=VERTEX_POINT('',#9315);
#4847=VERTEX_POINT('',#9317);
#4848=VERTEX_POINT('',#9319);
#4849=VERTEX_POINT('',#9322);
#4850=VERTEX_POINT('',#9323);
#4851=VERTEX_POINT('',#9325);
#4852=VERTEX_POINT('',#9327);
#4853=VERTEX_POINT('',#9332);
#4854=VERTEX_POINT('',#9333);
#4855=VERTEX_POINT('',#9337);
#4856=VERTEX_POINT('',#9339);
#4857=VERTEX_POINT('',#9343);
#4858=VERTEX_POINT('',#9347);
#4859=VERTEX_POINT('',#9351);
#4860=VERTEX_POINT('',#9353);
#4861=VERTEX_POINT('',#9355);
#4862=VERTEX_POINT('',#9357);
#4863=VERTEX_POINT('',#9359);
#4864=VERTEX_POINT('',#9361);
#4865=VERTEX_POINT('',#9365);
#4866=VERTEX_POINT('',#9369);
#4867=VERTEX_POINT('',#9373);
#4868=VERTEX_POINT('',#9378);
#4869=VERTEX_POINT('',#9379);
#4870=VERTEX_POINT('',#9383);
#4871=VERTEX_POINT('',#9387);
#4872=VERTEX_POINT('',#9391);
#4873=VERTEX_POINT('',#9393);
#4874=VERTEX_POINT('',#9397);
#4875=VERTEX_POINT('',#9401);
#4876=VERTEX_POINT('',#9405);
#4877=VERTEX_POINT('',#9407);
#4878=VERTEX_POINT('',#9411);
#4879=VERTEX_POINT('',#9415);
#4880=VERTEX_POINT('',#9417);
#4881=VERTEX_POINT('',#9419);
#4882=VERTEX_POINT('',#9421);
#4883=VERTEX_POINT('',#9424);
#4884=VERTEX_POINT('',#9425);
#4885=VERTEX_POINT('',#9427);
#4886=VERTEX_POINT('',#9429);
#4887=VERTEX_POINT('',#9431);
#4888=VERTEX_POINT('',#9433);
#4889=VERTEX_POINT('',#9435);
#4890=VERTEX_POINT('',#9437);
#4891=VERTEX_POINT('',#9439);
#4892=VERTEX_POINT('',#9441);
#4893=VERTEX_POINT('',#9443);
#4894=VERTEX_POINT('',#9445);
#4895=VERTEX_POINT('',#9447);
#4896=VERTEX_POINT('',#9450);
#4897=VERTEX_POINT('',#9451);
#4898=VERTEX_POINT('',#9453);
#4899=VERTEX_POINT('',#9455);
#4900=VERTEX_POINT('',#9457);
#4901=VERTEX_POINT('',#9459);
#4902=VERTEX_POINT('',#9461);
#4903=VERTEX_POINT('',#9463);
#4904=VERTEX_POINT('',#9465);
#4905=VERTEX_POINT('',#9467);
#4906=VERTEX_POINT('',#9470);
#4907=VERTEX_POINT('',#9471);
#4908=VERTEX_POINT('',#9473);
#4909=VERTEX_POINT('',#9475);
#4910=VERTEX_POINT('',#9477);
#4911=VERTEX_POINT('',#9479);
#4912=VERTEX_POINT('',#9481);
#4913=VERTEX_POINT('',#9483);
#4914=VERTEX_POINT('',#9485);
#4915=VERTEX_POINT('',#9487);
#4916=VERTEX_POINT('',#9490);
#4917=VERTEX_POINT('',#9491);
#4918=VERTEX_POINT('',#9493);
#4919=VERTEX_POINT('',#9495);
#4920=VERTEX_POINT('',#9497);
#4921=VERTEX_POINT('',#9499);
#4922=VERTEX_POINT('',#9501);
#4923=VERTEX_POINT('',#9503);
#4924=VERTEX_POINT('',#9505);
#4925=VERTEX_POINT('',#9507);
#4926=VERTEX_POINT('',#9511);
#4927=VERTEX_POINT('',#9512);
#4928=VERTEX_POINT('',#9514);
#4929=VERTEX_POINT('',#9516);
#4930=VERTEX_POINT('',#9518);
#4931=VERTEX_POINT('',#9520);
#4932=VERTEX_POINT('',#9522);
#4933=VERTEX_POINT('',#9524);
#4934=VERTEX_POINT('',#9526);
#4935=VERTEX_POINT('',#9528);
#4936=VERTEX_POINT('',#9531);
#4937=VERTEX_POINT('',#9532);
#4938=VERTEX_POINT('',#9534);
#4939=VERTEX_POINT('',#9536);
#4940=VERTEX_POINT('',#9538);
#4941=VERTEX_POINT('',#9540);
#4942=VERTEX_POINT('',#9542);
#4943=VERTEX_POINT('',#9544);
#4944=VERTEX_POINT('',#9546);
#4945=VERTEX_POINT('',#9548);
#4946=VERTEX_POINT('',#9551);
#4947=VERTEX_POINT('',#9552);
#4948=VERTEX_POINT('',#9554);
#4949=VERTEX_POINT('',#9556);
#4950=VERTEX_POINT('',#9558);
#4951=VERTEX_POINT('',#9560);
#4952=VERTEX_POINT('',#9562);
#4953=VERTEX_POINT('',#9564);
#4954=VERTEX_POINT('',#9566);
#4955=VERTEX_POINT('',#9568);
#4956=VERTEX_POINT('',#9571);
#4957=VERTEX_POINT('',#9572);
#4958=VERTEX_POINT('',#9574);
#4959=VERTEX_POINT('',#9576);
#4960=VERTEX_POINT('',#9578);
#4961=VERTEX_POINT('',#9580);
#4962=VERTEX_POINT('',#9582);
#4963=VERTEX_POINT('',#9584);
#4964=VERTEX_POINT('',#9586);
#4965=VERTEX_POINT('',#9588);
#4966=VERTEX_POINT('',#9592);
#4967=VERTEX_POINT('',#9593);
#4968=VERTEX_POINT('',#9598);
#4969=VERTEX_POINT('',#9600);
#4970=VERTEX_POINT('',#9604);
#4971=VERTEX_POINT('',#9606);
#4972=VERTEX_POINT('',#9613);
#4973=VERTEX_POINT('',#9614);
#4974=VERTEX_POINT('',#9616);
#4975=VERTEX_POINT('',#9618);
#4976=VERTEX_POINT('',#9622);
#4977=VERTEX_POINT('',#9623);
#4978=VERTEX_POINT('',#9628);
#4979=VERTEX_POINT('',#9629);
#4980=VERTEX_POINT('',#9631);
#4981=VERTEX_POINT('',#9633);
#4982=VERTEX_POINT('',#9637);
#4983=VERTEX_POINT('',#9638);
#4984=VERTEX_POINT('',#9643);
#4985=VERTEX_POINT('',#9645);
#4986=VERTEX_POINT('',#9649);
#4987=VERTEX_POINT('',#9650);
#4988=VERTEX_POINT('',#9652);
#4989=VERTEX_POINT('',#9654);
#4990=VERTEX_POINT('',#9657);
#4991=VERTEX_POINT('',#9658);
#4992=VERTEX_POINT('',#9660);
#4993=VERTEX_POINT('',#9662);
#4994=VERTEX_POINT('',#9666);
#4995=VERTEX_POINT('',#9667);
#4996=VERTEX_POINT('',#9669);
#4997=VERTEX_POINT('',#9671);
#4998=VERTEX_POINT('',#9674);
#4999=VERTEX_POINT('',#9675);
#5000=VERTEX_POINT('',#9683);
#5001=VERTEX_POINT('',#9684);
#5002=VERTEX_POINT('',#9686);
#5003=VERTEX_POINT('',#9688);
#5004=VERTEX_POINT('',#9692);
#5005=VERTEX_POINT('',#9696);
#5006=VERTEX_POINT('',#9700);
#5007=VERTEX_POINT('',#9702);
#5008=VERTEX_POINT('',#9704);
#5009=VERTEX_POINT('',#9706);
#5010=VERTEX_POINT('',#9710);
#5011=VERTEX_POINT('',#9714);
#5012=VERTEX_POINT('',#9716);
#5013=VERTEX_POINT('',#9720);
#5014=VERTEX_POINT('',#9724);
#5015=VERTEX_POINT('',#9726);
#5016=VERTEX_POINT('',#9730);
#5017=VERTEX_POINT('',#9734);
#5018=VERTEX_POINT('',#9737);
#5019=VERTEX_POINT('',#9738);
#5020=VERTEX_POINT('',#9740);
#5021=VERTEX_POINT('',#9742);
#5022=VERTEX_POINT('',#9744);
#5023=VERTEX_POINT('',#9746);
#5024=VERTEX_POINT('',#9748);
#5025=VERTEX_POINT('',#9750);
#5026=VERTEX_POINT('',#9753);
#5027=VERTEX_POINT('',#9754);
#5028=VERTEX_POINT('',#9756);
#5029=VERTEX_POINT('',#9758);
#5030=VERTEX_POINT('',#9761);
#5031=VERTEX_POINT('',#9762);
#5032=VERTEX_POINT('',#9764);
#5033=VERTEX_POINT('',#9768);
#5034=VERTEX_POINT('',#9772);
#5035=VERTEX_POINT('',#9776);
#5036=VERTEX_POINT('',#9780);
#5037=VERTEX_POINT('',#9782);
#5038=VERTEX_POINT('',#9784);
#5039=VERTEX_POINT('',#9786);
#5040=VERTEX_POINT('',#9790);
#5041=VERTEX_POINT('',#9792);
#5042=VERTEX_POINT('',#9796);
#5043=VERTEX_POINT('',#9800);
#5044=VERTEX_POINT('',#9802);
#5045=VERTEX_POINT('',#9806);
#5046=VERTEX_POINT('',#9809);
#5047=VERTEX_POINT('',#9810);
#5048=VERTEX_POINT('',#9812);
#5049=VERTEX_POINT('',#9814);
#5050=VERTEX_POINT('',#9816);
#5051=VERTEX_POINT('',#9818);
#5052=VERTEX_POINT('',#9820);
#5053=VERTEX_POINT('',#9822);
#5054=VERTEX_POINT('',#9824);
#5055=VERTEX_POINT('',#9826);
#5056=VERTEX_POINT('',#9828);
#5057=VERTEX_POINT('',#9831);
#5058=VERTEX_POINT('',#9832);
#5059=VERTEX_POINT('',#9834);
#5060=VERTEX_POINT('',#9836);
#5061=VERTEX_POINT('',#9839);
#5062=VERTEX_POINT('',#9840);
#5063=VERTEX_POINT('',#9842);
#5064=VERTEX_POINT('',#9844);
#5065=VERTEX_POINT('',#9849);
#5066=VERTEX_POINT('',#9850);
#5067=VERTEX_POINT('',#9854);
#5068=VERTEX_POINT('',#9856);
#5069=VERTEX_POINT('',#9860);
#5070=VERTEX_POINT('',#9864);
#5071=VERTEX_POINT('',#9868);
#5072=VERTEX_POINT('',#9870);
#5073=VERTEX_POINT('',#9872);
#5074=VERTEX_POINT('',#9874);
#5075=VERTEX_POINT('',#9876);
#5076=VERTEX_POINT('',#9878);
#5077=VERTEX_POINT('',#9882);
#5078=VERTEX_POINT('',#9886);
#5079=VERTEX_POINT('',#9890);
#5080=VERTEX_POINT('',#9895);
#5081=VERTEX_POINT('',#9896);
#5082=VERTEX_POINT('',#9900);
#5083=VERTEX_POINT('',#9904);
#5084=VERTEX_POINT('',#9908);
#5085=VERTEX_POINT('',#9910);
#5086=VERTEX_POINT('',#9914);
#5087=VERTEX_POINT('',#9918);
#5088=VERTEX_POINT('',#9922);
#5089=VERTEX_POINT('',#9924);
#5090=VERTEX_POINT('',#9928);
#5091=VERTEX_POINT('',#9932);
#5092=VERTEX_POINT('',#9934);
#5093=VERTEX_POINT('',#9936);
#5094=VERTEX_POINT('',#9938);
#5095=VERTEX_POINT('',#9941);
#5096=VERTEX_POINT('',#9942);
#5097=VERTEX_POINT('',#9944);
#5098=VERTEX_POINT('',#9946);
#5099=VERTEX_POINT('',#9948);
#5100=VERTEX_POINT('',#9950);
#5101=VERTEX_POINT('',#9952);
#5102=VERTEX_POINT('',#9954);
#5103=VERTEX_POINT('',#9956);
#5104=VERTEX_POINT('',#9958);
#5105=VERTEX_POINT('',#9960);
#5106=VERTEX_POINT('',#9962);
#5107=VERTEX_POINT('',#9964);
#5108=VERTEX_POINT('',#9968);
#5109=VERTEX_POINT('',#9970);
#5110=VERTEX_POINT('',#9972);
#5111=VERTEX_POINT('',#9974);
#5112=VERTEX_POINT('',#9976);
#5113=VERTEX_POINT('',#9978);
#5114=VERTEX_POINT('',#9983);
#5115=VERTEX_POINT('',#9984);
#5116=VERTEX_POINT('',#9986);
#5117=VERTEX_POINT('',#9988);
#5118=VERTEX_POINT('',#9990);
#5119=VERTEX_POINT('',#9992);
#5120=VERTEX_POINT('',#9995);
#5121=VERTEX_POINT('',#9999);
#5122=VERTEX_POINT('',#10000);
#5123=VERTEX_POINT('',#10002);
#5124=VERTEX_POINT('',#10004);
#5125=VERTEX_POINT('',#10008);
#5126=VERTEX_POINT('',#10010);
#5127=VERTEX_POINT('',#10014);
#5128=VERTEX_POINT('',#10015);
#5129=VERTEX_POINT('',#10017);
#5130=VERTEX_POINT('',#10019);
#5131=VERTEX_POINT('',#10021);
#5132=VERTEX_POINT('',#10025);
#5133=VERTEX_POINT('',#10028);
#5134=VERTEX_POINT('',#10035);
#5135=VERTEX_POINT('',#10037);
#5136=VERTEX_POINT('',#10039);
#5137=VERTEX_POINT('',#10042);
#5138=VERTEX_POINT('',#10044);
#5139=VERTEX_POINT('',#10046);
#5140=VERTEX_POINT('',#10050);
#5141=VERTEX_POINT('',#10052);
#5142=VERTEX_POINT('',#10060);
#5143=VERTEX_POINT('',#10062);
#5144=VERTEX_POINT('',#10064);
#5145=VERTEX_POINT('',#10067);
#5146=VERTEX_POINT('',#10075);
#5147=VERTEX_POINT('',#10077);
#5148=VERTEX_POINT('',#10090);
#5149=VERTEX_POINT('',#10092);
#5150=VERTEX_POINT('',#10097);
#5151=VERTEX_POINT('',#10110);
#5152=VERTEX_POINT('',#10114);
#5153=VERTEX_POINT('',#10118);
#5154=VERTEX_POINT('',#10122);
#5155=VERTEX_POINT('',#10126);
#5156=VERTEX_POINT('',#10128);
#5157=VERTEX_POINT('',#10132);
#5158=VERTEX_POINT('',#10136);
#5159=VERTEX_POINT('',#10140);
#5160=VERTEX_POINT('',#10144);
#5161=VERTEX_POINT('',#10148);
#5162=VERTEX_POINT('',#10152);
#5163=VERTEX_POINT('',#10156);
#5164=VERTEX_POINT('',#10160);
#5165=VERTEX_POINT('',#10164);
#5166=VERTEX_POINT('',#10170);
#5167=VERTEX_POINT('',#10172);
#5168=VERTEX_POINT('',#10176);
#5169=VERTEX_POINT('',#10180);
#5170=VERTEX_POINT('',#10191);
#5171=VERTEX_POINT('',#10197);
#5172=VERTEX_POINT('',#10208);
#5173=VERTEX_POINT('',#10221);
#5174=VERTEX_POINT('',#10227);
#5175=VERTEX_POINT('',#10238);
#5176=VERTEX_POINT('',#10244);
#5177=VERTEX_POINT('',#10248);
#5178=VERTEX_POINT('',#10252);
#5179=VERTEX_POINT('',#10263);
#5180=VERTEX_POINT('',#10276);
#5181=VERTEX_POINT('',#10289);
#5182=VERTEX_POINT('',#10307);
#5183=VERTEX_POINT('',#10309);
#5184=VERTEX_POINT('',#10313);
#5185=VERTEX_POINT('',#10317);
#5186=VERTEX_POINT('',#10324);
#5187=VERTEX_POINT('',#10326);
#5188=VERTEX_POINT('',#10330);
#5189=VERTEX_POINT('',#10334);
#5190=VERTEX_POINT('',#10338);
#5191=VERTEX_POINT('',#10342);
#5192=VERTEX_POINT('',#10346);
#5193=VERTEX_POINT('',#10350);
#5194=VERTEX_POINT('',#10366);
#5195=VERTEX_POINT('',#10367);
#5196=VERTEX_POINT('',#10369);
#5197=VERTEX_POINT('',#10373);
#5198=VERTEX_POINT('',#10386);
#5199=VERTEX_POINT('',#10388);
#5200=VERTEX_POINT('',#10394);
#5201=VERTEX_POINT('',#10396);
#5202=VERTEX_POINT('',#10400);
#5203=VERTEX_POINT('',#10402);
#5204=VERTEX_POINT('',#10406);
#5205=VERTEX_POINT('',#10408);
#5206=VERTEX_POINT('',#10421);
#5207=VERTEX_POINT('',#10423);
#5208=VERTEX_POINT('',#10438);
#5209=VERTEX_POINT('',#10440);
#5210=VERTEX_POINT('',#10455);
#5211=VERTEX_POINT('',#10457);
#5212=VERTEX_POINT('',#10472);
#5213=VERTEX_POINT('',#10474);
#5214=VERTEX_POINT('',#10480);
#5215=VERTEX_POINT('',#10482);
#5216=VERTEX_POINT('',#10486);
#5217=VERTEX_POINT('',#10488);
#5218=VERTEX_POINT('',#10499);
#5219=VERTEX_POINT('',#10503);
#5220=VERTEX_POINT('',#10514);
#5221=VERTEX_POINT('',#10527);
#5222=VERTEX_POINT('',#10540);
#5223=VERTEX_POINT('',#10553);
#5224=VERTEX_POINT('',#10566);
#5225=VERTEX_POINT('',#10572);
#5226=VERTEX_POINT('',#10576);
#5227=VERTEX_POINT('',#10580);
#5228=VERTEX_POINT('',#10584);
#5229=VERTEX_POINT('',#10588);
#5230=VERTEX_POINT('',#10599);
#5231=VERTEX_POINT('',#10612);
#5232=VERTEX_POINT('',#10625);
#5233=VERTEX_POINT('',#10646);
#5234=VERTEX_POINT('',#10647);
#5235=VERTEX_POINT('',#10649);
#5236=VERTEX_POINT('',#10653);
#5237=VERTEX_POINT('',#10657);
#5238=VERTEX_POINT('',#10659);
#5239=VERTEX_POINT('',#10672);
#5240=VERTEX_POINT('',#10674);
#5241=VERTEX_POINT('',#10689);
#5242=VERTEX_POINT('',#10691);
#5243=VERTEX_POINT('',#10697);
#5244=VERTEX_POINT('',#10699);
#5245=VERTEX_POINT('',#10703);
#5246=VERTEX_POINT('',#10705);
#5247=VERTEX_POINT('',#10716);
#5248=VERTEX_POINT('',#10722);
#5249=VERTEX_POINT('',#10733);
#5250=VERTEX_POINT('',#10746);
#5251=VERTEX_POINT('',#10752);
#5252=VERTEX_POINT('',#10763);
#5253=VERTEX_POINT('',#10776);
#5254=VERTEX_POINT('',#10782);
#5255=VERTEX_POINT('',#10793);
#5256=VERTEX_POINT('',#10806);
#5257=VERTEX_POINT('',#10812);
#5258=VERTEX_POINT('',#10816);
#5259=VERTEX_POINT('',#10820);
#5260=VERTEX_POINT('',#10831);
#5261=VERTEX_POINT('',#10844);
#5262=VERTEX_POINT('',#10857);
#5263=VERTEX_POINT('',#10878);
#5264=VERTEX_POINT('',#10879);
#5265=VERTEX_POINT('',#10881);
#5266=VERTEX_POINT('',#10885);
#5267=VERTEX_POINT('',#10898);
#5268=VERTEX_POINT('',#10900);
#5269=VERTEX_POINT('',#10906);
#5270=VERTEX_POINT('',#10908);
#5271=VERTEX_POINT('',#10912);
#5272=VERTEX_POINT('',#10914);
#5273=VERTEX_POINT('',#10918);
#5274=VERTEX_POINT('',#10920);
#5275=VERTEX_POINT('',#10933);
#5276=VERTEX_POINT('',#10935);
#5277=VERTEX_POINT('',#10950);
#5278=VERTEX_POINT('',#10952);
#5279=VERTEX_POINT('',#10967);
#5280=VERTEX_POINT('',#10969);
#5281=VERTEX_POINT('',#10984);
#5282=VERTEX_POINT('',#10986);
#5283=VERTEX_POINT('',#10992);
#5284=VERTEX_POINT('',#10994);
#5285=VERTEX_POINT('',#10998);
#5286=VERTEX_POINT('',#11000);
#5287=VERTEX_POINT('',#11011);
#5288=VERTEX_POINT('',#11015);
#5289=VERTEX_POINT('',#11019);
#5290=VERTEX_POINT('',#11023);
#5291=VERTEX_POINT('',#11027);
#5292=VERTEX_POINT('',#11031);
#5293=VERTEX_POINT('',#11035);
#5294=VERTEX_POINT('',#11046);
#5295=VERTEX_POINT('',#11059);
#5296=VERTEX_POINT('',#11065);
#5297=VERTEX_POINT('',#11076);
#5298=VERTEX_POINT('',#11089);
#5299=VERTEX_POINT('',#11102);
#5300=VERTEX_POINT('',#11108);
#5301=VERTEX_POINT('',#11119);
#5302=VERTEX_POINT('',#11140);
#5303=VERTEX_POINT('',#11142);
#5304=VERTEX_POINT('',#11146);
#5305=VERTEX_POINT('',#11150);
#5306=VERTEX_POINT('',#11154);
#5307=VERTEX_POINT('',#11158);
#5308=VERTEX_POINT('',#11162);
#5309=VERTEX_POINT('',#11166);
#5310=VERTEX_POINT('',#11170);
#5311=VERTEX_POINT('',#11174);
#5312=VERTEX_POINT('',#11178);
#5313=VERTEX_POINT('',#11182);
#5314=VERTEX_POINT('',#11186);
#5315=VERTEX_POINT('',#11214);
#5316=VERTEX_POINT('',#11217);
#5317=VERTEX_POINT('',#11221);
#5318=VERTEX_POINT('',#11224);
#5319=VERTEX_POINT('',#11228);
#5320=VERTEX_POINT('',#11231);
#5321=VERTEX_POINT('',#11235);
#5322=VERTEX_POINT('',#11238);
#5323=VERTEX_POINT('',#11242);
#5324=VERTEX_POINT('',#11244);
#5325=VERTEX_POINT('',#11248);
#5326=VERTEX_POINT('',#11252);
#5327=VERTEX_POINT('',#11256);
#5328=VERTEX_POINT('',#11260);
#5329=VERTEX_POINT('',#11264);
#5330=VERTEX_POINT('',#11268);
#5331=VERTEX_POINT('',#11272);
#5332=VERTEX_POINT('',#11276);
#5333=VERTEX_POINT('',#11280);
#5334=VERTEX_POINT('',#11287);
#5335=VERTEX_POINT('',#11289);
#5336=VERTEX_POINT('',#11293);
#5337=VERTEX_POINT('',#11297);
#5338=VERTEX_POINT('',#11308);
#5339=VERTEX_POINT('',#11314);
#5340=VERTEX_POINT('',#11325);
#5341=VERTEX_POINT('',#11338);
#5342=VERTEX_POINT('',#11344);
#5343=VERTEX_POINT('',#11355);
#5344=VERTEX_POINT('',#11361);
#5345=VERTEX_POINT('',#11365);
#5346=VERTEX_POINT('',#11369);
#5347=VERTEX_POINT('',#11380);
#5348=VERTEX_POINT('',#11393);
#5349=VERTEX_POINT('',#11406);
#5350=VERTEX_POINT('',#11424);
#5351=VERTEX_POINT('',#11426);
#5352=VERTEX_POINT('',#11430);
#5353=VERTEX_POINT('',#11434);
#5354=VERTEX_POINT('',#11441);
#5355=VERTEX_POINT('',#11443);
#5356=VERTEX_POINT('',#11447);
#5357=VERTEX_POINT('',#11451);
#5358=VERTEX_POINT('',#11455);
#5359=VERTEX_POINT('',#11459);
#5360=VERTEX_POINT('',#11463);
#5361=VERTEX_POINT('',#11467);
#5362=VERTEX_POINT('',#11483);
#5363=VERTEX_POINT('',#11484);
#5364=VERTEX_POINT('',#11486);
#5365=VERTEX_POINT('',#11490);
#5366=VERTEX_POINT('',#11503);
#5367=VERTEX_POINT('',#11505);
#5368=VERTEX_POINT('',#11511);
#5369=VERTEX_POINT('',#11513);
#5370=VERTEX_POINT('',#11517);
#5371=VERTEX_POINT('',#11519);
#5372=VERTEX_POINT('',#11523);
#5373=VERTEX_POINT('',#11525);
#5374=VERTEX_POINT('',#11538);
#5375=VERTEX_POINT('',#11540);
#5376=VERTEX_POINT('',#11555);
#5377=VERTEX_POINT('',#11557);
#5378=VERTEX_POINT('',#11572);
#5379=VERTEX_POINT('',#11574);
#5380=VERTEX_POINT('',#11589);
#5381=VERTEX_POINT('',#11591);
#5382=VERTEX_POINT('',#11597);
#5383=VERTEX_POINT('',#11599);
#5384=VERTEX_POINT('',#11603);
#5385=VERTEX_POINT('',#11605);
#5386=VERTEX_POINT('',#11616);
#5387=VERTEX_POINT('',#11620);
#5388=VERTEX_POINT('',#11631);
#5389=VERTEX_POINT('',#11644);
#5390=VERTEX_POINT('',#11657);
#5391=VERTEX_POINT('',#11670);
#5392=VERTEX_POINT('',#11683);
#5393=VERTEX_POINT('',#11689);
#5394=VERTEX_POINT('',#11693);
#5395=VERTEX_POINT('',#11697);
#5396=VERTEX_POINT('',#11701);
#5397=VERTEX_POINT('',#11705);
#5398=VERTEX_POINT('',#11716);
#5399=VERTEX_POINT('',#11729);
#5400=VERTEX_POINT('',#11742);
#5401=VERTEX_POINT('',#11763);
#5402=VERTEX_POINT('',#11764);
#5403=VERTEX_POINT('',#11766);
#5404=VERTEX_POINT('',#11770);
#5405=VERTEX_POINT('',#11774);
#5406=VERTEX_POINT('',#11776);
#5407=VERTEX_POINT('',#11789);
#5408=VERTEX_POINT('',#11791);
#5409=VERTEX_POINT('',#11806);
#5410=VERTEX_POINT('',#11808);
#5411=VERTEX_POINT('',#11814);
#5412=VERTEX_POINT('',#11816);
#5413=VERTEX_POINT('',#11820);
#5414=VERTEX_POINT('',#11822);
#5415=VERTEX_POINT('',#11833);
#5416=VERTEX_POINT('',#11839);
#5417=VERTEX_POINT('',#11850);
#5418=VERTEX_POINT('',#11863);
#5419=VERTEX_POINT('',#11869);
#5420=VERTEX_POINT('',#11880);
#5421=VERTEX_POINT('',#11893);
#5422=VERTEX_POINT('',#11899);
#5423=VERTEX_POINT('',#11910);
#5424=VERTEX_POINT('',#11923);
#5425=VERTEX_POINT('',#11929);
#5426=VERTEX_POINT('',#11933);
#5427=VERTEX_POINT('',#11937);
#5428=VERTEX_POINT('',#11948);
#5429=VERTEX_POINT('',#11961);
#5430=VERTEX_POINT('',#11974);
#5431=VERTEX_POINT('',#11995);
#5432=VERTEX_POINT('',#11996);
#5433=VERTEX_POINT('',#11998);
#5434=VERTEX_POINT('',#12002);
#5435=VERTEX_POINT('',#12015);
#5436=VERTEX_POINT('',#12017);
#5437=VERTEX_POINT('',#12023);
#5438=VERTEX_POINT('',#12025);
#5439=VERTEX_POINT('',#12029);
#5440=VERTEX_POINT('',#12031);
#5441=VERTEX_POINT('',#12035);
#5442=VERTEX_POINT('',#12037);
#5443=VERTEX_POINT('',#12050);
#5444=VERTEX_POINT('',#12052);
#5445=VERTEX_POINT('',#12067);
#5446=VERTEX_POINT('',#12069);
#5447=VERTEX_POINT('',#12084);
#5448=VERTEX_POINT('',#12086);
#5449=VERTEX_POINT('',#12101);
#5450=VERTEX_POINT('',#12103);
#5451=VERTEX_POINT('',#12109);
#5452=VERTEX_POINT('',#12111);
#5453=VERTEX_POINT('',#12115);
#5454=VERTEX_POINT('',#12117);
#5455=VERTEX_POINT('',#12128);
#5456=VERTEX_POINT('',#12132);
#5457=VERTEX_POINT('',#12136);
#5458=VERTEX_POINT('',#12140);
#5459=VERTEX_POINT('',#12144);
#5460=VERTEX_POINT('',#12148);
#5461=VERTEX_POINT('',#12152);
#5462=VERTEX_POINT('',#12163);
#5463=VERTEX_POINT('',#12176);
#5464=VERTEX_POINT('',#12182);
#5465=VERTEX_POINT('',#12193);
#5466=VERTEX_POINT('',#12206);
#5467=VERTEX_POINT('',#12219);
#5468=VERTEX_POINT('',#12225);
#5469=VERTEX_POINT('',#12236);
#5470=VERTEX_POINT('',#12257);
#5471=VERTEX_POINT('',#12259);
#5472=VERTEX_POINT('',#12263);
#5473=VERTEX_POINT('',#12267);
#5474=VERTEX_POINT('',#12271);
#5475=VERTEX_POINT('',#12275);
#5476=VERTEX_POINT('',#12279);
#5477=VERTEX_POINT('',#12283);
#5478=VERTEX_POINT('',#12287);
#5479=VERTEX_POINT('',#12291);
#5480=VERTEX_POINT('',#12295);
#5481=VERTEX_POINT('',#12299);
#5482=VERTEX_POINT('',#12303);
#5483=B_SPLINE_CURVE_WITH_KNOTS('',2,(#9171,#9172,#9173),.UNSPECIFIED.,
 .F.,.F.,(3,3),(0.,1.),.PIECEWISE_BEZIER_KNOTS.);
#5484=B_SPLINE_CURVE_WITH_KNOTS('',2,(#9180,#9181,#9182),.UNSPECIFIED.,
 .F.,.F.,(3,3),(0.,1.),.PIECEWISE_BEZIER_KNOTS.);
#5485=B_SPLINE_CURVE_WITH_KNOTS('',2,(#9184,#9185,#9186),.UNSPECIFIED.,
 .F.,.F.,(3,3),(0.,1.),.PIECEWISE_BEZIER_KNOTS.);
#5486=B_SPLINE_CURVE_WITH_KNOTS('',2,(#9188,#9189,#9190),.UNSPECIFIED.,
 .F.,.F.,(3,3),(0.,1.),.PIECEWISE_BEZIER_KNOTS.);
#5487=B_SPLINE_CURVE_WITH_KNOTS('',2,(#9198,#9199,#9200),.UNSPECIFIED.,
 .F.,.F.,(3,3),(0.,1.),.PIECEWISE_BEZIER_KNOTS.);
#5488=B_SPLINE_CURVE_WITH_KNOTS('',2,(#9202,#9203,#9204),.UNSPECIFIED.,
 .F.,.F.,(3,3),(0.,1.),.PIECEWISE_BEZIER_KNOTS.);
#5489=B_SPLINE_CURVE_WITH_KNOTS('',2,(#9208,#9209,#9210),.UNSPECIFIED.,
 .F.,.F.,(3,3),(0.,1.),.PIECEWISE_BEZIER_KNOTS.);
#5490=B_SPLINE_CURVE_WITH_KNOTS('',2,(#9212,#9213,#9214),.UNSPECIFIED.,
 .F.,.F.,(3,3),(0.,1.),.PIECEWISE_BEZIER_KNOTS.);
#5491=B_SPLINE_CURVE_WITH_KNOTS('',2,(#9218,#9219,#9220),.UNSPECIFIED.,
 .F.,.F.,(3,3),(0.,1.),.PIECEWISE_BEZIER_KNOTS.);
#5492=B_SPLINE_CURVE_WITH_KNOTS('',2,(#9222,#9223,#9224),.UNSPECIFIED.,
 .F.,.F.,(3,3),(0.,1.),.PIECEWISE_BEZIER_KNOTS.);
#5493=B_SPLINE_CURVE_WITH_KNOTS('',2,(#9256,#9257,#9258),.UNSPECIFIED.,
 .F.,.F.,(3,3),(0.,1.),.PIECEWISE_BEZIER_KNOTS.);
#5494=B_SPLINE_CURVE_WITH_KNOTS('',2,(#9260,#9261,#9262),.UNSPECIFIED.,
 .F.,.F.,(3,3),(0.,1.),.PIECEWISE_BEZIER_KNOTS.);
#5495=B_SPLINE_CURVE_WITH_KNOTS('',2,(#9264,#9265,#9266),.UNSPECIFIED.,
 .F.,.F.,(3,3),(0.,1.),.PIECEWISE_BEZIER_KNOTS.);
#5496=B_SPLINE_CURVE_WITH_KNOTS('',2,(#9268,#9269,#9270),.UNSPECIFIED.,
 .F.,.F.,(3,3),(0.,1.),.PIECEWISE_BEZIER_KNOTS.);
#5497=B_SPLINE_CURVE_WITH_KNOTS('',2,(#9278,#9279,#9280),.UNSPECIFIED.,
 .F.,.F.,(3,3),(0.,1.),.PIECEWISE_BEZIER_KNOTS.);
#5498=B_SPLINE_CURVE_WITH_KNOTS('',2,(#9284,#9285,#9286),.UNSPECIFIED.,
 .F.,.F.,(3,3),(0.,1.),.PIECEWISE_BEZIER_KNOTS.);
#5499=B_SPLINE_CURVE_WITH_KNOTS('',2,(#9288,#9289,#9290),.UNSPECIFIED.,
 .F.,.F.,(3,3),(0.,1.),.PIECEWISE_BEZIER_KNOTS.);
#5500=B_SPLINE_CURVE_WITH_KNOTS('',2,(#9294,#9295,#9296),.UNSPECIFIED.,
 .F.,.F.,(3,3),(0.,1.),.PIECEWISE_BEZIER_KNOTS.);
#5501=B_SPLINE_CURVE_WITH_KNOTS('',2,(#9329,#9330,#9331),.UNSPECIFIED.,
 .F.,.F.,(3,3),(0.,1.),.PIECEWISE_BEZIER_KNOTS.);
#5502=B_SPLINE_CURVE_WITH_KNOTS('',2,(#9334,#9335,#9336),.UNSPECIFIED.,
 .F.,.F.,(3,3),(0.,1.),.PIECEWISE_BEZIER_KNOTS.);
#5503=B_SPLINE_CURVE_WITH_KNOTS('',2,(#9340,#9341,#9342),.UNSPECIFIED.,
 .F.,.F.,(3,3),(0.,1.),.PIECEWISE_BEZIER_KNOTS.);
#5504=B_SPLINE_CURVE_WITH_KNOTS('',2,(#9344,#9345,#9346),.UNSPECIFIED.,
 .F.,.F.,(3,3),(0.,1.),.PIECEWISE_BEZIER_KNOTS.);
#5505=B_SPLINE_CURVE_WITH_KNOTS('',2,(#9348,#9349,#9350),.UNSPECIFIED.,
 .F.,.F.,(3,3),(0.,1.),.PIECEWISE_BEZIER_KNOTS.);
#5506=B_SPLINE_CURVE_WITH_KNOTS('',2,(#9362,#9363,#9364),.UNSPECIFIED.,
 .F.,.F.,(3,3),(0.,1.),.PIECEWISE_BEZIER_KNOTS.);
#5507=B_SPLINE_CURVE_WITH_KNOTS('',2,(#9366,#9367,#9368),.UNSPECIFIED.,
 .F.,.F.,(3,3),(0.,1.),.PIECEWISE_BEZIER_KNOTS.);
#5508=B_SPLINE_CURVE_WITH_KNOTS('',2,(#9370,#9371,#9372),.UNSPECIFIED.,
 .F.,.F.,(3,3),(0.,1.),.PIECEWISE_BEZIER_KNOTS.);
#5509=B_SPLINE_CURVE_WITH_KNOTS('',2,(#9374,#9375,#9376),.UNSPECIFIED.,
 .F.,.F.,(3,3),(0.,1.),.PIECEWISE_BEZIER_KNOTS.);
#5510=B_SPLINE_CURVE_WITH_KNOTS('',2,(#9380,#9381,#9382),.UNSPECIFIED.,
 .F.,.F.,(3,3),(0.,1.),.PIECEWISE_BEZIER_KNOTS.);
#5511=B_SPLINE_CURVE_WITH_KNOTS('',2,(#9384,#9385,#9386),.UNSPECIFIED.,
 .F.,.F.,(3,3),(0.,1.),.PIECEWISE_BEZIER_KNOTS.);
#5512=B_SPLINE_CURVE_WITH_KNOTS('',2,(#9388,#9389,#9390),.UNSPECIFIED.,
 .F.,.F.,(3,3),(0.,1.),.PIECEWISE_BEZIER_KNOTS.);
#5513=B_SPLINE_CURVE_WITH_KNOTS('',2,(#9394,#9395,#9396),.UNSPECIFIED.,
 .F.,.F.,(3,3),(0.,1.),.PIECEWISE_BEZIER_KNOTS.);
#5514=B_SPLINE_CURVE_WITH_KNOTS('',2,(#9398,#9399,#9400),.UNSPECIFIED.,
 .F.,.F.,(3,3),(0.,1.),.PIECEWISE_BEZIER_KNOTS.);
#5515=B_SPLINE_CURVE_WITH_KNOTS('',2,(#9402,#9403,#9404),.UNSPECIFIED.,
 .F.,.F.,(3,3),(0.,1.),.PIECEWISE_BEZIER_KNOTS.);
#5516=B_SPLINE_CURVE_WITH_KNOTS('',2,(#9408,#9409,#9410),.UNSPECIFIED.,
 .F.,.F.,(3,3),(0.,1.),.PIECEWISE_BEZIER_KNOTS.);
#5517=B_SPLINE_CURVE_WITH_KNOTS('',2,(#9412,#9413,#9414),.UNSPECIFIED.,
 .F.,.F.,(3,3),(0.,1.),.PIECEWISE_BEZIER_KNOTS.);
#5518=B_SPLINE_CURVE_WITH_KNOTS('',2,(#9680,#9681,#9682),.UNSPECIFIED.,
 .F.,.F.,(3,3),(0.,1.),.PIECEWISE_BEZIER_KNOTS.);
#5519=B_SPLINE_CURVE_WITH_KNOTS('',2,(#9689,#9690,#9691),.UNSPECIFIED.,
 .F.,.F.,(3,3),(0.,1.),.PIECEWISE_BEZIER_KNOTS.);
#5520=B_SPLINE_CURVE_WITH_KNOTS('',2,(#9693,#9694,#9695),.UNSPECIFIED.,
 .F.,.F.,(3,3),(0.,1.),.PIECEWISE_BEZIER_KNOTS.);
#5521=B_SPLINE_CURVE_WITH_KNOTS('',2,(#9697,#9698,#9699),.UNSPECIFIED.,
 .F.,.F.,(3,3),(0.,1.),.PIECEWISE_BEZIER_KNOTS.);
#5522=B_SPLINE_CURVE_WITH_KNOTS('',2,(#9707,#9708,#9709),.UNSPECIFIED.,
 .F.,.F.,(3,3),(0.,1.),.PIECEWISE_BEZIER_KNOTS.);
#5523=B_SPLINE_CURVE_WITH_KNOTS('',2,(#9711,#9712,#9713),.UNSPECIFIED.,
 .F.,.F.,(3,3),(0.,1.),.PIECEWISE_BEZIER_KNOTS.);
#5524=B_SPLINE_CURVE_WITH_KNOTS('',2,(#9717,#9718,#9719),.UNSPECIFIED.,
 .F.,.F.,(3,3),(0.,1.),.PIECEWISE_BEZIER_KNOTS.);
#5525=B_SPLINE_CURVE_WITH_KNOTS('',2,(#9721,#9722,#9723),.UNSPECIFIED.,
 .F.,.F.,(3,3),(0.,1.),.PIECEWISE_BEZIER_KNOTS.);
#5526=B_SPLINE_CURVE_WITH_KNOTS('',2,(#9727,#9728,#9729),.UNSPECIFIED.,
 .F.,.F.,(3,3),(0.,1.),.PIECEWISE_BEZIER_KNOTS.);
#5527=B_SPLINE_CURVE_WITH_KNOTS('',2,(#9731,#9732,#9733),.UNSPECIFIED.,
 .F.,.F.,(3,3),(0.,1.),.PIECEWISE_BEZIER_KNOTS.);
#5528=B_SPLINE_CURVE_WITH_KNOTS('',2,(#9765,#9766,#9767),.UNSPECIFIED.,
 .F.,.F.,(3,3),(0.,1.),.PIECEWISE_BEZIER_KNOTS.);
#5529=B_SPLINE_CURVE_WITH_KNOTS('',2,(#9769,#9770,#9771),.UNSPECIFIED.,
 .F.,.F.,(3,3),(0.,1.),.PIECEWISE_BEZIER_KNOTS.);
#5530=B_SPLINE_CURVE_WITH_KNOTS('',2,(#9773,#9774,#9775),.UNSPECIFIED.,
 .F.,.F.,(3,3),(0.,1.),.PIECEWISE_BEZIER_KNOTS.);
#5531=B_SPLINE_CURVE_WITH_KNOTS('',2,(#9777,#9778,#9779),.UNSPECIFIED.,
 .F.,.F.,(3,3),(0.,1.),.PIECEWISE_BEZIER_KNOTS.);
#5532=B_SPLINE_CURVE_WITH_KNOTS('',2,(#9787,#9788,#9789),.UNSPECIFIED.,
 .F.,.F.,(3,3),(0.,1.),.PIECEWISE_BEZIER_KNOTS.);
#5533=B_SPLINE_CURVE_WITH_KNOTS('',2,(#9793,#9794,#9795),.UNSPECIFIED.,
 .F.,.F.,(3,3),(0.,1.),.PIECEWISE_BEZIER_KNOTS.);
#5534=B_SPLINE_CURVE_WITH_KNOTS('',2,(#9797,#9798,#9799),.UNSPECIFIED.,
 .F.,.F.,(3,3),(0.,1.),.PIECEWISE_BEZIER_KNOTS.);
#5535=B_SPLINE_CURVE_WITH_KNOTS('',2,(#9803,#9804,#9805),.UNSPECIFIED.,
 .F.,.F.,(3,3),(0.,1.),.PIECEWISE_BEZIER_KNOTS.);
#5536=B_SPLINE_CURVE_WITH_KNOTS('',2,(#9846,#9847,#9848),.UNSPECIFIED.,
 .F.,.F.,(3,3),(0.,1.),.PIECEWISE_BEZIER_KNOTS.);
#5537=B_SPLINE_CURVE_WITH_KNOTS('',2,(#9851,#9852,#9853),.UNSPECIFIED.,
 .F.,.F.,(3,3),(0.,1.),.PIECEWISE_BEZIER_KNOTS.);
#5538=B_SPLINE_CURVE_WITH_KNOTS('',2,(#9857,#9858,#9859),.UNSPECIFIED.,
 .F.,.F.,(3,3),(0.,1.),.PIECEWISE_BEZIER_KNOTS.);
#5539=B_SPLINE_CURVE_WITH_KNOTS('',2,(#9861,#9862,#9863),.UNSPECIFIED.,
 .F.,.F.,(3,3),(0.,1.),.PIECEWISE_BEZIER_KNOTS.);
#5540=B_SPLINE_CURVE_WITH_KNOTS('',2,(#9865,#9866,#9867),.UNSPECIFIED.,
 .F.,.F.,(3,3),(0.,1.),.PIECEWISE_BEZIER_KNOTS.);
#5541=B_SPLINE_CURVE_WITH_KNOTS('',2,(#9879,#9880,#9881),.UNSPECIFIED.,
 .F.,.F.,(3,3),(0.,1.),.PIECEWISE_BEZIER_KNOTS.);
#5542=B_SPLINE_CURVE_WITH_KNOTS('',2,(#9883,#9884,#9885),.UNSPECIFIED.,
 .F.,.F.,(3,3),(0.,1.),.PIECEWISE_BEZIER_KNOTS.);
#5543=B_SPLINE_CURVE_WITH_KNOTS('',2,(#9887,#9888,#9889),.UNSPECIFIED.,
 .F.,.F.,(3,3),(0.,1.),.PIECEWISE_BEZIER_KNOTS.);
#5544=B_SPLINE_CURVE_WITH_KNOTS('',2,(#9891,#9892,#9893),.UNSPECIFIED.,
 .F.,.F.,(3,3),(0.,1.),.PIECEWISE_BEZIER_KNOTS.);
#5545=B_SPLINE_CURVE_WITH_KNOTS('',2,(#9897,#9898,#9899),.UNSPECIFIED.,
 .F.,.F.,(3,3),(0.,1.),.PIECEWISE_BEZIER_KNOTS.);
#5546=B_SPLINE_CURVE_WITH_KNOTS('',2,(#9901,#9902,#9903),.UNSPECIFIED.,
 .F.,.F.,(3,3),(0.,1.),.PIECEWISE_BEZIER_KNOTS.);
#5547=B_SPLINE_CURVE_WITH_KNOTS('',2,(#9905,#9906,#9907),.UNSPECIFIED.,
 .F.,.F.,(3,3),(0.,1.),.PIECEWISE_BEZIER_KNOTS.);
#5548=B_SPLINE_CURVE_WITH_KNOTS('',2,(#9911,#9912,#9913),.UNSPECIFIED.,
 .F.,.F.,(3,3),(0.,1.),.PIECEWISE_BEZIER_KNOTS.);
#5549=B_SPLINE_CURVE_WITH_KNOTS('',2,(#9915,#9916,#9917),.UNSPECIFIED.,
 .F.,.F.,(3,3),(0.,1.),.PIECEWISE_BEZIER_KNOTS.);
#5550=B_SPLINE_CURVE_WITH_KNOTS('',2,(#9919,#9920,#9921),.UNSPECIFIED.,
 .F.,.F.,(3,3),(0.,1.),.PIECEWISE_BEZIER_KNOTS.);
#5551=B_SPLINE_CURVE_WITH_KNOTS('',2,(#9925,#9926,#9927),.UNSPECIFIED.,
 .F.,.F.,(3,3),(0.,1.),.PIECEWISE_BEZIER_KNOTS.);
#5552=B_SPLINE_CURVE_WITH_KNOTS('',2,(#9929,#9930,#9931),.UNSPECIFIED.,
 .F.,.F.,(3,3),(0.,1.),.PIECEWISE_BEZIER_KNOTS.);
#5553=B_SPLINE_CURVE_WITH_KNOTS('',2,(#10192,#10193,#10194),
 .UNSPECIFIED.,.F.,.F.,(3,3),(0.,1.),.PIECEWISE_BEZIER_KNOTS.);
#5554=B_SPLINE_CURVE_WITH_KNOTS('',2,(#10209,#10210,#10211),
 .UNSPECIFIED.,.F.,.F.,(3,3),(0.,1.),.PIECEWISE_BEZIER_KNOTS.);
#5555=B_SPLINE_CURVE_WITH_KNOTS('',2,(#10222,#10223,#10224),
 .UNSPECIFIED.,.F.,.F.,(3,3),(0.,1.),.PIECEWISE_BEZIER_KNOTS.);
#5556=B_SPLINE_CURVE_WITH_KNOTS('',2,(#10239,#10240,#10241),
 .UNSPECIFIED.,.F.,.F.,(3,3),(0.,1.),.PIECEWISE_BEZIER_KNOTS.);
#5557=B_SPLINE_CURVE_WITH_KNOTS('',2,(#10264,#10265,#10266),
 .UNSPECIFIED.,.F.,.F.,(3,3),(0.,1.),.PIECEWISE_BEZIER_KNOTS.);
#5558=B_SPLINE_CURVE_WITH_KNOTS('',2,(#10277,#10278,#10279),
 .UNSPECIFIED.,.F.,.F.,(3,3),(0.,1.),.PIECEWISE_BEZIER_KNOTS.);
#5559=B_SPLINE_CURVE_WITH_KNOTS('',2,(#10290,#10291,#10292),
 .UNSPECIFIED.,.F.,.F.,(3,3),(0.,1.),.PIECEWISE_BEZIER_KNOTS.);
#5560=B_SPLINE_CURVE_WITH_KNOTS('',2,(#10301,#10302,#10303),
 .UNSPECIFIED.,.F.,.F.,(3,3),(0.,1.),.PIECEWISE_BEZIER_KNOTS.);
#5561=B_SPLINE_CURVE_WITH_KNOTS('',2,(#10363,#10364,#10365),
 .UNSPECIFIED.,.F.,.F.,(3,3),(0.,1.),.PIECEWISE_BEZIER_KNOTS.);
#5562=B_SPLINE_CURVE_WITH_KNOTS('',2,(#10370,#10371,#10372),
 .UNSPECIFIED.,.F.,.F.,(3,3),(0.,1.),.PIECEWISE_BEZIER_KNOTS.);
#5563=B_SPLINE_CURVE_WITH_KNOTS('',2,(#10383,#10384,#10385),
 .UNSPECIFIED.,.F.,.F.,(3,3),(0.,1.),.PIECEWISE_BEZIER_KNOTS.);
#5564=B_SPLINE_CURVE_WITH_KNOTS('',2,(#10389,#10390,#10391),
 .UNSPECIFIED.,.F.,.F.,(3,3),(0.,1.),.PIECEWISE_BEZIER_KNOTS.);
#5565=B_SPLINE_CURVE_WITH_KNOTS('',2,(#10418,#10419,#10420),
 .UNSPECIFIED.,.F.,.F.,(3,3),(0.,1.),.PIECEWISE_BEZIER_KNOTS.);
#5566=B_SPLINE_CURVE_WITH_KNOTS('',2,(#10424,#10425,#10426),
 .UNSPECIFIED.,.F.,.F.,(3,3),(0.,1.),.PIECEWISE_BEZIER_KNOTS.);
#5567=B_SPLINE_CURVE_WITH_KNOTS('',2,(#10435,#10436,#10437),
 .UNSPECIFIED.,.F.,.F.,(3,3),(0.,1.),.PIECEWISE_BEZIER_KNOTS.);
#5568=B_SPLINE_CURVE_WITH_KNOTS('',2,(#10441,#10442,#10443),
 .UNSPECIFIED.,.F.,.F.,(3,3),(0.,1.),.PIECEWISE_BEZIER_KNOTS.);
#5569=B_SPLINE_CURVE_WITH_KNOTS('',2,(#10452,#10453,#10454),
 .UNSPECIFIED.,.F.,.F.,(3,3),(0.,1.),.PIECEWISE_BEZIER_KNOTS.);
#5570=B_SPLINE_CURVE_WITH_KNOTS('',2,(#10458,#10459,#10460),
 .UNSPECIFIED.,.F.,.F.,(3,3),(0.,1.),.PIECEWISE_BEZIER_KNOTS.);
#5571=B_SPLINE_CURVE_WITH_KNOTS('',2,(#10469,#10470,#10471),
 .UNSPECIFIED.,.F.,.F.,(3,3),(0.,1.),.PIECEWISE_BEZIER_KNOTS.);
#5572=B_SPLINE_CURVE_WITH_KNOTS('',2,(#10475,#10476,#10477),
 .UNSPECIFIED.,.F.,.F.,(3,3),(0.,1.),.PIECEWISE_BEZIER_KNOTS.);
#5573=B_SPLINE_CURVE_WITH_KNOTS('',2,(#10500,#10501,#10502),
 .UNSPECIFIED.,.F.,.F.,(3,3),(0.,1.),.PIECEWISE_BEZIER_KNOTS.);
#5574=B_SPLINE_CURVE_WITH_KNOTS('',2,(#10515,#10516,#10517),
 .UNSPECIFIED.,.F.,.F.,(3,3),(0.,1.),.PIECEWISE_BEZIER_KNOTS.);
#5575=B_SPLINE_CURVE_WITH_KNOTS('',2,(#10528,#10529,#10530),
 .UNSPECIFIED.,.F.,.F.,(3,3),(0.,1.),.PIECEWISE_BEZIER_KNOTS.);
#5576=B_SPLINE_CURVE_WITH_KNOTS('',2,(#10541,#10542,#10543),
 .UNSPECIFIED.,.F.,.F.,(3,3),(0.,1.),.PIECEWISE_BEZIER_KNOTS.);
#5577=B_SPLINE_CURVE_WITH_KNOTS('',2,(#10554,#10555,#10556),
 .UNSPECIFIED.,.F.,.F.,(3,3),(0.,1.),.PIECEWISE_BEZIER_KNOTS.);
#5578=B_SPLINE_CURVE_WITH_KNOTS('',2,(#10567,#10568,#10569),
 .UNSPECIFIED.,.F.,.F.,(3,3),(0.,1.),.PIECEWISE_BEZIER_KNOTS.);
#5579=B_SPLINE_CURVE_WITH_KNOTS('',2,(#10600,#10601,#10602),
 .UNSPECIFIED.,.F.,.F.,(3,3),(0.,1.),.PIECEWISE_BEZIER_KNOTS.);
#5580=B_SPLINE_CURVE_WITH_KNOTS('',2,(#10613,#10614,#10615),
 .UNSPECIFIED.,.F.,.F.,(3,3),(0.,1.),.PIECEWISE_BEZIER_KNOTS.);
#5581=B_SPLINE_CURVE_WITH_KNOTS('',2,(#10626,#10627,#10628),
 .UNSPECIFIED.,.F.,.F.,(3,3),(0.,1.),.PIECEWISE_BEZIER_KNOTS.);
#5582=B_SPLINE_CURVE_WITH_KNOTS('',2,(#10643,#10644,#10645),
 .UNSPECIFIED.,.F.,.F.,(3,3),(0.,1.),.PIECEWISE_BEZIER_KNOTS.);
#5583=B_SPLINE_CURVE_WITH_KNOTS('',2,(#10650,#10651,#10652),
 .UNSPECIFIED.,.F.,.F.,(3,3),(0.,1.),.PIECEWISE_BEZIER_KNOTS.);
#5584=B_SPLINE_CURVE_WITH_KNOTS('',2,(#10669,#10670,#10671),
 .UNSPECIFIED.,.F.,.F.,(3,3),(0.,1.),.PIECEWISE_BEZIER_KNOTS.);
#5585=B_SPLINE_CURVE_WITH_KNOTS('',2,(#10675,#10676,#10677),
 .UNSPECIFIED.,.F.,.F.,(3,3),(0.,1.),.PIECEWISE_BEZIER_KNOTS.);
#5586=B_SPLINE_CURVE_WITH_KNOTS('',2,(#10686,#10687,#10688),
 .UNSPECIFIED.,.F.,.F.,(3,3),(0.,1.),.PIECEWISE_BEZIER_KNOTS.);
#5587=B_SPLINE_CURVE_WITH_KNOTS('',2,(#10692,#10693,#10694),
 .UNSPECIFIED.,.F.,.F.,(3,3),(0.,1.),.PIECEWISE_BEZIER_KNOTS.);
#5588=B_SPLINE_CURVE_WITH_KNOTS('',2,(#10717,#10718,#10719),
 .UNSPECIFIED.,.F.,.F.,(3,3),(0.,1.),.PIECEWISE_BEZIER_KNOTS.);
#5589=B_SPLINE_CURVE_WITH_KNOTS('',2,(#10734,#10735,#10736),
 .UNSPECIFIED.,.F.,.F.,(3,3),(0.,1.),.PIECEWISE_BEZIER_KNOTS.);
#5590=B_SPLINE_CURVE_WITH_KNOTS('',2,(#10747,#10748,#10749),
 .UNSPECIFIED.,.F.,.F.,(3,3),(0.,1.),.PIECEWISE_BEZIER_KNOTS.);
#5591=B_SPLINE_CURVE_WITH_KNOTS('',2,(#10764,#10765,#10766),
 .UNSPECIFIED.,.F.,.F.,(3,3),(0.,1.),.PIECEWISE_BEZIER_KNOTS.);
#5592=B_SPLINE_CURVE_WITH_KNOTS('',2,(#10777,#10778,#10779),
 .UNSPECIFIED.,.F.,.F.,(3,3),(0.,1.),.PIECEWISE_BEZIER_KNOTS.);
#5593=B_SPLINE_CURVE_WITH_KNOTS('',2,(#10794,#10795,#10796),
 .UNSPECIFIED.,.F.,.F.,(3,3),(0.,1.),.PIECEWISE_BEZIER_KNOTS.);
#5594=B_SPLINE_CURVE_WITH_KNOTS('',2,(#10807,#10808,#10809),
 .UNSPECIFIED.,.F.,.F.,(3,3),(0.,1.),.PIECEWISE_BEZIER_KNOTS.);
#5595=B_SPLINE_CURVE_WITH_KNOTS('',2,(#10832,#10833,#10834),
 .UNSPECIFIED.,.F.,.F.,(3,3),(0.,1.),.PIECEWISE_BEZIER_KNOTS.);
#5596=B_SPLINE_CURVE_WITH_KNOTS('',2,(#10845,#10846,#10847),
 .UNSPECIFIED.,.F.,.F.,(3,3),(0.,1.),.PIECEWISE_BEZIER_KNOTS.);
#5597=B_SPLINE_CURVE_WITH_KNOTS('',2,(#10858,#10859,#10860),
 .UNSPECIFIED.,.F.,.F.,(3,3),(0.,1.),.PIECEWISE_BEZIER_KNOTS.);
#5598=B_SPLINE_CURVE_WITH_KNOTS('',2,(#10875,#10876,#10877),
 .UNSPECIFIED.,.F.,.F.,(3,3),(0.,1.),.PIECEWISE_BEZIER_KNOTS.);
#5599=B_SPLINE_CURVE_WITH_KNOTS('',2,(#10882,#10883,#10884),
 .UNSPECIFIED.,.F.,.F.,(3,3),(0.,1.),.PIECEWISE_BEZIER_KNOTS.);
#5600=B_SPLINE_CURVE_WITH_KNOTS('',2,(#10895,#10896,#10897),
 .UNSPECIFIED.,.F.,.F.,(3,3),(0.,1.),.PIECEWISE_BEZIER_KNOTS.);
#5601=B_SPLINE_CURVE_WITH_KNOTS('',2,(#10901,#10902,#10903),
 .UNSPECIFIED.,.F.,.F.,(3,3),(0.,1.),.PIECEWISE_BEZIER_KNOTS.);
#5602=B_SPLINE_CURVE_WITH_KNOTS('',2,(#10930,#10931,#10932),
 .UNSPECIFIED.,.F.,.F.,(3,3),(0.,1.),.PIECEWISE_BEZIER_KNOTS.);
#5603=B_SPLINE_CURVE_WITH_KNOTS('',2,(#10936,#10937,#10938),
 .UNSPECIFIED.,.F.,.F.,(3,3),(0.,1.),.PIECEWISE_BEZIER_KNOTS.);
#5604=B_SPLINE_CURVE_WITH_KNOTS('',2,(#10947,#10948,#10949),
 .UNSPECIFIED.,.F.,.F.,(3,3),(0.,1.),.PIECEWISE_BEZIER_KNOTS.);
#5605=B_SPLINE_CURVE_WITH_KNOTS('',2,(#10953,#10954,#10955),
 .UNSPECIFIED.,.F.,.F.,(3,3),(0.,1.),.PIECEWISE_BEZIER_KNOTS.);
#5606=B_SPLINE_CURVE_WITH_KNOTS('',2,(#10964,#10965,#10966),
 .UNSPECIFIED.,.F.,.F.,(3,3),(0.,1.),.PIECEWISE_BEZIER_KNOTS.);
#5607=B_SPLINE_CURVE_WITH_KNOTS('',2,(#10970,#10971,#10972),
 .UNSPECIFIED.,.F.,.F.,(3,3),(0.,1.),.PIECEWISE_BEZIER_KNOTS.);
#5608=B_SPLINE_CURVE_WITH_KNOTS('',2,(#10981,#10982,#10983),
 .UNSPECIFIED.,.F.,.F.,(3,3),(0.,1.),.PIECEWISE_BEZIER_KNOTS.);
#5609=B_SPLINE_CURVE_WITH_KNOTS('',2,(#10987,#10988,#10989),
 .UNSPECIFIED.,.F.,.F.,(3,3),(0.,1.),.PIECEWISE_BEZIER_KNOTS.);
#5610=B_SPLINE_CURVE_WITH_KNOTS('',2,(#11012,#11013,#11014),
 .UNSPECIFIED.,.F.,.F.,(3,3),(0.,1.),.PIECEWISE_BEZIER_KNOTS.);
#5611=B_SPLINE_CURVE_WITH_KNOTS('',2,(#11047,#11048,#11049),
 .UNSPECIFIED.,.F.,.F.,(3,3),(0.,1.),.PIECEWISE_BEZIER_KNOTS.);
#5612=B_SPLINE_CURVE_WITH_KNOTS('',2,(#11060,#11061,#11062),
 .UNSPECIFIED.,.F.,.F.,(3,3),(0.,1.),.PIECEWISE_BEZIER_KNOTS.);
#5613=B_SPLINE_CURVE_WITH_KNOTS('',2,(#11077,#11078,#11079),
 .UNSPECIFIED.,.F.,.F.,(3,3),(0.,1.),.PIECEWISE_BEZIER_KNOTS.);
#5614=B_SPLINE_CURVE_WITH_KNOTS('',2,(#11090,#11091,#11092),
 .UNSPECIFIED.,.F.,.F.,(3,3),(0.,1.),.PIECEWISE_BEZIER_KNOTS.);
#5615=B_SPLINE_CURVE_WITH_KNOTS('',2,(#11103,#11104,#11105),
 .UNSPECIFIED.,.F.,.F.,(3,3),(0.,1.),.PIECEWISE_BEZIER_KNOTS.);
#5616=B_SPLINE_CURVE_WITH_KNOTS('',2,(#11120,#11121,#11122),
 .UNSPECIFIED.,.F.,.F.,(3,3),(0.,1.),.PIECEWISE_BEZIER_KNOTS.);
#5617=B_SPLINE_CURVE_WITH_KNOTS('',2,(#11131,#11132,#11133),
 .UNSPECIFIED.,.F.,.F.,(3,3),(0.,1.),.PIECEWISE_BEZIER_KNOTS.);
#5618=B_SPLINE_CURVE_WITH_KNOTS('',2,(#11309,#11310,#11311),
 .UNSPECIFIED.,.F.,.F.,(3,3),(0.,1.),.PIECEWISE_BEZIER_KNOTS.);
#5619=B_SPLINE_CURVE_WITH_KNOTS('',2,(#11326,#11327,#11328),
 .UNSPECIFIED.,.F.,.F.,(3,3),(0.,1.),.PIECEWISE_BEZIER_KNOTS.);
#5620=B_SPLINE_CURVE_WITH_KNOTS('',2,(#11339,#11340,#11341),
 .UNSPECIFIED.,.F.,.F.,(3,3),(0.,1.),.PIECEWISE_BEZIER_KNOTS.);
#5621=B_SPLINE_CURVE_WITH_KNOTS('',2,(#11356,#11357,#11358),
 .UNSPECIFIED.,.F.,.F.,(3,3),(0.,1.),.PIECEWISE_BEZIER_KNOTS.);
#5622=B_SPLINE_CURVE_WITH_KNOTS('',2,(#11381,#11382,#11383),
 .UNSPECIFIED.,.F.,.F.,(3,3),(0.,1.),.PIECEWISE_BEZIER_KNOTS.);
#5623=B_SPLINE_CURVE_WITH_KNOTS('',2,(#11394,#11395,#11396),
 .UNSPECIFIED.,.F.,.F.,(3,3),(0.,1.),.PIECEWISE_BEZIER_KNOTS.);
#5624=B_SPLINE_CURVE_WITH_KNOTS('',2,(#11407,#11408,#11409),
 .UNSPECIFIED.,.F.,.F.,(3,3),(0.,1.),.PIECEWISE_BEZIER_KNOTS.);
#5625=B_SPLINE_CURVE_WITH_KNOTS('',2,(#11418,#11419,#11420),
 .UNSPECIFIED.,.F.,.F.,(3,3),(0.,1.),.PIECEWISE_BEZIER_KNOTS.);
#5626=B_SPLINE_CURVE_WITH_KNOTS('',2,(#11480,#11481,#11482),
 .UNSPECIFIED.,.F.,.F.,(3,3),(0.,1.),.PIECEWISE_BEZIER_KNOTS.);
#5627=B_SPLINE_CURVE_WITH_KNOTS('',2,(#11487,#11488,#11489),
 .UNSPECIFIED.,.F.,.F.,(3,3),(0.,1.),.PIECEWISE_BEZIER_KNOTS.);
#5628=B_SPLINE_CURVE_WITH_KNOTS('',2,(#11500,#11501,#11502),
 .UNSPECIFIED.,.F.,.F.,(3,3),(0.,1.),.PIECEWISE_BEZIER_KNOTS.);
#5629=B_SPLINE_CURVE_WITH_KNOTS('',2,(#11506,#11507,#11508),
 .UNSPECIFIED.,.F.,.F.,(3,3),(0.,1.),.PIECEWISE_BEZIER_KNOTS.);
#5630=B_SPLINE_CURVE_WITH_KNOTS('',2,(#11535,#11536,#11537),
 .UNSPECIFIED.,.F.,.F.,(3,3),(0.,1.),.PIECEWISE_BEZIER_KNOTS.);
#5631=B_SPLINE_CURVE_WITH_KNOTS('',2,(#11541,#11542,#11543),
 .UNSPECIFIED.,.F.,.F.,(3,3),(0.,1.),.PIECEWISE_BEZIER_KNOTS.);
#5632=B_SPLINE_CURVE_WITH_KNOTS('',2,(#11552,#11553,#11554),
 .UNSPECIFIED.,.F.,.F.,(3,3),(0.,1.),.PIECEWISE_BEZIER_KNOTS.);
#5633=B_SPLINE_CURVE_WITH_KNOTS('',2,(#11558,#11559,#11560),
 .UNSPECIFIED.,.F.,.F.,(3,3),(0.,1.),.PIECEWISE_BEZIER_KNOTS.);
#5634=B_SPLINE_CURVE_WITH_KNOTS('',2,(#11569,#11570,#11571),
 .UNSPECIFIED.,.F.,.F.,(3,3),(0.,1.),.PIECEWISE_BEZIER_KNOTS.);
#5635=B_SPLINE_CURVE_WITH_KNOTS('',2,(#11575,#11576,#11577),
 .UNSPECIFIED.,.F.,.F.,(3,3),(0.,1.),.PIECEWISE_BEZIER_KNOTS.);
#5636=B_SPLINE_CURVE_WITH_KNOTS('',2,(#11586,#11587,#11588),
 .UNSPECIFIED.,.F.,.F.,(3,3),(0.,1.),.PIECEWISE_BEZIER_KNOTS.);
#5637=B_SPLINE_CURVE_WITH_KNOTS('',2,(#11592,#11593,#11594),
 .UNSPECIFIED.,.F.,.F.,(3,3),(0.,1.),.PIECEWISE_BEZIER_KNOTS.);
#5638=B_SPLINE_CURVE_WITH_KNOTS('',2,(#11617,#11618,#11619),
 .UNSPECIFIED.,.F.,.F.,(3,3),(0.,1.),.PIECEWISE_BEZIER_KNOTS.);
#5639=B_SPLINE_CURVE_WITH_KNOTS('',2,(#11632,#11633,#11634),
 .UNSPECIFIED.,.F.,.F.,(3,3),(0.,1.),.PIECEWISE_BEZIER_KNOTS.);
#5640=B_SPLINE_CURVE_WITH_KNOTS('',2,(#11645,#11646,#11647),
 .UNSPECIFIED.,.F.,.F.,(3,3),(0.,1.),.PIECEWISE_BEZIER_KNOTS.);
#5641=B_SPLINE_CURVE_WITH_KNOTS('',2,(#11658,#11659,#11660),
 .UNSPECIFIED.,.F.,.F.,(3,3),(0.,1.),.PIECEWISE_BEZIER_KNOTS.);
#5642=B_SPLINE_CURVE_WITH_KNOTS('',2,(#11671,#11672,#11673),
 .UNSPECIFIED.,.F.,.F.,(3,3),(0.,1.),.PIECEWISE_BEZIER_KNOTS.);
#5643=B_SPLINE_CURVE_WITH_KNOTS('',2,(#11684,#11685,#11686),
 .UNSPECIFIED.,.F.,.F.,(3,3),(0.,1.),.PIECEWISE_BEZIER_KNOTS.);
#5644=B_SPLINE_CURVE_WITH_KNOTS('',2,(#11717,#11718,#11719),
 .UNSPECIFIED.,.F.,.F.,(3,3),(0.,1.),.PIECEWISE_BEZIER_KNOTS.);
#5645=B_SPLINE_CURVE_WITH_KNOTS('',2,(#11730,#11731,#11732),
 .UNSPECIFIED.,.F.,.F.,(3,3),(0.,1.),.PIECEWISE_BEZIER_KNOTS.);
#5646=B_SPLINE_CURVE_WITH_KNOTS('',2,(#11743,#11744,#11745),
 .UNSPECIFIED.,.F.,.F.,(3,3),(0.,1.),.PIECEWISE_BEZIER_KNOTS.);
#5647=B_SPLINE_CURVE_WITH_KNOTS('',2,(#11760,#11761,#11762),
 .UNSPECIFIED.,.F.,.F.,(3,3),(0.,1.),.PIECEWISE_BEZIER_KNOTS.);
#5648=B_SPLINE_CURVE_WITH_KNOTS('',2,(#11767,#11768,#11769),
 .UNSPECIFIED.,.F.,.F.,(3,3),(0.,1.),.PIECEWISE_BEZIER_KNOTS.);
#5649=B_SPLINE_CURVE_WITH_KNOTS('',2,(#11786,#11787,#11788),
 .UNSPECIFIED.,.F.,.F.,(3,3),(0.,1.),.PIECEWISE_BEZIER_KNOTS.);
#5650=B_SPLINE_CURVE_WITH_KNOTS('',2,(#11792,#11793,#11794),
 .UNSPECIFIED.,.F.,.F.,(3,3),(0.,1.),.PIECEWISE_BEZIER_KNOTS.);
#5651=B_SPLINE_CURVE_WITH_KNOTS('',2,(#11803,#11804,#11805),
 .UNSPECIFIED.,.F.,.F.,(3,3),(0.,1.),.PIECEWISE_BEZIER_KNOTS.);
#5652=B_SPLINE_CURVE_WITH_KNOTS('',2,(#11809,#11810,#11811),
 .UNSPECIFIED.,.F.,.F.,(3,3),(0.,1.),.PIECEWISE_BEZIER_KNOTS.);
#5653=B_SPLINE_CURVE_WITH_KNOTS('',2,(#11834,#11835,#11836),
 .UNSPECIFIED.,.F.,.F.,(3,3),(0.,1.),.PIECEWISE_BEZIER_KNOTS.);
#5654=B_SPLINE_CURVE_WITH_KNOTS('',2,(#11851,#11852,#11853),
 .UNSPECIFIED.,.F.,.F.,(3,3),(0.,1.),.PIECEWISE_BEZIER_KNOTS.);
#5655=B_SPLINE_CURVE_WITH_KNOTS('',2,(#11864,#11865,#11866),
 .UNSPECIFIED.,.F.,.F.,(3,3),(0.,1.),.PIECEWISE_BEZIER_KNOTS.);
#5656=B_SPLINE_CURVE_WITH_KNOTS('',2,(#11881,#11882,#11883),
 .UNSPECIFIED.,.F.,.F.,(3,3),(0.,1.),.PIECEWISE_BEZIER_KNOTS.);
#5657=B_SPLINE_CURVE_WITH_KNOTS('',2,(#11894,#11895,#11896),
 .UNSPECIFIED.,.F.,.F.,(3,3),(0.,1.),.PIECEWISE_BEZIER_KNOTS.);
#5658=B_SPLINE_CURVE_WITH_KNOTS('',2,(#11911,#11912,#11913),
 .UNSPECIFIED.,.F.,.F.,(3,3),(0.,1.),.PIECEWISE_BEZIER_KNOTS.);
#5659=B_SPLINE_CURVE_WITH_KNOTS('',2,(#11924,#11925,#11926),
 .UNSPECIFIED.,.F.,.F.,(3,3),(0.,1.),.PIECEWISE_BEZIER_KNOTS.);
#5660=B_SPLINE_CURVE_WITH_KNOTS('',2,(#11949,#11950,#11951),
 .UNSPECIFIED.,.F.,.F.,(3,3),(0.,1.),.PIECEWISE_BEZIER_KNOTS.);
#5661=B_SPLINE_CURVE_WITH_KNOTS('',2,(#11962,#11963,#11964),
 .UNSPECIFIED.,.F.,.F.,(3,3),(0.,1.),.PIECEWISE_BEZIER_KNOTS.);
#5662=B_SPLINE_CURVE_WITH_KNOTS('',2,(#11975,#11976,#11977),
 .UNSPECIFIED.,.F.,.F.,(3,3),(0.,1.),.PIECEWISE_BEZIER_KNOTS.);
#5663=B_SPLINE_CURVE_WITH_KNOTS('',2,(#11992,#11993,#11994),
 .UNSPECIFIED.,.F.,.F.,(3,3),(0.,1.),.PIECEWISE_BEZIER_KNOTS.);
#5664=B_SPLINE_CURVE_WITH_KNOTS('',2,(#11999,#12000,#12001),
 .UNSPECIFIED.,.F.,.F.,(3,3),(0.,1.),.PIECEWISE_BEZIER_KNOTS.);
#5665=B_SPLINE_CURVE_WITH_KNOTS('',2,(#12012,#12013,#12014),
 .UNSPECIFIED.,.F.,.F.,(3,3),(0.,1.),.PIECEWISE_BEZIER_KNOTS.);
#5666=B_SPLINE_CURVE_WITH_KNOTS('',2,(#12018,#12019,#12020),
 .UNSPECIFIED.,.F.,.F.,(3,3),(0.,1.),.PIECEWISE_BEZIER_KNOTS.);
#5667=B_SPLINE_CURVE_WITH_KNOTS('',2,(#12047,#12048,#12049),
 .UNSPECIFIED.,.F.,.F.,(3,3),(0.,1.),.PIECEWISE_BEZIER_KNOTS.);
#5668=B_SPLINE_CURVE_WITH_KNOTS('',2,(#12053,#12054,#12055),
 .UNSPECIFIED.,.F.,.F.,(3,3),(0.,1.),.PIECEWISE_BEZIER_KNOTS.);
#5669=B_SPLINE_CURVE_WITH_KNOTS('',2,(#12064,#12065,#12066),
 .UNSPECIFIED.,.F.,.F.,(3,3),(0.,1.),.PIECEWISE_BEZIER_KNOTS.);
#5670=B_SPLINE_CURVE_WITH_KNOTS('',2,(#12070,#12071,#12072),
 .UNSPECIFIED.,.F.,.F.,(3,3),(0.,1.),.PIECEWISE_BEZIER_KNOTS.);
#5671=B_SPLINE_CURVE_WITH_KNOTS('',2,(#12081,#12082,#12083),
 .UNSPECIFIED.,.F.,.F.,(3,3),(0.,1.),.PIECEWISE_BEZIER_KNOTS.);
#5672=B_SPLINE_CURVE_WITH_KNOTS('',2,(#12087,#12088,#12089),
 .UNSPECIFIED.,.F.,.F.,(3,3),(0.,1.),.PIECEWISE_BEZIER_KNOTS.);
#5673=B_SPLINE_CURVE_WITH_KNOTS('',2,(#12098,#12099,#12100),
 .UNSPECIFIED.,.F.,.F.,(3,3),(0.,1.),.PIECEWISE_BEZIER_KNOTS.);
#5674=B_SPLINE_CURVE_WITH_KNOTS('',2,(#12104,#12105,#12106),
 .UNSPECIFIED.,.F.,.F.,(3,3),(0.,1.),.PIECEWISE_BEZIER_KNOTS.);
#5675=B_SPLINE_CURVE_WITH_KNOTS('',2,(#12129,#12130,#12131),
 .UNSPECIFIED.,.F.,.F.,(3,3),(0.,1.),.PIECEWISE_BEZIER_KNOTS.);
#5676=B_SPLINE_CURVE_WITH_KNOTS('',2,(#12164,#12165,#12166),
 .UNSPECIFIED.,.F.,.F.,(3,3),(0.,1.),.PIECEWISE_BEZIER_KNOTS.);
#5677=B_SPLINE_CURVE_WITH_KNOTS('',2,(#12177,#12178,#12179),
 .UNSPECIFIED.,.F.,.F.,(3,3),(0.,1.),.PIECEWISE_BEZIER_KNOTS.);
#5678=B_SPLINE_CURVE_WITH_KNOTS('',2,(#12194,#12195,#12196),
 .UNSPECIFIED.,.F.,.F.,(3,3),(0.,1.),.PIECEWISE_BEZIER_KNOTS.);
#5679=B_SPLINE_CURVE_WITH_KNOTS('',2,(#12207,#12208,#12209),
 .UNSPECIFIED.,.F.,.F.,(3,3),(0.,1.),.PIECEWISE_BEZIER_KNOTS.);
#5680=B_SPLINE_CURVE_WITH_KNOTS('',2,(#12220,#12221,#12222),
 .UNSPECIFIED.,.F.,.F.,(3,3),(0.,1.),.PIECEWISE_BEZIER_KNOTS.);
#5681=B_SPLINE_CURVE_WITH_KNOTS('',2,(#12237,#12238,#12239),
 .UNSPECIFIED.,.F.,.F.,(3,3),(0.,1.),.PIECEWISE_BEZIER_KNOTS.);
#5682=B_SPLINE_CURVE_WITH_KNOTS('',2,(#12248,#12249,#12250),
 .UNSPECIFIED.,.F.,.F.,(3,3),(0.,1.),.PIECEWISE_BEZIER_KNOTS.);
#5683=EDGE_LOOP('',(#1702,#1703,#1704,#1705,#1706,#1707,#1708,#1709,#1710,
#1711,#1712,#1713,#1714,#1715,#1716,#1717,#1718,#1719));
#5684=EDGE_LOOP('',(#1720,#1721,#1722,#1723,#1724,#1725,#1726,#1727));
#5685=EDGE_LOOP('',(#1728,#1729,#1730,#1731));
#5686=EDGE_LOOP('',(#1732,#1733,#1734,#1735,#1736,#1737,#1738,#1739,#1740,
#1741,#1742,#1743,#1744,#1745,#1746,#1747));
#5687=EDGE_LOOP('',(#1748,#1749,#1750,#1751,#1752,#1753,#1754,#1755,#1756,
#1757,#1758));
#5688=EDGE_LOOP('',(#1759,#1760,#1761,#1762));
#5689=EDGE_LOOP('',(#1763,#1764,#1765,#1766,#1767,#1768,#1769,#1770,#1771,
#1772,#1773,#1774,#1775,#1776,#1777));
#5690=EDGE_LOOP('',(#1778,#1779,#1780,#1781,#1782,#1783,#1784,#1785,#1786,
#1787,#1788,#1789,#1790,#1791,#1792));
#5691=EDGE_LOOP('',(#1793,#1794,#1795,#1796,#1797,#1798,#1799,#1800,#1801,
#1802,#1803,#1804,#1805));
#5692=EDGE_LOOP('',(#1806,#1807,#1808,#1809,#1810,#1811,#1812,#1813,#1814,
#1815));
#5693=EDGE_LOOP('',(#1816,#1817,#1818,#1819,#1820,#1821,#1822,#1823,#1824,
#1825));
#5694=EDGE_LOOP('',(#1826,#1827,#1828,#1829,#1830,#1831,#1832,#1833,#1834,
#1835));
#5695=EDGE_LOOP('',(#1836,#1837,#1838,#1839,#1840,#1841,#1842,#1843,#1844,
#1845));
#5696=EDGE_LOOP('',(#1846,#1847,#1848,#1849,#1850,#1851,#1852,#1853,#1854,
#1855));
#5697=EDGE_LOOP('',(#1856,#1857,#1858,#1859,#1860,#1861,#1862,#1863,#1864,
#1865));
#5698=EDGE_LOOP('',(#1866,#1867,#1868,#1869,#1870,#1871,#1872,#1873,#1874,
#1875));
#5699=EDGE_LOOP('',(#1876,#1877,#1878,#1879));
#5700=EDGE_LOOP('',(#1880,#1881,#1882,#1883));
#5701=EDGE_LOOP('',(#1884,#1885,#1886,#1887));
#5702=EDGE_LOOP('',(#1888,#1889,#1890,#1891));
#5703=EDGE_LOOP('',(#1892,#1893,#1894,#1895));
#5704=EDGE_LOOP('',(#1896,#1897,#1898,#1899));
#5705=EDGE_LOOP('',(#1900,#1901,#1902,#1903));
#5706=EDGE_LOOP('',(#1904,#1905,#1906,#1907));
#5707=EDGE_LOOP('',(#1908,#1909,#1910,#1911));
#5708=EDGE_LOOP('',(#1912,#1913,#1914,#1915));
#5709=EDGE_LOOP('',(#1916,#1917,#1918,#1919));
#5710=EDGE_LOOP('',(#1920,#1921,#1922,#1923));
#5711=EDGE_LOOP('',(#1924,#1925,#1926,#1927,#1928,#1929));
#5712=EDGE_LOOP('',(#1930,#1931,#1932,#1933,#1934,#1935,#1936,#1937,#1938,
#1939,#1940,#1941,#1942,#1943,#1944,#1945,#1946,#1947));
#5713=EDGE_LOOP('',(#1948,#1949,#1950,#1951,#1952,#1953,#1954,#1955));
#5714=EDGE_LOOP('',(#1956,#1957,#1958,#1959));
#5715=EDGE_LOOP('',(#1960,#1961,#1962,#1963,#1964,#1965,#1966,#1967,#1968,
#1969,#1970,#1971,#1972,#1973,#1974,#1975));
#5716=EDGE_LOOP('',(#1976,#1977,#1978,#1979,#1980,#1981,#1982,#1983,#1984,
#1985,#1986));
#5717=EDGE_LOOP('',(#1987,#1988,#1989,#1990));
#5718=EDGE_LOOP('',(#1991,#1992,#1993,#1994));
#5719=EDGE_LOOP('',(#1995,#1996,#1997,#1998,#1999,#2000,#2001,#2002,#2003,
#2004,#2005,#2006,#2007,#2008,#2009));
#5720=EDGE_LOOP('',(#2010,#2011,#2012,#2013,#2014,#2015,#2016,#2017,#2018,
#2019,#2020,#2021,#2022,#2023,#2024));
#5721=EDGE_LOOP('',(#2025,#2026,#2027,#2028,#2029,#2030,#2031,#2032,#2033,
#2034,#2035,#2036,#2037));
#5722=EDGE_LOOP('',(#2038));
#5723=EDGE_LOOP('',(#2039));
#5724=EDGE_LOOP('',(#2040));
#5725=EDGE_LOOP('',(#2041));
#5726=EDGE_LOOP('',(#2042,#2043,#2044,#2045,#2046,#2047,#2048,#2049));
#5727=EDGE_LOOP('',(#2050,#2051,#2052,#2053,#2054,#2055,#2056,#2057,#2058,
#2059));
#5728=EDGE_LOOP('',(#2060,#2061,#2062,#2063));
#5729=EDGE_LOOP('',(#2064,#2065,#2066,#2067));
#5730=EDGE_LOOP('',(#2068,#2069,#2070,#2071,#2072));
#5731=EDGE_LOOP('',(#2073,#2074,#2075,#2076,#2077,#2078));
#5732=EDGE_LOOP('',(#2079,#2080,#2081,#2082));
#5733=EDGE_LOOP('',(#2083,#2084,#2085,#2086,#2087,#2088,#2089,#2090,#2091,
#2092));
#5734=EDGE_LOOP('',(#2093,#2094,#2095,#2096,#2097,#2098));
#5735=EDGE_LOOP('',(#2099,#2100,#2101,#2102));
#5736=EDGE_LOOP('',(#2103,#2104,#2105,#2106,#2107,#2108,#2109,#2110,#2111,
#2112,#2113,#2114,#2115,#2116,#2117,#2118,#2119,#2120,#2121,#2122));
#5737=EDGE_LOOP('',(#2123,#2124,#2125,#2126,#2127,#2128,#2129,#2130,#2131,
#2132));
#5738=EDGE_LOOP('',(#2133,#2134,#2135,#2136));
#5739=EDGE_LOOP('',(#2137,#2138,#2139,#2140,#2141,#2142,#2143,#2144));
#5740=EDGE_LOOP('',(#2145,#2146,#2147,#2148));
#5741=EDGE_LOOP('',(#2149,#2150,#2151,#2152,#2153));
#5742=EDGE_LOOP('',(#2154,#2155,#2156,#2157,#2158,#2159));
#5743=EDGE_LOOP('',(#2160,#2161,#2162,#2163,#2164,#2165));
#5744=EDGE_LOOP('',(#2166,#2167,#2168,#2169));
#5745=EDGE_LOOP('',(#2170,#2171,#2172,#2173));
#5746=EDGE_LOOP('',(#2174,#2175,#2176,#2177));
#5747=EDGE_LOOP('',(#2178,#2179,#2180,#2181));
#5748=EDGE_LOOP('',(#2182,#2183,#2184,#2185));
#5749=EDGE_LOOP('',(#2186,#2187,#2188,#2189));
#5750=EDGE_LOOP('',(#2190,#2191,#2192,#2193));
#5751=EDGE_LOOP('',(#2194));
#5752=EDGE_LOOP('',(#2195));
#5753=EDGE_LOOP('',(#2196));
#5754=EDGE_LOOP('',(#2197));
#5755=EDGE_LOOP('',(#2198));
#5756=EDGE_LOOP('',(#2199));
#5757=EDGE_LOOP('',(#2200));
#5758=EDGE_LOOP('',(#2201));
#5759=EDGE_LOOP('',(#2202));
#5760=EDGE_LOOP('',(#2203));
#5761=EDGE_LOOP('',(#2204));
#5762=EDGE_LOOP('',(#2205));
#5763=EDGE_LOOP('',(#2206,#2207,#2208,#2209));
#5764=EDGE_LOOP('',(#2210,#2211,#2212,#2213));
#5765=EDGE_LOOP('',(#2214,#2215,#2216,#2217));
#5766=EDGE_LOOP('',(#2218,#2219,#2220,#2221));
#5767=EDGE_LOOP('',(#2222,#2223,#2224,#2225));
#5768=EDGE_LOOP('',(#2226,#2227,#2228,#2229));
#5769=EDGE_LOOP('',(#2230,#2231,#2232,#2233));
#5770=EDGE_LOOP('',(#2234,#2235,#2236,#2237));
#5771=EDGE_LOOP('',(#2238,#2239,#2240,#2241));
#5772=EDGE_LOOP('',(#2242,#2243,#2244,#2245));
#5773=EDGE_LOOP('',(#2246,#2247,#2248,#2249));
#5774=EDGE_LOOP('',(#2250,#2251,#2252,#2253));
#5775=EDGE_LOOP('',(#2254,#2255,#2256,#2257));
#5776=EDGE_LOOP('',(#2258,#2259,#2260,#2261));
#5777=EDGE_LOOP('',(#2262,#2263,#2264,#2265));
#5778=EDGE_LOOP('',(#2266,#2267,#2268,#2269));
#5779=EDGE_LOOP('',(#2270,#2271,#2272,#2273));
#5780=EDGE_LOOP('',(#2274,#2275,#2276,#2277));
#5781=EDGE_LOOP('',(#2278,#2279,#2280,#2281));
#5782=EDGE_LOOP('',(#2282,#2283,#2284,#2285));
#5783=EDGE_LOOP('',(#2286,#2287,#2288,#2289));
#5784=EDGE_LOOP('',(#2290,#2291,#2292,#2293));
#5785=EDGE_LOOP('',(#2294,#2295,#2296,#2297));
#5786=EDGE_LOOP('',(#2298,#2299,#2300,#2301));
#5787=EDGE_LOOP('',(#2302,#2303,#2304,#2305));
#5788=EDGE_LOOP('',(#2306,#2307,#2308,#2309));
#5789=EDGE_LOOP('',(#2310,#2311,#2312,#2313));
#5790=EDGE_LOOP('',(#2314,#2315,#2316,#2317,#2318,#2319,#2320,#2321,#2322,
#2323,#2324,#2325,#2326,#2327,#2328,#2329));
#5791=EDGE_LOOP('',(#2330,#2331,#2332,#2333));
#5792=EDGE_LOOP('',(#2334,#2335,#2336,#2337));
#5793=EDGE_LOOP('',(#2338,#2339,#2340,#2341));
#5794=EDGE_LOOP('',(#2342,#2343,#2344,#2345));
#5795=EDGE_LOOP('',(#2346,#2347,#2348,#2349));
#5796=EDGE_LOOP('',(#2350,#2351,#2352,#2353));
#5797=EDGE_LOOP('',(#2354,#2355,#2356,#2357));
#5798=EDGE_LOOP('',(#2358,#2359,#2360,#2361));
#5799=EDGE_LOOP('',(#2362,#2363,#2364,#2365));
#5800=EDGE_LOOP('',(#2366,#2367,#2368,#2369));
#5801=EDGE_LOOP('',(#2370,#2371,#2372,#2373));
#5802=EDGE_LOOP('',(#2374,#2375,#2376,#2377));
#5803=EDGE_LOOP('',(#2378,#2379,#2380,#2381));
#5804=EDGE_LOOP('',(#2382,#2383,#2384,#2385,#2386,#2387,#2388,#2389));
#5805=EDGE_LOOP('',(#2390,#2391,#2392,#2393));
#5806=EDGE_LOOP('',(#2394,#2395,#2396,#2397));
#5807=EDGE_LOOP('',(#2398,#2399,#2400,#2401));
#5808=EDGE_LOOP('',(#2402,#2403,#2404,#2405));
#5809=EDGE_LOOP('',(#2406,#2407,#2408,#2409));
#5810=EDGE_LOOP('',(#2410,#2411,#2412,#2413));
#5811=EDGE_LOOP('',(#2414,#2415,#2416,#2417));
#5812=EDGE_LOOP('',(#2418,#2419,#2420,#2421));
#5813=EDGE_LOOP('',(#2422,#2423,#2424,#2425));
#5814=EDGE_LOOP('',(#2426,#2427,#2428,#2429));
#5815=EDGE_LOOP('',(#2430,#2431,#2432,#2433));
#5816=EDGE_LOOP('',(#2434,#2435,#2436,#2437));
#5817=EDGE_LOOP('',(#2438,#2439,#2440,#2441));
#5818=EDGE_LOOP('',(#2442,#2443,#2444,#2445));
#5819=EDGE_LOOP('',(#2446,#2447,#2448,#2449));
#5820=EDGE_LOOP('',(#2450,#2451,#2452,#2453));
#5821=EDGE_LOOP('',(#2454,#2455,#2456,#2457));
#5822=EDGE_LOOP('',(#2458,#2459,#2460,#2461));
#5823=EDGE_LOOP('',(#2462,#2463,#2464,#2465));
#5824=EDGE_LOOP('',(#2466,#2467,#2468,#2469));
#5825=EDGE_LOOP('',(#2470,#2471,#2472,#2473));
#5826=EDGE_LOOP('',(#2474,#2475,#2476,#2477));
#5827=EDGE_LOOP('',(#2478,#2479,#2480,#2481));
#5828=EDGE_LOOP('',(#2482,#2483,#2484,#2485));
#5829=EDGE_LOOP('',(#2486,#2487,#2488,#2489));
#5830=EDGE_LOOP('',(#2490,#2491,#2492,#2493));
#5831=EDGE_LOOP('',(#2494,#2495,#2496,#2497));
#5832=EDGE_LOOP('',(#2498,#2499,#2500,#2501,#2502,#2503,#2504,#2505,#2506,
#2507,#2508,#2509,#2510,#2511,#2512));
#5833=EDGE_LOOP('',(#2513,#2514,#2515,#2516,#2517,#2518,#2519,#2520,#2521,
#2522,#2523,#2524));
#5834=EDGE_LOOP('',(#2525,#2526,#2527,#2528));
#5835=EDGE_LOOP('',(#2529,#2530,#2531,#2532));
#5836=EDGE_LOOP('',(#2533,#2534,#2535,#2536));
#5837=EDGE_LOOP('',(#2537,#2538,#2539,#2540));
#5838=EDGE_LOOP('',(#2541,#2542,#2543,#2544));
#5839=EDGE_LOOP('',(#2545,#2546,#2547,#2548));
#5840=EDGE_LOOP('',(#2549,#2550,#2551,#2552));
#5841=EDGE_LOOP('',(#2553,#2554,#2555,#2556));
#5842=EDGE_LOOP('',(#2557,#2558,#2559,#2560));
#5843=EDGE_LOOP('',(#2561,#2562,#2563,#2564));
#5844=EDGE_LOOP('',(#2565,#2566,#2567,#2568));
#5845=EDGE_LOOP('',(#2569,#2570,#2571,#2572));
#5846=EDGE_LOOP('',(#2573,#2574,#2575,#2576));
#5847=EDGE_LOOP('',(#2577,#2578,#2579,#2580));
#5848=EDGE_LOOP('',(#2581,#2582,#2583,#2584));
#5849=EDGE_LOOP('',(#2585,#2586,#2587,#2588));
#5850=EDGE_LOOP('',(#2589,#2590,#2591,#2592));
#5851=EDGE_LOOP('',(#2593,#2594,#2595,#2596));
#5852=EDGE_LOOP('',(#2597,#2598,#2599,#2600));
#5853=EDGE_LOOP('',(#2601,#2602,#2603,#2604));
#5854=EDGE_LOOP('',(#2605,#2606,#2607,#2608));
#5855=EDGE_LOOP('',(#2609,#2610,#2611,#2612));
#5856=EDGE_LOOP('',(#2613,#2614,#2615,#2616));
#5857=EDGE_LOOP('',(#2617,#2618,#2619,#2620));
#5858=EDGE_LOOP('',(#2621,#2622,#2623,#2624,#2625,#2626,#2627,#2628,#2629,
#2630,#2631,#2632,#2633,#2634,#2635,#2636,#2637,#2638));
#5859=EDGE_LOOP('',(#2639,#2640,#2641,#2642,#2643,#2644));
#5860=EDGE_LOOP('',(#2645,#2646,#2647,#2648));
#5861=EDGE_LOOP('',(#2649,#2650,#2651,#2652));
#5862=EDGE_LOOP('',(#2653,#2654,#2655,#2656));
#5863=EDGE_LOOP('',(#2657,#2658,#2659,#2660));
#5864=EDGE_LOOP('',(#2661,#2662,#2663,#2664));
#5865=EDGE_LOOP('',(#2665,#2666,#2667,#2668));
#5866=EDGE_LOOP('',(#2669,#2670,#2671,#2672));
#5867=EDGE_LOOP('',(#2673,#2674,#2675,#2676));
#5868=EDGE_LOOP('',(#2677,#2678,#2679,#2680));
#5869=EDGE_LOOP('',(#2681,#2682,#2683,#2684));
#5870=EDGE_LOOP('',(#2685,#2686,#2687,#2688));
#5871=EDGE_LOOP('',(#2689,#2690,#2691,#2692));
#5872=EDGE_LOOP('',(#2693,#2694,#2695,#2696));
#5873=EDGE_LOOP('',(#2697,#2698,#2699,#2700));
#5874=EDGE_LOOP('',(#2701,#2702,#2703,#2704));
#5875=EDGE_LOOP('',(#2705,#2706,#2707,#2708));
#5876=EDGE_LOOP('',(#2709,#2710,#2711,#2712));
#5877=EDGE_LOOP('',(#2713,#2714,#2715,#2716));
#5878=EDGE_LOOP('',(#2717,#2718,#2719,#2720));
#5879=EDGE_LOOP('',(#2721,#2722,#2723,#2724));
#5880=EDGE_LOOP('',(#2725,#2726,#2727,#2728));
#5881=EDGE_LOOP('',(#2729,#2730,#2731,#2732));
#5882=EDGE_LOOP('',(#2733,#2734,#2735,#2736));
#5883=EDGE_LOOP('',(#2737,#2738,#2739,#2740));
#5884=EDGE_LOOP('',(#2741,#2742,#2743,#2744));
#5885=EDGE_LOOP('',(#2745,#2746,#2747,#2748));
#5886=EDGE_LOOP('',(#2749,#2750,#2751,#2752));
#5887=EDGE_LOOP('',(#2753,#2754,#2755,#2756,#2757,#2758,#2759,#2760,#2761,
#2762,#2763,#2764,#2765,#2766,#2767));
#5888=EDGE_LOOP('',(#2768,#2769,#2770,#2771,#2772,#2773,#2774,#2775,#2776,
#2777,#2778,#2779));
#5889=EDGE_LOOP('',(#2780,#2781,#2782,#2783));
#5890=EDGE_LOOP('',(#2784,#2785,#2786,#2787));
#5891=EDGE_LOOP('',(#2788,#2789,#2790,#2791));
#5892=EDGE_LOOP('',(#2792,#2793,#2794,#2795));
#5893=EDGE_LOOP('',(#2796,#2797,#2798,#2799));
#5894=EDGE_LOOP('',(#2800,#2801,#2802,#2803));
#5895=EDGE_LOOP('',(#2804,#2805,#2806,#2807));
#5896=EDGE_LOOP('',(#2808,#2809,#2810,#2811));
#5897=EDGE_LOOP('',(#2812,#2813,#2814,#2815));
#5898=EDGE_LOOP('',(#2816,#2817,#2818,#2819));
#5899=EDGE_LOOP('',(#2820,#2821,#2822,#2823));
#5900=EDGE_LOOP('',(#2824,#2825,#2826,#2827));
#5901=EDGE_LOOP('',(#2828,#2829,#2830,#2831));
#5902=EDGE_LOOP('',(#2832,#2833,#2834,#2835,#2836,#2837,#2838,#2839,#2840,
#2841,#2842,#2843,#2844));
#5903=EDGE_LOOP('',(#2845,#2846,#2847,#2848,#2849,#2850,#2851,#2852,#2853,
#2854,#2855,#2856));
#5904=EDGE_LOOP('',(#2857,#2858,#2859,#2860,#2861,#2862));
#5905=EDGE_LOOP('',(#2863,#2864,#2865,#2866,#2867,#2868,#2869,#2870,#2871,
#2872,#2873,#2874));
#5906=EDGE_LOOP('',(#2875,#2876,#2877,#2878));
#5907=EDGE_LOOP('',(#2879,#2880,#2881,#2882));
#5908=EDGE_LOOP('',(#2883,#2884,#2885,#2886));
#5909=EDGE_LOOP('',(#2887,#2888,#2889,#2890));
#5910=EDGE_LOOP('',(#2891,#2892,#2893,#2894,#2895,#2896,#2897,#2898,#2899,
#2900,#2901));
#5911=EDGE_LOOP('',(#2902,#2903,#2904,#2905));
#5912=EDGE_LOOP('',(#2906,#2907,#2908,#2909));
#5913=EDGE_LOOP('',(#2910,#2911,#2912,#2913));
#5914=EDGE_LOOP('',(#2914,#2915,#2916,#2917));
#5915=EDGE_LOOP('',(#2918,#2919,#2920,#2921));
#5916=EDGE_LOOP('',(#2922,#2923,#2924,#2925));
#5917=EDGE_LOOP('',(#2926,#2927,#2928,#2929));
#5918=EDGE_LOOP('',(#2930,#2931,#2932,#2933));
#5919=EDGE_LOOP('',(#2934));
#5920=EDGE_LOOP('',(#2935));
#5921=EDGE_LOOP('',(#2936));
#5922=EDGE_LOOP('',(#2937));
#5923=EDGE_LOOP('',(#2938,#2939,#2940,#2941));
#5924=EDGE_LOOP('',(#2942));
#5925=EDGE_LOOP('',(#2943));
#5926=EDGE_LOOP('',(#2944));
#5927=EDGE_LOOP('',(#2945));
#5928=EDGE_LOOP('',(#2946));
#5929=EDGE_LOOP('',(#2947,#2948,#2949,#2950));
#5930=EDGE_LOOP('',(#2951));
#5931=EDGE_LOOP('',(#2952));
#5932=EDGE_LOOP('',(#2953));
#5933=EDGE_LOOP('',(#2954,#2955,#2956,#2957));
#5934=EDGE_LOOP('',(#2958));
#5935=EDGE_LOOP('',(#2959));
#5936=EDGE_LOOP('',(#2960));
#5937=EDGE_LOOP('',(#2961));
#5938=EDGE_LOOP('',(#2962,#2963,#2964,#2965));
#5939=EDGE_LOOP('',(#2966,#2967,#2968,#2969));
#5940=EDGE_LOOP('',(#2970,#2971,#2972,#2973));
#5941=EDGE_LOOP('',(#2974,#2975,#2976,#2977));
#5942=EDGE_LOOP('',(#2978,#2979,#2980,#2981));
#5943=EDGE_LOOP('',(#2982,#2983,#2984,#2985));
#5944=EDGE_LOOP('',(#2986,#2987,#2988,#2989));
#5945=EDGE_LOOP('',(#2990,#2991,#2992,#2993));
#5946=EDGE_LOOP('',(#2994,#2995,#2996,#2997));
#5947=EDGE_LOOP('',(#2998,#2999,#3000,#3001));
#5948=EDGE_LOOP('',(#3002,#3003,#3004,#3005));
#5949=EDGE_LOOP('',(#3006,#3007,#3008,#3009,#3010,#3011,#3012,#3013,#3014,
#3015,#3016));
#5950=EDGE_LOOP('',(#3017,#3018,#3019,#3020));
#5951=EDGE_LOOP('',(#3021,#3022,#3023,#3024));
#5952=EDGE_LOOP('',(#3025,#3026,#3027,#3028));
#5953=EDGE_LOOP('',(#3029,#3030,#3031,#3032));
#5954=EDGE_LOOP('',(#3033,#3034,#3035,#3036));
#5955=EDGE_LOOP('',(#3037,#3038,#3039,#3040));
#5956=EDGE_LOOP('',(#3041,#3042,#3043,#3044));
#5957=EDGE_LOOP('',(#3045,#3046,#3047,#3048));
#5958=EDGE_LOOP('',(#3049,#3050,#3051,#3052));
#5959=EDGE_LOOP('',(#3053,#3054,#3055,#3056));
#5960=EDGE_LOOP('',(#3057,#3058,#3059,#3060));
#5961=EDGE_LOOP('',(#3061,#3062,#3063,#3064));
#5962=EDGE_LOOP('',(#3065,#3066,#3067,#3068));
#5963=EDGE_LOOP('',(#3069,#3070,#3071,#3072));
#5964=EDGE_LOOP('',(#3073,#3074,#3075,#3076));
#5965=EDGE_LOOP('',(#3077,#3078,#3079,#3080));
#5966=EDGE_LOOP('',(#3081,#3082,#3083,#3084,#3085,#3086,#3087,#3088,#3089,
#3090,#3091,#3092,#3093,#3094,#3095,#3096));
#5967=EDGE_LOOP('',(#3097,#3098,#3099,#3100));
#5968=EDGE_LOOP('',(#3101,#3102,#3103,#3104));
#5969=EDGE_LOOP('',(#3105,#3106,#3107,#3108));
#5970=EDGE_LOOP('',(#3109,#3110,#3111,#3112));
#5971=EDGE_LOOP('',(#3113,#3114,#3115,#3116));
#5972=EDGE_LOOP('',(#3117,#3118,#3119,#3120));
#5973=EDGE_LOOP('',(#3121,#3122,#3123,#3124));
#5974=EDGE_LOOP('',(#3125,#3126,#3127,#3128));
#5975=EDGE_LOOP('',(#3129,#3130,#3131,#3132));
#5976=EDGE_LOOP('',(#3133,#3134,#3135,#3136));
#5977=EDGE_LOOP('',(#3137,#3138,#3139,#3140));
#5978=EDGE_LOOP('',(#3141,#3142,#3143,#3144));
#5979=EDGE_LOOP('',(#3145,#3146,#3147,#3148));
#5980=EDGE_LOOP('',(#3149,#3150,#3151,#3152,#3153,#3154,#3155,#3156));
#5981=EDGE_LOOP('',(#3157,#3158,#3159,#3160));
#5982=EDGE_LOOP('',(#3161,#3162,#3163,#3164));
#5983=EDGE_LOOP('',(#3165,#3166,#3167,#3168));
#5984=EDGE_LOOP('',(#3169,#3170,#3171,#3172));
#5985=EDGE_LOOP('',(#3173,#3174,#3175,#3176));
#5986=EDGE_LOOP('',(#3177,#3178,#3179,#3180));
#5987=EDGE_LOOP('',(#3181,#3182,#3183,#3184));
#5988=EDGE_LOOP('',(#3185,#3186,#3187,#3188));
#5989=EDGE_LOOP('',(#3189,#3190,#3191,#3192));
#5990=EDGE_LOOP('',(#3193,#3194,#3195,#3196));
#5991=EDGE_LOOP('',(#3197,#3198,#3199,#3200));
#5992=EDGE_LOOP('',(#3201,#3202,#3203,#3204));
#5993=EDGE_LOOP('',(#3205,#3206,#3207,#3208));
#5994=EDGE_LOOP('',(#3209,#3210,#3211,#3212));
#5995=EDGE_LOOP('',(#3213,#3214,#3215,#3216));
#5996=EDGE_LOOP('',(#3217,#3218,#3219,#3220));
#5997=EDGE_LOOP('',(#3221,#3222,#3223,#3224));
#5998=EDGE_LOOP('',(#3225,#3226,#3227,#3228));
#5999=EDGE_LOOP('',(#3229,#3230,#3231,#3232));
#6000=EDGE_LOOP('',(#3233,#3234,#3235,#3236));
#6001=EDGE_LOOP('',(#3237,#3238,#3239,#3240));
#6002=EDGE_LOOP('',(#3241,#3242,#3243,#3244));
#6003=EDGE_LOOP('',(#3245,#3246,#3247,#3248));
#6004=EDGE_LOOP('',(#3249,#3250,#3251,#3252));
#6005=EDGE_LOOP('',(#3253,#3254,#3255,#3256));
#6006=EDGE_LOOP('',(#3257,#3258,#3259,#3260));
#6007=EDGE_LOOP('',(#3261,#3262,#3263,#3264));
#6008=EDGE_LOOP('',(#3265,#3266,#3267,#3268,#3269,#3270,#3271,#3272,#3273,
#3274,#3275,#3276,#3277,#3278,#3279));
#6009=EDGE_LOOP('',(#3280,#3281,#3282,#3283,#3284,#3285,#3286,#3287,#3288,
#3289,#3290,#3291));
#6010=EDGE_LOOP('',(#3292,#3293,#3294,#3295));
#6011=EDGE_LOOP('',(#3296,#3297,#3298,#3299));
#6012=EDGE_LOOP('',(#3300,#3301,#3302,#3303));
#6013=EDGE_LOOP('',(#3304,#3305,#3306,#3307));
#6014=EDGE_LOOP('',(#3308,#3309,#3310,#3311));
#6015=EDGE_LOOP('',(#3312,#3313,#3314,#3315));
#6016=EDGE_LOOP('',(#3316,#3317,#3318,#3319));
#6017=EDGE_LOOP('',(#3320,#3321,#3322,#3323));
#6018=EDGE_LOOP('',(#3324,#3325,#3326,#3327));
#6019=EDGE_LOOP('',(#3328,#3329,#3330,#3331));
#6020=EDGE_LOOP('',(#3332,#3333,#3334,#3335));
#6021=EDGE_LOOP('',(#3336,#3337,#3338,#3339));
#6022=EDGE_LOOP('',(#3340,#3341,#3342,#3343));
#6023=EDGE_LOOP('',(#3344,#3345,#3346,#3347));
#6024=EDGE_LOOP('',(#3348,#3349,#3350,#3351));
#6025=EDGE_LOOP('',(#3352,#3353,#3354,#3355));
#6026=EDGE_LOOP('',(#3356,#3357,#3358,#3359));
#6027=EDGE_LOOP('',(#3360,#3361,#3362,#3363));
#6028=EDGE_LOOP('',(#3364,#3365,#3366,#3367));
#6029=EDGE_LOOP('',(#3368,#3369,#3370,#3371));
#6030=EDGE_LOOP('',(#3372,#3373,#3374,#3375));
#6031=EDGE_LOOP('',(#3376,#3377,#3378,#3379));
#6032=EDGE_LOOP('',(#3380,#3381,#3382,#3383));
#6033=EDGE_LOOP('',(#3384,#3385,#3386,#3387));
#6034=EDGE_LOOP('',(#3388,#3389,#3390,#3391,#3392,#3393,#3394,#3395,#3396,
#3397,#3398,#3399,#3400,#3401,#3402,#3403,#3404,#3405));
#6035=EDGE_LOOP('',(#3406,#3407,#3408,#3409,#3410,#3411));
#6036=EDGE_LOOP('',(#3412,#3413,#3414,#3415));
#6037=EDGE_LOOP('',(#3416,#3417,#3418,#3419));
#6038=EDGE_LOOP('',(#3420,#3421,#3422,#3423));
#6039=EDGE_LOOP('',(#3424,#3425,#3426,#3427));
#6040=EDGE_LOOP('',(#3428,#3429,#3430,#3431));
#6041=EDGE_LOOP('',(#3432,#3433,#3434,#3435));
#6042=EDGE_LOOP('',(#3436,#3437,#3438,#3439));
#6043=EDGE_LOOP('',(#3440,#3441,#3442,#3443));
#6044=EDGE_LOOP('',(#3444,#3445,#3446,#3447));
#6045=EDGE_LOOP('',(#3448,#3449,#3450,#3451));
#6046=EDGE_LOOP('',(#3452,#3453,#3454,#3455));
#6047=EDGE_LOOP('',(#3456,#3457,#3458,#3459));
#6048=EDGE_LOOP('',(#3460,#3461,#3462,#3463));
#6049=EDGE_LOOP('',(#3464,#3465,#3466,#3467));
#6050=EDGE_LOOP('',(#3468,#3469,#3470,#3471));
#6051=EDGE_LOOP('',(#3472,#3473,#3474,#3475));
#6052=EDGE_LOOP('',(#3476,#3477,#3478,#3479));
#6053=EDGE_LOOP('',(#3480,#3481,#3482,#3483));
#6054=EDGE_LOOP('',(#3484,#3485,#3486,#3487));
#6055=EDGE_LOOP('',(#3488,#3489,#3490,#3491));
#6056=EDGE_LOOP('',(#3492,#3493,#3494,#3495));
#6057=EDGE_LOOP('',(#3496,#3497,#3498,#3499));
#6058=EDGE_LOOP('',(#3500,#3501,#3502,#3503));
#6059=EDGE_LOOP('',(#3504,#3505,#3506,#3507));
#6060=EDGE_LOOP('',(#3508,#3509,#3510,#3511));
#6061=EDGE_LOOP('',(#3512,#3513,#3514,#3515));
#6062=EDGE_LOOP('',(#3516,#3517,#3518,#3519));
#6063=EDGE_LOOP('',(#3520,#3521,#3522,#3523,#3524,#3525,#3526,#3527,#3528,
#3529,#3530,#3531,#3532,#3533,#3534));
#6064=EDGE_LOOP('',(#3535,#3536,#3537,#3538,#3539,#3540,#3541,#3542,#3543,
#3544,#3545,#3546));
#6065=EDGE_LOOP('',(#3547,#3548,#3549,#3550));
#6066=EDGE_LOOP('',(#3551,#3552,#3553,#3554));
#6067=EDGE_LOOP('',(#3555,#3556,#3557,#3558));
#6068=EDGE_LOOP('',(#3559,#3560,#3561,#3562));
#6069=EDGE_LOOP('',(#3563,#3564,#3565,#3566));
#6070=EDGE_LOOP('',(#3567,#3568,#3569,#3570));
#6071=EDGE_LOOP('',(#3571,#3572,#3573,#3574));
#6072=EDGE_LOOP('',(#3575,#3576,#3577,#3578));
#6073=EDGE_LOOP('',(#3579,#3580,#3581,#3582));
#6074=EDGE_LOOP('',(#3583,#3584,#3585,#3586));
#6075=EDGE_LOOP('',(#3587,#3588,#3589,#3590));
#6076=EDGE_LOOP('',(#3591,#3592,#3593,#3594));
#6077=EDGE_LOOP('',(#3595,#3596,#3597,#3598));
#6078=EDGE_LOOP('',(#3599,#3600,#3601,#3602,#3603,#3604,#3605,#3606,#3607,
#3608,#3609,#3610,#3611));
#6079=EDGE_LOOP('',(#3612,#3613,#3614,#3615,#3616,#3617,#3618,#3619,#3620,
#3621,#3622,#3623));
#6080=EDGE_LOOP('',(#3624,#3625,#3626,#3627,#3628,#3629));
#6081=EDGE_LOOP('',(#3630,#3631,#3632,#3633,#3634,#3635,#3636,#3637,#3638,
#3639,#3640,#3641));
#6082=EDGE_LOOP('',(#3642,#3643,#3644,#3645));
#6083=EDGE_LOOP('',(#3646,#3647,#3648,#3649));
#6084=EDGE_LOOP('',(#3650,#3651,#3652,#3653));
#6085=EDGE_LOOP('',(#3654,#3655,#3656,#3657));
#6086=EDGE_LOOP('',(#3658,#3659,#3660,#3661));
#6087=EDGE_LOOP('',(#3662,#3663,#3664,#3665));
#6088=EDGE_LOOP('',(#3666,#3667,#3668,#3669));
#6089=EDGE_LOOP('',(#3670,#3671,#3672,#3673));
#6090=EDGE_LOOP('',(#3674,#3675,#3676,#3677));
#6091=EDGE_LOOP('',(#3678,#3679,#3680,#3681));
#6092=EDGE_LOOP('',(#3682,#3683,#3684,#3685));
#6093=EDGE_LOOP('',(#3686,#3687,#3688,#3689));
#6094=EDGE_LOOP('',(#3690,#3691,#3692,#3693));
#6095=EDGE_LOOP('',(#3694,#3695,#3696,#3697));
#6096=EDGE_LOOP('',(#3698,#3699,#3700,#3701));
#6097=EDGE_LOOP('',(#3702,#3703,#3704,#3705));
#6098=EDGE_LOOP('',(#3706,#3707,#3708,#3709));
#6099=EDGE_LOOP('',(#3710,#3711,#3712,#3713));
#6100=EDGE_LOOP('',(#3714,#3715,#3716,#3717));
#6101=EDGE_LOOP('',(#3718,#3719,#3720,#3721));
#6102=EDGE_LOOP('',(#3722,#3723,#3724,#3725));
#6103=EDGE_LOOP('',(#3726,#3727,#3728,#3729));
#6104=EDGE_LOOP('',(#3730,#3731,#3732,#3733));
#6105=EDGE_LOOP('',(#3734,#3735,#3736,#3737));
#6106=EDGE_LOOP('',(#3738,#3739,#3740,#3741));
#6107=EDGE_LOOP('',(#3742,#3743,#3744,#3745));
#6108=EDGE_LOOP('',(#3746,#3747,#3748,#3749));
#6109=EDGE_LOOP('',(#3750,#3751,#3752,#3753));
#6110=EDGE_LOOP('',(#3754,#3755,#3756,#3757));
#6111=EDGE_LOOP('',(#3758,#3759,#3760,#3761));
#6112=FACE_BOUND('',#5683,.T.);
#6113=FACE_BOUND('',#5684,.T.);
#6114=FACE_BOUND('',#5685,.T.);
#6115=FACE_BOUND('',#5686,.T.);
#6116=FACE_BOUND('',#5687,.T.);
#6117=FACE_BOUND('',#5688,.T.);
#6118=FACE_BOUND('',#5689,.T.);
#6119=FACE_BOUND('',#5690,.T.);
#6120=FACE_BOUND('',#5691,.T.);
#6121=FACE_BOUND('',#5692,.T.);
#6122=FACE_BOUND('',#5693,.T.);
#6123=FACE_BOUND('',#5694,.T.);
#6124=FACE_BOUND('',#5695,.T.);
#6125=FACE_BOUND('',#5696,.T.);
#6126=FACE_BOUND('',#5697,.T.);
#6127=FACE_BOUND('',#5698,.T.);
#6128=FACE_BOUND('',#5699,.T.);
#6129=FACE_BOUND('',#5700,.T.);
#6130=FACE_BOUND('',#5701,.T.);
#6131=FACE_BOUND('',#5702,.T.);
#6132=FACE_BOUND('',#5703,.T.);
#6133=FACE_BOUND('',#5704,.T.);
#6134=FACE_BOUND('',#5705,.T.);
#6135=FACE_BOUND('',#5706,.T.);
#6136=FACE_BOUND('',#5707,.T.);
#6137=FACE_BOUND('',#5708,.T.);
#6138=FACE_BOUND('',#5709,.T.);
#6139=FACE_BOUND('',#5710,.T.);
#6140=FACE_BOUND('',#5711,.T.);
#6141=FACE_BOUND('',#5712,.T.);
#6142=FACE_BOUND('',#5713,.T.);
#6143=FACE_BOUND('',#5714,.T.);
#6144=FACE_BOUND('',#5715,.T.);
#6145=FACE_BOUND('',#5716,.T.);
#6146=FACE_BOUND('',#5717,.T.);
#6147=FACE_BOUND('',#5718,.T.);
#6148=FACE_BOUND('',#5719,.T.);
#6149=FACE_BOUND('',#5720,.T.);
#6150=FACE_BOUND('',#5721,.T.);
#6151=FACE_BOUND('',#5722,.T.);
#6152=FACE_BOUND('',#5723,.T.);
#6153=FACE_BOUND('',#5724,.T.);
#6154=FACE_BOUND('',#5725,.T.);
#6155=FACE_BOUND('',#5726,.T.);
#6156=FACE_BOUND('',#5727,.T.);
#6157=FACE_BOUND('',#5728,.T.);
#6158=FACE_BOUND('',#5729,.T.);
#6159=FACE_BOUND('',#5730,.T.);
#6160=FACE_BOUND('',#5731,.T.);
#6161=FACE_BOUND('',#5732,.T.);
#6162=FACE_BOUND('',#5733,.T.);
#6163=FACE_BOUND('',#5734,.T.);
#6164=FACE_BOUND('',#5735,.T.);
#6165=FACE_BOUND('',#5736,.T.);
#6166=FACE_BOUND('',#5737,.T.);
#6167=FACE_BOUND('',#5738,.T.);
#6168=FACE_BOUND('',#5739,.T.);
#6169=FACE_BOUND('',#5740,.T.);
#6170=FACE_BOUND('',#5741,.T.);
#6171=FACE_BOUND('',#5742,.T.);
#6172=FACE_BOUND('',#5743,.T.);
#6173=FACE_BOUND('',#5744,.T.);
#6174=FACE_BOUND('',#5745,.T.);
#6175=FACE_BOUND('',#5746,.T.);
#6176=FACE_BOUND('',#5747,.T.);
#6177=FACE_BOUND('',#5748,.T.);
#6178=FACE_BOUND('',#5749,.T.);
#6179=FACE_BOUND('',#5750,.T.);
#6180=FACE_BOUND('',#5751,.T.);
#6181=FACE_BOUND('',#5752,.T.);
#6182=FACE_BOUND('',#5753,.T.);
#6183=FACE_BOUND('',#5754,.T.);
#6184=FACE_BOUND('',#5755,.T.);
#6185=FACE_BOUND('',#5756,.T.);
#6186=FACE_BOUND('',#5757,.T.);
#6187=FACE_BOUND('',#5758,.T.);
#6188=FACE_BOUND('',#5759,.T.);
#6189=FACE_BOUND('',#5760,.T.);
#6190=FACE_BOUND('',#5761,.T.);
#6191=FACE_BOUND('',#5762,.T.);
#6192=FACE_BOUND('',#5763,.T.);
#6193=FACE_BOUND('',#5764,.T.);
#6194=FACE_BOUND('',#5765,.T.);
#6195=FACE_BOUND('',#5766,.T.);
#6196=FACE_BOUND('',#5767,.T.);
#6197=FACE_BOUND('',#5768,.T.);
#6198=FACE_BOUND('',#5769,.T.);
#6199=FACE_BOUND('',#5770,.T.);
#6200=FACE_BOUND('',#5771,.T.);
#6201=FACE_BOUND('',#5772,.T.);
#6202=FACE_BOUND('',#5773,.T.);
#6203=FACE_BOUND('',#5774,.T.);
#6204=FACE_BOUND('',#5775,.T.);
#6205=FACE_BOUND('',#5776,.T.);
#6206=FACE_BOUND('',#5777,.T.);
#6207=FACE_BOUND('',#5778,.T.);
#6208=FACE_BOUND('',#5779,.T.);
#6209=FACE_BOUND('',#5780,.T.);
#6210=FACE_BOUND('',#5781,.T.);
#6211=FACE_BOUND('',#5782,.T.);
#6212=FACE_BOUND('',#5783,.T.);
#6213=FACE_BOUND('',#5784,.T.);
#6214=FACE_BOUND('',#5785,.T.);
#6215=FACE_BOUND('',#5786,.T.);
#6216=FACE_BOUND('',#5787,.T.);
#6217=FACE_BOUND('',#5788,.T.);
#6218=FACE_BOUND('',#5789,.T.);
#6219=FACE_BOUND('',#5790,.T.);
#6220=FACE_BOUND('',#5791,.T.);
#6221=FACE_BOUND('',#5792,.T.);
#6222=FACE_BOUND('',#5793,.T.);
#6223=FACE_BOUND('',#5794,.T.);
#6224=FACE_BOUND('',#5795,.T.);
#6225=FACE_BOUND('',#5796,.T.);
#6226=FACE_BOUND('',#5797,.T.);
#6227=FACE_BOUND('',#5798,.T.);
#6228=FACE_BOUND('',#5799,.T.);
#6229=FACE_BOUND('',#5800,.T.);
#6230=FACE_BOUND('',#5801,.T.);
#6231=FACE_BOUND('',#5802,.T.);
#6232=FACE_BOUND('',#5803,.T.);
#6233=FACE_BOUND('',#5804,.T.);
#6234=FACE_BOUND('',#5805,.T.);
#6235=FACE_BOUND('',#5806,.T.);
#6236=FACE_BOUND('',#5807,.T.);
#6237=FACE_BOUND('',#5808,.T.);
#6238=FACE_BOUND('',#5809,.T.);
#6239=FACE_BOUND('',#5810,.T.);
#6240=FACE_BOUND('',#5811,.T.);
#6241=FACE_BOUND('',#5812,.T.);
#6242=FACE_BOUND('',#5813,.T.);
#6243=FACE_BOUND('',#5814,.T.);
#6244=FACE_BOUND('',#5815,.T.);
#6245=FACE_BOUND('',#5816,.T.);
#6246=FACE_BOUND('',#5817,.T.);
#6247=FACE_BOUND('',#5818,.T.);
#6248=FACE_BOUND('',#5819,.T.);
#6249=FACE_BOUND('',#5820,.T.);
#6250=FACE_BOUND('',#5821,.T.);
#6251=FACE_BOUND('',#5822,.T.);
#6252=FACE_BOUND('',#5823,.T.);
#6253=FACE_BOUND('',#5824,.T.);
#6254=FACE_BOUND('',#5825,.T.);
#6255=FACE_BOUND('',#5826,.T.);
#6256=FACE_BOUND('',#5827,.T.);
#6257=FACE_BOUND('',#5828,.T.);
#6258=FACE_BOUND('',#5829,.T.);
#6259=FACE_BOUND('',#5830,.T.);
#6260=FACE_BOUND('',#5831,.T.);
#6261=FACE_BOUND('',#5832,.T.);
#6262=FACE_BOUND('',#5833,.T.);
#6263=FACE_BOUND('',#5834,.T.);
#6264=FACE_BOUND('',#5835,.T.);
#6265=FACE_BOUND('',#5836,.T.);
#6266=FACE_BOUND('',#5837,.T.);
#6267=FACE_BOUND('',#5838,.T.);
#6268=FACE_BOUND('',#5839,.T.);
#6269=FACE_BOUND('',#5840,.T.);
#6270=FACE_BOUND('',#5841,.T.);
#6271=FACE_BOUND('',#5842,.T.);
#6272=FACE_BOUND('',#5843,.T.);
#6273=FACE_BOUND('',#5844,.T.);
#6274=FACE_BOUND('',#5845,.T.);
#6275=FACE_BOUND('',#5846,.T.);
#6276=FACE_BOUND('',#5847,.T.);
#6277=FACE_BOUND('',#5848,.T.);
#6278=FACE_BOUND('',#5849,.T.);
#6279=FACE_BOUND('',#5850,.T.);
#6280=FACE_BOUND('',#5851,.T.);
#6281=FACE_BOUND('',#5852,.T.);
#6282=FACE_BOUND('',#5853,.T.);
#6283=FACE_BOUND('',#5854,.T.);
#6284=FACE_BOUND('',#5855,.T.);
#6285=FACE_BOUND('',#5856,.T.);
#6286=FACE_BOUND('',#5857,.T.);
#6287=FACE_BOUND('',#5858,.T.);
#6288=FACE_BOUND('',#5859,.T.);
#6289=FACE_BOUND('',#5860,.T.);
#6290=FACE_BOUND('',#5861,.T.);
#6291=FACE_BOUND('',#5862,.T.);
#6292=FACE_BOUND('',#5863,.T.);
#6293=FACE_BOUND('',#5864,.T.);
#6294=FACE_BOUND('',#5865,.T.);
#6295=FACE_BOUND('',#5866,.T.);
#6296=FACE_BOUND('',#5867,.T.);
#6297=FACE_BOUND('',#5868,.T.);
#6298=FACE_BOUND('',#5869,.T.);
#6299=FACE_BOUND('',#5870,.T.);
#6300=FACE_BOUND('',#5871,.T.);
#6301=FACE_BOUND('',#5872,.T.);
#6302=FACE_BOUND('',#5873,.T.);
#6303=FACE_BOUND('',#5874,.T.);
#6304=FACE_BOUND('',#5875,.T.);
#6305=FACE_BOUND('',#5876,.T.);
#6306=FACE_BOUND('',#5877,.T.);
#6307=FACE_BOUND('',#5878,.T.);
#6308=FACE_BOUND('',#5879,.T.);
#6309=FACE_BOUND('',#5880,.T.);
#6310=FACE_BOUND('',#5881,.T.);
#6311=FACE_BOUND('',#5882,.T.);
#6312=FACE_BOUND('',#5883,.T.);
#6313=FACE_BOUND('',#5884,.T.);
#6314=FACE_BOUND('',#5885,.T.);
#6315=FACE_BOUND('',#5886,.T.);
#6316=FACE_BOUND('',#5887,.T.);
#6317=FACE_BOUND('',#5888,.T.);
#6318=FACE_BOUND('',#5889,.T.);
#6319=FACE_BOUND('',#5890,.T.);
#6320=FACE_BOUND('',#5891,.T.);
#6321=FACE_BOUND('',#5892,.T.);
#6322=FACE_BOUND('',#5893,.T.);
#6323=FACE_BOUND('',#5894,.T.);
#6324=FACE_BOUND('',#5895,.T.);
#6325=FACE_BOUND('',#5896,.T.);
#6326=FACE_BOUND('',#5897,.T.);
#6327=FACE_BOUND('',#5898,.T.);
#6328=FACE_BOUND('',#5899,.T.);
#6329=FACE_BOUND('',#5900,.T.);
#6330=FACE_BOUND('',#5901,.T.);
#6331=FACE_BOUND('',#5902,.T.);
#6332=FACE_BOUND('',#5903,.T.);
#6333=FACE_BOUND('',#5904,.T.);
#6334=FACE_BOUND('',#5905,.T.);
#6335=FACE_BOUND('',#5906,.T.);
#6336=FACE_BOUND('',#5907,.T.);
#6337=FACE_BOUND('',#5908,.T.);
#6338=FACE_BOUND('',#5909,.T.);
#6339=FACE_BOUND('',#5910,.T.);
#6340=FACE_BOUND('',#5911,.T.);
#6341=FACE_BOUND('',#5912,.T.);
#6342=FACE_BOUND('',#5913,.T.);
#6343=FACE_BOUND('',#5914,.T.);
#6344=FACE_BOUND('',#5915,.T.);
#6345=FACE_BOUND('',#5916,.T.);
#6346=FACE_BOUND('',#5917,.T.);
#6347=FACE_BOUND('',#5918,.T.);
#6348=FACE_BOUND('',#5919,.T.);
#6349=FACE_BOUND('',#5920,.T.);
#6350=FACE_BOUND('',#5921,.T.);
#6351=FACE_BOUND('',#5922,.T.);
#6352=FACE_BOUND('',#5923,.T.);
#6353=FACE_BOUND('',#5924,.T.);
#6354=FACE_BOUND('',#5925,.T.);
#6355=FACE_BOUND('',#5926,.T.);
#6356=FACE_BOUND('',#5927,.T.);
#6357=FACE_BOUND('',#5928,.T.);
#6358=FACE_BOUND('',#5929,.T.);
#6359=FACE_BOUND('',#5930,.T.);
#6360=FACE_BOUND('',#5931,.T.);
#6361=FACE_BOUND('',#5932,.T.);
#6362=FACE_BOUND('',#5933,.T.);
#6363=FACE_BOUND('',#5934,.T.);
#6364=FACE_BOUND('',#5935,.T.);
#6365=FACE_BOUND('',#5936,.T.);
#6366=FACE_BOUND('',#5937,.T.);
#6367=FACE_BOUND('',#5938,.T.);
#6368=FACE_BOUND('',#5939,.T.);
#6369=FACE_BOUND('',#5940,.T.);
#6370=FACE_BOUND('',#5941,.T.);
#6371=FACE_BOUND('',#5942,.T.);
#6372=FACE_BOUND('',#5943,.T.);
#6373=FACE_BOUND('',#5944,.T.);
#6374=FACE_BOUND('',#5945,.T.);
#6375=FACE_BOUND('',#5946,.T.);
#6376=FACE_BOUND('',#5947,.T.);
#6377=FACE_BOUND('',#5948,.T.);
#6378=FACE_BOUND('',#5949,.T.);
#6379=FACE_BOUND('',#5950,.T.);
#6380=FACE_BOUND('',#5951,.T.);
#6381=FACE_BOUND('',#5952,.T.);
#6382=FACE_BOUND('',#5953,.T.);
#6383=FACE_BOUND('',#5954,.T.);
#6384=FACE_BOUND('',#5955,.T.);
#6385=FACE_BOUND('',#5956,.T.);
#6386=FACE_BOUND('',#5957,.T.);
#6387=FACE_BOUND('',#5958,.T.);
#6388=FACE_BOUND('',#5959,.T.);
#6389=FACE_BOUND('',#5960,.T.);
#6390=FACE_BOUND('',#5961,.T.);
#6391=FACE_BOUND('',#5962,.T.);
#6392=FACE_BOUND('',#5963,.T.);
#6393=FACE_BOUND('',#5964,.T.);
#6394=FACE_BOUND('',#5965,.T.);
#6395=FACE_BOUND('',#5966,.T.);
#6396=FACE_BOUND('',#5967,.T.);
#6397=FACE_BOUND('',#5968,.T.);
#6398=FACE_BOUND('',#5969,.T.);
#6399=FACE_BOUND('',#5970,.T.);
#6400=FACE_BOUND('',#5971,.T.);
#6401=FACE_BOUND('',#5972,.T.);
#6402=FACE_BOUND('',#5973,.T.);
#6403=FACE_BOUND('',#5974,.T.);
#6404=FACE_BOUND('',#5975,.T.);
#6405=FACE_BOUND('',#5976,.T.);
#6406=FACE_BOUND('',#5977,.T.);
#6407=FACE_BOUND('',#5978,.T.);
#6408=FACE_BOUND('',#5979,.T.);
#6409=FACE_BOUND('',#5980,.T.);
#6410=FACE_BOUND('',#5981,.T.);
#6411=FACE_BOUND('',#5982,.T.);
#6412=FACE_BOUND('',#5983,.T.);
#6413=FACE_BOUND('',#5984,.T.);
#6414=FACE_BOUND('',#5985,.T.);
#6415=FACE_BOUND('',#5986,.T.);
#6416=FACE_BOUND('',#5987,.T.);
#6417=FACE_BOUND('',#5988,.T.);
#6418=FACE_BOUND('',#5989,.T.);
#6419=FACE_BOUND('',#5990,.T.);
#6420=FACE_BOUND('',#5991,.T.);
#6421=FACE_BOUND('',#5992,.T.);
#6422=FACE_BOUND('',#5993,.T.);
#6423=FACE_BOUND('',#5994,.T.);
#6424=FACE_BOUND('',#5995,.T.);
#6425=FACE_BOUND('',#5996,.T.);
#6426=FACE_BOUND('',#5997,.T.);
#6427=FACE_BOUND('',#5998,.T.);
#6428=FACE_BOUND('',#5999,.T.);
#6429=FACE_BOUND('',#6000,.T.);
#6430=FACE_BOUND('',#6001,.T.);
#6431=FACE_BOUND('',#6002,.T.);
#6432=FACE_BOUND('',#6003,.T.);
#6433=FACE_BOUND('',#6004,.T.);
#6434=FACE_BOUND('',#6005,.T.);
#6435=FACE_BOUND('',#6006,.T.);
#6436=FACE_BOUND('',#6007,.T.);
#6437=FACE_BOUND('',#6008,.T.);
#6438=FACE_BOUND('',#6009,.T.);
#6439=FACE_BOUND('',#6010,.T.);
#6440=FACE_BOUND('',#6011,.T.);
#6441=FACE_BOUND('',#6012,.T.);
#6442=FACE_BOUND('',#6013,.T.);
#6443=FACE_BOUND('',#6014,.T.);
#6444=FACE_BOUND('',#6015,.T.);
#6445=FACE_BOUND('',#6016,.T.);
#6446=FACE_BOUND('',#6017,.T.);
#6447=FACE_BOUND('',#6018,.T.);
#6448=FACE_BOUND('',#6019,.T.);
#6449=FACE_BOUND('',#6020,.T.);
#6450=FACE_BOUND('',#6021,.T.);
#6451=FACE_BOUND('',#6022,.T.);
#6452=FACE_BOUND('',#6023,.T.);
#6453=FACE_BOUND('',#6024,.T.);
#6454=FACE_BOUND('',#6025,.T.);
#6455=FACE_BOUND('',#6026,.T.);
#6456=FACE_BOUND('',#6027,.T.);
#6457=FACE_BOUND('',#6028,.T.);
#6458=FACE_BOUND('',#6029,.T.);
#6459=FACE_BOUND('',#6030,.T.);
#6460=FACE_BOUND('',#6031,.T.);
#6461=FACE_BOUND('',#6032,.T.);
#6462=FACE_BOUND('',#6033,.T.);
#6463=FACE_BOUND('',#6034,.T.);
#6464=FACE_BOUND('',#6035,.T.);
#6465=FACE_BOUND('',#6036,.T.);
#6466=FACE_BOUND('',#6037,.T.);
#6467=FACE_BOUND('',#6038,.T.);
#6468=FACE_BOUND('',#6039,.T.);
#6469=FACE_BOUND('',#6040,.T.);
#6470=FACE_BOUND('',#6041,.T.);
#6471=FACE_BOUND('',#6042,.T.);
#6472=FACE_BOUND('',#6043,.T.);
#6473=FACE_BOUND('',#6044,.T.);
#6474=FACE_BOUND('',#6045,.T.);
#6475=FACE_BOUND('',#6046,.T.);
#6476=FACE_BOUND('',#6047,.T.);
#6477=FACE_BOUND('',#6048,.T.);
#6478=FACE_BOUND('',#6049,.T.);
#6479=FACE_BOUND('',#6050,.T.);
#6480=FACE_BOUND('',#6051,.T.);
#6481=FACE_BOUND('',#6052,.T.);
#6482=FACE_BOUND('',#6053,.T.);
#6483=FACE_BOUND('',#6054,.T.);
#6484=FACE_BOUND('',#6055,.T.);
#6485=FACE_BOUND('',#6056,.T.);
#6486=FACE_BOUND('',#6057,.T.);
#6487=FACE_BOUND('',#6058,.T.);
#6488=FACE_BOUND('',#6059,.T.);
#6489=FACE_BOUND('',#6060,.T.);
#6490=FACE_BOUND('',#6061,.T.);
#6491=FACE_BOUND('',#6062,.T.);
#6492=FACE_BOUND('',#6063,.T.);
#6493=FACE_BOUND('',#6064,.T.);
#6494=FACE_BOUND('',#6065,.T.);
#6495=FACE_BOUND('',#6066,.T.);
#6496=FACE_BOUND('',#6067,.T.);
#6497=FACE_BOUND('',#6068,.T.);
#6498=FACE_BOUND('',#6069,.T.);
#6499=FACE_BOUND('',#6070,.T.);
#6500=FACE_BOUND('',#6071,.T.);
#6501=FACE_BOUND('',#6072,.T.);
#6502=FACE_BOUND('',#6073,.T.);
#6503=FACE_BOUND('',#6074,.T.);
#6504=FACE_BOUND('',#6075,.T.);
#6505=FACE_BOUND('',#6076,.T.);
#6506=FACE_BOUND('',#6077,.T.);
#6507=FACE_BOUND('',#6078,.T.);
#6508=FACE_BOUND('',#6079,.T.);
#6509=FACE_BOUND('',#6080,.T.);
#6510=FACE_BOUND('',#6081,.T.);
#6511=FACE_BOUND('',#6082,.T.);
#6512=FACE_BOUND('',#6083,.T.);
#6513=FACE_BOUND('',#6084,.T.);
#6514=FACE_BOUND('',#6085,.T.);
#6515=FACE_BOUND('',#6086,.T.);
#6516=FACE_BOUND('',#6087,.T.);
#6517=FACE_BOUND('',#6088,.T.);
#6518=FACE_BOUND('',#6089,.T.);
#6519=FACE_BOUND('',#6090,.T.);
#6520=FACE_BOUND('',#6091,.T.);
#6521=FACE_BOUND('',#6092,.T.);
#6522=FACE_BOUND('',#6093,.T.);
#6523=FACE_BOUND('',#6094,.T.);
#6524=FACE_BOUND('',#6095,.T.);
#6525=FACE_BOUND('',#6096,.T.);
#6526=FACE_BOUND('',#6097,.T.);
#6527=FACE_BOUND('',#6098,.T.);
#6528=FACE_BOUND('',#6099,.T.);
#6529=FACE_BOUND('',#6100,.T.);
#6530=FACE_BOUND('',#6101,.T.);
#6531=FACE_BOUND('',#6102,.T.);
#6532=FACE_BOUND('',#6103,.T.);
#6533=FACE_BOUND('',#6104,.T.);
#6534=FACE_BOUND('',#6105,.T.);
#6535=FACE_BOUND('',#6106,.T.);
#6536=FACE_BOUND('',#6107,.T.);
#6537=FACE_BOUND('',#6108,.T.);
#6538=FACE_BOUND('',#6109,.T.);
#6539=FACE_BOUND('',#6110,.T.);
#6540=FACE_BOUND('',#6111,.T.);
#6541=PLANE('',#7185);
#6542=PLANE('',#7205);
#6543=PLANE('',#7206);
#6544=PLANE('',#7207);
#6545=PLANE('',#7208);
#6546=PLANE('',#7209);
#6547=PLANE('',#7210);
#6548=PLANE('',#7211);
#6549=PLANE('',#7212);
#6550=PLANE('',#7213);
#6551=PLANE('',#7214);
#6552=PLANE('',#7215);
#6553=PLANE('',#7216);
#6554=PLANE('',#7217);
#6555=PLANE('',#7237);
#6556=PLANE('',#7246);
#6557=PLANE('',#7247);
#6558=PLANE('',#7248);
#6559=PLANE('',#7249);
#6560=PLANE('',#7250);
#6561=PLANE('',#7251);
#6562=PLANE('',#7252);
#6563=PLANE('',#7253);
#6564=PLANE('',#7254);
#6565=PLANE('',#7255);
#6566=PLANE('',#7256);
#6567=PLANE('',#7257);
#6568=PLANE('',#7262);
#6569=PLANE('',#7263);
#6570=PLANE('',#7264);
#6571=PLANE('',#7265);
#6572=PLANE('',#7266);
#6573=PLANE('',#7267);
#6574=PLANE('',#7268);
#6575=PLANE('',#7269);
#6576=PLANE('',#7270);
#6577=PLANE('',#7271);
#6578=PLANE('',#7274);
#6579=PLANE('',#7277);
#6580=PLANE('',#7280);
#6581=PLANE('',#7283);
#6582=PLANE('',#7284);
#6583=PLANE('',#7285);
#6584=PLANE('',#7286);
#6585=PLANE('',#7287);
#6586=PLANE('',#7288);
#6587=PLANE('',#7289);
#6588=PLANE('',#7290);
#6589=PLANE('',#7291);
#6590=PLANE('',#7292);
#6591=PLANE('',#7293);
#6592=PLANE('',#7294);
#6593=PLANE('',#7295);
#6594=PLANE('',#7296);
#6595=PLANE('',#7297);
#6596=PLANE('',#7302);
#6597=PLANE('',#7303);
#6598=PLANE('',#7304);
#6599=PLANE('',#7305);
#6600=PLANE('',#7306);
#6601=PLANE('',#7307);
#6602=PLANE('',#7308);
#6603=PLANE('',#7309);
#6604=PLANE('',#7310);
#6605=PLANE('',#7327);
#6606=PLANE('',#7343);
#6607=PLANE('',#7344);
#6608=PLANE('',#7345);
#6609=PLANE('',#7346);
#6610=PLANE('',#7347);
#6611=PLANE('',#7353);
#6612=PLANE('',#7354);
#6613=PLANE('',#7368);
#6614=PLANE('',#7371);
#6615=PLANE('',#7375);
#6616=PLANE('',#7391);
#6617=PLANE('',#7392);
#6618=PLANE('',#7393);
#6619=PLANE('',#7394);
#6620=PLANE('',#7395);
#6621=PLANE('',#7403);
#6622=PLANE('',#7404);
#6623=PLANE('',#7405);
#6624=PLANE('',#7406);
#6625=PLANE('',#7407);
#6626=PLANE('',#7408);
#6627=PLANE('',#7409);
#6628=PLANE('',#7410);
#6629=PLANE('',#7411);
#6630=PLANE('',#7412);
#6631=PLANE('',#7413);
#6632=PLANE('',#7414);
#6633=PLANE('',#7415);
#6634=PLANE('',#7416);
#6635=PLANE('',#7417);
#6636=PLANE('',#7418);
#6637=PLANE('',#7419);
#6638=PLANE('',#7420);
#6639=PLANE('',#7425);
#6640=PLANE('',#7426);
#6641=PLANE('',#7427);
#6642=PLANE('',#7428);
#6643=PLANE('',#7429);
#6644=PLANE('',#7430);
#6645=PLANE('',#7431);
#6646=PLANE('',#7432);
#6647=PLANE('',#7433);
#6648=PLANE('',#7435);
#6649=PLANE('',#7438);
#6650=PLANE('',#7440);
#6651=PLANE('',#7443);
#6652=PLANE('',#7445);
#6653=PLANE('',#7448);
#6654=PLANE('',#7450);
#6655=PLANE('',#7453);
#6656=PLANE('',#7454);
#6657=PLANE('',#7455);
#6658=PLANE('',#7456);
#6659=PLANE('',#7457);
#6660=PLANE('',#7458);
#6661=PLANE('',#7459);
#6662=PLANE('',#7460);
#6663=PLANE('',#7461);
#6664=PLANE('',#7462);
#6665=PLANE('',#7463);
#6666=PLANE('',#7464);
#6667=PLANE('',#7465);
#6668=PLANE('',#7466);
#6669=PLANE('',#7467);
#6670=PLANE('',#7472);
#6671=PLANE('',#7473);
#6672=PLANE('',#7474);
#6673=PLANE('',#7475);
#6674=PLANE('',#7476);
#6675=PLANE('',#7477);
#6676=PLANE('',#7478);
#6677=PLANE('',#7479);
#6678=PLANE('',#7480);
#6679=PLANE('',#7497);
#6680=PLANE('',#7513);
#6681=PLANE('',#7514);
#6682=PLANE('',#7515);
#6683=PLANE('',#7516);
#6684=PLANE('',#7517);
#6685=PLANE('',#7523);
#6686=PLANE('',#7524);
#6687=PLANE('',#7538);
#6688=PLANE('',#7541);
#6689=PLANE('',#7545);
#6690=PLANE('',#7561);
#6691=PLANE('',#7562);
#6692=PLANE('',#7563);
#6693=PLANE('',#7564);
#6694=PLANE('',#7565);
#6695=PLANE('',#7573);
#6696=PLANE('',#7574);
#6697=PLANE('',#7575);
#6698=PLANE('',#7576);
#6699=PLANE('',#7577);
#6700=PLANE('',#7578);
#6701=PLANE('',#7579);
#6702=PLANE('',#7580);
#6703=PLANE('',#7581);
#6704=PLANE('',#7582);
#6705=PLANE('',#7583);
#6706=PLANE('',#7584);
#6707=PLANE('',#7585);
#6708=PLANE('',#7586);
#6709=PLANE('',#7587);
#6710=PLANE('',#7588);
#6711=PLANE('',#7589);
#6712=PLANE('',#7590);
#6713=PLANE('',#7591);
#6714=PLANE('',#7592);
#6715=PLANE('',#7593);
#6716=PLANE('',#7594);
#6717=PLANE('',#7595);
#6718=PLANE('',#7596);
#6719=PLANE('',#7597);
#6720=PLANE('',#7598);
#6721=PLANE('',#7599);
#6722=PLANE('',#7600);
#6723=PLANE('',#7601);
#6724=PLANE('',#7602);
#6725=PLANE('',#7603);
#6726=PLANE('',#7604);
#6727=PLANE('',#7605);
#6728=PLANE('',#7606);
#6729=PLANE('',#7607);
#6730=PLANE('',#7608);
#6731=PLANE('',#7609);
#6732=PLANE('',#7610);
#6733=PLANE('',#7611);
#6734=PLANE('',#7612);
#6735=PLANE('',#7613);
#6736=PLANE('',#7614);
#6737=PLANE('',#7615);
#6738=PLANE('',#7616);
#6739=PLANE('',#7617);
#6740=PLANE('',#7618);
#6741=PLANE('',#7619);
#6742=PLANE('',#7620);
#6743=ADVANCED_FACE('',(#6112,#6113,#6114,#6115,#6116,#6117,#6118,#6119,
#6120,#6121,#6122,#6123),#6541,.T.);
#6744=ADVANCED_FACE('',(#6124,#6125,#6126,#6127),#6542,.T.);
#6745=ADVANCED_FACE('',(#6128),#6543,.T.);
#6746=ADVANCED_FACE('',(#6129),#6544,.F.);
#6747=ADVANCED_FACE('',(#6130),#6545,.F.);
#6748=ADVANCED_FACE('',(#6131),#6546,.F.);
#6749=ADVANCED_FACE('',(#6132),#6547,.T.);
#6750=ADVANCED_FACE('',(#6133),#6548,.T.);
#6751=ADVANCED_FACE('',(#6134),#6549,.T.);
#6752=ADVANCED_FACE('',(#6135),#6550,.T.);
#6753=ADVANCED_FACE('',(#6136),#6551,.F.);
#6754=ADVANCED_FACE('',(#6137,#6138),#6552,.F.);
#6755=ADVANCED_FACE('',(#6139,#6140),#6553,.F.);
#6756=ADVANCED_FACE('',(#6141,#6142,#6143,#6144,#6145,#6146,#6147,#6148,
#6149,#6150),#6554,.T.);
#6757=ADVANCED_FACE('',(#6151,#6152,#6153,#6154,#6155,#6156),#6555,.F.);
#6758=ADVANCED_FACE('',(#6157),#6556,.T.);
#6759=ADVANCED_FACE('',(#6158),#6557,.T.);
#6760=ADVANCED_FACE('',(#6159),#6558,.F.);
#6761=ADVANCED_FACE('',(#6160),#6559,.F.);
#6762=ADVANCED_FACE('',(#6161),#6560,.F.);
#6763=ADVANCED_FACE('',(#6162),#6561,.F.);
#6764=ADVANCED_FACE('',(#6163),#6562,.T.);
#6765=ADVANCED_FACE('',(#6164),#6563,.T.);
#6766=ADVANCED_FACE('',(#6165),#6564,.F.);
#6767=ADVANCED_FACE('',(#6166),#6565,.F.);
#6768=ADVANCED_FACE('',(#6167),#6566,.F.);
#6769=ADVANCED_FACE('',(#6168),#6567,.T.);
#6770=ADVANCED_FACE('',(#6169),#6568,.F.);
#6771=ADVANCED_FACE('',(#6170),#6569,.T.);
#6772=ADVANCED_FACE('',(#6171),#6570,.F.);
#6773=ADVANCED_FACE('',(#6172),#6571,.T.);
#6774=ADVANCED_FACE('',(#6173),#6572,.F.);
#6775=ADVANCED_FACE('',(#6174),#6573,.T.);
#6776=ADVANCED_FACE('',(#6175),#6574,.T.);
#6777=ADVANCED_FACE('',(#6176),#6575,.T.);
#6778=ADVANCED_FACE('',(#6177,#6178),#6576,.T.);
#6779=ADVANCED_FACE('',(#6179),#6577,.T.);
#6780=ADVANCED_FACE('',(#6180,#6181),#120,.F.);
#6781=ADVANCED_FACE('',(#6182),#6578,.T.);
#6782=ADVANCED_FACE('',(#6183,#6184),#121,.F.);
#6783=ADVANCED_FACE('',(#6185),#6579,.T.);
#6784=ADVANCED_FACE('',(#6186,#6187),#122,.F.);
#6785=ADVANCED_FACE('',(#6188),#6580,.T.);
#6786=ADVANCED_FACE('',(#6189,#6190),#123,.F.);
#6787=ADVANCED_FACE('',(#6191),#6581,.T.);
#6788=ADVANCED_FACE('',(#6192),#6582,.T.);
#6789=ADVANCED_FACE('',(#6193),#6583,.T.);
#6790=ADVANCED_FACE('',(#6194),#6584,.T.);
#6791=ADVANCED_FACE('',(#6195),#6585,.T.);
#6792=ADVANCED_FACE('',(#6196),#6586,.T.);
#6793=ADVANCED_FACE('',(#6197),#6587,.T.);
#6794=ADVANCED_FACE('',(#6198),#6588,.T.);
#6795=ADVANCED_FACE('',(#6199),#6589,.T.);
#6796=ADVANCED_FACE('',(#6200),#6590,.T.);
#6797=ADVANCED_FACE('',(#6201),#6591,.T.);
#6798=ADVANCED_FACE('',(#6202),#6592,.T.);
#6799=ADVANCED_FACE('',(#6203),#6593,.T.);
#6800=ADVANCED_FACE('',(#6204),#6594,.T.);
#6801=ADVANCED_FACE('',(#6205),#6595,.T.);
#6802=ADVANCED_FACE('',(#6206),#20,.T.);
#6803=ADVANCED_FACE('',(#6207),#124,.F.);
#6804=ADVANCED_FACE('',(#6208),#21,.T.);
#6805=ADVANCED_FACE('',(#6209),#22,.T.);
#6806=ADVANCED_FACE('',(#6210),#125,.F.);
#6807=ADVANCED_FACE('',(#6211),#23,.T.);
#6808=ADVANCED_FACE('',(#6212),#6596,.T.);
#6809=ADVANCED_FACE('',(#6213),#6597,.T.);
#6810=ADVANCED_FACE('',(#6214),#6598,.T.);
#6811=ADVANCED_FACE('',(#6215),#24,.T.);
#6812=ADVANCED_FACE('',(#6216),#25,.T.);
#6813=ADVANCED_FACE('',(#6217),#26,.T.);
#6814=ADVANCED_FACE('',(#6218),#27,.T.);
#6815=ADVANCED_FACE('Face appearance 2',(#6219),#6599,.T.);
#6816=ADVANCED_FACE('',(#6220),#6600,.T.);
#6817=ADVANCED_FACE('',(#6221),#6601,.T.);
#6818=ADVANCED_FACE('',(#6222),#6602,.T.);
#6819=ADVANCED_FACE('',(#6223),#6603,.T.);
#6820=ADVANCED_FACE('Face appearance 2',(#6224),#6604,.T.);
#6821=ADVANCED_FACE('',(#6225),#126,.F.);
#6822=ADVANCED_FACE('',(#6226),#127,.F.);
#6823=ADVANCED_FACE('',(#6227),#128,.F.);
#6824=ADVANCED_FACE('',(#6228),#129,.F.);
#6825=ADVANCED_FACE('',(#6229),#130,.F.);
#6826=ADVANCED_FACE('',(#6230),#131,.F.);
#6827=ADVANCED_FACE('',(#6231),#132,.F.);
#6828=ADVANCED_FACE('',(#6232),#133,.F.);
#6829=ADVANCED_FACE('Face appearance 2',(#6233),#6605,.T.);
#6830=ADVANCED_FACE('',(#6234),#28,.T.);
#6831=ADVANCED_FACE('',(#6235),#29,.T.);
#6832=ADVANCED_FACE('',(#6236),#134,.T.);
#6833=ADVANCED_FACE('',(#6237),#135,.T.);
#6834=ADVANCED_FACE('',(#6238),#136,.T.);
#6835=ADVANCED_FACE('',(#6239),#30,.T.);
#6836=ADVANCED_FACE('',(#6240),#31,.T.);
#6837=ADVANCED_FACE('',(#6241),#32,.T.);
#6838=ADVANCED_FACE('',(#6242),#33,.T.);
#6839=ADVANCED_FACE('',(#6243),#137,.T.);
#6840=ADVANCED_FACE('',(#6244),#138,.T.);
#6841=ADVANCED_FACE('',(#6245),#34,.T.);
#6842=ADVANCED_FACE('',(#6246),#35,.T.);
#6843=ADVANCED_FACE('',(#6247),#36,.T.);
#6844=ADVANCED_FACE('',(#6248),#37,.T.);
#6845=ADVANCED_FACE('',(#6249),#38,.T.);
#6846=ADVANCED_FACE('',(#6250),#39,.T.);
#6847=ADVANCED_FACE('',(#6251),#6606,.T.);
#6848=ADVANCED_FACE('',(#6252),#6607,.T.);
#6849=ADVANCED_FACE('',(#6253),#6608,.T.);
#6850=ADVANCED_FACE('',(#6254),#6609,.T.);
#6851=ADVANCED_FACE('',(#6255),#6610,.T.);
#6852=ADVANCED_FACE('',(#6256),#40,.T.);
#6853=ADVANCED_FACE('',(#6257),#41,.T.);
#6854=ADVANCED_FACE('',(#6258),#42,.T.);
#6855=ADVANCED_FACE('',(#6259),#139,.F.);
#6856=ADVANCED_FACE('',(#6260),#140,.T.);
#6857=ADVANCED_FACE('Face appearance 2',(#6261,#6262),#6611,.T.);
#6858=ADVANCED_FACE('',(#6263),#43,.T.);
#6859=ADVANCED_FACE('',(#6264),#6612,.T.);
#6860=ADVANCED_FACE('',(#6265),#44,.T.);
#6861=ADVANCED_FACE('',(#6266),#45,.T.);
#6862=ADVANCED_FACE('',(#6267),#141,.T.);
#6863=ADVANCED_FACE('',(#6268),#142,.F.);
#6864=ADVANCED_FACE('',(#6269),#46,.T.);
#6865=ADVANCED_FACE('',(#6270),#143,.F.);
#6866=ADVANCED_FACE('',(#6271),#47,.T.);
#6867=ADVANCED_FACE('',(#6272),#48,.T.);
#6868=ADVANCED_FACE('',(#6273),#144,.F.);
#6869=ADVANCED_FACE('',(#6274),#49,.T.);
#6870=ADVANCED_FACE('',(#6275),#50,.T.);
#6871=ADVANCED_FACE('',(#6276),#145,.F.);
#6872=ADVANCED_FACE('',(#6277),#51,.T.);
#6873=ADVANCED_FACE('',(#6278),#52,.T.);
#6874=ADVANCED_FACE('',(#6279),#146,.F.);
#6875=ADVANCED_FACE('',(#6280),#6613,.T.);
#6876=ADVANCED_FACE('',(#6281),#147,.T.);
#6877=ADVANCED_FACE('',(#6282),#53,.T.);
#6878=ADVANCED_FACE('',(#6283),#54,.T.);
#6879=ADVANCED_FACE('',(#6284),#55,.T.);
#6880=ADVANCED_FACE('',(#6285),#6614,.T.);
#6881=ADVANCED_FACE('',(#6286),#148,.T.);
#6882=ADVANCED_FACE('Face appearance 2',(#6287,#6288),#6615,.T.);
#6883=ADVANCED_FACE('',(#6289),#56,.T.);
#6884=ADVANCED_FACE('',(#6290),#57,.T.);
#6885=ADVANCED_FACE('',(#6291),#149,.T.);
#6886=ADVANCED_FACE('',(#6292),#150,.T.);
#6887=ADVANCED_FACE('',(#6293),#151,.T.);
#6888=ADVANCED_FACE('',(#6294),#58,.T.);
#6889=ADVANCED_FACE('',(#6295),#59,.T.);
#6890=ADVANCED_FACE('',(#6296),#60,.T.);
#6891=ADVANCED_FACE('',(#6297),#61,.T.);
#6892=ADVANCED_FACE('',(#6298),#152,.T.);
#6893=ADVANCED_FACE('',(#6299),#153,.T.);
#6894=ADVANCED_FACE('',(#6300),#62,.T.);
#6895=ADVANCED_FACE('',(#6301),#6616,.T.);
#6896=ADVANCED_FACE('',(#6302),#6617,.T.);
#6897=ADVANCED_FACE('',(#6303),#6618,.T.);
#6898=ADVANCED_FACE('',(#6304),#6619,.T.);
#6899=ADVANCED_FACE('',(#6305),#6620,.T.);
#6900=ADVANCED_FACE('',(#6306),#63,.T.);
#6901=ADVANCED_FACE('',(#6307),#64,.T.);
#6902=ADVANCED_FACE('',(#6308),#154,.F.);
#6903=ADVANCED_FACE('',(#6309),#65,.T.);
#6904=ADVANCED_FACE('',(#6310),#66,.T.);
#6905=ADVANCED_FACE('',(#6311),#67,.T.);
#6906=ADVANCED_FACE('',(#6312),#155,.F.);
#6907=ADVANCED_FACE('',(#6313),#68,.T.);
#6908=ADVANCED_FACE('',(#6314),#69,.T.);
#6909=ADVANCED_FACE('',(#6315),#156,.T.);
#6910=ADVANCED_FACE('Face appearance 2',(#6316,#6317),#6621,.T.);
#6911=ADVANCED_FACE('',(#6318),#6622,.T.);
#6912=ADVANCED_FACE('',(#6319),#6623,.T.);
#6913=ADVANCED_FACE('',(#6320),#6624,.T.);
#6914=ADVANCED_FACE('',(#6321),#6625,.T.);
#6915=ADVANCED_FACE('',(#6322),#6626,.T.);
#6916=ADVANCED_FACE('',(#6323),#6627,.T.);
#6917=ADVANCED_FACE('',(#6324),#6628,.T.);
#6918=ADVANCED_FACE('',(#6325),#6629,.T.);
#6919=ADVANCED_FACE('',(#6326),#6630,.T.);
#6920=ADVANCED_FACE('',(#6327),#6631,.T.);
#6921=ADVANCED_FACE('',(#6328),#6632,.T.);
#6922=ADVANCED_FACE('',(#6329),#6633,.T.);
#6923=ADVANCED_FACE('',(#6330),#6634,.T.);
#6924=ADVANCED_FACE('Face appearance 2',(#6331),#6635,.T.);
#6925=ADVANCED_FACE('',(#6332),#6636,.T.);
#6926=ADVANCED_FACE('',(#6333),#6637,.T.);
#6927=ADVANCED_FACE('',(#6334),#6638,.T.);
#6928=ADVANCED_FACE('',(#6335),#157,.T.);
#6929=ADVANCED_FACE('',(#6336),#158,.T.);
#6930=ADVANCED_FACE('',(#6337),#159,.T.);
#6931=ADVANCED_FACE('',(#6338),#160,.T.);
#6932=ADVANCED_FACE('Face appearance 2',(#6339),#6639,.T.);
#6933=ADVANCED_FACE('',(#6340),#6640,.F.);
#6934=ADVANCED_FACE('',(#6341),#6641,.F.);
#6935=ADVANCED_FACE('',(#6342),#6642,.T.);
#6936=ADVANCED_FACE('',(#6343),#6643,.T.);
#6937=ADVANCED_FACE('',(#6344),#6644,.F.);
#6938=ADVANCED_FACE('',(#6345),#6645,.F.);
#6939=ADVANCED_FACE('',(#6346),#6646,.T.);
#6940=ADVANCED_FACE('',(#6347,#6348),#6647,.T.);
#6941=ADVANCED_FACE('',(#6349),#6648,.F.);
#6942=ADVANCED_FACE('',(#6350,#6351),#161,.F.);
#6943=ADVANCED_FACE('',(#6352,#6353),#6649,.T.);
#6944=ADVANCED_FACE('',(#6354),#6650,.F.);
#6945=ADVANCED_FACE('',(#6355,#6356),#162,.F.);
#6946=ADVANCED_FACE('',(#6357,#6358),#6651,.T.);
#6947=ADVANCED_FACE('',(#6359),#6652,.F.);
#6948=ADVANCED_FACE('',(#6360,#6361),#163,.F.);
#6949=ADVANCED_FACE('',(#6362,#6363),#6653,.T.);
#6950=ADVANCED_FACE('',(#6364),#6654,.F.);
#6951=ADVANCED_FACE('',(#6365,#6366),#164,.F.);
#6952=ADVANCED_FACE('',(#6367),#6655,.T.);
#6953=ADVANCED_FACE('',(#6368),#6656,.T.);
#6954=ADVANCED_FACE('',(#6369),#6657,.T.);
#6955=ADVANCED_FACE('',(#6370),#6658,.T.);
#6956=ADVANCED_FACE('',(#6371),#6659,.T.);
#6957=ADVANCED_FACE('',(#6372),#6660,.T.);
#6958=ADVANCED_FACE('',(#6373),#6661,.T.);
#6959=ADVANCED_FACE('',(#6374),#6662,.T.);
#6960=ADVANCED_FACE('',(#6375),#6663,.T.);
#6961=ADVANCED_FACE('',(#6376),#6664,.T.);
#6962=ADVANCED_FACE('',(#6377),#6665,.T.);
#6963=ADVANCED_FACE('',(#6378),#6666,.T.);
#6964=ADVANCED_FACE('',(#6379),#6667,.T.);
#6965=ADVANCED_FACE('',(#6380),#6668,.T.);
#6966=ADVANCED_FACE('',(#6381),#6669,.T.);
#6967=ADVANCED_FACE('',(#6382),#70,.T.);
#6968=ADVANCED_FACE('',(#6383),#165,.F.);
#6969=ADVANCED_FACE('',(#6384),#71,.T.);
#6970=ADVANCED_FACE('',(#6385),#72,.T.);
#6971=ADVANCED_FACE('',(#6386),#166,.F.);
#6972=ADVANCED_FACE('',(#6387),#73,.T.);
#6973=ADVANCED_FACE('',(#6388),#6670,.T.);
#6974=ADVANCED_FACE('',(#6389),#6671,.T.);
#6975=ADVANCED_FACE('',(#6390),#6672,.T.);
#6976=ADVANCED_FACE('',(#6391),#74,.T.);
#6977=ADVANCED_FACE('',(#6392),#75,.T.);
#6978=ADVANCED_FACE('',(#6393),#76,.T.);
#6979=ADVANCED_FACE('',(#6394),#77,.T.);
#6980=ADVANCED_FACE('',(#6395),#6673,.T.);
#6981=ADVANCED_FACE('',(#6396),#6674,.T.);
#6982=ADVANCED_FACE('',(#6397),#6675,.T.);
#6983=ADVANCED_FACE('',(#6398),#6676,.T.);
#6984=ADVANCED_FACE('',(#6399),#6677,.T.);
#6985=ADVANCED_FACE('',(#6400),#6678,.T.);
#6986=ADVANCED_FACE('',(#6401),#167,.F.);
#6987=ADVANCED_FACE('',(#6402),#168,.F.);
#6988=ADVANCED_FACE('',(#6403),#169,.F.);
#6989=ADVANCED_FACE('',(#6404),#170,.F.);
#6990=ADVANCED_FACE('',(#6405),#171,.F.);
#6991=ADVANCED_FACE('',(#6406),#172,.F.);
#6992=ADVANCED_FACE('',(#6407),#173,.F.);
#6993=ADVANCED_FACE('',(#6408),#174,.F.);
#6994=ADVANCED_FACE('',(#6409),#6679,.T.);
#6995=ADVANCED_FACE('',(#6410),#78,.T.);
#6996=ADVANCED_FACE('',(#6411),#79,.T.);
#6997=ADVANCED_FACE('',(#6412),#175,.T.);
#6998=ADVANCED_FACE('',(#6413),#176,.T.);
#6999=ADVANCED_FACE('',(#6414),#177,.T.);
#7000=ADVANCED_FACE('',(#6415),#80,.T.);
#7001=ADVANCED_FACE('',(#6416),#81,.T.);
#7002=ADVANCED_FACE('',(#6417),#82,.T.);
#7003=ADVANCED_FACE('',(#6418),#83,.T.);
#7004=ADVANCED_FACE('',(#6419),#178,.T.);
#7005=ADVANCED_FACE('',(#6420),#179,.T.);
#7006=ADVANCED_FACE('',(#6421),#84,.T.);
#7007=ADVANCED_FACE('',(#6422),#85,.T.);
#7008=ADVANCED_FACE('',(#6423),#86,.T.);
#7009=ADVANCED_FACE('',(#6424),#87,.T.);
#7010=ADVANCED_FACE('',(#6425),#88,.T.);
#7011=ADVANCED_FACE('',(#6426),#89,.T.);
#7012=ADVANCED_FACE('',(#6427),#6680,.T.);
#7013=ADVANCED_FACE('',(#6428),#6681,.T.);
#7014=ADVANCED_FACE('',(#6429),#6682,.T.);
#7015=ADVANCED_FACE('',(#6430),#6683,.T.);
#7016=ADVANCED_FACE('',(#6431),#6684,.T.);
#7017=ADVANCED_FACE('',(#6432),#90,.T.);
#7018=ADVANCED_FACE('',(#6433),#91,.T.);
#7019=ADVANCED_FACE('',(#6434),#92,.T.);
#7020=ADVANCED_FACE('',(#6435),#180,.F.);
#7021=ADVANCED_FACE('',(#6436),#181,.T.);
#7022=ADVANCED_FACE('',(#6437,#6438),#6685,.T.);
#7023=ADVANCED_FACE('',(#6439),#93,.T.);
#7024=ADVANCED_FACE('',(#6440),#6686,.T.);
#7025=ADVANCED_FACE('',(#6441),#94,.T.);
#7026=ADVANCED_FACE('',(#6442),#95,.T.);
#7027=ADVANCED_FACE('',(#6443),#182,.T.);
#7028=ADVANCED_FACE('',(#6444),#183,.F.);
#7029=ADVANCED_FACE('',(#6445),#96,.T.);
#7030=ADVANCED_FACE('',(#6446),#184,.F.);
#7031=ADVANCED_FACE('',(#6447),#97,.T.);
#7032=ADVANCED_FACE('',(#6448),#98,.T.);
#7033=ADVANCED_FACE('',(#6449),#185,.F.);
#7034=ADVANCED_FACE('',(#6450),#99,.T.);
#7035=ADVANCED_FACE('',(#6451),#100,.T.);
#7036=ADVANCED_FACE('',(#6452),#186,.F.);
#7037=ADVANCED_FACE('',(#6453),#101,.T.);
#7038=ADVANCED_FACE('',(#6454),#102,.T.);
#7039=ADVANCED_FACE('',(#6455),#187,.F.);
#7040=ADVANCED_FACE('',(#6456),#6687,.T.);
#7041=ADVANCED_FACE('',(#6457),#188,.T.);
#7042=ADVANCED_FACE('',(#6458),#103,.T.);
#7043=ADVANCED_FACE('',(#6459),#104,.T.);
#7044=ADVANCED_FACE('',(#6460),#105,.T.);
#7045=ADVANCED_FACE('',(#6461),#6688,.T.);
#7046=ADVANCED_FACE('',(#6462),#189,.T.);
#7047=ADVANCED_FACE('',(#6463,#6464),#6689,.T.);
#7048=ADVANCED_FACE('',(#6465),#106,.T.);
#7049=ADVANCED_FACE('',(#6466),#107,.T.);
#7050=ADVANCED_FACE('',(#6467),#190,.T.);
#7051=ADVANCED_FACE('',(#6468),#191,.T.);
#7052=ADVANCED_FACE('',(#6469),#192,.T.);
#7053=ADVANCED_FACE('',(#6470),#108,.T.);
#7054=ADVANCED_FACE('',(#6471),#109,.T.);
#7055=ADVANCED_FACE('',(#6472),#110,.T.);
#7056=ADVANCED_FACE('',(#6473),#111,.T.);
#7057=ADVANCED_FACE('',(#6474),#193,.T.);
#7058=ADVANCED_FACE('',(#6475),#194,.T.);
#7059=ADVANCED_FACE('',(#6476),#112,.T.);
#7060=ADVANCED_FACE('',(#6477),#6690,.T.);
#7061=ADVANCED_FACE('',(#6478),#6691,.T.);
#7062=ADVANCED_FACE('',(#6479),#6692,.T.);
#7063=ADVANCED_FACE('',(#6480),#6693,.T.);
#7064=ADVANCED_FACE('',(#6481),#6694,.T.);
#7065=ADVANCED_FACE('',(#6482),#113,.T.);
#7066=ADVANCED_FACE('',(#6483),#114,.T.);
#7067=ADVANCED_FACE('',(#6484),#195,.F.);
#7068=ADVANCED_FACE('',(#6485),#115,.T.);
#7069=ADVANCED_FACE('',(#6486),#116,.T.);
#7070=ADVANCED_FACE('',(#6487),#117,.T.);
#7071=ADVANCED_FACE('',(#6488),#196,.F.);
#7072=ADVANCED_FACE('',(#6489),#118,.T.);
#7073=ADVANCED_FACE('',(#6490),#119,.T.);
#7074=ADVANCED_FACE('',(#6491),#197,.T.);
#7075=ADVANCED_FACE('',(#6492,#6493),#6695,.T.);
#7076=ADVANCED_FACE('',(#6494),#6696,.T.);
#7077=ADVANCED_FACE('',(#6495),#6697,.T.);
#7078=ADVANCED_FACE('',(#6496),#6698,.T.);
#7079=ADVANCED_FACE('',(#6497),#6699,.T.);
#7080=ADVANCED_FACE('',(#6498),#6700,.T.);
#7081=ADVANCED_FACE('',(#6499),#6701,.T.);
#7082=ADVANCED_FACE('',(#6500),#6702,.T.);
#7083=ADVANCED_FACE('',(#6501),#6703,.T.);
#7084=ADVANCED_FACE('',(#6502),#6704,.T.);
#7085=ADVANCED_FACE('',(#6503),#6705,.T.);
#7086=ADVANCED_FACE('',(#6504),#6706,.T.);
#7087=ADVANCED_FACE('',(#6505),#6707,.T.);
#7088=ADVANCED_FACE('',(#6506),#6708,.T.);
#7089=ADVANCED_FACE('',(#6507),#6709,.T.);
#7090=ADVANCED_FACE('',(#6508),#6710,.T.);
#7091=ADVANCED_FACE('',(#6509),#6711,.T.);
#7092=ADVANCED_FACE('',(#6510),#6712,.T.);
#7093=ADVANCED_FACE('',(#6511),#6713,.T.);
#7094=ADVANCED_FACE('',(#6512),#6714,.T.);
#7095=ADVANCED_FACE('',(#6513),#6715,.T.);
#7096=ADVANCED_FACE('',(#6514),#6716,.T.);
#7097=ADVANCED_FACE('',(#6515),#6717,.T.);
#7098=ADVANCED_FACE('',(#6516),#6718,.T.);
#7099=ADVANCED_FACE('',(#6517),#6719,.T.);
#7100=ADVANCED_FACE('',(#6518),#6720,.T.);
#7101=ADVANCED_FACE('',(#6519),#6721,.T.);
#7102=ADVANCED_FACE('',(#6520),#6722,.T.);
#7103=ADVANCED_FACE('',(#6521),#6723,.T.);
#7104=ADVANCED_FACE('',(#6522),#6724,.T.);
#7105=ADVANCED_FACE('',(#6523),#6725,.T.);
#7106=ADVANCED_FACE('',(#6524),#6726,.T.);
#7107=ADVANCED_FACE('',(#6525),#6727,.T.);
#7108=ADVANCED_FACE('',(#6526),#6728,.T.);
#7109=ADVANCED_FACE('',(#6527),#6729,.T.);
#7110=ADVANCED_FACE('',(#6528),#6730,.T.);
#7111=ADVANCED_FACE('',(#6529),#6731,.T.);
#7112=ADVANCED_FACE('',(#6530),#6732,.T.);
#7113=ADVANCED_FACE('',(#6531),#6733,.T.);
#7114=ADVANCED_FACE('',(#6532),#6734,.T.);
#7115=ADVANCED_FACE('',(#6533),#6735,.T.);
#7116=ADVANCED_FACE('',(#6534),#6736,.T.);
#7117=ADVANCED_FACE('',(#6535),#6737,.T.);
#7118=ADVANCED_FACE('',(#6536),#6738,.T.);
#7119=ADVANCED_FACE('',(#6537),#6739,.T.);
#7120=ADVANCED_FACE('',(#6538),#6740,.T.);
#7121=ADVANCED_FACE('',(#6539),#6741,.T.);
#7122=ADVANCED_FACE('',(#6540),#6742,.T.);
#7123=CLOSED_SHELL('',(#6743,#6744,#6745,#6746,#6747,#6748,#6749,#6750,
#6751,#6752,#6753,#6754,#6755,#6756,#6757,#6758,#6759,#6760,#6761,#6762,
#6763,#6764,#6765,#6766,#6767,#6768,#6769,#6770,#6771,#6772,#6773,#6774,
#6775,#6776,#6777,#6778,#6779,#6780,#6781,#6782,#6783,#6784,#6785,#6786,
#6787,#6788,#6789,#6790,#6791,#6792,#6793,#6794,#6795,#6796,#6797,#6798,
#6799,#6800,#6801,#6802,#6803,#6804,#6805,#6806,#6807,#6808,#6809,#6810,
#6811,#6812,#6813,#6814,#6815,#6816,#6817,#6818,#6819,#6820,#6821,#6822,
#6823,#6824,#6825,#6826,#6827,#6828,#6829,#6830,#6831,#6832,#6833,#6834,
#6835,#6836,#6837,#6838,#6839,#6840,#6841,#6842,#6843,#6844,#6845,#6846,
#6847,#6848,#6849,#6850,#6851,#6852,#6853,#6854,#6855,#6856,#6857,#6858,
#6859,#6860,#6861,#6862,#6863,#6864,#6865,#6866,#6867,#6868,#6869,#6870,
#6871,#6872,#6873,#6874,#6875,#6876,#6877,#6878,#6879,#6880,#6881,#6882,
#6883,#6884,#6885,#6886,#6887,#6888,#6889,#6890,#6891,#6892,#6893,#6894,
#6895,#6896,#6897,#6898,#6899,#6900,#6901,#6902,#6903,#6904,#6905,#6906,
#6907,#6908,#6909,#6910,#6911,#6912,#6913,#6914,#6915,#6916,#6917,#6918,
#6919,#6920,#6921,#6922,#6923,#6924,#6925,#6926,#6927,#6928,#6929,#6930,
#6931,#6932,#6933,#6934,#6935,#6936,#6937,#6938,#6939,#6940,#6941,#6942,
#6943,#6944,#6945,#6946,#6947,#6948,#6949,#6950,#6951,#6952,#6953,#6954,
#6955,#6956,#6957,#6958,#6959,#6960,#6961,#6962,#6963,#6964,#6965,#6966,
#6967,#6968,#6969,#6970,#6971,#6972,#6973,#6974,#6975,#6976,#6977,#6978,
#6979,#6980,#6981,#6982,#6983,#6984,#6985,#6986,#6987,#6988,#6989,#6990,
#6991,#6992,#6993,#6994,#6995,#6996,#6997,#6998,#6999,#7000,#7001,#7002,
#7003,#7004,#7005,#7006,#7007,#7008,#7009,#7010,#7011,#7012,#7013,#7014,
#7015,#7016,#7017,#7018,#7019,#7020,#7021,#7022,#7023,#7024,#7025,#7026,
#7027,#7028,#7029,#7030,#7031,#7032,#7033,#7034,#7035,#7036,#7037,#7038,
#7039,#7040,#7041,#7042,#7043,#7044,#7045,#7046,#7047,#7048,#7049,#7050,
#7051,#7052,#7053,#7054,#7055,#7056,#7057,#7058,#7059,#7060,#7061,#7062,
#7063,#7064,#7065,#7066,#7067,#7068,#7069,#7070,#7071,#7072,#7073,#7074,
#7075,#7076,#7077,#7078,#7079,#7080,#7081,#7082,#7083,#7084,#7085,#7086,
#7087,#7088,#7089,#7090,#7091,#7092,#7093,#7094,#7095,#7096,#7097,#7098,
#7099,#7100,#7101,#7102,#7103,#7104,#7105,#7106,#7107,#7108,#7109,#7110,
#7111,#7112,#7113,#7114,#7115,#7116,#7117,#7118,#7119,#7120,#7121,#7122));
#7124=STYLED_ITEM('',(#7125),#7181);
#7125=PRESENTATION_STYLE_ASSIGNMENT((#7134));
#7126=PRESENTATION_STYLE_ASSIGNMENT((#7135));
#7127=PRESENTATION_STYLE_ASSIGNMENT((#7136));
#7128=PRESENTATION_STYLE_ASSIGNMENT((#7137));
#7129=PRESENTATION_STYLE_ASSIGNMENT((#7138));
#7130=PRESENTATION_STYLE_ASSIGNMENT((#7139));
#7131=PRESENTATION_STYLE_ASSIGNMENT((#7140));
#7132=PRESENTATION_STYLE_ASSIGNMENT((#7141));
#7133=PRESENTATION_STYLE_ASSIGNMENT((#7142));
#7134=SURFACE_STYLE_USAGE(.BOTH.,#7143);
#7135=SURFACE_STYLE_USAGE(.BOTH.,#7144);
#7136=SURFACE_STYLE_USAGE(.BOTH.,#7145);
#7137=SURFACE_STYLE_USAGE(.BOTH.,#7146);
#7138=SURFACE_STYLE_USAGE(.BOTH.,#7147);
#7139=SURFACE_STYLE_USAGE(.BOTH.,#7148);
#7140=SURFACE_STYLE_USAGE(.BOTH.,#7149);
#7141=SURFACE_STYLE_USAGE(.BOTH.,#7150);
#7142=SURFACE_STYLE_USAGE(.BOTH.,#7151);
#7143=SURFACE_SIDE_STYLE('',(#7152));
#7144=SURFACE_SIDE_STYLE('',(#7153));
#7145=SURFACE_SIDE_STYLE('',(#7154));
#7146=SURFACE_SIDE_STYLE('',(#7155));
#7147=SURFACE_SIDE_STYLE('',(#7156));
#7148=SURFACE_SIDE_STYLE('',(#7157));
#7149=SURFACE_SIDE_STYLE('',(#7158));
#7150=SURFACE_SIDE_STYLE('',(#7159));
#7151=SURFACE_SIDE_STYLE('',(#7160));
#7152=SURFACE_STYLE_FILL_AREA(#7161);
#7153=SURFACE_STYLE_FILL_AREA(#7162);
#7154=SURFACE_STYLE_FILL_AREA(#7163);
#7155=SURFACE_STYLE_FILL_AREA(#7164);
#7156=SURFACE_STYLE_FILL_AREA(#7165);
#7157=SURFACE_STYLE_FILL_AREA(#7166);
#7158=SURFACE_STYLE_FILL_AREA(#7167);
#7159=SURFACE_STYLE_FILL_AREA(#7168);
#7160=SURFACE_STYLE_FILL_AREA(#7169);
#7161=FILL_AREA_STYLE('',(#7170));
#7162=FILL_AREA_STYLE('',(#7171));
#7163=FILL_AREA_STYLE('',(#7172));
#7164=FILL_AREA_STYLE('',(#7173));
#7165=FILL_AREA_STYLE('',(#7174));
#7166=FILL_AREA_STYLE('',(#7175));
#7167=FILL_AREA_STYLE('',(#7176));
#7168=FILL_AREA_STYLE('',(#7177));
#7169=FILL_AREA_STYLE('',(#7178));
#7170=FILL_AREA_STYLE_COLOUR('',#7179);
#7171=FILL_AREA_STYLE_COLOUR('',#7180);
#7172=FILL_AREA_STYLE_COLOUR('',#7180);
#7173=FILL_AREA_STYLE_COLOUR('',#7180);
#7174=FILL_AREA_STYLE_COLOUR('',#7180);
#7175=FILL_AREA_STYLE_COLOUR('',#7180);
#7176=FILL_AREA_STYLE_COLOUR('',#7180);
#7177=FILL_AREA_STYLE_COLOUR('',#7180);
#7178=FILL_AREA_STYLE_COLOUR('',#7180);
#7179=COLOUR_RGB('',0.901960784313726,0.901960784313726,0.901960784313726);
#7180=COLOUR_RGB('',0.262745098039216,0.282352941176471,0.301960784313725);
#7181=MANIFOLD_SOLID_BREP('Part 1',#7123);
#7182=SHAPE_DEFINITION_REPRESENTATION(#12377,#7183);
#7183=SHAPE_REPRESENTATION('Part 1',(#7184),#12372);
#7184=AXIS2_PLACEMENT_3D('',#9169,#7621,#7622);
#7185=AXIS2_PLACEMENT_3D('',#9170,#7623,#7624);
#7186=AXIS2_PLACEMENT_3D('',#9176,#7625,#7626);
#7187=AXIS2_PLACEMENT_3D('',#9192,#7628,#7629);
#7188=AXIS2_PLACEMENT_3D('',#9196,#7631,#7632);
#7189=AXIS2_PLACEMENT_3D('',#9206,#7633,#7634);
#7190=AXIS2_PLACEMENT_3D('',#9216,#7635,#7636);
#7191=AXIS2_PLACEMENT_3D('',#9226,#7637,#7638);
#7192=AXIS2_PLACEMENT_3D('',#9227,#7639,#7640);
#7193=AXIS2_PLACEMENT_3D('',#9230,#7641,#7642);
#7194=AXIS2_PLACEMENT_3D('',#9232,#7643,#7644);
#7195=AXIS2_PLACEMENT_3D('',#9234,#7645,#7646);
#7196=AXIS2_PLACEMENT_3D('',#9236,#7647,#7648);
#7197=AXIS2_PLACEMENT_3D('',#9238,#7649,#7650);
#7198=AXIS2_PLACEMENT_3D('',#9240,#7651,#7652);
#7199=AXIS2_PLACEMENT_3D('',#9242,#7653,#7654);
#7200=AXIS2_PLACEMENT_3D('',#9282,#7664,#7665);
#7201=AXIS2_PLACEMENT_3D('',#9292,#7666,#7667);
#7202=AXIS2_PLACEMENT_3D('',#9338,#7684,#7685);
#7203=AXIS2_PLACEMENT_3D('',#9392,#7692,#7693);
#7204=AXIS2_PLACEMENT_3D('',#9406,#7694,#7695);
#7205=AXIS2_PLACEMENT_3D('',#9509,#7743,#7744);
#7206=AXIS2_PLACEMENT_3D('',#9590,#7785,#7786);
#7207=AXIS2_PLACEMENT_3D('',#9596,#7790,#7791);
#7208=AXIS2_PLACEMENT_3D('',#9602,#7795,#7796);
#7209=AXIS2_PLACEMENT_3D('',#9608,#7800,#7801);
#7210=AXIS2_PLACEMENT_3D('',#9611,#7804,#7805);
#7211=AXIS2_PLACEMENT_3D('',#9620,#7810,#7811);
#7212=AXIS2_PLACEMENT_3D('',#9626,#7815,#7816);
#7213=AXIS2_PLACEMENT_3D('',#9635,#7821,#7822);
#7214=AXIS2_PLACEMENT_3D('',#9641,#7826,#7827);
#7215=AXIS2_PLACEMENT_3D('',#9647,#7831,#7832);
#7216=AXIS2_PLACEMENT_3D('',#9664,#7841,#7842);
#7217=AXIS2_PLACEMENT_3D('',#9679,#7851,#7852);
#7218=AXIS2_PLACEMENT_3D('',#9685,#7853,#7854);
#7219=AXIS2_PLACEMENT_3D('',#9701,#7856,#7857);
#7220=AXIS2_PLACEMENT_3D('',#9705,#7859,#7860);
#7221=AXIS2_PLACEMENT_3D('',#9715,#7861,#7862);
#7222=AXIS2_PLACEMENT_3D('',#9725,#7863,#7864);
#7223=AXIS2_PLACEMENT_3D('',#9735,#7865,#7866);
#7224=AXIS2_PLACEMENT_3D('',#9736,#7867,#7868);
#7225=AXIS2_PLACEMENT_3D('',#9739,#7869,#7870);
#7226=AXIS2_PLACEMENT_3D('',#9741,#7871,#7872);
#7227=AXIS2_PLACEMENT_3D('',#9743,#7873,#7874);
#7228=AXIS2_PLACEMENT_3D('',#9745,#7875,#7876);
#7229=AXIS2_PLACEMENT_3D('',#9747,#7877,#7878);
#7230=AXIS2_PLACEMENT_3D('',#9749,#7879,#7880);
#7231=AXIS2_PLACEMENT_3D('',#9751,#7881,#7882);
#7232=AXIS2_PLACEMENT_3D('',#9791,#7892,#7893);
#7233=AXIS2_PLACEMENT_3D('',#9801,#7894,#7895);
#7234=AXIS2_PLACEMENT_3D('',#9855,#7916,#7917);
#7235=AXIS2_PLACEMENT_3D('',#9909,#7924,#7925);
#7236=AXIS2_PLACEMENT_3D('',#9923,#7926,#7927);
#7237=AXIS2_PLACEMENT_3D('',#9966,#7945,#7946);
#7238=AXIS2_PLACEMENT_3D('',#9967,#7947,#7948);
#7239=AXIS2_PLACEMENT_3D('',#9969,#7949,#7950);
#7240=AXIS2_PLACEMENT_3D('',#9971,#7951,#7952);
#7241=AXIS2_PLACEMENT_3D('',#9973,#7953,#7954);
#7242=AXIS2_PLACEMENT_3D('',#9975,#7955,#7956);
#7243=AXIS2_PLACEMENT_3D('',#9979,#7958,#7959);
#7244=AXIS2_PLACEMENT_3D('',#9980,#7960,#7961);
#7245=AXIS2_PLACEMENT_3D('',#9981,#7962,#7963);
#7246=AXIS2_PLACEMENT_3D('',#9997,#7972,#7973);
#7247=AXIS2_PLACEMENT_3D('',#10006,#7978,#7979);
#7248=AXIS2_PLACEMENT_3D('',#10012,#7983,#7984);
#7249=AXIS2_PLACEMENT_3D('',#10023,#7990,#7991);
#7250=AXIS2_PLACEMENT_3D('',#10030,#7996,#7997);
#7251=AXIS2_PLACEMENT_3D('',#10033,#8000,#8001);
#7252=AXIS2_PLACEMENT_3D('',#10048,#8010,#8011);
#7253=AXIS2_PLACEMENT_3D('',#10055,#8016,#8017);
#7254=AXIS2_PLACEMENT_3D('',#10057,#8019,#8020);
#7255=AXIS2_PLACEMENT_3D('',#10069,#8028,#8029);
#7256=AXIS2_PLACEMENT_3D('',#10073,#8033,#8034);
#7257=AXIS2_PLACEMENT_3D('',#10079,#8038,#8039);
#7258=AXIS2_PLACEMENT_3D('',#10080,#8040,#8041);
#7259=AXIS2_PLACEMENT_3D('',#10081,#8042,#8043);
#7260=AXIS2_PLACEMENT_3D('',#10082,#8044,#8045);
#7261=AXIS2_PLACEMENT_3D('',#10083,#8046,#8047);
#7262=AXIS2_PLACEMENT_3D('',#10084,#8048,#8049);
#7263=AXIS2_PLACEMENT_3D('',#10086,#8051,#8052);
#7264=AXIS2_PLACEMENT_3D('',#10088,#8054,#8055);
#7265=AXIS2_PLACEMENT_3D('',#10094,#8059,#8060);
#7266=AXIS2_PLACEMENT_3D('',#10099,#8064,#8065);
#7267=AXIS2_PLACEMENT_3D('',#10101,#8067,#8068);
#7268=AXIS2_PLACEMENT_3D('',#10102,#8069,#8070);
#7269=AXIS2_PLACEMENT_3D('',#10103,#8071,#8072);
#7270=AXIS2_PLACEMENT_3D('',#10105,#8074,#8075);
#7271=AXIS2_PLACEMENT_3D('',#10107,#8077,#8078);
#7272=AXIS2_PLACEMENT_3D('',#10108,#8079,#8080);
#7273=AXIS2_PLACEMENT_3D('',#10109,#8081,#8082);
#7274=AXIS2_PLACEMENT_3D('',#10111,#8083,#8084);
#7275=AXIS2_PLACEMENT_3D('',#10112,#8085,#8086);
#7276=AXIS2_PLACEMENT_3D('',#10113,#8087,#8088);
#7277=AXIS2_PLACEMENT_3D('',#10115,#8089,#8090);
#7278=AXIS2_PLACEMENT_3D('',#10116,#8091,#8092);
#7279=AXIS2_PLACEMENT_3D('',#10117,#8093,#8094);
#7280=AXIS2_PLACEMENT_3D('',#10119,#8095,#8096);
#7281=AXIS2_PLACEMENT_3D('',#10120,#8097,#8098);
#7282=AXIS2_PLACEMENT_3D('',#10121,#8099,#8100);
#7283=AXIS2_PLACEMENT_3D('',#10123,#8101,#8102);
#7284=AXIS2_PLACEMENT_3D('',#10124,#8103,#8104);
#7285=AXIS2_PLACEMENT_3D('',#10130,#8108,#8109);
#7286=AXIS2_PLACEMENT_3D('',#10134,#8112,#8113);
#7287=AXIS2_PLACEMENT_3D('',#10138,#8116,#8117);
#7288=AXIS2_PLACEMENT_3D('',#10142,#8120,#8121);
#7289=AXIS2_PLACEMENT_3D('',#10146,#8124,#8125);
#7290=AXIS2_PLACEMENT_3D('',#10150,#8128,#8129);
#7291=AXIS2_PLACEMENT_3D('',#10154,#8132,#8133);
#7292=AXIS2_PLACEMENT_3D('',#10158,#8136,#8137);
#7293=AXIS2_PLACEMENT_3D('',#10162,#8140,#8141);
#7294=AXIS2_PLACEMENT_3D('',#10166,#8144,#8145);
#7295=AXIS2_PLACEMENT_3D('',#10168,#8147,#8148);
#7296=AXIS2_PLACEMENT_3D('',#10174,#8152,#8153);
#7297=AXIS2_PLACEMENT_3D('',#10178,#8156,#8157);
#7298=AXIS2_PLACEMENT_3D('',#10195,#8161,#8162);
#7299=AXIS2_PLACEMENT_3D('',#10198,#8164,#8165);
#7300=AXIS2_PLACEMENT_3D('',#10225,#8168,#8169);
#7301=AXIS2_PLACEMENT_3D('',#10228,#8171,#8172);
#7302=AXIS2_PLACEMENT_3D('',#10242,#8174,#8175);
#7303=AXIS2_PLACEMENT_3D('',#10246,#8178,#8179);
#7304=AXIS2_PLACEMENT_3D('',#10250,#8182,#8183);
#7305=AXIS2_PLACEMENT_3D('',#10304,#8189,#8190);
#7306=AXIS2_PLACEMENT_3D('',#10305,#8191,#8192);
#7307=AXIS2_PLACEMENT_3D('',#10311,#8196,#8197);
#7308=AXIS2_PLACEMENT_3D('',#10315,#8200,#8201);
#7309=AXIS2_PLACEMENT_3D('',#10319,#8204,#8205);
#7310=AXIS2_PLACEMENT_3D('',#10321,#8207,#8208);
#7311=AXIS2_PLACEMENT_3D('',#10322,#8209,#8210);
#7312=AXIS2_PLACEMENT_3D('',#10325,#8212,#8213);
#7313=AXIS2_PLACEMENT_3D('',#10328,#8215,#8216);
#7314=AXIS2_PLACEMENT_3D('',#10331,#8218,#8219);
#7315=AXIS2_PLACEMENT_3D('',#10332,#8220,#8221);
#7316=AXIS2_PLACEMENT_3D('',#10335,#8223,#8224);
#7317=AXIS2_PLACEMENT_3D('',#10336,#8225,#8226);
#7318=AXIS2_PLACEMENT_3D('',#10339,#8228,#8229);
#7319=AXIS2_PLACEMENT_3D('',#10340,#8230,#8231);
#7320=AXIS2_PLACEMENT_3D('',#10343,#8233,#8234);
#7321=AXIS2_PLACEMENT_3D('',#10344,#8235,#8236);
#7322=AXIS2_PLACEMENT_3D('',#10347,#8238,#8239);
#7323=AXIS2_PLACEMENT_3D('',#10348,#8240,#8241);
#7324=AXIS2_PLACEMENT_3D('',#10351,#8243,#8244);
#7325=AXIS2_PLACEMENT_3D('',#10352,#8245,#8246);
#7326=AXIS2_PLACEMENT_3D('',#10353,#8247,#8248);
#7327=AXIS2_PLACEMENT_3D('',#10354,#8249,#8250);
#7328=AXIS2_PLACEMENT_3D('',#10392,#8254,#8255);
#7329=AXIS2_PLACEMENT_3D('',#10393,#8256,#8257);
#7330=AXIS2_PLACEMENT_3D('',#10397,#8259,#8260);
#7331=AXIS2_PLACEMENT_3D('',#10398,#8261,#8262);
#7332=AXIS2_PLACEMENT_3D('',#10399,#8263,#8264);
#7333=AXIS2_PLACEMENT_3D('',#10403,#8266,#8267);
#7334=AXIS2_PLACEMENT_3D('',#10404,#8268,#8269);
#7335=AXIS2_PLACEMENT_3D('',#10405,#8270,#8271);
#7336=AXIS2_PLACEMENT_3D('',#10409,#8273,#8274);
#7337=AXIS2_PLACEMENT_3D('',#10478,#8279,#8280);
#7338=AXIS2_PLACEMENT_3D('',#10479,#8281,#8282);
#7339=AXIS2_PLACEMENT_3D('',#10483,#8284,#8285);
#7340=AXIS2_PLACEMENT_3D('',#10484,#8286,#8287);
#7341=AXIS2_PLACEMENT_3D('',#10485,#8288,#8289);
#7342=AXIS2_PLACEMENT_3D('',#10489,#8291,#8292);
#7343=AXIS2_PLACEMENT_3D('',#10570,#8300,#8301);
#7344=AXIS2_PLACEMENT_3D('',#10574,#8304,#8305);
#7345=AXIS2_PLACEMENT_3D('',#10578,#8308,#8309);
#7346=AXIS2_PLACEMENT_3D('',#10582,#8312,#8313);
#7347=AXIS2_PLACEMENT_3D('',#10586,#8316,#8317);
#7348=AXIS2_PLACEMENT_3D('',#10629,#8323,#8324);
#7349=AXIS2_PLACEMENT_3D('',#10630,#8325,#8326);
#7350=AXIS2_PLACEMENT_3D('',#10631,#8327,#8328);
#7351=AXIS2_PLACEMENT_3D('',#10632,#8329,#8330);
#7352=AXIS2_PLACEMENT_3D('',#10633,#8331,#8332);
#7353=AXIS2_PLACEMENT_3D('',#10634,#8333,#8334);
#7354=AXIS2_PLACEMENT_3D('',#10655,#8337,#8338);
#7355=AXIS2_PLACEMENT_3D('',#10695,#8344,#8345);
#7356=AXIS2_PLACEMENT_3D('',#10696,#8346,#8347);
#7357=AXIS2_PLACEMENT_3D('',#10700,#8349,#8350);
#7358=AXIS2_PLACEMENT_3D('',#10701,#8351,#8352);
#7359=AXIS2_PLACEMENT_3D('',#10704,#8354,#8355);
#7360=AXIS2_PLACEMENT_3D('',#10720,#8358,#8359);
#7361=AXIS2_PLACEMENT_3D('',#10723,#8361,#8362);
#7362=AXIS2_PLACEMENT_3D('',#10750,#8365,#8366);
#7363=AXIS2_PLACEMENT_3D('',#10753,#8368,#8369);
#7364=AXIS2_PLACEMENT_3D('',#10780,#8372,#8373);
#7365=AXIS2_PLACEMENT_3D('',#10783,#8375,#8376);
#7366=AXIS2_PLACEMENT_3D('',#10810,#8379,#8380);
#7367=AXIS2_PLACEMENT_3D('',#10813,#8382,#8383);
#7368=AXIS2_PLACEMENT_3D('',#10814,#8384,#8385);
#7369=AXIS2_PLACEMENT_3D('',#10818,#8388,#8389);
#7370=AXIS2_PLACEMENT_3D('',#10821,#8391,#8392);
#7371=AXIS2_PLACEMENT_3D('',#10861,#8396,#8397);
#7372=AXIS2_PLACEMENT_3D('',#10863,#8399,#8400);
#7373=AXIS2_PLACEMENT_3D('',#10864,#8401,#8402);
#7374=AXIS2_PLACEMENT_3D('',#10865,#8403,#8404);
#7375=AXIS2_PLACEMENT_3D('',#10866,#8405,#8406);
#7376=AXIS2_PLACEMENT_3D('',#10904,#8410,#8411);
#7377=AXIS2_PLACEMENT_3D('',#10905,#8412,#8413);
#7378=AXIS2_PLACEMENT_3D('',#10909,#8415,#8416);
#7379=AXIS2_PLACEMENT_3D('',#10910,#8417,#8418);
#7380=AXIS2_PLACEMENT_3D('',#10911,#8419,#8420);
#7381=AXIS2_PLACEMENT_3D('',#10915,#8422,#8423);
#7382=AXIS2_PLACEMENT_3D('',#10916,#8424,#8425);
#7383=AXIS2_PLACEMENT_3D('',#10917,#8426,#8427);
#7384=AXIS2_PLACEMENT_3D('',#10921,#8429,#8430);
#7385=AXIS2_PLACEMENT_3D('',#10990,#8435,#8436);
#7386=AXIS2_PLACEMENT_3D('',#10991,#8437,#8438);
#7387=AXIS2_PLACEMENT_3D('',#10995,#8440,#8441);
#7388=AXIS2_PLACEMENT_3D('',#10996,#8442,#8443);
#7389=AXIS2_PLACEMENT_3D('',#10997,#8444,#8445);
#7390=AXIS2_PLACEMENT_3D('',#11001,#8447,#8448);
#7391=AXIS2_PLACEMENT_3D('',#11017,#8451,#8452);
#7392=AXIS2_PLACEMENT_3D('',#11021,#8455,#8456);
#7393=AXIS2_PLACEMENT_3D('',#11025,#8459,#8460);
#7394=AXIS2_PLACEMENT_3D('',#11029,#8463,#8464);
#7395=AXIS2_PLACEMENT_3D('',#11033,#8467,#8468);
#7396=AXIS2_PLACEMENT_3D('',#11063,#8473,#8474);
#7397=AXIS2_PLACEMENT_3D('',#11066,#8476,#8477);
#7398=AXIS2_PLACEMENT_3D('',#11106,#8481,#8482);
#7399=AXIS2_PLACEMENT_3D('',#11109,#8484,#8485);
#7400=AXIS2_PLACEMENT_3D('',#11134,#8487,#8488);
#7401=AXIS2_PLACEMENT_3D('',#11135,#8489,#8490);
#7402=AXIS2_PLACEMENT_3D('',#11136,#8491,#8492);
#7403=AXIS2_PLACEMENT_3D('',#11137,#8493,#8494);
#7404=AXIS2_PLACEMENT_3D('',#11138,#8495,#8496);
#7405=AXIS2_PLACEMENT_3D('',#11144,#8500,#8501);
#7406=AXIS2_PLACEMENT_3D('',#11148,#8504,#8505);
#7407=AXIS2_PLACEMENT_3D('',#11152,#8508,#8509);
#7408=AXIS2_PLACEMENT_3D('',#11156,#8512,#8513);
#7409=AXIS2_PLACEMENT_3D('',#11160,#8516,#8517);
#7410=AXIS2_PLACEMENT_3D('',#11164,#8520,#8521);
#7411=AXIS2_PLACEMENT_3D('',#11168,#8524,#8525);
#7412=AXIS2_PLACEMENT_3D('',#11172,#8528,#8529);
#7413=AXIS2_PLACEMENT_3D('',#11176,#8532,#8533);
#7414=AXIS2_PLACEMENT_3D('',#11180,#8536,#8537);
#7415=AXIS2_PLACEMENT_3D('',#11184,#8540,#8541);
#7416=AXIS2_PLACEMENT_3D('',#11188,#8544,#8545);
#7417=AXIS2_PLACEMENT_3D('',#11190,#8547,#8548);
#7418=AXIS2_PLACEMENT_3D('',#11191,#8549,#8550);
#7419=AXIS2_PLACEMENT_3D('',#11192,#8551,#8552);
#7420=AXIS2_PLACEMENT_3D('',#11193,#8553,#8554);
#7421=AXIS2_PLACEMENT_3D('',#11194,#8555,#8556);
#7422=AXIS2_PLACEMENT_3D('',#11195,#8557,#8558);
#7423=AXIS2_PLACEMENT_3D('',#11196,#8559,#8560);
#7424=AXIS2_PLACEMENT_3D('',#11197,#8561,#8562);
#7425=AXIS2_PLACEMENT_3D('',#11198,#8563,#8564);
#7426=AXIS2_PLACEMENT_3D('',#11199,#8565,#8566);
#7427=AXIS2_PLACEMENT_3D('',#11201,#8568,#8569);
#7428=AXIS2_PLACEMENT_3D('',#11203,#8571,#8572);
#7429=AXIS2_PLACEMENT_3D('',#11204,#8573,#8574);
#7430=AXIS2_PLACEMENT_3D('',#11207,#8577,#8578);
#7431=AXIS2_PLACEMENT_3D('',#11209,#8580,#8581);
#7432=AXIS2_PLACEMENT_3D('',#11211,#8583,#8584);
#7433=AXIS2_PLACEMENT_3D('',#11212,#8585,#8586);
#7434=AXIS2_PLACEMENT_3D('',#11213,#8587,#8588);
#7435=AXIS2_PLACEMENT_3D('',#11215,#8589,#8590);
#7436=AXIS2_PLACEMENT_3D('',#11216,#8591,#8592);
#7437=AXIS2_PLACEMENT_3D('',#11218,#8593,#8594);
#7438=AXIS2_PLACEMENT_3D('',#11219,#8595,#8596);
#7439=AXIS2_PLACEMENT_3D('',#11220,#8597,#8598);
#7440=AXIS2_PLACEMENT_3D('',#11222,#8599,#8600);
#7441=AXIS2_PLACEMENT_3D('',#11223,#8601,#8602);
#7442=AXIS2_PLACEMENT_3D('',#11225,#8603,#8604);
#7443=AXIS2_PLACEMENT_3D('',#11226,#8605,#8606);
#7444=AXIS2_PLACEMENT_3D('',#11227,#8607,#8608);
#7445=AXIS2_PLACEMENT_3D('',#11229,#8609,#8610);
#7446=AXIS2_PLACEMENT_3D('',#11230,#8611,#8612);
#7447=AXIS2_PLACEMENT_3D('',#11232,#8613,#8614);
#7448=AXIS2_PLACEMENT_3D('',#11233,#8615,#8616);
#7449=AXIS2_PLACEMENT_3D('',#11234,#8617,#8618);
#7450=AXIS2_PLACEMENT_3D('',#11236,#8619,#8620);
#7451=AXIS2_PLACEMENT_3D('',#11237,#8621,#8622);
#7452=AXIS2_PLACEMENT_3D('',#11239,#8623,#8624);
#7453=AXIS2_PLACEMENT_3D('',#11240,#8625,#8626);
#7454=AXIS2_PLACEMENT_3D('',#11246,#8630,#8631);
#7455=AXIS2_PLACEMENT_3D('',#11250,#8634,#8635);
#7456=AXIS2_PLACEMENT_3D('',#11254,#8638,#8639);
#7457=AXIS2_PLACEMENT_3D('',#11258,#8642,#8643);
#7458=AXIS2_PLACEMENT_3D('',#11262,#8646,#8647);
#7459=AXIS2_PLACEMENT_3D('',#11266,#8650,#8651);
#7460=AXIS2_PLACEMENT_3D('',#11270,#8654,#8655);
#7461=AXIS2_PLACEMENT_3D('',#11274,#8658,#8659);
#7462=AXIS2_PLACEMENT_3D('',#11278,#8662,#8663);
#7463=AXIS2_PLACEMENT_3D('',#11282,#8666,#8667);
#7464=AXIS2_PLACEMENT_3D('',#11284,#8669,#8670);
#7465=AXIS2_PLACEMENT_3D('',#11285,#8671,#8672);
#7466=AXIS2_PLACEMENT_3D('',#11291,#8676,#8677);
#7467=AXIS2_PLACEMENT_3D('',#11295,#8680,#8681);
#7468=AXIS2_PLACEMENT_3D('',#11312,#8685,#8686);
#7469=AXIS2_PLACEMENT_3D('',#11315,#8688,#8689);
#7470=AXIS2_PLACEMENT_3D('',#11342,#8692,#8693);
#7471=AXIS2_PLACEMENT_3D('',#11345,#8695,#8696);
#7472=AXIS2_PLACEMENT_3D('',#11359,#8698,#8699);
#7473=AXIS2_PLACEMENT_3D('',#11363,#8702,#8703);
#7474=AXIS2_PLACEMENT_3D('',#11367,#8706,#8707);
#7475=AXIS2_PLACEMENT_3D('',#11421,#8713,#8714);
#7476=AXIS2_PLACEMENT_3D('',#11422,#8715,#8716);
#7477=AXIS2_PLACEMENT_3D('',#11428,#8720,#8721);
#7478=AXIS2_PLACEMENT_3D('',#11432,#8724,#8725);
#7479=AXIS2_PLACEMENT_3D('',#11436,#8728,#8729);
#7480=AXIS2_PLACEMENT_3D('',#11438,#8731,#8732);
#7481=AXIS2_PLACEMENT_3D('',#11439,#8733,#8734);
#7482=AXIS2_PLACEMENT_3D('',#11442,#8736,#8737);
#7483=AXIS2_PLACEMENT_3D('',#11445,#8739,#8740);
#7484=AXIS2_PLACEMENT_3D('',#11448,#8742,#8743);
#7485=AXIS2_PLACEMENT_3D('',#11449,#8744,#8745);
#7486=AXIS2_PLACEMENT_3D('',#11452,#8747,#8748);
#7487=AXIS2_PLACEMENT_3D('',#11453,#8749,#8750);
#7488=AXIS2_PLACEMENT_3D('',#11456,#8752,#8753);
#7489=AXIS2_PLACEMENT_3D('',#11457,#8754,#8755);
#7490=AXIS2_PLACEMENT_3D('',#11460,#8757,#8758);
#7491=AXIS2_PLACEMENT_3D('',#11461,#8759,#8760);
#7492=AXIS2_PLACEMENT_3D('',#11464,#8762,#8763);
#7493=AXIS2_PLACEMENT_3D('',#11465,#8764,#8765);
#7494=AXIS2_PLACEMENT_3D('',#11468,#8767,#8768);
#7495=AXIS2_PLACEMENT_3D('',#11469,#8769,#8770);
#7496=AXIS2_PLACEMENT_3D('',#11470,#8771,#8772);
#7497=AXIS2_PLACEMENT_3D('',#11471,#8773,#8774);
#7498=AXIS2_PLACEMENT_3D('',#11509,#8778,#8779);
#7499=AXIS2_PLACEMENT_3D('',#11510,#8780,#8781);
#7500=AXIS2_PLACEMENT_3D('',#11514,#8783,#8784);
#7501=AXIS2_PLACEMENT_3D('',#11515,#8785,#8786);
#7502=AXIS2_PLACEMENT_3D('',#11516,#8787,#8788);
#7503=AXIS2_PLACEMENT_3D('',#11520,#8790,#8791);
#7504=AXIS2_PLACEMENT_3D('',#11521,#8792,#8793);
#7505=AXIS2_PLACEMENT_3D('',#11522,#8794,#8795);
#7506=AXIS2_PLACEMENT_3D('',#11526,#8797,#8798);
#7507=AXIS2_PLACEMENT_3D('',#11595,#8803,#8804);
#7508=AXIS2_PLACEMENT_3D('',#11596,#8805,#8806);
#7509=AXIS2_PLACEMENT_3D('',#11600,#8808,#8809);
#7510=AXIS2_PLACEMENT_3D('',#11601,#8810,#8811);
#7511=AXIS2_PLACEMENT_3D('',#11602,#8812,#8813);
#7512=AXIS2_PLACEMENT_3D('',#11606,#8815,#8816);
#7513=AXIS2_PLACEMENT_3D('',#11687,#8824,#8825);
#7514=AXIS2_PLACEMENT_3D('',#11691,#8828,#8829);
#7515=AXIS2_PLACEMENT_3D('',#11695,#8832,#8833);
#7516=AXIS2_PLACEMENT_3D('',#11699,#8836,#8837);
#7517=AXIS2_PLACEMENT_3D('',#11703,#8840,#8841);
#7518=AXIS2_PLACEMENT_3D('',#11746,#8847,#8848);
#7519=AXIS2_PLACEMENT_3D('',#11747,#8849,#8850);
#7520=AXIS2_PLACEMENT_3D('',#11748,#8851,#8852);
#7521=AXIS2_PLACEMENT_3D('',#11749,#8853,#8854);
#7522=AXIS2_PLACEMENT_3D('',#11750,#8855,#8856);
#7523=AXIS2_PLACEMENT_3D('',#11751,#8857,#8858);
#7524=AXIS2_PLACEMENT_3D('',#11772,#8861,#8862);
#7525=AXIS2_PLACEMENT_3D('',#11812,#8868,#8869);
#7526=AXIS2_PLACEMENT_3D('',#11813,#8870,#8871);
#7527=AXIS2_PLACEMENT_3D('',#11817,#8873,#8874);
#7528=AXIS2_PLACEMENT_3D('',#11818,#8875,#8876);
#7529=AXIS2_PLACEMENT_3D('',#11821,#8878,#8879);
#7530=AXIS2_PLACEMENT_3D('',#11837,#8882,#8883);
#7531=AXIS2_PLACEMENT_3D('',#11840,#8885,#8886);
#7532=AXIS2_PLACEMENT_3D('',#11867,#8889,#8890);
#7533=AXIS2_PLACEMENT_3D('',#11870,#8892,#8893);
#7534=AXIS2_PLACEMENT_3D('',#11897,#8896,#8897);
#7535=AXIS2_PLACEMENT_3D('',#11900,#8899,#8900);
#7536=AXIS2_PLACEMENT_3D('',#11927,#8903,#8904);
#7537=AXIS2_PLACEMENT_3D('',#11930,#8906,#8907);
#7538=AXIS2_PLACEMENT_3D('',#11931,#8908,#8909);
#7539=AXIS2_PLACEMENT_3D('',#11935,#8912,#8913);
#7540=AXIS2_PLACEMENT_3D('',#11938,#8915,#8916);
#7541=AXIS2_PLACEMENT_3D('',#11978,#8920,#8921);
#7542=AXIS2_PLACEMENT_3D('',#11980,#8923,#8924);
#7543=AXIS2_PLACEMENT_3D('',#11981,#8925,#8926);
#7544=AXIS2_PLACEMENT_3D('',#11982,#8927,#8928);
#7545=AXIS2_PLACEMENT_3D('',#11983,#8929,#8930);
#7546=AXIS2_PLACEMENT_3D('',#12021,#8934,#8935);
#7547=AXIS2_PLACEMENT_3D('',#12022,#8936,#8937);
#7548=AXIS2_PLACEMENT_3D('',#12026,#8939,#8940);
#7549=AXIS2_PLACEMENT_3D('',#12027,#8941,#8942);
#7550=AXIS2_PLACEMENT_3D('',#12028,#8943,#8944);
#7551=AXIS2_PLACEMENT_3D('',#12032,#8946,#8947);
#7552=AXIS2_PLACEMENT_3D('',#12033,#8948,#8949);
#7553=AXIS2_PLACEMENT_3D('',#12034,#8950,#8951);
#7554=AXIS2_PLACEMENT_3D('',#12038,#8953,#8954);
#7555=AXIS2_PLACEMENT_3D('',#12107,#8959,#8960);
#7556=AXIS2_PLACEMENT_3D('',#12108,#8961,#8962);
#7557=AXIS2_PLACEMENT_3D('',#12112,#8964,#8965);
#7558=AXIS2_PLACEMENT_3D('',#12113,#8966,#8967);
#7559=AXIS2_PLACEMENT_3D('',#12114,#8968,#8969);
#7560=AXIS2_PLACEMENT_3D('',#12118,#8971,#8972);
#7561=AXIS2_PLACEMENT_3D('',#12134,#8975,#8976);
#7562=AXIS2_PLACEMENT_3D('',#12138,#8979,#8980);
#7563=AXIS2_PLACEMENT_3D('',#12142,#8983,#8984);
#7564=AXIS2_PLACEMENT_3D('',#12146,#8987,#8988);
#7565=AXIS2_PLACEMENT_3D('',#12150,#8991,#8992);
#7566=AXIS2_PLACEMENT_3D('',#12180,#8997,#8998);
#7567=AXIS2_PLACEMENT_3D('',#12183,#9000,#9001);
#7568=AXIS2_PLACEMENT_3D('',#12223,#9005,#9006);
#7569=AXIS2_PLACEMENT_3D('',#12226,#9008,#9009);
#7570=AXIS2_PLACEMENT_3D('',#12251,#9011,#9012);
#7571=AXIS2_PLACEMENT_3D('',#12252,#9013,#9014);
#7572=AXIS2_PLACEMENT_3D('',#12253,#9015,#9016);
#7573=AXIS2_PLACEMENT_3D('',#12254,#9017,#9018);
#7574=AXIS2_PLACEMENT_3D('',#12255,#9019,#9020);
#7575=AXIS2_PLACEMENT_3D('',#12261,#9024,#9025);
#7576=AXIS2_PLACEMENT_3D('',#12265,#9028,#9029);
#7577=AXIS2_PLACEMENT_3D('',#12269,#9032,#9033);
#7578=AXIS2_PLACEMENT_3D('',#12273,#9036,#9037);
#7579=AXIS2_PLACEMENT_3D('',#12277,#9040,#9041);
#7580=AXIS2_PLACEMENT_3D('',#12281,#9044,#9045);
#7581=AXIS2_PLACEMENT_3D('',#12285,#9048,#9049);
#7582=AXIS2_PLACEMENT_3D('',#12289,#9052,#9053);
#7583=AXIS2_PLACEMENT_3D('',#12293,#9056,#9057);
#7584=AXIS2_PLACEMENT_3D('',#12297,#9060,#9061);
#7585=AXIS2_PLACEMENT_3D('',#12301,#9064,#9065);
#7586=AXIS2_PLACEMENT_3D('',#12305,#9068,#9069);
#7587=AXIS2_PLACEMENT_3D('',#12307,#9071,#9072);
#7588=AXIS2_PLACEMENT_3D('',#12308,#9073,#9074);
#7589=AXIS2_PLACEMENT_3D('',#12309,#9075,#9076);
#7590=AXIS2_PLACEMENT_3D('',#12310,#9077,#9078);
#7591=AXIS2_PLACEMENT_3D('',#12311,#9079,#9080);
#7592=AXIS2_PLACEMENT_3D('',#12314,#9083,#9084);
#7593=AXIS2_PLACEMENT_3D('',#12316,#9086,#9087);
#7594=AXIS2_PLACEMENT_3D('',#12318,#9089,#9090);
#7595=AXIS2_PLACEMENT_3D('',#12320,#9092,#9093);
#7596=AXIS2_PLACEMENT_3D('',#12322,#9095,#9096);
#7597=AXIS2_PLACEMENT_3D('',#12324,#9098,#9099);
#7598=AXIS2_PLACEMENT_3D('',#12326,#9101,#9102);
#7599=AXIS2_PLACEMENT_3D('',#12328,#9104,#9105);
#7600=AXIS2_PLACEMENT_3D('',#12330,#9107,#9108);
#7601=AXIS2_PLACEMENT_3D('',#12331,#9109,#9110);
#7602=AXIS2_PLACEMENT_3D('',#12334,#9113,#9114);
#7603=AXIS2_PLACEMENT_3D('',#12336,#9116,#9117);
#7604=AXIS2_PLACEMENT_3D('',#12338,#9119,#9120);
#7605=AXIS2_PLACEMENT_3D('',#12340,#9122,#9123);
#7606=AXIS2_PLACEMENT_3D('',#12342,#9125,#9126);
#7607=AXIS2_PLACEMENT_3D('',#12344,#9128,#9129);
#7608=AXIS2_PLACEMENT_3D('',#12346,#9131,#9132);
#7609=AXIS2_PLACEMENT_3D('',#12348,#9134,#9135);
#7610=AXIS2_PLACEMENT_3D('',#12350,#9137,#9138);
#7611=AXIS2_PLACEMENT_3D('',#12351,#9139,#9140);
#7612=AXIS2_PLACEMENT_3D('',#12354,#9143,#9144);
#7613=AXIS2_PLACEMENT_3D('',#12356,#9146,#9147);
#7614=AXIS2_PLACEMENT_3D('',#12358,#9149,#9150);
#7615=AXIS2_PLACEMENT_3D('',#12360,#9152,#9153);
#7616=AXIS2_PLACEMENT_3D('',#12362,#9155,#9156);
#7617=AXIS2_PLACEMENT_3D('',#12364,#9158,#9159);
#7618=AXIS2_PLACEMENT_3D('',#12366,#9161,#9162);
#7619=AXIS2_PLACEMENT_3D('',#12368,#9164,#9165);
#7620=AXIS2_PLACEMENT_3D('',#12370,#9167,#9168);
#7621=DIRECTION('',(0.,0.,1.));
#7622=DIRECTION('',(1.,0.,0.));
#7623=DIRECTION('',(1.,0.,0.));
#7624=DIRECTION('',(0.,0.,-1.));
#7625=DIRECTION('',(1.,0.,0.));
#7626=DIRECTION('',(0.,0.,-1.));
#7627=DIRECTION('',(0.,-0.998820546163857,-0.0485542640860231));
#7628=DIRECTION('',(1.,0.,0.));
#7629=DIRECTION('',(0.,0.,-1.));
#7630=DIRECTION('',(0.,0.998820546163857,0.0485542640860204));
#7631=DIRECTION('',(1.,0.,0.));
#7632=DIRECTION('',(0.,0.,-1.));
#7633=DIRECTION('',(1.,0.,0.));
#7634=DIRECTION('',(0.,0.,-1.));
#7635=DIRECTION('',(1.,0.,0.));
#7636=DIRECTION('',(0.,0.,-1.));
#7637=DIRECTION('',(1.,0.,0.));
#7638=DIRECTION('',(0.,0.,-1.));
#7639=DIRECTION('',(1.,0.,0.));
#7640=DIRECTION('',(0.,0.,-1.));
#7641=DIRECTION('',(1.,0.,0.));
#7642=DIRECTION('',(0.,0.,-1.));
#7643=DIRECTION('',(1.,0.,0.));
#7644=DIRECTION('',(0.,0.,-1.));
#7645=DIRECTION('',(1.,0.,0.));
#7646=DIRECTION('',(0.,0.,-1.));
#7647=DIRECTION('',(1.,0.,0.));
#7648=DIRECTION('',(0.,0.,-1.));
#7649=DIRECTION('',(1.,0.,0.));
#7650=DIRECTION('',(0.,0.,-1.));
#7651=DIRECTION('',(1.,0.,0.));
#7652=DIRECTION('',(0.,0.,-1.));
#7653=DIRECTION('',(1.,0.,0.));
#7654=DIRECTION('',(0.,0.,-1.));
#7655=DIRECTION('',(0.,0.998820546163857,0.0485542640860206));
#7656=DIRECTION('',(0.,0.0266986775354957,-0.999643526772347));
#7657=DIRECTION('',(0.,-0.998820546163857,-0.0485542640860206));
#7658=DIRECTION('',(0.,-0.0703866249975665,0.997519785779436));
#7659=DIRECTION('',(0.,0.998820546163857,0.0485542640860266));
#7660=DIRECTION('',(0.,0.048554264086024,-0.998820546163857));
#7661=DIRECTION('',(0.,-0.048554264086024,0.998820546163857));
#7662=DIRECTION('',(0.,0.998820546163857,0.0485542640860266));
#7663=DIRECTION('',(0.,0.0485542640860219,-0.998820546163857));
#7664=DIRECTION('',(1.,0.,0.));
#7665=DIRECTION('',(0.,0.,-1.));
#7666=DIRECTION('',(1.,0.,0.));
#7667=DIRECTION('',(0.,0.,-1.));
#7668=DIRECTION('',(0.,-0.0485542640860219,0.998820546163857));
#7669=DIRECTION('',(0.,-0.998820546163857,-0.0485542640860256));
#7670=DIRECTION('',(0.,-0.699641092166739,0.714494466144933));
#7671=DIRECTION('',(0.,0.0485542640860218,-0.998820546163857));
#7672=DIRECTION('',(0.,-0.998820546163857,-0.0485542640860266));
#7673=DIRECTION('',(0.,-0.0485542640860224,0.998820546163857));
#7674=DIRECTION('',(0.,0.998820546163857,0.0485542640860264));
#7675=DIRECTION('',(0.,0.048554264086022,-0.998820546163857));
#7676=DIRECTION('',(0.,0.618427581196595,0.785841795029591));
#7677=DIRECTION('',(0.,0.998820546163857,0.0485542640860222));
#7678=DIRECTION('',(0.,-0.650756545010334,-0.759286453933042));
#7679=DIRECTION('',(0.,0.720233167720616,-0.693732069400808));
#7680=DIRECTION('',(0.,1.,8.04911692853238E-16));
#7681=DIRECTION('',(0.,-8.04911692853238E-16,1.));
#7682=DIRECTION('',(0.,1.,8.04911692853238E-16));
#7683=DIRECTION('',(0.,-8.04911692853238E-16,1.));
#7684=DIRECTION('',(1.,0.,0.));
#7685=DIRECTION('',(0.,0.,-1.));
#7686=DIRECTION('',(0.,-0.0485542640860233,0.998820546163857));
#7687=DIRECTION('',(0.,0.998820546163857,0.0485542640860194));
#7688=DIRECTION('',(0.,0.0485542640860228,-0.998820546163857));
#7689=DIRECTION('',(0.,-0.998820546163857,-0.0485542640860194));
#7690=DIRECTION('',(0.,-0.0485542640860263,0.998820546163856));
#7691=DIRECTION('',(0.,0.0485542640860247,-0.998820546163857));
#7692=DIRECTION('',(1.,0.,0.));
#7693=DIRECTION('',(0.,0.,-1.));
#7694=DIRECTION('',(1.,0.,0.));
#7695=DIRECTION('',(0.,0.,-1.));
#7696=DIRECTION('',(0.,0.048554264086021,-0.998820546163857));
#7697=DIRECTION('',(0.,-0.998820546163857,-0.0485542640860266));
#7698=DIRECTION('',(0.,-0.0485542640860237,0.998820546163857));
#7699=DIRECTION('',(0.,0.998820546163857,0.0485542640860266));
#7700=DIRECTION('',(0.,0.998820546163857,0.0485542640860204));
#7701=DIRECTION('',(0.,-0.231424208409929,-0.972852936348469));
#7702=DIRECTION('',(0.,-0.998820546163857,-0.048554264086026));
#7703=DIRECTION('',(0.,-0.323832050832012,0.946114582306992));
#7704=DIRECTION('',(0.,-0.240006212074954,-0.970771352155301));
#7705=DIRECTION('',(0.,-0.998327348074195,-0.0578144107221171));
#7706=DIRECTION('',(0.,-0.315524205499319,0.948917528420686));
#7707=DIRECTION('',(0.,0.998820546163857,0.048554264086019));
#7708=DIRECTION('',(0.,0.295825905412255,-0.955241871824628));
#7709=DIRECTION('',(0.,0.226316393825461,0.974053843422343));
#7710=DIRECTION('',(0.,0.998820546163857,0.0485542640860261));
#7711=DIRECTION('',(0.,0.308668328926233,-0.951169733916028));
#7712=DIRECTION('',(0.,0.204053263606659,0.978959787535459));
#7713=DIRECTION('',(0.,1.,0.));
#7714=DIRECTION('',(0.,0.,-1.));
#7715=DIRECTION('',(0.,-0.501203162775595,-0.865329642173282));
#7716=DIRECTION('',(0.,1.,0.));
#7717=DIRECTION('',(0.,0.,-1.));
#7718=DIRECTION('',(0.,-1.,0.));
#7719=DIRECTION('',(0.,0.,1.));
#7720=DIRECTION('',(0.,0.501203162775595,0.865329642173282));
#7721=DIRECTION('',(0.,-1.,0.));
#7722=DIRECTION('',(0.,0.,1.));
#7723=DIRECTION('',(0.,0.,1.));
#7724=DIRECTION('',(0.,0.501203162775595,0.865329642173282));
#7725=DIRECTION('',(0.,-1.,0.));
#7726=DIRECTION('',(0.,0.,1.));
#7727=DIRECTION('',(0.,1.,0.));
#7728=DIRECTION('',(0.,0.,-1.));
#7729=DIRECTION('',(0.,-0.501203162775595,-0.865329642173282));
#7730=DIRECTION('',(0.,1.,0.));
#7731=DIRECTION('',(0.,0.,-1.));
#7732=DIRECTION('',(0.,-1.,0.));
#7733=DIRECTION('',(0.,-0.501203162775595,-0.865329642173282));
#7734=DIRECTION('',(0.,1.,0.));
#7735=DIRECTION('',(0.,0.,-1.));
#7736=DIRECTION('',(0.,-1.,0.));
#7737=DIRECTION('',(0.,0.,1.));
#7738=DIRECTION('',(0.,0.501203162775595,0.865329642173282));
#7739=DIRECTION('',(0.,-1.,0.));
#7740=DIRECTION('',(0.,0.,1.));
#7741=DIRECTION('',(0.,1.,0.));
#7742=DIRECTION('',(0.,0.,-1.));
#7743=DIRECTION('',(-1.,0.,0.));
#7744=DIRECTION('',(0.,0.,1.));
#7745=DIRECTION('',(0.,1.,8.04911692853238E-16));
#7746=DIRECTION('',(0.,0.,1.));
#7747=DIRECTION('',(0.,1.,8.04911692853238E-16));
#7748=DIRECTION('',(0.,0.,1.));
#7749=DIRECTION('',(0.,1.,8.04911692853238E-16));
#7750=DIRECTION('',(0.,-8.04911692853238E-16,1.));
#7751=DIRECTION('',(0.,1.,8.04911692853238E-16));
#7752=DIRECTION('',(0.,8.04911692853238E-16,-1.));
#7753=DIRECTION('',(0.,1.,8.04911692853238E-16));
#7754=DIRECTION('',(0.,0.,1.));
#7755=DIRECTION('',(0.,0.501203162775595,0.865329642173282));
#7756=DIRECTION('',(0.,0.,1.));
#7757=DIRECTION('',(0.,-1.,0.));
#7758=DIRECTION('',(0.,0.,-1.));
#7759=DIRECTION('',(0.,1.,0.));
#7760=DIRECTION('',(0.,-0.501203162775595,-0.865329642173282));
#7761=DIRECTION('',(0.,0.,-1.));
#7762=DIRECTION('',(0.,1.,0.));
#7763=DIRECTION('',(0.,0.,1.));
#7764=DIRECTION('',(0.,-1.,0.));
#7765=DIRECTION('',(0.,1.,0.));
#7766=DIRECTION('',(0.,-0.501203162775595,-0.865329642173282));
#7767=DIRECTION('',(0.,0.,-1.));
#7768=DIRECTION('',(0.,1.,0.));
#7769=DIRECTION('',(0.,0.,1.));
#7770=DIRECTION('',(0.,-1.,0.));
#7771=DIRECTION('',(0.,0.501203162775595,0.865329642173282));
#7772=DIRECTION('',(0.,0.,1.));
#7773=DIRECTION('',(0.,-1.,0.));
#7774=DIRECTION('',(0.,0.,-1.));
#7775=DIRECTION('',(0.,0.,1.));
#7776=DIRECTION('',(0.,-1.,0.));
#7777=DIRECTION('',(0.,0.501203162775595,0.865329642173282));
#7778=DIRECTION('',(0.,0.,1.));
#7779=DIRECTION('',(0.,-1.,0.));
#7780=DIRECTION('',(0.,0.,-1.));
#7781=DIRECTION('',(0.,1.,0.));
#7782=DIRECTION('',(0.,-0.501203162775595,-0.865329642173282));
#7783=DIRECTION('',(0.,0.,-1.));
#7784=DIRECTION('',(0.,1.,0.));
#7785=DIRECTION('',(0.,1.,0.));
#7786=DIRECTION('',(0.,0.,1.));
#7787=DIRECTION('',(0.,0.,1.));
#7788=DIRECTION('',(1.,0.,0.));
#7789=DIRECTION('',(1.,0.,0.));
#7790=DIRECTION('',(0.,-1.,0.));
#7791=DIRECTION('',(0.,0.,-1.));
#7792=DIRECTION('',(-1.,0.,0.));
#7793=DIRECTION('',(-1.,0.,0.));
#7794=DIRECTION('',(0.,0.,1.));
#7795=DIRECTION('',(1.,0.,0.));
#7796=DIRECTION('',(0.,0.,-1.));
#7797=DIRECTION('',(0.,-1.,-8.04911692853238E-16));
#7798=DIRECTION('',(0.,-1.,-8.04911692853238E-16));
#7799=DIRECTION('',(0.,0.,1.));
#7800=DIRECTION('',(0.,1.,0.));
#7801=DIRECTION('',(0.,0.,1.));
#7802=DIRECTION('',(1.,0.,0.));
#7803=DIRECTION('',(1.,0.,0.));
#7804=DIRECTION('',(0.,-1.,0.));
#7805=DIRECTION('',(0.,0.,-1.));
#7806=DIRECTION('',(0.,0.,1.));
#7807=DIRECTION('',(-1.,0.,0.));
#7808=DIRECTION('',(5.17147855437313E-32,0.,1.));
#7809=DIRECTION('',(-1.,0.,0.));
#7810=DIRECTION('',(1.,0.,0.));
#7811=DIRECTION('',(0.,0.,-1.));
#7812=DIRECTION('',(0.,8.04911692853238E-16,-1.));
#7813=DIRECTION('',(0.,-1.,-8.04911692853238E-16));
#7814=DIRECTION('',(0.,-1.,-8.04911692853238E-16));
#7815=DIRECTION('',(1.,0.,0.));
#7816=DIRECTION('',(0.,0.,-1.));
#7817=DIRECTION('',(0.,0.,1.));
#7818=DIRECTION('',(0.,-1.,-8.04911692853238E-16));
#7819=DIRECTION('',(0.,0.,1.));
#7820=DIRECTION('',(0.,-1.,-8.04911692853238E-16));
#7821=DIRECTION('',(0.,1.,0.));
#7822=DIRECTION('',(0.,0.,1.));
#7823=DIRECTION('',(-5.17147855437313E-32,0.,-1.));
#7824=DIRECTION('',(1.,0.,0.));
#7825=DIRECTION('',(1.,0.,0.));
#7826=DIRECTION('',(0.,1.,0.));
#7827=DIRECTION('',(0.,0.,1.));
#7828=DIRECTION('',(1.,0.,0.));
#7829=DIRECTION('',(-5.17147855437313E-32,0.,-1.));
#7830=DIRECTION('',(1.,0.,0.));
#7831=DIRECTION('',(0.,-1.,-8.04911692853238E-16));
#7832=DIRECTION('',(0.,8.04911692853238E-16,-1.));
#7833=DIRECTION('',(1.,0.,0.));
#7834=DIRECTION('',(1.09476442525376E-47,-8.04911692853238E-16,1.));
#7835=DIRECTION('',(1.,0.,0.));
#7836=DIRECTION('',(0.,-8.04911692853238E-16,1.));
#7837=DIRECTION('',(-1.,0.,0.));
#7838=DIRECTION('',(0.,8.04911692853238E-16,-1.));
#7839=DIRECTION('',(-1.,0.,0.));
#7840=DIRECTION('',(0.,8.04911692853238E-16,-1.));
#7841=DIRECTION('',(0.,1.,8.04911692853238E-16));
#7842=DIRECTION('',(0.,-8.04911692853238E-16,1.));
#7843=DIRECTION('',(-1.,0.,0.));
#7844=DIRECTION('',(0.,8.04911692853238E-16,-1.));
#7845=DIRECTION('',(-1.,0.,0.));
#7846=DIRECTION('',(0.,8.04911692853238E-16,-1.));
#7847=DIRECTION('',(0.,8.04911692853238E-16,-1.));
#7848=DIRECTION('',(1.,0.,0.));
#7849=DIRECTION('',(1.,0.,0.));
#7850=DIRECTION('',(1.,0.,0.));
#7851=DIRECTION('',(0.,-1.,-8.04911692853238E-16));
#7852=DIRECTION('',(0.,8.04911692853238E-16,-1.));
#7853=DIRECTION('',(0.,-1.,-8.04911692853238E-16));
#7854=DIRECTION('',(0.,8.04911692853238E-16,-1.));
#7855=DIRECTION('',(-0.998820546163857,3.90818949007238E-17,-0.0485542640860228));
#7856=DIRECTION('',(0.,-1.,-8.04911692853238E-16));
#7857=DIRECTION('',(0.,8.04911692853238E-16,-1.));
#7858=DIRECTION('',(0.998820546163857,-3.90818949007238E-17,0.0485542640860229));
#7859=DIRECTION('',(0.,-1.,-8.04911692853238E-16));
#7860=DIRECTION('',(0.,8.04911692853238E-16,-1.));
#7861=DIRECTION('',(0.,-1.,-8.04911692853238E-16));
#7862=DIRECTION('',(0.,8.04911692853238E-16,-1.));
#7863=DIRECTION('',(0.,-1.,-8.04911692853238E-16));
#7864=DIRECTION('',(0.,8.04911692853238E-16,-1.));
#7865=DIRECTION('',(0.,-1.,-8.04911692853238E-16));
#7866=DIRECTION('',(0.,8.04911692853238E-16,-1.));
#7867=DIRECTION('',(0.,-1.,-8.04911692853238E-16));
#7868=DIRECTION('',(0.,8.04911692853238E-16,-1.));
#7869=DIRECTION('',(0.,-1.,-8.04911692853238E-16));
#7870=DIRECTION('',(0.,8.04911692853238E-16,-1.));
#7871=DIRECTION('',(0.,-1.,-8.04911692853238E-16));
#7872=DIRECTION('',(0.,8.04911692853238E-16,-1.));
#7873=DIRECTION('',(0.,-1.,-8.04911692853238E-16));
#7874=DIRECTION('',(0.,8.04911692853238E-16,-1.));
#7875=DIRECTION('',(0.,-1.,-8.04911692853238E-16));
#7876=DIRECTION('',(0.,8.04911692853238E-16,-1.));
#7877=DIRECTION('',(0.,-1.,-8.04911692853238E-16));
#7878=DIRECTION('',(0.,8.04911692853238E-16,-1.));
#7879=DIRECTION('',(0.,-1.,-8.04911692853238E-16));
#7880=DIRECTION('',(0.,8.04911692853238E-16,-1.));
#7881=DIRECTION('',(0.,-1.,-8.04911692853238E-16));
#7882=DIRECTION('',(0.,8.04911692853238E-16,-1.));
#7883=DIRECTION('',(0.998820546163857,-3.90818949007236E-17,0.0485542640860226));
#7884=DIRECTION('',(0.0266986775354957,8.04624763384111E-16,-0.999643526772347));
#7885=DIRECTION('',(-0.998820546163857,3.90818949007236E-17,-0.0485542640860226));
#7886=DIRECTION('',(-0.0703866249975663,-8.02915339426326E-16,0.997519785779436));
#7887=DIRECTION('',(0.998820546163857,-3.90818949007234E-17,0.0485542640860223));
#7888=DIRECTION('',(0.048554264086024,8.03962336669346E-16,-0.998820546163857));
#7889=DIRECTION('',(-0.048554264086024,-8.03962336669346E-16,0.998820546163857));
#7890=DIRECTION('',(0.998820546163857,-3.90818949007239E-17,0.048554264086023));
#7891=DIRECTION('',(0.0485542640860219,8.03962336669346E-16,-0.998820546163857));
#7892=DIRECTION('',(0.,-1.,-8.04911692853238E-16));
#7893=DIRECTION('',(0.,8.04911692853238E-16,-1.));
#7894=DIRECTION('',(0.,-1.,-8.04911692853238E-16));
#7895=DIRECTION('',(0.,8.04911692853238E-16,-1.));
#7896=DIRECTION('',(-0.0485542640860219,-8.03962336669346E-16,0.998820546163857));
#7897=DIRECTION('',(-0.998820546163857,3.90818949007238E-17,-0.0485542640860229));
#7898=DIRECTION('',(-0.699641092166737,-5.7510495027899E-16,0.714494466144935));
#7899=DIRECTION('',(0.0485542640860251,8.03962336669346E-16,-0.998820546163857));
#7900=DIRECTION('',(-0.998820546163857,3.90818949007238E-17,-0.0485542640860228));
#7901=DIRECTION('',(-0.0485542640860225,-8.03962336669346E-16,0.998820546163857));
#7902=DIRECTION('',(0.998820546163857,-3.90818949007234E-17,0.0485542640860223));
#7903=DIRECTION('',(0.0485542640860238,8.03962336669346E-16,-0.998820546163857));
#7904=DIRECTION('',(0.618427581196595,-6.32533249552096E-16,0.785841795029591));
#7905=DIRECTION('',(0.998820546163857,-3.90818949007235E-17,0.0485542640860225));
#7906=DIRECTION('',(-0.650756545010333,6.11158544995778E-16,-0.759286453933043));
#7907=DIRECTION('',(0.720233167720617,5.58393054367984E-16,-0.693732069400807));
#7908=DIRECTION('',(0.,8.04911692853238E-16,-1.));
#7909=DIRECTION('',(1.,0.,0.));
#7910=DIRECTION('',(-2.31296463463574E-16,-8.04911692853238E-16,1.));
#7911=DIRECTION('',(1.,0.,0.));
#7912=DIRECTION('',(1.,0.,0.));
#7913=DIRECTION('',(1.09476442525376E-47,-8.04911692853238E-16,1.));
#7914=DIRECTION('',(1.,0.,0.));
#7915=DIRECTION('',(0.,-8.04911692853238E-16,1.));
#7916=DIRECTION('',(0.,-1.,-8.04911692853238E-16));
#7917=DIRECTION('',(0.,8.04911692853238E-16,-1.));
#7918=DIRECTION('',(-0.0485542640860233,-8.03962336669346E-16,0.998820546163857));
#7919=DIRECTION('',(0.998820546163857,-3.90818949007237E-17,0.0485542640860227));
#7920=DIRECTION('',(0.0485542640860228,8.03962336669346E-16,-0.998820546163857));
#7921=DIRECTION('',(-0.998820546163857,3.90818949007237E-17,-0.0485542640860227));
#7922=DIRECTION('',(-0.0485542640860261,-8.03962336669346E-16,0.998820546163857));
#7923=DIRECTION('',(0.0485542640860246,8.03962336669346E-16,-0.998820546163857));
#7924=DIRECTION('',(0.,-1.,-8.04911692853238E-16));
#7925=DIRECTION('',(0.,8.04911692853238E-16,-1.));
#7926=DIRECTION('',(0.,-1.,-8.04911692853238E-16));
#7927=DIRECTION('',(0.,8.04911692853238E-16,-1.));
#7928=DIRECTION('',(0.0485542640860211,8.03962336669346E-16,-0.998820546163857));
#7929=DIRECTION('',(-0.998820546163857,3.90818949007234E-17,-0.0485542640860223));
#7930=DIRECTION('',(-0.0485542640860237,-8.03962336669346E-16,0.998820546163857));
#7931=DIRECTION('',(0.998820546163857,-3.90818949007234E-17,0.0485542640860223));
#7932=DIRECTION('',(0.998820546163857,-3.90818949007233E-17,0.0485542640860222));
#7933=DIRECTION('',(-0.231424208409928,7.8306070389349E-16,-0.972852936348469));
#7934=DIRECTION('',(-0.998820546163857,3.9081894900724E-17,-0.0485542640860231));
#7935=DIRECTION('',(-0.323832050832011,-7.61538690077855E-16,0.946114582306992));
#7936=DIRECTION('',(-0.240006212074954,7.81385212436751E-16,-0.970771352155301));
#7937=DIRECTION('',(-0.998327348074195,4.65354952056503E-17,-0.0578144107221154));
#7938=DIRECTION('',(-0.315524205499319,-7.63794814179205E-16,0.948917528420686));
#7939=DIRECTION('',(0.998820546163857,-3.90818949007238E-17,0.0485542640860229));
#7940=DIRECTION('',(0.295825905412255,7.68885352134658E-16,-0.955241871824628));
#7941=DIRECTION('',(0.226316393825461,-7.84027328039282E-16,0.974053843422343));
#7942=DIRECTION('',(0.998820546163857,-3.90818949007235E-17,0.0485542640860224));
#7943=DIRECTION('',(0.308668328926232,7.65607640717114E-16,-0.951169733916028));
#7944=DIRECTION('',(0.204053263606659,-7.87976179820413E-16,0.978959787535459));
#7945=DIRECTION('',(0.,8.04911692853238E-16,-1.));
#7946=DIRECTION('',(1.,0.,0.));
#7947=DIRECTION('',(0.,-8.04911692853238E-16,1.));
#7948=DIRECTION('',(0.,-1.,-8.04911692853238E-16));
#7949=DIRECTION('',(0.,-8.04911692853238E-16,1.));
#7950=DIRECTION('',(0.,-1.,-8.04911692853238E-16));
#7951=DIRECTION('',(0.,-8.04911692853238E-16,1.));
#7952=DIRECTION('',(0.,-1.,-8.04911692853238E-16));
#7953=DIRECTION('',(0.,-8.04911692853238E-16,1.));
#7954=DIRECTION('',(0.,-1.,-8.04911692853238E-16));
#7955=DIRECTION('',(0.,8.04911692853238E-16,-1.));
#7956=DIRECTION('',(0.,1.,8.04911692853238E-16));
#7957=DIRECTION('',(9.77309000550314E-17,1.,8.04911692853238E-16));
#7958=DIRECTION('',(0.,8.04911692853238E-16,-1.));
#7959=DIRECTION('',(0.,1.,8.04911692853238E-16));
#7960=DIRECTION('',(0.,8.04911692853238E-16,-1.));
#7961=DIRECTION('',(0.,1.,8.04911692853238E-16));
#7962=DIRECTION('',(0.,8.04911692853238E-16,-1.));
#7963=DIRECTION('',(0.,1.,8.04911692853238E-16));
#7964=DIRECTION('',(-1.,0.,0.));
#7965=DIRECTION('',(0.,1.,8.04911692853238E-16));
#7966=DIRECTION('',(1.,3.05881441828546E-16,2.46207549154605E-31));
#7967=DIRECTION('',(0.,1.,8.04911692853238E-16));
#7968=DIRECTION('',(1.,0.,0.));
#7969=DIRECTION('',(6.42490176287706E-17,1.,8.04911692853238E-16));
#7970=DIRECTION('',(1.,0.,0.));
#7971=DIRECTION('',(0.,1.,8.04911692853238E-16));
#7972=DIRECTION('',(0.,8.04911692853238E-16,-1.));
#7973=DIRECTION('',(0.,1.,8.04911692853238E-16));
#7974=DIRECTION('',(0.,-1.,-8.04911692853238E-16));
#7975=DIRECTION('',(-1.,0.,0.));
#7976=DIRECTION('',(0.,-1.,-8.04911692853238E-16));
#7977=DIRECTION('',(1.,0.,0.));
#7978=DIRECTION('',(1.,-1.86173227957433E-31,2.31296463463574E-16));
#7979=DIRECTION('',(2.31296463463574E-16,0.,-1.));
#7980=DIRECTION('',(2.31296463463574E-16,8.04911692853238E-16,-1.));
#7981=DIRECTION('',(0.,-1.,-8.04911692853238E-16));
#7982=DIRECTION('',(-2.31296463463574E-16,-8.04911692853238E-16,1.));
#7983=DIRECTION('',(0.,8.04911692853238E-16,-1.));
#7984=DIRECTION('',(0.,1.,8.04911692853238E-16));
#7985=DIRECTION('',(1.,0.,0.));
#7986=DIRECTION('',(0.,1.,8.04911692853238E-16));
#7987=DIRECTION('',(1.,0.,0.));
#7988=DIRECTION('',(1.,0.,0.));
#7989=DIRECTION('',(0.,1.,8.04911692853238E-16));
#7990=DIRECTION('',(0.,8.04911692853238E-16,-1.));
#7991=DIRECTION('',(0.,1.,8.04911692853238E-16));
#7992=DIRECTION('',(1.,0.,0.));
#7993=DIRECTION('',(0.707106781186547,0.707106781186548,5.69158516272869E-16));
#7994=DIRECTION('',(-0.707106781186548,0.707106781186547,5.69158516272868E-16));
#7995=DIRECTION('',(0.,-1.,-8.04911692853238E-16));
#7996=DIRECTION('',(1.,0.,0.));
#7997=DIRECTION('',(0.,0.,-1.));
#7998=DIRECTION('',(0.,-8.04911692853238E-16,1.));
#7999=DIRECTION('',(0.,-8.04911692853238E-16,1.));
#8000=DIRECTION('',(1.,0.,0.));
#8001=DIRECTION('',(0.,0.,-1.));
#8002=DIRECTION('',(0.,8.04911692853238E-16,-1.));
#8003=DIRECTION('',(0.,-8.04911692853238E-16,1.));
#8004=DIRECTION('',(0.,-1.,-8.04911692853238E-16));
#8005=DIRECTION('',(0.,-8.04911692853238E-16,1.));
#8006=DIRECTION('',(0.,-8.04911692853238E-16,1.));
#8007=DIRECTION('',(0.,-1.,0.));
#8008=DIRECTION('',(0.,0.,1.));
#8009=DIRECTION('',(0.,1.,8.04911692853238E-16));
#8010=DIRECTION('',(1.,0.,0.));
#8011=DIRECTION('',(0.,0.,-1.));
#8012=DIRECTION('',(0.,-8.04911692853238E-16,1.));
#8013=DIRECTION('',(0.,-1.,-8.04911692853238E-16));
#8014=DIRECTION('',(0.,-8.04911692853238E-16,1.));
#8015=DIRECTION('',(0.,-8.04911692853238E-16,1.));
#8016=DIRECTION('',(3.05881441828546E-16,-1.,-8.04911692853238E-16));
#8017=DIRECTION('',(0.,8.04911692853238E-16,-1.));
#8018=DIRECTION('',(0.,-8.04911692853238E-16,1.));
#8019=DIRECTION('',(0.,8.04911692853238E-16,-1.));
#8020=DIRECTION('',(1.,0.,0.));
#8021=DIRECTION('',(6.42490176287706E-17,1.,8.04911692853238E-16));
#8022=DIRECTION('',(6.42490176287706E-17,1.,8.04911692853238E-16));
#8023=DIRECTION('',(1.,0.,0.));
#8024=DIRECTION('',(0.,1.,8.04911692853238E-16));
#8025=DIRECTION('',(1.,0.,0.));
#8026=DIRECTION('',(1.,0.,0.));
#8027=DIRECTION('',(0.,1.,8.04911692853238E-16));
#8028=DIRECTION('',(-1.,6.42490176287706E-17,5.17147855437313E-32));
#8029=DIRECTION('',(-6.42490176287706E-17,-1.,0.));
#8030=DIRECTION('',(6.42490176287706E-17,1.,8.04911692853238E-16));
#8031=DIRECTION('',(6.42490176287706E-17,1.,8.04911692853238E-16));
#8032=DIRECTION('',(0.,-8.04911692853238E-16,1.));
#8033=DIRECTION('',(1.,-9.77309000550314E-17,-7.8664744207366E-32));
#8034=DIRECTION('',(9.77309000550314E-17,1.,0.));
#8035=DIRECTION('',(1.09476442525376E-47,-8.04911692853238E-16,1.));
#8036=DIRECTION('',(9.77309000550314E-17,1.,8.04911692853238E-16));
#8037=DIRECTION('',(1.09476442525376E-47,-8.04911692853238E-16,1.));
#8038=DIRECTION('',(0.,8.04911692853238E-16,-1.));
#8039=DIRECTION('',(1.,0.,0.));
#8040=DIRECTION('',(0.,8.04911692853238E-16,-1.));
#8041=DIRECTION('',(0.,1.,8.04911692853238E-16));
#8042=DIRECTION('',(0.,8.04911692853238E-16,-1.));
#8043=DIRECTION('',(0.,1.,8.04911692853238E-16));
#8044=DIRECTION('',(0.,8.04911692853238E-16,-1.));
#8045=DIRECTION('',(0.,1.,8.04911692853238E-16));
#8046=DIRECTION('',(0.,8.04911692853238E-16,-1.));
#8047=DIRECTION('',(0.,1.,8.04911692853238E-16));
#8048=DIRECTION('',(0.,-1.,-8.04911692853238E-16));
#8049=DIRECTION('',(0.,8.04911692853238E-16,-1.));
#8050=DIRECTION('',(0.,-8.04911692853238E-16,1.));
#8051=DIRECTION('',(1.,0.,0.));
#8052=DIRECTION('',(0.,0.,-1.));
#8053=DIRECTION('',(0.,-8.04911692853238E-16,1.));
#8054=DIRECTION('',(0.,-1.,-8.04911692853238E-16));
#8055=DIRECTION('',(0.,8.04911692853238E-16,-1.));
#8056=DIRECTION('',(1.,0.,0.));
#8057=DIRECTION('',(0.,-8.04911692853238E-16,1.));
#8058=DIRECTION('',(1.,0.,0.));
#8059=DIRECTION('',(-1.,0.,0.));
#8060=DIRECTION('',(0.,0.,1.));
#8061=DIRECTION('',(0.,1.,8.04911692853238E-16));
#8062=DIRECTION('',(0.,0.,1.));
#8063=DIRECTION('',(0.,-1.,0.));
#8064=DIRECTION('',(0.,1.,0.));
#8065=DIRECTION('',(0.,0.,1.));
#8066=DIRECTION('',(-1.,0.,0.));
#8067=DIRECTION('',(0.,0.,1.));
#8068=DIRECTION('',(1.,0.,0.));
#8069=DIRECTION('',(0.,1.,8.04911692853238E-16));
#8070=DIRECTION('',(0.,-8.04911692853238E-16,1.));
#8071=DIRECTION('',(0.,-1.,-8.04911692853238E-16));
#8072=DIRECTION('',(0.,8.04911692853238E-16,-1.));
#8073=DIRECTION('',(1.,0.,0.));
#8074=DIRECTION('',(0.,1.,8.04911692853238E-16));
#8075=DIRECTION('',(0.,-8.04911692853238E-16,1.));
#8076=DIRECTION('',(-1.,0.,0.));
#8077=DIRECTION('',(0.,-8.04911692853238E-16,1.));
#8078=DIRECTION('',(1.,0.,0.));
#8079=DIRECTION('',(0.,-8.04911692853238E-16,1.));
#8080=DIRECTION('',(0.,-1.,-8.04911692853238E-16));
#8081=DIRECTION('',(0.,-8.04911692853238E-16,1.));
#8082=DIRECTION('',(0.,-1.,-8.04911692853238E-16));
#8083=DIRECTION('',(0.,-8.04911692853238E-16,1.));
#8084=DIRECTION('',(1.,0.,0.));
#8085=DIRECTION('',(0.,-8.04911692853238E-16,1.));
#8086=DIRECTION('',(0.,-1.,-8.04911692853238E-16));
#8087=DIRECTION('',(0.,-8.04911692853238E-16,1.));
#8088=DIRECTION('',(0.,-1.,-8.04911692853238E-16));
#8089=DIRECTION('',(0.,-8.04911692853238E-16,1.));
#8090=DIRECTION('',(1.,0.,0.));
#8091=DIRECTION('',(0.,-8.04911692853238E-16,1.));
#8092=DIRECTION('',(0.,-1.,-8.04911692853238E-16));
#8093=DIRECTION('',(0.,-8.04911692853238E-16,1.));
#8094=DIRECTION('',(0.,-1.,-8.04911692853238E-16));
#8095=DIRECTION('',(0.,-8.04911692853238E-16,1.));
#8096=DIRECTION('',(1.,0.,0.));
#8097=DIRECTION('',(0.,-8.04911692853238E-16,1.));
#8098=DIRECTION('',(0.,-1.,-8.04911692853238E-16));
#8099=DIRECTION('',(0.,-8.04911692853238E-16,1.));
#8100=DIRECTION('',(0.,-1.,-8.04911692853238E-16));
#8101=DIRECTION('',(0.,-8.04911692853238E-16,1.));
#8102=DIRECTION('',(1.,0.,0.));
#8103=DIRECTION('',(0.714494466144935,-5.63149295885617E-16,0.699641092166737));
#8104=DIRECTION('',(0.699641092166737,0.,-0.714494466144935));
#8105=DIRECTION('',(0.,-1.,-8.04911692853238E-16));
#8106=DIRECTION('',(-0.699641092166737,-5.7510495027899E-16,0.714494466144935));
#8107=DIRECTION('',(0.,-1.,-8.04911692853238E-16));
#8108=DIRECTION('',(-0.0485542640860229,-8.03962336669346E-16,0.998820546163857));
#8109=DIRECTION('',(0.998820546163857,0.,0.0485542640860229));
#8110=DIRECTION('',(0.,-1.,-8.04911692853238E-16));
#8111=DIRECTION('',(-0.998820546163857,3.90818949007238E-17,-0.0485542640860229));
#8112=DIRECTION('',(-0.693732069400807,5.79724098279052E-16,-0.720233167720617));
#8113=DIRECTION('',(-0.720233167720617,0.,0.693732069400807));
#8114=DIRECTION('',(0.,-1.,-8.04911692853238E-16));
#8115=DIRECTION('',(0.720233167720617,5.58393054367984E-16,-0.693732069400807));
#8116=DIRECTION('',(-0.759286453933043,-5.23801552279592E-16,0.650756545010333));
#8117=DIRECTION('',(0.650756545010333,0.,0.759286453933043));
#8118=DIRECTION('',(0.,-1.,-8.04911692853238E-16));
#8119=DIRECTION('',(-0.650756545010333,6.11158544995778E-16,-0.759286453933043));
#8120=DIRECTION('',(0.0485542640860225,8.03962336669346E-16,-0.998820546163857));
#8121=DIRECTION('',(-0.998820546163857,0.,-0.0485542640860225));
#8122=DIRECTION('',(0.,-1.,-8.04911692853238E-16));
#8123=DIRECTION('',(0.998820546163857,-3.90818949007235E-17,0.0485542640860225));
#8124=DIRECTION('',(0.785841795029591,4.97779591288085E-16,-0.618427581196595));
#8125=DIRECTION('',(-0.618427581196595,0.,-0.785841795029591));
#8126=DIRECTION('',(0.,-1.,-8.04911692853238E-16));
#8127=DIRECTION('',(0.618427581196595,-6.32533249552096E-16,0.785841795029591));
#8128=DIRECTION('',(-0.998820546163857,3.90818949007246E-17,-0.0485542640860239));
#8129=DIRECTION('',(-0.0485542640860239,0.,0.998820546163857));
#8130=DIRECTION('',(0.,-1.,-8.04911692853238E-16));
#8131=DIRECTION('',(0.0485542640860238,8.03962336669346E-16,-0.998820546163857));
#8132=DIRECTION('',(0.0485542640860223,8.03962336669346E-16,-0.998820546163857));
#8133=DIRECTION('',(-0.998820546163857,0.,-0.0485542640860223));
#8134=DIRECTION('',(0.,-1.,-8.04911692853238E-16));
#8135=DIRECTION('',(0.998820546163857,-3.90818949007234E-17,0.0485542640860223));
#8136=DIRECTION('',(0.998820546163857,-3.90818949007235E-17,0.0485542640860224));
#8137=DIRECTION('',(0.0485542640860224,0.,-0.998820546163857));
#8138=DIRECTION('',(0.,-1.,-8.04911692853238E-16));
#8139=DIRECTION('',(-0.0485542640860225,-8.03962336669346E-16,0.998820546163857));
#8140=DIRECTION('',(-0.0485542640860228,-8.03962336669346E-16,0.998820546163857));
#8141=DIRECTION('',(0.998820546163857,0.,0.0485542640860228));
#8142=DIRECTION('',(0.,-1.,-8.04911692853238E-16));
#8143=DIRECTION('',(-0.998820546163857,3.90818949007238E-17,-0.0485542640860228));
#8144=DIRECTION('',(-0.998820546163856,3.90818949007256E-17,-0.0485542640860251));
#8145=DIRECTION('',(-0.0485542640860251,0.,0.998820546163857));
#8146=DIRECTION('',(0.0485542640860251,8.03962336669346E-16,-0.998820546163857));
#8147=DIRECTION('',(-0.998820546163857,3.90818949007248E-17,-0.048554264086024));
#8148=DIRECTION('',(-0.048554264086024,0.,0.998820546163857));
#8149=DIRECTION('',(0.,-1.,-8.04911692853238E-16));
#8150=DIRECTION('',(0.048554264086024,8.03962336669346E-16,-0.998820546163857));
#8151=DIRECTION('',(0.,-1.,-8.04911692853238E-16));
#8152=DIRECTION('',(0.0485542640860223,8.03962336669346E-16,-0.998820546163857));
#8153=DIRECTION('',(-0.998820546163857,0.,-0.0485542640860223));
#8154=DIRECTION('',(0.,-1.,-8.04911692853238E-16));
#8155=DIRECTION('',(0.998820546163857,-3.90818949007234E-17,0.0485542640860223));
#8156=DIRECTION('',(0.998820546163857,-3.9081894900723E-17,0.0485542640860219));
#8157=DIRECTION('',(0.0485542640860219,0.,-0.998820546163857));
#8158=DIRECTION('',(0.,-1.,-8.04911692853238E-16));
#8159=DIRECTION('',(-0.0485542640860219,-8.03962336669346E-16,0.998820546163857));
#8160=DIRECTION('',(0.,-1.,-8.04911692853238E-16));
#8161=DIRECTION('',(0.,-1.,-8.04911692853238E-16));
#8162=DIRECTION('',(-0.647829227036225,9.17147784944713E-16,-0.761785594900328));
#8163=DIRECTION('',(0.,-1.,-8.04911692853238E-16));
#8164=DIRECTION('',(0.,-1.,-8.04911692853238E-16));
#8165=DIRECTION('',(0.,8.04911692853238E-16,-1.));
#8166=DIRECTION('',(0.,-1.,-8.04911692853238E-16));
#8167=DIRECTION('',(0.,-1.,-8.04911692853238E-16));
#8168=DIRECTION('',(0.,-1.,-8.04911692853238E-16));
#8169=DIRECTION('',(0.716575399978025,9.05868669099011E-16,-0.697509638747977));
#8170=DIRECTION('',(0.,-1.,-8.04911692853238E-16));
#8171=DIRECTION('',(0.,-1.,-8.04911692853238E-16));
#8172=DIRECTION('',(0.,8.04911692853238E-16,-1.));
#8173=DIRECTION('',(0.,-1.,-8.04911692853238E-16));
#8174=DIRECTION('',(-0.998820546163857,3.9081894900723E-17,-0.0485542640860219));
#8175=DIRECTION('',(-0.0485542640860219,0.,0.998820546163857));
#8176=DIRECTION('',(0.,-1.,-8.04911692853238E-16));
#8177=DIRECTION('',(0.0485542640860219,8.03962336669346E-16,-0.998820546163857));
#8178=DIRECTION('',(0.048554264086023,8.03962336669346E-16,-0.998820546163857));
#8179=DIRECTION('',(-0.998820546163857,0.,-0.048554264086023));
#8180=DIRECTION('',(0.,-1.,-8.04911692853238E-16));
#8181=DIRECTION('',(0.998820546163857,-3.90818949007239E-17,0.048554264086023));
#8182=DIRECTION('',(0.998820546163857,-3.90818949007248E-17,0.048554264086024));
#8183=DIRECTION('',(0.048554264086024,0.,-0.998820546163857));
#8184=DIRECTION('',(0.,-1.,-8.04911692853238E-16));
#8185=DIRECTION('',(-0.048554264086024,-8.03962336669346E-16,0.998820546163857));
#8186=DIRECTION('',(0.,-1.,-8.04911692853238E-16));
#8187=DIRECTION('',(0.,-1.,-8.04911692853238E-16));
#8188=DIRECTION('',(0.,-1.,-8.04911692853238E-16));
#8189=DIRECTION('',(0.,-1.,-8.04911692853238E-16));
#8190=DIRECTION('',(1.,0.,0.));
#8191=DIRECTION('',(-0.999643526772347,2.14900777320385E-17,-0.0266986775354957));
#8192=DIRECTION('',(-0.0266986775354957,0.,0.999643526772347));
#8193=DIRECTION('',(0.,-1.,-8.04911692853238E-16));
#8194=DIRECTION('',(0.0266986775354957,8.04624763384111E-16,-0.999643526772347));
#8195=DIRECTION('',(0.,-1.,-8.04911692853238E-16));
#8196=DIRECTION('',(0.0485542640860226,8.03962336669346E-16,-0.998820546163857));
#8197=DIRECTION('',(-0.998820546163857,0.,-0.0485542640860226));
#8198=DIRECTION('',(0.,-1.,-8.04911692853238E-16));
#8199=DIRECTION('',(0.998820546163857,-3.90818949007236E-17,0.0485542640860226));
#8200=DIRECTION('',(0.997519785779436,-5.66550174810172E-17,0.0703866249975663));
#8201=DIRECTION('',(0.0703866249975663,0.,-0.997519785779436));
#8202=DIRECTION('',(0.,-1.,-8.04911692853238E-16));
#8203=DIRECTION('',(-0.0703866249975663,-8.02915339426326E-16,0.997519785779436));
#8204=DIRECTION('',(-0.0485542640860226,-8.03962336669346E-16,0.998820546163857));
#8205=DIRECTION('',(0.998820546163857,0.,0.0485542640860226));
#8206=DIRECTION('',(-0.998820546163857,3.90818949007236E-17,-0.0485542640860226));
#8207=DIRECTION('',(0.,-1.,-8.04911692853238E-16));
#8208=DIRECTION('',(1.,0.,0.));
#8209=DIRECTION('',(0.,-1.,-8.04911692853238E-16));
#8210=DIRECTION('',(-0.334115048597027,0.,-0.9425322988105));
#8211=DIRECTION('',(0.,-1.,-8.04911692853238E-16));
#8212=DIRECTION('',(0.,-1.,-8.04911692853238E-16));
#8213=DIRECTION('',(0.,8.04911692853238E-16,-1.));
#8214=DIRECTION('',(0.,-1.,-8.04911692853238E-16));
#8215=DIRECTION('',(0.,-1.,-8.04911692853238E-16));
#8216=DIRECTION('',(0.433447547467063,0.,-0.901178796685091));
#8217=DIRECTION('',(0.,-1.,-8.04911692853238E-16));
#8218=DIRECTION('',(0.,-1.,-8.04911692853238E-16));
#8219=DIRECTION('',(0.,8.04911692853238E-16,-1.));
#8220=DIRECTION('',(0.,-1.,-8.04911692853238E-16));
#8221=DIRECTION('',(0.944991220245565,0.,-0.327095694956074));
#8222=DIRECTION('',(0.,-1.,-8.04911692853238E-16));
#8223=DIRECTION('',(0.,-1.,-8.04911692853238E-16));
#8224=DIRECTION('',(0.,8.04911692853238E-16,-1.));
#8225=DIRECTION('',(0.,-1.,-8.04911692853238E-16));
#8226=DIRECTION('',(0.909129710408325,0.,0.416513108620696));
#8227=DIRECTION('',(0.,-1.,-8.04911692853238E-16));
#8228=DIRECTION('',(0.,-1.,-8.04911692853238E-16));
#8229=DIRECTION('',(0.,8.04911692853238E-16,-1.));
#8230=DIRECTION('',(0.,-1.,-8.04911692853238E-16));
#8231=DIRECTION('',(0.343994897895246,0.,0.938971517258132));
#8232=DIRECTION('',(0.,-1.,-8.04911692853238E-16));
#8233=DIRECTION('',(0.,-1.,-8.04911692853238E-16));
#8234=DIRECTION('',(0.,8.04911692853238E-16,-1.));
#8235=DIRECTION('',(0.,-1.,-8.04911692853238E-16));
#8236=DIRECTION('',(-0.423959656407105,0.,0.905681075069568));
#8237=DIRECTION('',(0.,-1.,-8.04911692853238E-16));
#8238=DIRECTION('',(0.,-1.,-8.04911692853238E-16));
#8239=DIRECTION('',(0.,8.04911692853238E-16,-1.));
#8240=DIRECTION('',(0.,-1.,-8.04911692853238E-16));
#8241=DIRECTION('',(-0.942072658255288,0.,0.335408864772258));
#8242=DIRECTION('',(0.,-1.,-8.04911692853238E-16));
#8243=DIRECTION('',(0.,-1.,-8.04911692853238E-16));
#8244=DIRECTION('',(0.,8.04911692853238E-16,-1.));
#8245=DIRECTION('',(0.,-1.,-8.04911692853238E-16));
#8246=DIRECTION('',(-0.904764730098362,0.,-0.425911708186142));
#8247=DIRECTION('',(0.,-1.,-8.04911692853238E-16));
#8248=DIRECTION('',(0.,8.04911692853238E-16,-1.));
#8249=DIRECTION('',(0.,-1.,-8.04911692853238E-16));
#8250=DIRECTION('',(1.,0.,0.));
#8251=DIRECTION('',(0.,-1.,-8.04911692853238E-16));
#8252=DIRECTION('',(0.,-1.,-8.04911692853238E-16));
#8253=DIRECTION('',(0.,-1.,-8.04911692853238E-16));
#8254=DIRECTION('',(0.,-1.,-8.04911692853238E-16));
#8255=DIRECTION('',(0.755047026390321,0.,-0.65567063983309));
#8256=DIRECTION('',(0.,-1.,-8.04911692853238E-16));
#8257=DIRECTION('',(0.,8.04911692853238E-16,-1.));
#8258=DIRECTION('',(0.,-1.,-8.04911692853238E-16));
#8259=DIRECTION('',(0.,-1.,-8.04911692853238E-16));
#8260=DIRECTION('',(0.,8.04911692853238E-16,-1.));
#8261=DIRECTION('',(0.,-1.,-8.04911692853238E-16));
#8262=DIRECTION('',(0.302003103486996,1.08112910180926E-15,-0.953306941904979));
#8263=DIRECTION('',(0.,-1.,-8.04911692853238E-16));
#8264=DIRECTION('',(0.,8.04911692853238E-16,-1.));
#8265=DIRECTION('',(0.,-1.,-8.04911692853238E-16));
#8266=DIRECTION('',(0.,-1.,-8.04911692853238E-16));
#8267=DIRECTION('',(0.,8.04911692853238E-16,-1.));
#8268=DIRECTION('',(0.,-1.,-8.04911692853238E-16));
#8269=DIRECTION('',(-0.209985995878319,1.0979045381337E-15,-0.977704393738205));
#8270=DIRECTION('',(0.,-1.,-8.04911692853238E-16));
#8271=DIRECTION('',(0.,8.04911692853238E-16,-1.));
#8272=DIRECTION('',(0.,-1.,-8.04911692853238E-16));
#8273=DIRECTION('',(0.,-1.,-8.04911692853238E-16));
#8274=DIRECTION('',(0.,8.04911692853238E-16,-1.));
#8275=DIRECTION('',(0.,-1.,-8.04911692853238E-16));
#8276=DIRECTION('',(0.,-1.,-8.04911692853238E-16));
#8277=DIRECTION('',(0.,-1.,-8.04911692853238E-16));
#8278=DIRECTION('',(0.,-1.,-8.04911692853238E-16));
#8279=DIRECTION('',(0.,-1.,-8.04911692853238E-16));
#8280=DIRECTION('',(-0.298779470430604,-1.078741670794E-15,0.954322182519723));
#8281=DIRECTION('',(0.,-1.,-8.04911692853238E-16));
#8282=DIRECTION('',(0.,8.04911692853238E-16,-1.));
#8283=DIRECTION('',(0.,-1.,-8.04911692853238E-16));
#8284=DIRECTION('',(0.,-1.,-8.04911692853238E-16));
#8285=DIRECTION('',(0.,8.04911692853238E-16,-1.));
#8286=DIRECTION('',(0.,-1.,-8.04911692853238E-16));
#8287=DIRECTION('',(0.207380432839558,-1.07844305399323E-15,0.978260372332069));
#8288=DIRECTION('',(0.,-1.,-8.04911692853238E-16));
#8289=DIRECTION('',(0.,8.04911692853238E-16,-1.));
#8290=DIRECTION('',(0.,-1.,-8.04911692853238E-16));
#8291=DIRECTION('',(0.,-1.,-8.04911692853238E-16));
#8292=DIRECTION('',(0.,8.04911692853238E-16,-1.));
#8293=DIRECTION('',(0.,-1.,-8.04911692853238E-16));
#8294=DIRECTION('',(0.,-1.,-8.04911692853238E-16));
#8295=DIRECTION('',(0.,-1.,-8.04911692853238E-16));
#8296=DIRECTION('',(0.,-1.,-8.04911692853238E-16));
#8297=DIRECTION('',(0.,-1.,-8.04911692853238E-16));
#8298=DIRECTION('',(0.,-1.,-8.04911692853238E-16));
#8299=DIRECTION('',(0.,-1.,-8.04911692853238E-16));
#8300=DIRECTION('',(0.998820546163856,-3.90818949007265E-17,0.0485542640860261));
#8301=DIRECTION('',(0.0485542640860261,0.,-0.998820546163857));
#8302=DIRECTION('',(0.,-1.,-8.04911692853238E-16));
#8303=DIRECTION('',(-0.0485542640860261,-8.03962336669346E-16,0.998820546163857));
#8304=DIRECTION('',(-0.0485542640860227,-8.03962336669346E-16,0.998820546163857));
#8305=DIRECTION('',(0.998820546163857,0.,0.0485542640860227));
#8306=DIRECTION('',(0.,-1.,-8.04911692853238E-16));
#8307=DIRECTION('',(-0.998820546163857,3.90818949007237E-17,-0.0485542640860227));
#8308=DIRECTION('',(-0.998820546163857,3.90818949007238E-17,-0.0485542640860228));
#8309=DIRECTION('',(-0.0485542640860228,0.,0.998820546163857));
#8310=DIRECTION('',(0.,-1.,-8.04911692853238E-16));
#8311=DIRECTION('',(0.0485542640860228,8.03962336669346E-16,-0.998820546163857));
#8312=DIRECTION('',(0.0485542640860227,8.03962336669346E-16,-0.998820546163857));
#8313=DIRECTION('',(-0.998820546163857,0.,-0.0485542640860227));
#8314=DIRECTION('',(0.,-1.,-8.04911692853238E-16));
#8315=DIRECTION('',(0.998820546163857,-3.90818949007237E-17,0.0485542640860227));
#8316=DIRECTION('',(0.998820546163857,-3.90818949007242E-17,0.0485542640860233));
#8317=DIRECTION('',(0.0485542640860233,0.,-0.998820546163857));
#8318=DIRECTION('',(0.,-1.,-8.04911692853238E-16));
#8319=DIRECTION('',(-0.0485542640860233,-8.03962336669346E-16,0.998820546163857));
#8320=DIRECTION('',(0.,-1.,-8.04911692853238E-16));
#8321=DIRECTION('',(0.,-1.,-8.04911692853238E-16));
#8322=DIRECTION('',(0.,-1.,-8.04911692853238E-16));
#8323=DIRECTION('',(0.,-1.,-8.04911692853238E-16));
#8324=DIRECTION('',(-0.756488824275681,-8.06599905881249E-16,0.654006619802887));
#8325=DIRECTION('',(0.,-1.,-8.04911692853238E-16));
#8326=DIRECTION('',(0.,8.04911692853238E-16,-1.));
#8327=DIRECTION('',(0.,-1.,-8.04911692853238E-16));
#8328=DIRECTION('',(0.685351827654993,-1.12812303095067E-15,0.72821210669005));
#8329=DIRECTION('',(0.,-1.,-8.04911692853238E-16));
#8330=DIRECTION('',(0.,8.04911692853238E-16,-1.));
#8331=DIRECTION('',(0.,-1.,-8.04911692853238E-16));
#8332=DIRECTION('',(0.,8.04911692853238E-16,-1.));
#8333=DIRECTION('',(0.,-1.,-8.04911692853238E-16));
#8334=DIRECTION('',(1.,0.,0.));
#8335=DIRECTION('',(0.,-1.,-8.04911692853238E-16));
#8336=DIRECTION('',(0.,-1.,-8.04911692853238E-16));
#8337=DIRECTION('',(0.0485542640860228,8.03962336669346E-16,-0.998820546163857));
#8338=DIRECTION('',(-0.998820546163857,0.,-0.0485542640860228));
#8339=DIRECTION('',(0.998820546163857,-3.90818949007238E-17,0.0485542640860228));
#8340=DIRECTION('',(0.,-1.,-8.04911692853238E-16));
#8341=DIRECTION('',(0.998820546163857,-3.90818949007238E-17,0.0485542640860228));
#8342=DIRECTION('',(0.,-1.,-8.04911692853238E-16));
#8343=DIRECTION('',(0.,-1.,-8.04911692853238E-16));
#8344=DIRECTION('',(0.,-1.,-8.04911692853238E-16));
#8345=DIRECTION('',(0.173532953773298,-1.01961419594751E-15,0.984828063143366));
#8346=DIRECTION('',(0.,-1.,-8.04911692853238E-16));
#8347=DIRECTION('',(0.,8.04911692853238E-16,-1.));
#8348=DIRECTION('',(0.,-1.,-8.04911692853238E-16));
#8349=DIRECTION('',(0.,-1.,-8.04911692853238E-16));
#8350=DIRECTION('',(0.,8.04911692853238E-16,-1.));
#8351=DIRECTION('',(0.,-1.,-8.04911692853238E-16));
#8352=DIRECTION('',(0.999990521667061,0.,-0.00435391502442455));
#8353=DIRECTION('',(0.,-1.,-8.04911692853238E-16));
#8354=DIRECTION('',(0.,-1.,-8.04911692853238E-16));
#8355=DIRECTION('',(0.,8.04911692853238E-16,-1.));
#8356=DIRECTION('',(0.,-1.,-8.04911692853238E-16));
#8357=DIRECTION('',(0.,-1.,-8.04911692853238E-16));
#8358=DIRECTION('',(0.,-1.,-8.04911692853238E-16));
#8359=DIRECTION('',(0.676582481900252,-8.45253249447307E-16,0.736366855029268));
#8360=DIRECTION('',(0.,-1.,-8.04911692853238E-16));
#8361=DIRECTION('',(0.,-1.,-8.04911692853238E-16));
#8362=DIRECTION('',(0.,8.04911692853238E-16,-1.));
#8363=DIRECTION('',(0.,-1.,-8.04911692853238E-16));
#8364=DIRECTION('',(0.,-1.,-8.04911692853238E-16));
#8365=DIRECTION('',(0.,-1.,-8.04911692853238E-16));
#8366=DIRECTION('',(-0.749907408678885,-8.33138983964037E-16,0.661542801645155));
#8367=DIRECTION('',(0.,-1.,-8.04911692853238E-16));
#8368=DIRECTION('',(0.,-1.,-8.04911692853238E-16));
#8369=DIRECTION('',(0.,8.04911692853238E-16,-1.));
#8370=DIRECTION('',(0.,-1.,-8.04911692853238E-16));
#8371=DIRECTION('',(0.,-1.,-8.04911692853238E-16));
#8372=DIRECTION('',(0.,-1.,-8.04911692853238E-16));
#8373=DIRECTION('',(-0.682017982904776,8.02645097682617E-16,-0.731335402530536));
#8374=DIRECTION('',(0.,-1.,-8.04911692853238E-16));
#8375=DIRECTION('',(0.,-1.,-8.04911692853238E-16));
#8376=DIRECTION('',(0.,8.04911692853238E-16,-1.));
#8377=DIRECTION('',(0.,-1.,-8.04911692853238E-16));
#8378=DIRECTION('',(0.,-1.,-8.04911692853238E-16));
#8379=DIRECTION('',(0.,-1.,-8.04911692853238E-16));
#8380=DIRECTION('',(0.852208099747181,0.,-0.5232029766021));
#8381=DIRECTION('',(0.,-1.,-8.04911692853238E-16));
#8382=DIRECTION('',(0.,-1.,-8.04911692853238E-16));
#8383=DIRECTION('',(0.,8.04911692853238E-16,-1.));
#8384=DIRECTION('',(0.0485542640860229,8.03962336669346E-16,-0.998820546163857));
#8385=DIRECTION('',(-0.998820546163857,0.,-0.0485542640860229));
#8386=DIRECTION('',(0.,-1.,-8.04911692853238E-16));
#8387=DIRECTION('',(0.998820546163857,-3.90818949007238E-17,0.0485542640860229));
#8388=DIRECTION('',(0.,-1.,-8.04911692853238E-16));
#8389=DIRECTION('',(0.826441003863051,0.,-0.563023327344287));
#8390=DIRECTION('',(0.,-1.,-8.04911692853238E-16));
#8391=DIRECTION('',(0.,-1.,-8.04911692853238E-16));
#8392=DIRECTION('',(0.,8.04911692853238E-16,-1.));
#8393=DIRECTION('',(0.,-1.,-8.04911692853238E-16));
#8394=DIRECTION('',(0.,-1.,-8.04911692853238E-16));
#8395=DIRECTION('',(0.,-1.,-8.04911692853238E-16));
#8396=DIRECTION('',(-0.0485542640860228,-8.03962336669346E-16,0.998820546163857));
#8397=DIRECTION('',(0.998820546163857,0.,0.0485542640860228));
#8398=DIRECTION('',(-0.998820546163857,3.90818949007238E-17,-0.0485542640860228));
#8399=DIRECTION('',(0.,-1.,-8.04911692853238E-16));
#8400=DIRECTION('',(0.637493589649706,0.,0.770455659435072));
#8401=DIRECTION('',(0.,-1.,-8.04911692853238E-16));
#8402=DIRECTION('',(0.,8.04911692853238E-16,-1.));
#8403=DIRECTION('',(0.,-1.,-8.04911692853238E-16));
#8404=DIRECTION('',(0.,8.04911692853238E-16,-1.));
#8405=DIRECTION('',(0.,-1.,-8.04911692853238E-16));
#8406=DIRECTION('',(1.,0.,0.));
#8407=DIRECTION('',(0.,-1.,-8.04911692853238E-16));
#8408=DIRECTION('',(0.,-1.,-8.04911692853238E-16));
#8409=DIRECTION('',(0.,-1.,-8.04911692853238E-16));
#8410=DIRECTION('',(0.,-1.,-8.04911692853238E-16));
#8411=DIRECTION('',(0.75504702639029,0.,-0.655670639833125));
#8412=DIRECTION('',(0.,-1.,-8.04911692853238E-16));
#8413=DIRECTION('',(0.,8.04911692853238E-16,-1.));
#8414=DIRECTION('',(0.,-1.,-8.04911692853238E-16));
#8415=DIRECTION('',(0.,-1.,-8.04911692853238E-16));
#8416=DIRECTION('',(0.,8.04911692853238E-16,-1.));
#8417=DIRECTION('',(0.,-1.,-8.04911692853238E-16));
#8418=DIRECTION('',(0.302258077298621,1.0829001141113E-15,-0.953226129891403));
#8419=DIRECTION('',(0.,-1.,-8.04911692853238E-16));
#8420=DIRECTION('',(0.,8.04911692853238E-16,-1.));
#8421=DIRECTION('',(0.,-1.,-8.04911692853238E-16));
#8422=DIRECTION('',(0.,-1.,-8.04911692853238E-16));
#8423=DIRECTION('',(0.,8.04911692853238E-16,-1.));
#8424=DIRECTION('',(0.,-1.,-8.04911692853238E-16));
#8425=DIRECTION('',(-0.209961804694595,1.09350932774487E-15,-0.977709589075094));
#8426=DIRECTION('',(0.,-1.,-8.04911692853238E-16));
#8427=DIRECTION('',(0.,8.04911692853238E-16,-1.));
#8428=DIRECTION('',(0.,-1.,-8.04911692853238E-16));
#8429=DIRECTION('',(0.,-1.,-8.04911692853238E-16));
#8430=DIRECTION('',(0.,8.04911692853238E-16,-1.));
#8431=DIRECTION('',(0.,-1.,-8.04911692853238E-16));
#8432=DIRECTION('',(0.,-1.,-8.04911692853238E-16));
#8433=DIRECTION('',(0.,-1.,-8.04911692853238E-16));
#8434=DIRECTION('',(0.,-1.,-8.04911692853238E-16));
#8435=DIRECTION('',(0.,-1.,-8.04911692853238E-16));
#8436=DIRECTION('',(-0.30308443617689,-1.09080897239708E-15,0.952963705787023));
#8437=DIRECTION('',(0.,-1.,-8.04911692853238E-16));
#8438=DIRECTION('',(0.,8.04911692853238E-16,-1.));
#8439=DIRECTION('',(0.,-1.,-8.04911692853238E-16));
#8440=DIRECTION('',(0.,-1.,-8.04911692853238E-16));
#8441=DIRECTION('',(0.,8.04911692853238E-16,-1.));
#8442=DIRECTION('',(0.,-1.,-8.04911692853238E-16));
#8443=DIRECTION('',(0.203220609029581,-1.06394955860698E-15,0.979132975680855));
#8444=DIRECTION('',(0.,-1.,-8.04911692853238E-16));
#8445=DIRECTION('',(0.,8.04911692853238E-16,-1.));
#8446=DIRECTION('',(0.,-1.,-8.04911692853238E-16));
#8447=DIRECTION('',(0.,-1.,-8.04911692853238E-16));
#8448=DIRECTION('',(0.,8.04911692853238E-16,-1.));
#8449=DIRECTION('',(0.,-1.,-8.04911692853238E-16));
#8450=DIRECTION('',(0.,-1.,-8.04911692853238E-16));
#8451=DIRECTION('',(-0.998820546163856,3.90818949007252E-17,-0.0485542640860246));
#8452=DIRECTION('',(-0.0485542640860246,0.,0.998820546163857));
#8453=DIRECTION('',(0.,-1.,-8.04911692853238E-16));
#8454=DIRECTION('',(0.0485542640860246,8.03962336669346E-16,-0.998820546163857));
#8455=DIRECTION('',(0.0485542640860223,8.03962336669346E-16,-0.998820546163857));
#8456=DIRECTION('',(-0.998820546163857,0.,-0.0485542640860223));
#8457=DIRECTION('',(0.,-1.,-8.04911692853238E-16));
#8458=DIRECTION('',(0.998820546163857,-3.90818949007234E-17,0.0485542640860223));
#8459=DIRECTION('',(0.998820546163857,-3.90818949007245E-17,0.0485542640860237));
#8460=DIRECTION('',(0.0485542640860237,0.,-0.998820546163857));
#8461=DIRECTION('',(0.,-1.,-8.04911692853238E-16));
#8462=DIRECTION('',(-0.0485542640860237,-8.03962336669346E-16,0.998820546163857));
#8463=DIRECTION('',(-0.0485542640860223,-8.03962336669346E-16,0.998820546163857));
#8464=DIRECTION('',(0.998820546163857,0.,0.0485542640860223));
#8465=DIRECTION('',(0.,-1.,-8.04911692853238E-16));
#8466=DIRECTION('',(-0.998820546163857,3.90818949007234E-17,-0.0485542640860223));
#8467=DIRECTION('',(-0.998820546163857,3.90818949007224E-17,-0.048554264086021));
#8468=DIRECTION('',(-0.0485542640860211,0.,0.998820546163857));
#8469=DIRECTION('',(0.,-1.,-8.04911692853238E-16));
#8470=DIRECTION('',(0.0485542640860211,8.03962336669346E-16,-0.998820546163857));
#8471=DIRECTION('',(0.,-1.,-8.04911692853238E-16));
#8472=DIRECTION('',(0.,-1.,-8.04911692853238E-16));
#8473=DIRECTION('',(0.,-1.,-8.04911692853238E-16));
#8474=DIRECTION('',(0.311048511692452,7.92024287096474E-16,-0.950394035847191));
#8475=DIRECTION('',(0.,-1.,-8.04911692853238E-16));
#8476=DIRECTION('',(0.,-1.,-8.04911692853238E-16));
#8477=DIRECTION('',(0.,8.04911692853238E-16,-1.));
#8478=DIRECTION('',(0.,-1.,-8.04911692853238E-16));
#8479=DIRECTION('',(0.,-1.,-8.04911692853238E-16));
#8480=DIRECTION('',(0.,-1.,-8.04911692853238E-16));
#8481=DIRECTION('',(0.,-1.,-8.04911692853238E-16));
#8482=DIRECTION('',(0.689487240814309,-8.06599905881218E-16,0.724297828765399));
#8483=DIRECTION('',(0.,-1.,-8.04911692853238E-16));
#8484=DIRECTION('',(0.,-1.,-8.04911692853238E-16));
#8485=DIRECTION('',(0.,8.04911692853238E-16,-1.));
#8486=DIRECTION('',(0.,-1.,-8.04911692853238E-16));
#8487=DIRECTION('',(0.,-1.,-8.04911692853238E-16));
#8488=DIRECTION('',(0.68270414889881,-1.14915273096115E-15,0.730694905604488));
#8489=DIRECTION('',(0.,-1.,-8.04911692853238E-16));
#8490=DIRECTION('',(0.,8.04911692853238E-16,-1.));
#8491=DIRECTION('',(0.,-1.,-8.04911692853238E-16));
#8492=DIRECTION('',(0.,8.04911692853238E-16,-1.));
#8493=DIRECTION('',(0.,-1.,-8.04911692853238E-16));
#8494=DIRECTION('',(1.,0.,0.));
#8495=DIRECTION('',(-0.972852936348469,-1.86276051358456E-16,0.231424208409928));
#8496=DIRECTION('',(0.231424208409928,0.,0.972852936348469));
#8497=DIRECTION('',(0.,-1.,-8.04911692853238E-16));
#8498=DIRECTION('',(-0.231424208409928,7.8306070389349E-16,-0.972852936348469));
#8499=DIRECTION('',(0.,-1.,-8.04911692853238E-16));
#8500=DIRECTION('',(0.0485542640860222,8.03962336669346E-16,-0.998820546163857));
#8501=DIRECTION('',(-0.998820546163857,0.,-0.0485542640860222));
#8502=DIRECTION('',(0.,-1.,-8.04911692853238E-16));
#8503=DIRECTION('',(0.998820546163857,-3.90818949007233E-17,0.0485542640860222));
#8504=DIRECTION('',(0.978959787535459,1.64244857841863E-16,-0.204053263606659));
#8505=DIRECTION('',(-0.204053263606659,0.,-0.978959787535459));
#8506=DIRECTION('',(0.,-1.,-8.04911692853238E-16));
#8507=DIRECTION('',(0.204053263606659,-7.87976179820413E-16,0.978959787535459));
#8508=DIRECTION('',(-0.951169733916028,2.48450747166194E-16,-0.308668328926232));
#8509=DIRECTION('',(-0.308668328926232,0.,0.951169733916028));
#8510=DIRECTION('',(0.,-1.,-8.04911692853238E-16));
#8511=DIRECTION('',(0.308668328926232,7.65607640717114E-16,-0.951169733916028));
#8512=DIRECTION('',(0.0485542640860224,8.03962336669346E-16,-0.998820546163857));
#8513=DIRECTION('',(-0.998820546163857,0.,-0.0485542640860224));
#8514=DIRECTION('',(0.,-1.,-8.04911692853238E-16));
#8515=DIRECTION('',(0.998820546163857,-3.90818949007235E-17,0.0485542640860224));
#8516=DIRECTION('',(0.974053843422343,1.82164711674492E-16,-0.226316393825461));
#8517=DIRECTION('',(-0.226316393825461,0.,-0.974053843422343));
#8518=DIRECTION('',(0.,-1.,-8.04911692853238E-16));
#8519=DIRECTION('',(0.226316393825461,-7.84027328039282E-16,0.974053843422343));
#8520=DIRECTION('',(-0.955241871824628,2.3811373031522E-16,-0.295825905412255));
#8521=DIRECTION('',(-0.295825905412255,0.,0.955241871824628));
#8522=DIRECTION('',(0.,-1.,-8.04911692853238E-16));
#8523=DIRECTION('',(0.295825905412255,7.68885352134658E-16,-0.955241871824628));
#8524=DIRECTION('',(0.0485542640860229,8.03962336669346E-16,-0.998820546163857));
#8525=DIRECTION('',(-0.998820546163857,0.,-0.0485542640860229));
#8526=DIRECTION('',(0.,-1.,-8.04911692853238E-16));
#8527=DIRECTION('',(0.998820546163857,-3.90818949007238E-17,0.0485542640860229));
#8528=DIRECTION('',(0.948917528420686,-2.5396912238463E-16,0.315524205499319));
#8529=DIRECTION('',(0.315524205499319,0.,-0.948917528420686));
#8530=DIRECTION('',(0.,-1.,-8.04911692853238E-16));
#8531=DIRECTION('',(-0.315524205499319,-7.63794814179205E-16,0.948917528420686));
#8532=DIRECTION('',(-0.0578144107221154,-8.03565355760084E-16,0.998327348074195));
#8533=DIRECTION('',(0.998327348074195,0.,0.0578144107221154));
#8534=DIRECTION('',(0.,-1.,-8.04911692853238E-16));
#8535=DIRECTION('',(-0.998327348074195,4.65354952056503E-17,-0.0578144107221154));
#8536=DIRECTION('',(-0.970771352155301,-1.93183806456545E-16,0.240006212074954));
#8537=DIRECTION('',(0.240006212074954,0.,0.970771352155301));
#8538=DIRECTION('',(0.,-1.,-8.04911692853238E-16));
#8539=DIRECTION('',(-0.240006212074954,7.81385212436751E-16,-0.970771352155301));
#8540=DIRECTION('',(0.946114582306992,-2.60656204235331E-16,0.323832050832011));
#8541=DIRECTION('',(0.323832050832011,0.,-0.946114582306992));
#8542=DIRECTION('',(0.,-1.,-8.04911692853238E-16));
#8543=DIRECTION('',(-0.323832050832011,-7.61538690077855E-16,0.946114582306992));
#8544=DIRECTION('',(-0.0485542640860231,-8.03962336669346E-16,0.998820546163857));
#8545=DIRECTION('',(0.998820546163857,0.,0.0485542640860231));
#8546=DIRECTION('',(-0.998820546163857,3.9081894900724E-17,-0.0485542640860231));
#8547=DIRECTION('',(0.,-1.,-8.04911692853238E-16));
#8548=DIRECTION('',(1.,0.,0.));
#8549=DIRECTION('',(0.,-1.,-8.04911692853238E-16));
#8550=DIRECTION('',(0.,8.04911692853238E-16,-1.));
#8551=DIRECTION('',(0.,-1.,-8.04911692853238E-16));
#8552=DIRECTION('',(0.,8.04911692853238E-16,-1.));
#8553=DIRECTION('',(0.,-1.,-8.04911692853238E-16));
#8554=DIRECTION('',(0.,8.04911692853238E-16,-1.));
#8555=DIRECTION('',(1.09476442525376E-47,-8.04911692853238E-16,1.));
#8556=DIRECTION('',(0.,-1.,-8.04911692853238E-16));
#8557=DIRECTION('',(0.,8.04911692853238E-16,-1.));
#8558=DIRECTION('',(0.,1.,8.04911692853238E-16));
#8559=DIRECTION('',(-1.09476442525376E-47,8.04911692853238E-16,-1.));
#8560=DIRECTION('',(0.,1.,8.04911692853238E-16));
#8561=DIRECTION('',(0.,-8.04911692853238E-16,1.));
#8562=DIRECTION('',(0.,-1.,-8.04911692853238E-16));
#8563=DIRECTION('',(0.,-1.,-8.04911692853238E-16));
#8564=DIRECTION('',(1.,0.,0.));
#8565=DIRECTION('',(-0.707106781186548,0.707106781186547,4.05607218493308E-16));
#8566=DIRECTION('',(-2.31296463463574E-16,-8.04911692853238E-16,1.));
#8567=DIRECTION('',(-0.577350269189625,-0.577350269189627,0.577350269189626));
#8568=DIRECTION('',(0.,0.707106781186547,0.707106781186548));
#8569=DIRECTION('',(1.,0.,0.));
#8570=DIRECTION('',(-0.577350269189626,0.577350269189626,-0.577350269189625));
#8571=DIRECTION('',(-0.707106781186547,-0.707106781186548,-5.69158516272869E-16));
#8572=DIRECTION('',(0.,8.04911692853238E-16,-1.));
#8573=DIRECTION('',(0.,8.04911692853238E-16,-1.));
#8574=DIRECTION('',(0.,1.,8.04911692853238E-16));
#8575=DIRECTION('',(0.,1.,8.04911692853238E-16));
#8576=DIRECTION('',(0.,1.,8.04911692853238E-16));
#8577=DIRECTION('',(1.,0.,0.));
#8578=DIRECTION('',(0.,0.,-1.));
#8579=DIRECTION('',(0.,1.,8.04911692853238E-16));
#8580=DIRECTION('',(0.,8.04911692853238E-16,-1.));
#8581=DIRECTION('',(0.,1.,8.04911692853238E-16));
#8582=DIRECTION('',(0.,1.,8.04911692853238E-16));
#8583=DIRECTION('',(1.,0.,0.));
#8584=DIRECTION('',(0.,0.,-1.));
#8585=DIRECTION('',(0.,-8.04911692853238E-16,1.));
#8586=DIRECTION('',(1.,0.,0.));
#8587=DIRECTION('',(0.,-8.04911692853238E-16,1.));
#8588=DIRECTION('',(0.,-1.,-8.04911692853238E-16));
#8589=DIRECTION('',(0.,8.04911692853238E-16,-1.));
#8590=DIRECTION('',(1.,0.,0.));
#8591=DIRECTION('',(0.,8.04911692853238E-16,-1.));
#8592=DIRECTION('',(0.,1.,8.04911692853238E-16));
#8593=DIRECTION('',(0.,0.,1.));
#8594=DIRECTION('',(1.,0.,0.));
#8595=DIRECTION('',(0.,-8.04911692853238E-16,1.));
#8596=DIRECTION('',(1.,0.,0.));
#8597=DIRECTION('',(0.,-8.04911692853238E-16,1.));
#8598=DIRECTION('',(0.,-1.,-8.04911692853238E-16));
#8599=DIRECTION('',(0.,8.04911692853238E-16,-1.));
#8600=DIRECTION('',(1.,0.,0.));
#8601=DIRECTION('',(0.,8.04911692853238E-16,-1.));
#8602=DIRECTION('',(0.,1.,8.04911692853238E-16));
#8603=DIRECTION('',(0.,0.,1.));
#8604=DIRECTION('',(1.,0.,0.));
#8605=DIRECTION('',(0.,-8.04911692853238E-16,1.));
#8606=DIRECTION('',(1.,0.,0.));
#8607=DIRECTION('',(0.,-8.04911692853238E-16,1.));
#8608=DIRECTION('',(0.,-1.,-8.04911692853238E-16));
#8609=DIRECTION('',(0.,8.04911692853238E-16,-1.));
#8610=DIRECTION('',(1.,0.,0.));
#8611=DIRECTION('',(0.,8.04911692853238E-16,-1.));
#8612=DIRECTION('',(0.,1.,8.04911692853238E-16));
#8613=DIRECTION('',(0.,0.,1.));
#8614=DIRECTION('',(1.,0.,0.));
#8615=DIRECTION('',(0.,-8.04911692853238E-16,1.));
#8616=DIRECTION('',(1.,0.,0.));
#8617=DIRECTION('',(0.,-8.04911692853238E-16,1.));
#8618=DIRECTION('',(0.,-1.,-8.04911692853238E-16));
#8619=DIRECTION('',(0.,8.04911692853238E-16,-1.));
#8620=DIRECTION('',(1.,0.,0.));
#8621=DIRECTION('',(0.,8.04911692853238E-16,-1.));
#8622=DIRECTION('',(0.,1.,8.04911692853238E-16));
#8623=DIRECTION('',(0.,0.,1.));
#8624=DIRECTION('',(1.,0.,0.));
#8625=DIRECTION('',(0.,0.714494466144933,0.699641092166739));
#8626=DIRECTION('',(0.,-0.699641092166739,0.714494466144933));
#8627=DIRECTION('',(1.,0.,0.));
#8628=DIRECTION('',(0.,-0.699641092166739,0.714494466144933));
#8629=DIRECTION('',(1.,0.,0.));
#8630=DIRECTION('',(0.,-0.0485542640860256,0.998820546163856));
#8631=DIRECTION('',(0.,-0.998820546163857,-0.0485542640860256));
#8632=DIRECTION('',(1.,0.,0.));
#8633=DIRECTION('',(0.,-0.998820546163857,-0.0485542640860256));
#8634=DIRECTION('',(0.,-0.693732069400808,-0.720233167720616));
#8635=DIRECTION('',(0.,0.720233167720616,-0.693732069400808));
#8636=DIRECTION('',(1.,0.,0.));
#8637=DIRECTION('',(0.,0.720233167720616,-0.693732069400808));
#8638=DIRECTION('',(0.,-0.759286453933042,0.650756545010334));
#8639=DIRECTION('',(0.,-0.650756545010334,-0.759286453933042));
#8640=DIRECTION('',(1.,0.,0.));
#8641=DIRECTION('',(0.,-0.650756545010334,-0.759286453933042));
#8642=DIRECTION('',(0.,0.0485542640860222,-0.998820546163857));
#8643=DIRECTION('',(0.,0.998820546163857,0.0485542640860222));
#8644=DIRECTION('',(1.,0.,0.));
#8645=DIRECTION('',(0.,0.998820546163857,0.0485542640860222));
#8646=DIRECTION('',(0.,0.785841795029591,-0.618427581196595));
#8647=DIRECTION('',(0.,0.618427581196595,0.785841795029591));
#8648=DIRECTION('',(1.,0.,0.));
#8649=DIRECTION('',(0.,0.618427581196595,0.785841795029591));
#8650=DIRECTION('',(0.,-0.998820546163857,-0.048554264086022));
#8651=DIRECTION('',(0.,0.048554264086022,-0.998820546163857));
#8652=DIRECTION('',(1.,0.,0.));
#8653=DIRECTION('',(0.,0.048554264086022,-0.998820546163857));
#8654=DIRECTION('',(0.,0.0485542640860264,-0.998820546163856));
#8655=DIRECTION('',(0.,0.998820546163856,0.0485542640860264));
#8656=DIRECTION('',(1.,0.,0.));
#8657=DIRECTION('',(0.,0.998820546163857,0.0485542640860264));
#8658=DIRECTION('',(0.,0.998820546163857,0.0485542640860224));
#8659=DIRECTION('',(0.,-0.0485542640860224,0.998820546163857));
#8660=DIRECTION('',(1.,0.,0.));
#8661=DIRECTION('',(0.,-0.0485542640860224,0.998820546163857));
#8662=DIRECTION('',(0.,-0.0485542640860266,0.998820546163856));
#8663=DIRECTION('',(0.,-0.998820546163856,-0.0485542640860266));
#8664=DIRECTION('',(1.,0.,0.));
#8665=DIRECTION('',(0.,-0.998820546163857,-0.0485542640860266));
#8666=DIRECTION('',(0.,-0.998820546163857,-0.0485542640860218));
#8667=DIRECTION('',(0.,0.0485542640860218,-0.998820546163857));
#8668=DIRECTION('',(0.,0.0485542640860218,-0.998820546163857));
#8669=DIRECTION('',(1.,0.,0.));
#8670=DIRECTION('',(0.,1.,0.));
#8671=DIRECTION('',(0.,-0.998820546163857,-0.048554264086024));
#8672=DIRECTION('',(0.,0.048554264086024,-0.998820546163857));
#8673=DIRECTION('',(1.,0.,0.));
#8674=DIRECTION('',(0.,0.048554264086024,-0.998820546163857));
#8675=DIRECTION('',(1.,0.,0.));
#8676=DIRECTION('',(0.,0.0485542640860266,-0.998820546163856));
#8677=DIRECTION('',(0.,0.998820546163856,0.0485542640860266));
#8678=DIRECTION('',(1.,0.,0.));
#8679=DIRECTION('',(0.,0.998820546163857,0.0485542640860266));
#8680=DIRECTION('',(0.,0.998820546163857,0.0485542640860219));
#8681=DIRECTION('',(0.,-0.0485542640860219,0.998820546163857));
#8682=DIRECTION('',(1.,0.,0.));
#8683=DIRECTION('',(0.,-0.0485542640860219,0.998820546163857));
#8684=DIRECTION('',(1.,0.,0.));
#8685=DIRECTION('',(1.,0.,0.));
#8686=DIRECTION('',(0.,-0.647829227036207,-0.761785594900343));
#8687=DIRECTION('',(1.,0.,0.));
#8688=DIRECTION('',(1.,0.,0.));
#8689=DIRECTION('',(0.,0.,-1.));
#8690=DIRECTION('',(1.,0.,0.));
#8691=DIRECTION('',(1.,0.,0.));
#8692=DIRECTION('',(1.,0.,0.));
#8693=DIRECTION('',(0.,0.716575399977737,-0.697509638748273));
#8694=DIRECTION('',(1.,0.,0.));
#8695=DIRECTION('',(1.,0.,0.));
#8696=DIRECTION('',(0.,0.,-1.));
#8697=DIRECTION('',(1.,0.,0.));
#8698=DIRECTION('',(0.,-0.998820546163857,-0.0485542640860219));
#8699=DIRECTION('',(0.,0.0485542640860219,-0.998820546163857));
#8700=DIRECTION('',(1.,0.,0.));
#8701=DIRECTION('',(0.,0.0485542640860219,-0.998820546163857));
#8702=DIRECTION('',(0.,0.0485542640860266,-0.998820546163856));
#8703=DIRECTION('',(0.,0.998820546163856,0.0485542640860266));
#8704=DIRECTION('',(1.,0.,0.));
#8705=DIRECTION('',(0.,0.998820546163857,0.0485542640860266));
#8706=DIRECTION('',(0.,0.998820546163857,0.048554264086024));
#8707=DIRECTION('',(0.,-0.048554264086024,0.998820546163857));
#8708=DIRECTION('',(1.,0.,0.));
#8709=DIRECTION('',(0.,-0.048554264086024,0.998820546163857));
#8710=DIRECTION('',(1.,0.,0.));
#8711=DIRECTION('',(1.,0.,0.));
#8712=DIRECTION('',(1.,0.,0.));
#8713=DIRECTION('',(1.,0.,0.));
#8714=DIRECTION('',(0.,1.,0.));
#8715=DIRECTION('',(0.,-0.999643526772347,-0.0266986775354957));
#8716=DIRECTION('',(0.,0.0266986775354957,-0.999643526772347));
#8717=DIRECTION('',(1.,0.,0.));
#8718=DIRECTION('',(0.,0.0266986775354957,-0.999643526772347));
#8719=DIRECTION('',(1.,0.,0.));
#8720=DIRECTION('',(0.,0.0485542640860206,-0.998820546163857));
#8721=DIRECTION('',(0.,0.998820546163857,0.0485542640860206));
#8722=DIRECTION('',(1.,0.,0.));
#8723=DIRECTION('',(0.,0.998820546163857,0.0485542640860206));
#8724=DIRECTION('',(0.,0.997519785779436,0.0703866249975664));
#8725=DIRECTION('',(0.,-0.0703866249975665,0.997519785779436));
#8726=DIRECTION('',(1.,0.,0.));
#8727=DIRECTION('',(0.,-0.0703866249975665,0.997519785779436));
#8728=DIRECTION('',(0.,-0.0485542640860206,0.998820546163857));
#8729=DIRECTION('',(0.,-0.998820546163857,-0.0485542640860206));
#8730=DIRECTION('',(0.,-0.998820546163857,-0.0485542640860206));
#8731=DIRECTION('',(1.,0.,0.));
#8732=DIRECTION('',(0.,1.,0.));
#8733=DIRECTION('',(1.,0.,0.));
#8734=DIRECTION('',(0.,-0.33411504859718,-0.942532298810446));
#8735=DIRECTION('',(1.,0.,0.));
#8736=DIRECTION('',(1.,0.,0.));
#8737=DIRECTION('',(0.,0.,-1.));
#8738=DIRECTION('',(1.,0.,0.));
#8739=DIRECTION('',(1.,0.,0.));
#8740=DIRECTION('',(0.,0.433447547467051,-0.901178796685096));
#8741=DIRECTION('',(1.,0.,0.));
#8742=DIRECTION('',(1.,0.,0.));
#8743=DIRECTION('',(0.,0.,-1.));
#8744=DIRECTION('',(1.,0.,0.));
#8745=DIRECTION('',(0.,0.944991220245534,-0.327095694956164));
#8746=DIRECTION('',(1.,0.,0.));
#8747=DIRECTION('',(1.,0.,0.));
#8748=DIRECTION('',(0.,0.,-1.));
#8749=DIRECTION('',(1.,0.,0.));
#8750=DIRECTION('',(0.,0.909129710409428,0.416513108618288));
#8751=DIRECTION('',(1.,0.,0.));
#8752=DIRECTION('',(1.,0.,0.));
#8753=DIRECTION('',(0.,0.,-1.));
#8754=DIRECTION('',(1.,0.,0.));
#8755=DIRECTION('',(0.,0.34399489789521,0.938971517258146));
#8756=DIRECTION('',(1.,0.,0.));
#8757=DIRECTION('',(1.,0.,0.));
#8758=DIRECTION('',(0.,0.,-1.));
#8759=DIRECTION('',(1.,0.,0.));
#8760=DIRECTION('',(0.,-0.423959656407092,0.905681075069575));
#8761=DIRECTION('',(1.,0.,0.));
#8762=DIRECTION('',(1.,0.,0.));
#8763=DIRECTION('',(0.,0.,-1.));
#8764=DIRECTION('',(1.,0.,0.));
#8765=DIRECTION('',(0.,-0.942072658255326,0.335408864772153));
#8766=DIRECTION('',(1.,0.,0.));
#8767=DIRECTION('',(1.,0.,0.));
#8768=DIRECTION('',(0.,0.,-1.));
#8769=DIRECTION('',(1.,0.,0.));
#8770=DIRECTION('',(0.,-0.904764730098374,-0.425911708186117));
#8771=DIRECTION('',(1.,0.,0.));
#8772=DIRECTION('',(0.,0.,-1.));
#8773=DIRECTION('',(1.,0.,0.));
#8774=DIRECTION('',(0.,1.,0.));
#8775=DIRECTION('',(1.,0.,0.));
#8776=DIRECTION('',(1.,0.,0.));
#8777=DIRECTION('',(1.,0.,0.));
#8778=DIRECTION('',(1.,0.,0.));
#8779=DIRECTION('',(0.,0.755047026390281,-0.655670639833136));
#8780=DIRECTION('',(1.,0.,0.));
#8781=DIRECTION('',(0.,0.,-1.));
#8782=DIRECTION('',(1.,0.,0.));
#8783=DIRECTION('',(1.,0.,0.));
#8784=DIRECTION('',(0.,0.,-1.));
#8785=DIRECTION('',(1.,0.,0.));
#8786=DIRECTION('',(0.,0.302003103487044,-0.953306941904964));
#8787=DIRECTION('',(1.,0.,0.));
#8788=DIRECTION('',(0.,0.,-1.));
#8789=DIRECTION('',(1.,0.,0.));
#8790=DIRECTION('',(1.,0.,0.));
#8791=DIRECTION('',(0.,0.,-1.));
#8792=DIRECTION('',(1.,0.,0.));
#8793=DIRECTION('',(0.,-0.209985995878353,-0.977704393738198));
#8794=DIRECTION('',(1.,0.,0.));
#8795=DIRECTION('',(0.,0.,-1.));
#8796=DIRECTION('',(1.,0.,0.));
#8797=DIRECTION('',(1.,0.,0.));
#8798=DIRECTION('',(0.,0.,-1.));
#8799=DIRECTION('',(1.,0.,0.));
#8800=DIRECTION('',(1.,0.,0.));
#8801=DIRECTION('',(1.,0.,0.));
#8802=DIRECTION('',(1.,0.,0.));
#8803=DIRECTION('',(1.,0.,0.));
#8804=DIRECTION('',(0.,-0.298779470430562,0.954322182519737));
#8805=DIRECTION('',(1.,0.,0.));
#8806=DIRECTION('',(0.,0.,-1.));
#8807=DIRECTION('',(1.,0.,0.));
#8808=DIRECTION('',(1.,0.,0.));
#8809=DIRECTION('',(0.,0.,-1.));
#8810=DIRECTION('',(1.,0.,0.));
#8811=DIRECTION('',(0.,0.207380432839401,0.978260372332102));
#8812=DIRECTION('',(1.,0.,0.));
#8813=DIRECTION('',(0.,0.,-1.));
#8814=DIRECTION('',(1.,0.,0.));
#8815=DIRECTION('',(1.,0.,0.));
#8816=DIRECTION('',(0.,0.,-1.));
#8817=DIRECTION('',(1.,0.,0.));
#8818=DIRECTION('',(1.,0.,0.));
#8819=DIRECTION('',(1.,0.,0.));
#8820=DIRECTION('',(1.,0.,0.));
#8821=DIRECTION('',(1.,0.,0.));
#8822=DIRECTION('',(1.,0.,0.));
#8823=DIRECTION('',(1.,0.,0.));
#8824=DIRECTION('',(0.,0.998820546163856,0.0485542640860263));
#8825=DIRECTION('',(0.,-0.0485542640860263,0.998820546163856));
#8826=DIRECTION('',(1.,0.,0.));
#8827=DIRECTION('',(0.,-0.0485542640860263,0.998820546163856));
#8828=DIRECTION('',(0.,-0.0485542640860194,0.998820546163857));
#8829=DIRECTION('',(0.,-0.998820546163857,-0.0485542640860194));
#8830=DIRECTION('',(1.,0.,0.));
#8831=DIRECTION('',(0.,-0.998820546163857,-0.0485542640860194));
#8832=DIRECTION('',(0.,-0.998820546163857,-0.0485542640860228));
#8833=DIRECTION('',(0.,0.0485542640860228,-0.998820546163857));
#8834=DIRECTION('',(1.,0.,0.));
#8835=DIRECTION('',(0.,0.0485542640860228,-0.998820546163857));
#8836=DIRECTION('',(0.,0.0485542640860194,-0.998820546163857));
#8837=DIRECTION('',(0.,0.998820546163857,0.0485542640860194));
#8838=DIRECTION('',(1.,0.,0.));
#8839=DIRECTION('',(0.,0.998820546163857,0.0485542640860194));
#8840=DIRECTION('',(0.,0.998820546163857,0.0485542640860233));
#8841=DIRECTION('',(0.,-0.0485542640860233,0.998820546163857));
#8842=DIRECTION('',(1.,0.,0.));
#8843=DIRECTION('',(0.,-0.0485542640860233,0.998820546163857));
#8844=DIRECTION('',(1.,0.,0.));
#8845=DIRECTION('',(1.,0.,0.));
#8846=DIRECTION('',(1.,0.,0.));
#8847=DIRECTION('',(1.,0.,0.));
#8848=DIRECTION('',(0.,-0.756488824275842,0.6540066198027));
#8849=DIRECTION('',(1.,0.,0.));
#8850=DIRECTION('',(0.,0.,-1.));
#8851=DIRECTION('',(1.,0.,0.));
#8852=DIRECTION('',(0.,0.685351827654999,0.728212106690045));
#8853=DIRECTION('',(1.,0.,0.));
#8854=DIRECTION('',(0.,0.,-1.));
#8855=DIRECTION('',(1.,0.,0.));
#8856=DIRECTION('',(0.,0.,-1.));
#8857=DIRECTION('',(1.,0.,0.));
#8858=DIRECTION('',(0.,1.,0.));
#8859=DIRECTION('',(1.,0.,0.));
#8860=DIRECTION('',(1.,0.,0.));
#8861=DIRECTION('',(0.,0.0485542640860239,-0.998820546163857));
#8862=DIRECTION('',(0.,0.998820546163857,0.0485542640860239));
#8863=DIRECTION('',(0.,0.998820546163857,0.0485542640860239));
#8864=DIRECTION('',(1.,0.,0.));
#8865=DIRECTION('',(0.,0.998820546163857,0.0485542640860239));
#8866=DIRECTION('',(1.,0.,0.));
#8867=DIRECTION('',(1.,0.,0.));
#8868=DIRECTION('',(1.,0.,0.));
#8869=DIRECTION('',(0.,0.173532953773253,0.984828063143374));
#8870=DIRECTION('',(1.,0.,0.));
#8871=DIRECTION('',(0.,0.,-1.));
#8872=DIRECTION('',(1.,0.,0.));
#8873=DIRECTION('',(1.,0.,0.));
#8874=DIRECTION('',(0.,0.,-1.));
#8875=DIRECTION('',(1.,0.,0.));
#8876=DIRECTION('',(0.,0.999990521667061,-0.00435391502442831));
#8877=DIRECTION('',(1.,0.,0.));
#8878=DIRECTION('',(1.,0.,0.));
#8879=DIRECTION('',(0.,0.,-1.));
#8880=DIRECTION('',(1.,0.,0.));
#8881=DIRECTION('',(1.,0.,0.));
#8882=DIRECTION('',(1.,0.,0.));
#8883=DIRECTION('',(0.,0.676582481900266,0.736366855029255));
#8884=DIRECTION('',(1.,0.,0.));
#8885=DIRECTION('',(1.,0.,0.));
#8886=DIRECTION('',(0.,0.,-1.));
#8887=DIRECTION('',(1.,0.,0.));
#8888=DIRECTION('',(1.,0.,0.));
#8889=DIRECTION('',(1.,0.,0.));
#8890=DIRECTION('',(0.,-0.749907408678878,0.661542801645163));
#8891=DIRECTION('',(1.,0.,0.));
#8892=DIRECTION('',(1.,0.,0.));
#8893=DIRECTION('',(0.,0.,-1.));
#8894=DIRECTION('',(1.,0.,0.));
#8895=DIRECTION('',(1.,0.,0.));
#8896=DIRECTION('',(1.,0.,0.));
#8897=DIRECTION('',(0.,-0.682017982904789,-0.731335402530524));
#8898=DIRECTION('',(1.,0.,0.));
#8899=DIRECTION('',(1.,0.,0.));
#8900=DIRECTION('',(0.,0.,-1.));
#8901=DIRECTION('',(1.,0.,0.));
#8902=DIRECTION('',(1.,0.,0.));
#8903=DIRECTION('',(1.,0.,0.));
#8904=DIRECTION('',(0.,0.852208099747171,-0.523202976602118));
#8905=DIRECTION('',(1.,0.,0.));
#8906=DIRECTION('',(1.,0.,0.));
#8907=DIRECTION('',(0.,0.,-1.));
#8908=DIRECTION('',(0.,0.0485542640860204,-0.998820546163857));
#8909=DIRECTION('',(0.,0.998820546163857,0.0485542640860204));
#8910=DIRECTION('',(1.,0.,0.));
#8911=DIRECTION('',(0.,0.998820546163857,0.0485542640860204));
#8912=DIRECTION('',(1.,0.,0.));
#8913=DIRECTION('',(0.,0.826441003863082,-0.563023327344241));
#8914=DIRECTION('',(1.,0.,0.));
#8915=DIRECTION('',(1.,0.,0.));
#8916=DIRECTION('',(0.,0.,-1.));
#8917=DIRECTION('',(1.,0.,0.));
#8918=DIRECTION('',(1.,0.,0.));
#8919=DIRECTION('',(1.,0.,0.));
#8920=DIRECTION('',(0.,-0.0485542640860231,0.998820546163857));
#8921=DIRECTION('',(0.,-0.998820546163857,-0.0485542640860231));
#8922=DIRECTION('',(0.,-0.998820546163857,-0.0485542640860231));
#8923=DIRECTION('',(1.,0.,0.));
#8924=DIRECTION('',(0.,0.637493589649722,0.770455659435059));
#8925=DIRECTION('',(1.,0.,0.));
#8926=DIRECTION('',(0.,0.,-1.));
#8927=DIRECTION('',(1.,0.,0.));
#8928=DIRECTION('',(0.,0.,-1.));
#8929=DIRECTION('',(1.,0.,0.));
#8930=DIRECTION('',(0.,1.,0.));
#8931=DIRECTION('',(1.,0.,0.));
#8932=DIRECTION('',(1.,0.,0.));
#8933=DIRECTION('',(1.,0.,0.));
#8934=DIRECTION('',(1.,0.,0.));
#8935=DIRECTION('',(0.,0.755047026390316,-0.655670639833096));
#8936=DIRECTION('',(1.,0.,0.));
#8937=DIRECTION('',(0.,0.,-1.));
#8938=DIRECTION('',(1.,0.,0.));
#8939=DIRECTION('',(1.,0.,0.));
#8940=DIRECTION('',(0.,0.,-1.));
#8941=DIRECTION('',(1.,0.,0.));
#8942=DIRECTION('',(0.,0.302258077298636,-0.953226129891398));
#8943=DIRECTION('',(1.,0.,0.));
#8944=DIRECTION('',(0.,0.,-1.));
#8945=DIRECTION('',(1.,0.,0.));
#8946=DIRECTION('',(1.,0.,0.));
#8947=DIRECTION('',(0.,0.,-1.));
#8948=DIRECTION('',(1.,0.,0.));
#8949=DIRECTION('',(0.,-0.209961804694595,-0.977709589075094));
#8950=DIRECTION('',(1.,0.,0.));
#8951=DIRECTION('',(0.,0.,-1.));
#8952=DIRECTION('',(1.,0.,0.));
#8953=DIRECTION('',(1.,0.,0.));
#8954=DIRECTION('',(0.,0.,-1.));
#8955=DIRECTION('',(1.,0.,0.));
#8956=DIRECTION('',(1.,0.,0.));
#8957=DIRECTION('',(1.,0.,0.));
#8958=DIRECTION('',(1.,0.,0.));
#8959=DIRECTION('',(1.,0.,0.));
#8960=DIRECTION('',(0.,-0.303084436176857,0.952963705787034));
#8961=DIRECTION('',(1.,0.,0.));
#8962=DIRECTION('',(0.,0.,-1.));
#8963=DIRECTION('',(1.,0.,0.));
#8964=DIRECTION('',(1.,0.,0.));
#8965=DIRECTION('',(0.,0.,-1.));
#8966=DIRECTION('',(1.,0.,0.));
#8967=DIRECTION('',(0.,0.203220609029607,0.97913297568085));
#8968=DIRECTION('',(1.,0.,0.));
#8969=DIRECTION('',(0.,0.,-1.));
#8970=DIRECTION('',(1.,0.,0.));
#8971=DIRECTION('',(1.,0.,0.));
#8972=DIRECTION('',(0.,0.,-1.));
#8973=DIRECTION('',(1.,0.,0.));
#8974=DIRECTION('',(1.,0.,0.));
#8975=DIRECTION('',(0.,-0.998820546163856,-0.0485542640860247));
#8976=DIRECTION('',(0.,0.0485542640860247,-0.998820546163857));
#8977=DIRECTION('',(1.,0.,0.));
#8978=DIRECTION('',(0.,0.0485542640860247,-0.998820546163857));
#8979=DIRECTION('',(0.,0.0485542640860266,-0.998820546163856));
#8980=DIRECTION('',(0.,0.998820546163856,0.0485542640860266));
#8981=DIRECTION('',(1.,0.,0.));
#8982=DIRECTION('',(0.,0.998820546163857,0.0485542640860266));
#8983=DIRECTION('',(0.,0.998820546163857,0.0485542640860237));
#8984=DIRECTION('',(0.,-0.0485542640860237,0.998820546163857));
#8985=DIRECTION('',(1.,0.,0.));
#8986=DIRECTION('',(0.,-0.0485542640860237,0.998820546163857));
#8987=DIRECTION('',(0.,-0.0485542640860266,0.998820546163856));
#8988=DIRECTION('',(0.,-0.998820546163856,-0.0485542640860266));
#8989=DIRECTION('',(1.,0.,0.));
#8990=DIRECTION('',(0.,-0.998820546163857,-0.0485542640860266));
#8991=DIRECTION('',(0.,-0.998820546163857,-0.048554264086021));
#8992=DIRECTION('',(0.,0.0485542640860211,-0.998820546163857));
#8993=DIRECTION('',(1.,0.,0.));
#8994=DIRECTION('',(0.,0.048554264086021,-0.998820546163857));
#8995=DIRECTION('',(1.,0.,0.));
#8996=DIRECTION('',(1.,0.,0.));
#8997=DIRECTION('',(1.,0.,0.));
#8998=DIRECTION('',(0.,0.311048511692453,-0.95039403584719));
#8999=DIRECTION('',(1.,0.,0.));
#9000=DIRECTION('',(1.,0.,0.));
#9001=DIRECTION('',(0.,0.,-1.));
#9002=DIRECTION('',(1.,0.,0.));
#9003=DIRECTION('',(1.,0.,0.));
#9004=DIRECTION('',(1.,0.,0.));
#9005=DIRECTION('',(1.,0.,0.));
#9006=DIRECTION('',(0.,0.689487240814293,0.724297828765414));
#9007=DIRECTION('',(1.,0.,0.));
#9008=DIRECTION('',(1.,0.,0.));
#9009=DIRECTION('',(0.,0.,-1.));
#9010=DIRECTION('',(1.,0.,0.));
#9011=DIRECTION('',(1.,0.,0.));
#9012=DIRECTION('',(0.,0.682704148898813,0.730694905604485));
#9013=DIRECTION('',(1.,0.,0.));
#9014=DIRECTION('',(0.,0.,-1.));
#9015=DIRECTION('',(1.,0.,0.));
#9016=DIRECTION('',(0.,0.,-1.));
#9017=DIRECTION('',(1.,0.,0.));
#9018=DIRECTION('',(0.,1.,0.));
#9019=DIRECTION('',(0.,-0.972852936348469,0.231424208409929));
#9020=DIRECTION('',(0.,-0.231424208409929,-0.972852936348469));
#9021=DIRECTION('',(1.,0.,0.));
#9022=DIRECTION('',(0.,-0.231424208409929,-0.972852936348469));
#9023=DIRECTION('',(1.,0.,0.));
#9024=DIRECTION('',(0.,0.0485542640860204,-0.998820546163857));
#9025=DIRECTION('',(0.,0.998820546163857,0.0485542640860204));
#9026=DIRECTION('',(1.,0.,0.));
#9027=DIRECTION('',(0.,0.998820546163857,0.0485542640860204));
#9028=DIRECTION('',(0.,0.978959787535459,-0.204053263606659));
#9029=DIRECTION('',(0.,0.204053263606659,0.978959787535459));
#9030=DIRECTION('',(1.,0.,0.));
#9031=DIRECTION('',(0.,0.204053263606659,0.978959787535459));
#9032=DIRECTION('',(0.,-0.951169733916028,-0.308668328926233));
#9033=DIRECTION('',(0.,0.308668328926233,-0.951169733916028));
#9034=DIRECTION('',(1.,0.,0.));
#9035=DIRECTION('',(0.,0.308668328926233,-0.951169733916028));
#9036=DIRECTION('',(0.,0.0485542640860261,-0.998820546163856));
#9037=DIRECTION('',(0.,0.998820546163857,0.0485542640860261));
#9038=DIRECTION('',(1.,0.,0.));
#9039=DIRECTION('',(0.,0.998820546163857,0.0485542640860261));
#9040=DIRECTION('',(0.,0.974053843422343,-0.226316393825461));
#9041=DIRECTION('',(0.,0.226316393825461,0.974053843422343));
#9042=DIRECTION('',(1.,0.,0.));
#9043=DIRECTION('',(0.,0.226316393825461,0.974053843422343));
#9044=DIRECTION('',(0.,-0.955241871824628,-0.295825905412255));
#9045=DIRECTION('',(0.,0.295825905412255,-0.955241871824628));
#9046=DIRECTION('',(1.,0.,0.));
#9047=DIRECTION('',(0.,0.295825905412255,-0.955241871824628));
#9048=DIRECTION('',(0.,0.048554264086019,-0.998820546163857));
#9049=DIRECTION('',(0.,0.998820546163857,0.048554264086019));
#9050=DIRECTION('',(1.,0.,0.));
#9051=DIRECTION('',(0.,0.998820546163857,0.048554264086019));
#9052=DIRECTION('',(0.,0.948917528420686,0.315524205499319));
#9053=DIRECTION('',(0.,-0.315524205499319,0.948917528420686));
#9054=DIRECTION('',(1.,0.,0.));
#9055=DIRECTION('',(0.,-0.315524205499319,0.948917528420686));
#9056=DIRECTION('',(0.,-0.0578144107221171,0.998327348074195));
#9057=DIRECTION('',(0.,-0.998327348074195,-0.0578144107221171));
#9058=DIRECTION('',(1.,0.,0.));
#9059=DIRECTION('',(0.,-0.998327348074195,-0.0578144107221171));
#9060=DIRECTION('',(0.,-0.970771352155301,0.240006212074954));
#9061=DIRECTION('',(0.,-0.240006212074954,-0.970771352155301));
#9062=DIRECTION('',(1.,0.,0.));
#9063=DIRECTION('',(0.,-0.240006212074954,-0.970771352155301));
#9064=DIRECTION('',(0.,0.946114582306992,0.323832050832012));
#9065=DIRECTION('',(0.,-0.323832050832012,0.946114582306992));
#9066=DIRECTION('',(1.,0.,0.));
#9067=DIRECTION('',(0.,-0.323832050832012,0.946114582306992));
#9068=DIRECTION('',(0.,-0.048554264086026,0.998820546163856));
#9069=DIRECTION('',(0.,-0.998820546163857,-0.048554264086026));
#9070=DIRECTION('',(0.,-0.998820546163857,-0.048554264086026));
#9071=DIRECTION('',(1.,0.,0.));
#9072=DIRECTION('',(0.,1.,0.));
#9073=DIRECTION('',(1.,0.,0.));
#9074=DIRECTION('',(0.,0.,-1.));
#9075=DIRECTION('',(1.,0.,0.));
#9076=DIRECTION('',(0.,0.,-1.));
#9077=DIRECTION('',(1.,0.,0.));
#9078=DIRECTION('',(0.,0.,-1.));
#9079=DIRECTION('',(0.,-1.,0.));
#9080=DIRECTION('',(0.,0.,-1.));
#9081=DIRECTION('',(1.,0.,0.));
#9082=DIRECTION('',(1.,0.,0.));
#9083=DIRECTION('',(0.,0.,-1.));
#9084=DIRECTION('',(-1.,0.,0.));
#9085=DIRECTION('',(1.,0.,0.));
#9086=DIRECTION('',(0.,1.,0.));
#9087=DIRECTION('',(0.,0.,1.));
#9088=DIRECTION('',(1.,0.,0.));
#9089=DIRECTION('',(0.,0.,1.));
#9090=DIRECTION('',(1.,0.,0.));
#9091=DIRECTION('',(1.,0.,0.));
#9092=DIRECTION('',(0.,0.865329642173282,-0.501203162775595));
#9093=DIRECTION('',(0.,0.501203162775595,0.865329642173282));
#9094=DIRECTION('',(1.,0.,0.));
#9095=DIRECTION('',(0.,1.,0.));
#9096=DIRECTION('',(0.,0.,1.));
#9097=DIRECTION('',(1.,0.,0.));
#9098=DIRECTION('',(0.,0.,1.));
#9099=DIRECTION('',(1.,0.,0.));
#9100=DIRECTION('',(1.,0.,0.));
#9101=DIRECTION('',(0.,-1.,0.));
#9102=DIRECTION('',(0.,0.,-1.));
#9103=DIRECTION('',(1.,0.,0.));
#9104=DIRECTION('',(0.,0.,-1.));
#9105=DIRECTION('',(-1.,0.,0.));
#9106=DIRECTION('',(1.,0.,0.));
#9107=DIRECTION('',(0.,-0.865329642173282,0.501203162775595));
#9108=DIRECTION('',(0.,-0.501203162775595,-0.865329642173282));
#9109=DIRECTION('',(0.,0.865329642173282,-0.501203162775595));
#9110=DIRECTION('',(0.,0.501203162775595,0.865329642173282));
#9111=DIRECTION('',(1.,0.,0.));
#9112=DIRECTION('',(1.,0.,0.));
#9113=DIRECTION('',(0.,1.,0.));
#9114=DIRECTION('',(0.,0.,1.));
#9115=DIRECTION('',(1.,0.,0.));
#9116=DIRECTION('',(0.,0.,1.));
#9117=DIRECTION('',(1.,0.,0.));
#9118=DIRECTION('',(1.,0.,0.));
#9119=DIRECTION('',(0.,-1.,0.));
#9120=DIRECTION('',(0.,0.,-1.));
#9121=DIRECTION('',(1.,0.,0.));
#9122=DIRECTION('',(0.,0.,-1.));
#9123=DIRECTION('',(-1.,0.,0.));
#9124=DIRECTION('',(1.,0.,0.));
#9125=DIRECTION('',(0.,-0.865329642173282,0.501203162775595));
#9126=DIRECTION('',(0.,-0.501203162775595,-0.865329642173282));
#9127=DIRECTION('',(1.,0.,0.));
#9128=DIRECTION('',(0.,-1.,0.));
#9129=DIRECTION('',(0.,0.,-1.));
#9130=DIRECTION('',(1.,0.,0.));
#9131=DIRECTION('',(0.,0.,-1.));
#9132=DIRECTION('',(-1.,0.,0.));
#9133=DIRECTION('',(1.,0.,0.));
#9134=DIRECTION('',(0.,1.,0.));
#9135=DIRECTION('',(0.,0.,1.));
#9136=DIRECTION('',(1.,0.,0.));
#9137=DIRECTION('',(0.,0.,1.));
#9138=DIRECTION('',(1.,0.,0.));
#9139=DIRECTION('',(0.,0.,-1.));
#9140=DIRECTION('',(-1.,0.,0.));
#9141=DIRECTION('',(1.,0.,0.));
#9142=DIRECTION('',(1.,0.,0.));
#9143=DIRECTION('',(0.,-0.865329642173282,0.501203162775595));
#9144=DIRECTION('',(0.,-0.501203162775595,-0.865329642173282));
#9145=DIRECTION('',(1.,0.,0.));
#9146=DIRECTION('',(0.,-1.,0.));
#9147=DIRECTION('',(0.,0.,-1.));
#9148=DIRECTION('',(1.,0.,0.));
#9149=DIRECTION('',(0.,0.,-1.));
#9150=DIRECTION('',(-1.,0.,0.));
#9151=DIRECTION('',(1.,0.,0.));
#9152=DIRECTION('',(0.,1.,0.));
#9153=DIRECTION('',(0.,0.,1.));
#9154=DIRECTION('',(1.,0.,0.));
#9155=DIRECTION('',(0.,0.,1.));
#9156=DIRECTION('',(1.,0.,0.));
#9157=DIRECTION('',(1.,0.,0.));
#9158=DIRECTION('',(0.,0.865329642173282,-0.501203162775595));
#9159=DIRECTION('',(0.,0.501203162775595,0.865329642173282));
#9160=DIRECTION('',(1.,0.,0.));
#9161=DIRECTION('',(0.,1.,0.));
#9162=DIRECTION('',(0.,0.,1.));
#9163=DIRECTION('',(1.,0.,0.));
#9164=DIRECTION('',(0.,0.,1.));
#9165=DIRECTION('',(1.,0.,0.));
#9166=DIRECTION('',(1.,0.,0.));
#9167=DIRECTION('',(0.,-1.,0.));
#9168=DIRECTION('',(0.,0.,-1.));
#9169=CARTESIAN_POINT('',(0.,0.,0.));
#9170=CARTESIAN_POINT('',(0.0905214117616154,0.0245822242672899,-0.00271201652658937));
#9171=CARTESIAN_POINT('',(0.0905214117616154,0.0279383600019335,0.0254117783692116));
#9172=CARTESIAN_POINT('',(0.0905214117616154,0.0282471014208562,0.0249062679718792));
#9173=CARTESIAN_POINT('',(0.0905214117616154,0.0282789043802454,0.0242520422336312));
#9174=CARTESIAN_POINT('',(0.0905214117616154,0.0279383600019335,0.0254117783692116));
#9175=CARTESIAN_POINT('',(0.0905214117616154,0.0282789043802454,0.0242520422336312));
#9176=CARTESIAN_POINT('',(0.0905214117616154,0.0235398050656863,0.0240393145703625));
#9177=CARTESIAN_POINT('',(0.0905214117616154,0.0282762086935626,0.0237710119226169));
#9178=CARTESIAN_POINT('',(0.0905214117616154,0.0263654457711924,0.0236781266812241));
#9179=CARTESIAN_POINT('',(0.0905214117616154,0.0244545614273928,0.0235852355373414));
#9180=CARTESIAN_POINT('',(0.0905214117616154,0.0244545614273928,0.0235852355373414));
#9181=CARTESIAN_POINT('',(0.0905214117616154,0.0245324971702836,0.0228813371254413));
#9182=CARTESIAN_POINT('',(0.0905214117616154,0.0249927317306694,0.0225054651559894));
#9183=CARTESIAN_POINT('',(0.0905214117616154,0.0249927317306694,0.0225054651559894));
#9184=CARTESIAN_POINT('',(0.0905214117616154,0.0249927317306694,0.0225054651559894));
#9185=CARTESIAN_POINT('',(0.0905214117616154,0.0254529662910552,0.0221295931865376));
#9186=CARTESIAN_POINT('',(0.0905214117616154,0.026081295593831,0.0221601372787843));
#9187=CARTESIAN_POINT('',(0.0905214117616154,0.026081295593831,0.0221601372787843));
#9188=CARTESIAN_POINT('',(0.0905214117616154,0.026081295593831,0.0221601372787843));
#9189=CARTESIAN_POINT('',(0.0905214117616154,0.0265951353924133,0.0221851158531379));
#9190=CARTESIAN_POINT('',(0.0905214117616154,0.0269283057901721,0.0224417614336737));
#9191=CARTESIAN_POINT('',(0.0905214117616154,0.0269283057901721,0.0224417614336737));
#9192=CARTESIAN_POINT('',(0.0905214117616154,0.0261620311524882,0.0234490697067964));
#9193=CARTESIAN_POINT('',(0.0905214117616154,0.0273805038372037,0.0231072195149139));
#9194=CARTESIAN_POINT('',(0.0905214117616154,0.0278082447738107,0.0231280126858956));
#9195=CARTESIAN_POINT('',(0.0905214117616154,0.0282351209736478,0.02314876382064));
#9196=CARTESIAN_POINT('',(0.0905214117616154,0.0262322756113423,0.0235818579283372));
#9197=CARTESIAN_POINT('',(0.0905214117616154,0.0275233939962139,0.0219897903536746));
#9198=CARTESIAN_POINT('',(0.0905214117616154,0.0275233939962139,0.0219897903536746));
#9199=CARTESIAN_POINT('',(0.0905214117616154,0.0269685422539568,0.0215297355424943));
#9200=CARTESIAN_POINT('',(0.0905214117616154,0.0261139598833703,0.0214881929267921));
#9201=CARTESIAN_POINT('',(0.0905214117616154,0.0261139598833703,0.0214881929267921));
#9202=CARTESIAN_POINT('',(0.0905214117616154,0.0261139598833703,0.0214881929267921));
#9203=CARTESIAN_POINT('',(0.0905214117616154,0.0254324747393619,0.0214550648440949));
#9204=CARTESIAN_POINT('',(0.0905214117616154,0.024881304549979,0.0217342983875281));
#9205=CARTESIAN_POINT('',(0.0905214117616154,0.024881304549979,0.0217342983875281));
#9206=CARTESIAN_POINT('',(0.0905214117616154,0.0258587767311682,0.0236613446789505));
#9207=CARTESIAN_POINT('',(0.0905214117616154,0.0239974652197725,0.0225615972788638));
#9208=CARTESIAN_POINT('',(0.0905214117616154,0.0239974652197725,0.0225615972788638));
#9209=CARTESIAN_POINT('',(0.0905214117616154,0.023664796078949,0.0231096626267665));
#9210=CARTESIAN_POINT('',(0.0905214117616154,0.0236287527249745,0.0238511184634476));
#9211=CARTESIAN_POINT('',(0.0905214117616154,0.0236287527249745,0.0238511184634476));
#9212=CARTESIAN_POINT('',(0.0905214117616154,0.0236287527249745,0.0238511184634476));
#9213=CARTESIAN_POINT('',(0.0905214117616154,0.0235927093710001,0.0245925743001288));
#9214=CARTESIAN_POINT('',(0.0905214117616154,0.0238620235089148,0.0251651213490449));
#9215=CARTESIAN_POINT('',(0.0905214117616154,0.0238620235089148,0.0251651213490449));
#9216=CARTESIAN_POINT('',(0.0905214117616154,0.0257560235703375,0.0242989281383065));
#9217=CARTESIAN_POINT('',(0.0905214117616154,0.024653705327756,0.0260649897607779));
#9218=CARTESIAN_POINT('',(0.0905214117616154,0.024653705327756,0.0260649897607779));
#9219=CARTESIAN_POINT('',(0.0905214117616154,0.0251760730086825,0.026392311123595));
#9220=CARTESIAN_POINT('',(0.0905214117616154,0.0258739137961471,0.0264262342802769));
#9221=CARTESIAN_POINT('',(0.0905214117616154,0.0258739137961471,0.0264262342802769));
#9222=CARTESIAN_POINT('',(0.0905214117616154,0.0258739137961471,0.0264262342802769));
#9223=CARTESIAN_POINT('',(0.0905214117616154,0.0265540359698674,0.0264592961068086));
#9224=CARTESIAN_POINT('',(0.0905214117616154,0.0270918272764392,0.0261882924366763));
#9225=CARTESIAN_POINT('',(0.0905214117616154,0.0270918272764392,0.0261882924366763));
#9226=CARTESIAN_POINT('',(0.0905214117616154,0.0261837976931852,0.0243474074741435));
#9227=CARTESIAN_POINT('',(0.0905214117616154,0.0441875041858116,0.0228922185299995));
#9228=CARTESIAN_POINT('',(0.0905214117616154,0.0445663248989105,0.0225697356010003));
#9229=CARTESIAN_POINT('',(0.0905214117616154,0.0442033249370336,0.0223950864544711));
#9230=CARTESIAN_POINT('',(0.0905214117616154,0.0441670201994251,0.0229165252296236));
#9231=CARTESIAN_POINT('',(0.0905214117616154,0.0438120173253851,0.0225331664930951));
#9232=CARTESIAN_POINT('',(0.0905214117616154,0.0441553138714896,0.0229224967402379));
#9233=CARTESIAN_POINT('',(0.0905214117616154,0.0436362464795755,0.02290831965688));
#9234=CARTESIAN_POINT('',(0.0905214117616154,0.0441558594577321,0.0229454066130372));
#9235=CARTESIAN_POINT('',(0.0905214117616154,0.0437747911698709,0.0233002688603564));
#9236=CARTESIAN_POINT('',(0.0905214117616154,0.0441652476899012,0.0229529879165548));
#9237=CARTESIAN_POINT('',(0.0905214117616154,0.0441508088855767,0.0234754897847503));
#9238=CARTESIAN_POINT('',(0.0905214117616154,0.0441832774897604,0.0229791668329298));
#9239=CARTESIAN_POINT('',(0.0905214117616154,0.044529051000981,0.0233368893532289));
#9240=CARTESIAN_POINT('',(0.0905214117616154,0.0441708328842539,0.0229475939155371));
#9241=CARTESIAN_POINT('',(0.0905214117616154,0.0447001911055557,0.0229600304130427));
#9242=CARTESIAN_POINT('',(0.0905214117616154,0.0441738083796212,0.0229219245835083));
#9243=CARTESIAN_POINT('',(0.0905214117616154,0.043870497162456,0.0285251842093997));
#9244=CARTESIAN_POINT('',(0.0905214117616154,0.0434432059771628,0.0285044129015486));
#9245=CARTESIAN_POINT('',(0.0905214117616154,0.0442977883477494,0.0285459555172508));
#9246=CARTESIAN_POINT('',(0.0905214117616154,0.0443560942522995,0.0263628840906351));
#9247=CARTESIAN_POINT('',(0.0905214117616154,0.0444144001568497,0.0241798126640195));
#9248=CARTESIAN_POINT('',(0.0905214117616154,0.0440825168917175,0.024163679287746));
#9249=CARTESIAN_POINT('',(0.0905214117616154,0.0437506336265854,0.0241475459114725));
#9250=CARTESIAN_POINT('',(0.0905214117616154,0.0435969198018741,0.0263259794065106));
#9251=CARTESIAN_POINT('',(0.0905214117616154,0.0318634104101723,0.0279415005203594));
#9252=CARTESIAN_POINT('',(0.0905214117616154,0.0314667860563594,0.0279222199762297));
#9253=CARTESIAN_POINT('',(0.0905214117616154,0.0322600347639852,0.0279607810644891));
#9254=CARTESIAN_POINT('',(0.0905214117616154,0.0323535553414391,0.0260369485029534));
#9255=CARTESIAN_POINT('',(0.0905214117616154,0.032447075918893,0.0241131159414178));
#9256=CARTESIAN_POINT('',(0.0905214117616154,0.032447075918893,0.0241131159414178));
#9257=CARTESIAN_POINT('',(0.0905214117616154,0.0324864983373026,0.0233021486200478));
#9258=CARTESIAN_POINT('',(0.0905214117616154,0.032902885951893,0.0229289268493113));
#9259=CARTESIAN_POINT('',(0.0905214117616154,0.032902885951893,0.0229289268493113));
#9260=CARTESIAN_POINT('',(0.0905214117616154,0.032902885951893,0.0229289268493113));
#9261=CARTESIAN_POINT('',(0.0905214117616154,0.0333192735664835,0.0225557050785749));
#9262=CARTESIAN_POINT('',(0.0905214117616154,0.0340252921756762,0.0225900257722491));
#9263=CARTESIAN_POINT('',(0.0905214117616154,0.0340252921756762,0.0225900257722491));
#9264=CARTESIAN_POINT('',(0.0905214117616154,0.0340252921756762,0.0225900257722491));
#9265=CARTESIAN_POINT('',(0.0905214117616154,0.0347231329631407,0.022623948928931));
#9266=CARTESIAN_POINT('',(0.0905214117616154,0.0351013570264641,0.0230357980440922));
#9267=CARTESIAN_POINT('',(0.0905214117616154,0.0351013570264641,0.0230357980440922));
#9268=CARTESIAN_POINT('',(0.0905214117616154,0.0351013570264641,0.0230357980440922));
#9269=CARTESIAN_POINT('',(0.0905214117616154,0.0354795810897875,0.0234476471592534));
#9270=CARTESIAN_POINT('',(0.0905214117616154,0.0354401586713778,0.0242586144806234));
#9271=CARTESIAN_POINT('',(0.0905214117616154,0.0354401586713779,0.0242586144806234));
#9272=CARTESIAN_POINT('',(0.0905214117616154,0.035346638093924,0.0261824470421591));
#9273=CARTESIAN_POINT('',(0.0905214117616154,0.03525311751647,0.0281062796036948));
#9274=CARTESIAN_POINT('',(0.0905214117616154,0.0356497418702829,0.0281255601478245));
#9275=CARTESIAN_POINT('',(0.0905214117616154,0.0360463662240958,0.0281448406919542));
#9276=CARTESIAN_POINT('',(0.0905214117616154,0.0361396549049708,0.0262257785264266));
#9277=CARTESIAN_POINT('',(0.0905214117616154,0.0362329435858459,0.024306716360899));
#9278=CARTESIAN_POINT('',(0.0905214117616154,0.0362329435858459,0.024306716360899));
#9279=CARTESIAN_POINT('',(0.0905214117616154,0.0362698482699705,0.0235475419104736));
#9280=CARTESIAN_POINT('',(0.0905214117616154,0.0359897865244699,0.0230134088496909));
#9281=CARTESIAN_POINT('',(0.0905214117616154,0.0359897865244699,0.0230134088496909));
#9282=CARTESIAN_POINT('',(0.0905214117616154,0.0342807599197176,0.0238790097960897));
#9283=CARTESIAN_POINT('',(0.0905214117616154,0.0352027236179156,0.0222012012014659));
#9284=CARTESIAN_POINT('',(0.0905214117616154,0.0352027236179156,0.0222012012014659));
#9285=CARTESIAN_POINT('',(0.0905214117616154,0.0346957224568618,0.0219231266140236));
#9286=CARTESIAN_POINT('',(0.0905214117616154,0.0340510375106299,0.0218917874477921));
#9287=CARTESIAN_POINT('',(0.0905214117616154,0.0340510375106299,0.0218917874477921));
#9288=CARTESIAN_POINT('',(0.0905214117616154,0.0340510375106299,0.0218917874477921));
#9289=CARTESIAN_POINT('',(0.0905214117616154,0.0334049895941099,0.0218603820253953));
#9290=CARTESIAN_POINT('',(0.0905214117616154,0.0328740888808389,0.0220880025428899));
#9291=CARTESIAN_POINT('',(0.0905214117616154,0.0328740888808389,0.0220880025428899));
#9292=CARTESIAN_POINT('',(0.0905214117616154,0.0336196238381576,0.0238257465192731));
#9293=CARTESIAN_POINT('',(0.0905214117616154,0.032016728134901,0.0228202721275668));
#9294=CARTESIAN_POINT('',(0.0905214117616154,0.032016728134901,0.0228202721275668));
#9295=CARTESIAN_POINT('',(0.0905214117616154,0.0316902681022341,0.0233249211947491));
#9296=CARTESIAN_POINT('',(0.0905214117616154,0.0316533634181096,0.0240840956451745));
#9297=CARTESIAN_POINT('',(0.0905214117616154,0.0316533634181096,0.0240840956451745));
#9298=CARTESIAN_POINT('',(0.0905214117616154,0.0315600747372345,0.026003157810702));
#9299=CARTESIAN_POINT('',(0.0905214117616154,0.0227599360578322,0.021404387548958));
#9300=CARTESIAN_POINT('',(0.0905214117616154,0.0233010352621748,0.0214306912466195));
#9301=CARTESIAN_POINT('',(0.0905214117616154,0.0222188368534895,0.0213780838512965));
#9302=CARTESIAN_POINT('',(0.0905214117616154,0.0212297978952362,0.0223881200975744));
#9303=CARTESIAN_POINT('',(0.0905214117616154,0.0202407589369829,0.0233981563438521));
#9304=CARTESIAN_POINT('',(0.0905214117616154,0.0202920743370806,0.0223425358557831));
#9305=CARTESIAN_POINT('',(0.0905214117616154,0.0203433897371785,0.0212869153677141));
#9306=CARTESIAN_POINT('',(0.0905214117616154,0.0199467653833656,0.0212676348235844));
#9307=CARTESIAN_POINT('',(0.0905214117616154,0.0195501410295527,0.0212483542794547));
#9308=CARTESIAN_POINT('',(0.0905214117616154,0.0193932464298992,0.0244758679214784));
#9309=CARTESIAN_POINT('',(0.0905214117616154,0.0192363518302458,0.0277033815635022));
#9310=CARTESIAN_POINT('',(0.0905214117616154,0.0196329761840586,0.0277226621076318));
#9311=CARTESIAN_POINT('',(0.0905214117616154,0.0200296005378715,0.0277419426517615));
#9312=CARTESIAN_POINT('',(0.0905214117616154,0.0201218291201002,0.0258446880108422));
#9313=CARTESIAN_POINT('',(0.0905214117616154,0.0202140577023289,0.0239474333699228));
#9314=CARTESIAN_POINT('',(0.0905214117616154,0.0210832299632903,0.0250518988085797));
#9315=CARTESIAN_POINT('',(0.0905214117616154,0.0219524022242516,0.0261563642472366));
#9316=CARTESIAN_POINT('',(0.0905214117616154,0.0225057681611864,0.0261832642503866));
#9317=CARTESIAN_POINT('',(0.0905214117616154,0.0230591340981212,0.0262101642535367));
#9318=CARTESIAN_POINT('',(0.0905214117616154,0.0219918768858352,0.024964915242421));
#9319=CARTESIAN_POINT('',(0.0905214117616154,0.0209246196735492,0.0237196662313055));
#9320=CARTESIAN_POINT('',(0.0905214117616154,0.022112827467862,0.0225751787389625));
#9321=CARTESIAN_POINT('',(0.0905214117616154,0.0245822242672899,-0.00271201652658937));
#9322=CARTESIAN_POINT('',(0.0905214117616154,-0.0069177757327101,-0.0027120165265894));
#9323=CARTESIAN_POINT('',(0.0905214117616154,0.0560822242672899,-0.00271201652658934));
#9324=CARTESIAN_POINT('',(0.0905214117616154,0.0560822242672899,0.0302879834734106));
#9325=CARTESIAN_POINT('',(0.0905214117616154,0.0560822242672899,0.0302879834734106));
#9326=CARTESIAN_POINT('',(0.0905214117616154,0.0245822242672899,0.0302879834734106));
#9327=CARTESIAN_POINT('',(0.0905214117616154,-0.00691777573271013,0.0302879834734106));
#9328=CARTESIAN_POINT('',(0.0905214117616154,-0.0069177757327101,-0.0027120165265894));
#9329=CARTESIAN_POINT('',(0.0905214117616154,0.0135989862789903,0.0220779696457624));
#9330=CARTESIAN_POINT('',(0.0905214117616154,0.0132749776765426,0.0226305545696041));
#9331=CARTESIAN_POINT('',(0.0905214117616154,0.0132397956527183,0.0233542917925411));
#9332=CARTESIAN_POINT('',(0.0905214117616154,0.0135989862789903,0.0220779696457624));
#9333=CARTESIAN_POINT('',(0.0905214117616154,0.0132397956527183,0.0233542917925411));
#9334=CARTESIAN_POINT('',(0.0905214117616154,0.0132397956527183,0.0233542917925411));
#9335=CARTESIAN_POINT('',(0.0905214117616154,0.0132041498357362,0.0240875698074941));
#9336=CARTESIAN_POINT('',(0.0905214117616154,0.0134736627421471,0.0246560279455461));
#9337=CARTESIAN_POINT('',(0.0905214117616154,0.0134736627421471,0.0246560279455461));
#9338=CARTESIAN_POINT('',(0.0905214117616154,0.015428861491676,0.0237584618358062));
#9339=CARTESIAN_POINT('',(0.0905214117616154,0.0142476259472441,0.0255550350271291));
#9340=CARTESIAN_POINT('',(0.0905214117616154,0.0142476259472441,0.0255550350271291));
#9341=CARTESIAN_POINT('',(0.0905214117616154,0.0147520762459302,0.02588558397066));
#9342=CARTESIAN_POINT('',(0.0905214117616154,0.0153885833704341,0.0259165255998992));
#9343=CARTESIAN_POINT('',(0.0905214117616154,0.0153885833704341,0.0259165255998992));
#9344=CARTESIAN_POINT('',(0.0905214117616154,0.0153885833704341,0.0259165255998992));
#9345=CARTESIAN_POINT('',(0.0905214117616154,0.0160169126732098,0.0259470696921459));
#9346=CARTESIAN_POINT('',(0.0905214117616154,0.0164921114496782,0.0256989809300432));
#9347=CARTESIAN_POINT('',(0.0905214117616154,0.0164921114496782,0.0256989809300432));
#9348=CARTESIAN_POINT('',(0.0905214117616154,0.0164921114496782,0.0256989809300432));
#9349=CARTESIAN_POINT('',(0.0905214117616154,0.0169673102261466,0.0254508921679405));
#9350=CARTESIAN_POINT('',(0.0905214117616154,0.0172148693700291,0.0250517028908683));
#9351=CARTESIAN_POINT('',(0.0905214117616154,0.0172148693700291,0.0250517028908683));
#9352=CARTESIAN_POINT('',(0.0905214117616154,0.017193667397103,0.0254878533830336));
#9353=CARTESIAN_POINT('',(0.0905214117616154,0.0171724654241768,0.025924003875199));
#9354=CARTESIAN_POINT('',(0.0905214117616154,0.0175738601739978,0.0259435163159077));
#9355=CARTESIAN_POINT('',(0.0905214117616154,0.0179752549238187,0.0259630287566163));
#9356=CARTESIAN_POINT('',(0.0905214117616154,0.0180914351098375,0.0235730603565788));
#9357=CARTESIAN_POINT('',(0.0905214117616154,0.0182076152958562,0.0211830919565414));
#9358=CARTESIAN_POINT('',(0.0905214117616154,0.0178062205460352,0.0211635795158328));
#9359=CARTESIAN_POINT('',(0.0905214117616154,0.0174048257962143,0.0211440670751242));
#9360=CARTESIAN_POINT('',(0.0905214117616154,0.0173831931582131,0.0215890768741617));
#9361=CARTESIAN_POINT('',(0.0905214117616154,0.0173615605202119,0.0220340866731992));
#9362=CARTESIAN_POINT('',(0.0905214117616154,0.0173615605202119,0.0220340866731992));
#9363=CARTESIAN_POINT('',(0.0905214117616154,0.017146107303161,0.0216041924781648));
#9364=CARTESIAN_POINT('',(0.0905214117616154,0.0166926737249249,0.0213061797433379));
#9365=CARTESIAN_POINT('',(0.0905214117616154,0.0166926737249249,0.0213061797433379));
#9366=CARTESIAN_POINT('',(0.0905214117616154,0.0166926737249249,0.0213061797433379));
#9367=CARTESIAN_POINT('',(0.0905214117616154,0.0162392401466888,0.021008167008511));
#9368=CARTESIAN_POINT('',(0.0905214117616154,0.0156204516359292,0.020978086709422));
#9369=CARTESIAN_POINT('',(0.0905214117616154,0.0156204516359292,0.020978086709422));
#9370=CARTESIAN_POINT('',(0.0905214117616154,0.0156204516359292,0.020978086709422));
#9371=CARTESIAN_POINT('',(0.0905214117616154,0.0149839445114253,0.020947145080183));
#9372=CARTESIAN_POINT('',(0.0905214117616154,0.0144534696964316,0.0212362649010518));
#9373=CARTESIAN_POINT('',(0.0905214117616154,0.0144534696964316,0.0212362649010518));
#9374=CARTESIAN_POINT('',(0.0905214117616154,0.0144534696964316,0.0212362649010518));
#9375=CARTESIAN_POINT('',(0.0905214117616154,0.0139229948814379,0.0215253847219206));
#9376=CARTESIAN_POINT('',(0.0905214117616154,0.0135989862789903,0.0220779696457624));
#9377=CARTESIAN_POINT('',(0.0905214117616154,0.0382503941451703,0.0265073559713448));
#9378=CARTESIAN_POINT('',(0.0905214117616154,0.038228993403748,0.0269475953743742));
#9379=CARTESIAN_POINT('',(0.0905214117616154,0.0382717948865926,0.0260671165683154));
#9380=CARTESIAN_POINT('',(0.0905214117616154,0.0382717948865926,0.0260671165683154));
#9381=CARTESIAN_POINT('',(0.0905214117616154,0.0384876456406359,0.0264888329416216));
#9382=CARTESIAN_POINT('',(0.0905214117616154,0.0389411123469546,0.0267861641913045));
#9383=CARTESIAN_POINT('',(0.0905214117616154,0.0389411123469546,0.0267861641913045));
#9384=CARTESIAN_POINT('',(0.0905214117616154,0.0389411123469546,0.0267861641913045));
#9385=CARTESIAN_POINT('',(0.0905214117616154,0.0393945790532734,0.0270834954409874));
#9386=CARTESIAN_POINT('',(0.0905214117616154,0.0400133675640331,0.0271135757400764));
#9387=CARTESIAN_POINT('',(0.0905214117616154,0.0400133675640331,0.0271135757400764));
#9388=CARTESIAN_POINT('',(0.0905214117616154,0.0400133675640331,0.0271135757400764));
#9389=CARTESIAN_POINT('',(0.0905214117616154,0.0406498746885369,0.0271445173693155));
#9390=CARTESIAN_POINT('',(0.0905214117616154,0.0411840077493196,0.0268644556238149));
#9391=CARTESIAN_POINT('',(0.0905214117616154,0.0411840077493196,0.0268644556238149));
#9392=CARTESIAN_POINT('',(0.0905214117616154,0.0401825985774042,0.0249617805822878));
#9393=CARTESIAN_POINT('',(0.0905214117616154,0.0420415199789787,0.0260447571722088));
#9394=CARTESIAN_POINT('',(0.0905214117616154,0.0420415199789787,0.0260447571722088));
#9395=CARTESIAN_POINT('',(0.0905214117616154,0.0423648991478551,0.0255051204661032));
#9396=CARTESIAN_POINT('',(0.0905214117616154,0.0424005449648372,0.0247718424511502));
#9397=CARTESIAN_POINT('',(0.0905214117616154,0.0424005449648372,0.0247718424511502));
#9398=CARTESIAN_POINT('',(0.0905214117616154,0.0424005449648372,0.0247718424511502));
#9399=CARTESIAN_POINT('',(0.0905214117616154,0.0424357269886615,0.0240481052282133));
#9400=CARTESIAN_POINT('',(0.0905214117616154,0.0421668435158219,0.023466698872425));
#9401=CARTESIAN_POINT('',(0.0905214117616154,0.0421668435158219,0.023466698872425));
#9402=CARTESIAN_POINT('',(0.0905214117616154,0.0421668435158219,0.023466698872425));
#9403=CARTESIAN_POINT('',(0.0905214117616154,0.0418979600429822,0.0228852925166369));
#9404=CARTESIAN_POINT('',(0.0905214117616154,0.0413939404093712,0.0225458842662338));
#9405=CARTESIAN_POINT('',(0.0905214117616154,0.0413939404093712,0.0225458842662338));
#9406=CARTESIAN_POINT('',(0.0905214117616154,0.04017552793169,0.0243651839458747));
#9407=CARTESIAN_POINT('',(0.0905214117616154,0.0402534136512563,0.0221755343865916));
#9408=CARTESIAN_POINT('',(0.0905214117616154,0.0402534136512563,0.0221755343865916));
#9409=CARTESIAN_POINT('',(0.0905214117616154,0.0396428029622248,0.022145851624495));
#9410=CARTESIAN_POINT('',(0.0905214117616154,0.0391626018931694,0.0223984788860269));
#9411=CARTESIAN_POINT('',(0.0905214117616154,0.0391626018931694,0.0223984788860269));
#9412=CARTESIAN_POINT('',(0.0905214117616154,0.0391626018931694,0.0223984788860269));
#9413=CARTESIAN_POINT('',(0.0905214117616154,0.0386824008241141,0.0226511061475587));
#9414=CARTESIAN_POINT('',(0.0905214117616154,0.0384185522929408,0.0230481373803582));
#9415=CARTESIAN_POINT('',(0.0905214117616154,0.0384185522929408,0.0230481373803582));
#9416=CARTESIAN_POINT('',(0.0905214117616154,0.0384950781639711,0.0214739066976988));
#9417=CARTESIAN_POINT('',(0.0905214117616154,0.0385716040350014,0.0198996760150395));
#9418=CARTESIAN_POINT('',(0.0905214117616154,0.0381749796811885,0.0198803954709098));
#9419=CARTESIAN_POINT('',(0.0905214117616154,0.0377783553273756,0.01986111492678));
#9420=CARTESIAN_POINT('',(0.0905214117616154,0.037607050011749,0.0233850746064474));
#9421=CARTESIAN_POINT('',(0.0905214117616154,0.0374357446961222,0.0269090342861148));
#9422=CARTESIAN_POINT('',(0.0905214117616154,0.037832369049935,0.0269283148302445));
#9423=CARTESIAN_POINT('',(0.0905214117616154,0.0120587706401446,0.0269787653090988));
#9424=CARTESIAN_POINT('',(0.0905214117616154,0.0116314794548513,0.0269579940012477));
#9425=CARTESIAN_POINT('',(0.0905214117616154,0.0124860618254378,0.0269995366169498));
#9426=CARTESIAN_POINT('',(0.0905214117616154,0.0117526859111468,0.0239165967786011));
#9427=CARTESIAN_POINT('',(0.0905214117616154,0.0110193099968557,0.0208336569402524));
#9428=CARTESIAN_POINT('',(0.0905214117616154,0.0105749816829623,0.0208120574303338));
#9429=CARTESIAN_POINT('',(0.0905214117616154,0.0101306533690688,0.0207904579204153));
#9430=CARTESIAN_POINT('',(0.0905214117616154,0.00930502345784948,0.0232026357656485));
#9431=CARTESIAN_POINT('',(0.0905214117616154,0.00847939354663018,0.0256148136108817));
#9432=CARTESIAN_POINT('',(0.0905214117616154,0.00786572683370377,0.0231326692549923));
#9433=CARTESIAN_POINT('',(0.0905214117616154,0.00725206012077737,0.0206505248991028));
#9434=CARTESIAN_POINT('',(0.0905214117616154,0.00681133800110012,0.0206250021187336));
#9435=CARTESIAN_POINT('',(0.0905214117616154,0.00637061588142288,0.0205994793383645));
#9436=CARTESIAN_POINT('',(0.0905214117616154,0.00537213927629244,0.0236023296294441));
#9437=CARTESIAN_POINT('',(0.0905214117616154,0.00437366267116201,0.0266051799205236));
#9438=CARTESIAN_POINT('',(0.0905214117616154,0.00479686494559121,0.0266257524598785));
#9439=CARTESIAN_POINT('',(0.0905214117616154,0.00522006722002042,0.0266463249992334));
#9440=CARTESIAN_POINT('',(0.0905214117616154,0.00600847580198373,0.0241005003239139));
#9441=CARTESIAN_POINT('',(0.0905214117616154,0.00679688438394704,0.0215546756485945));
#9442=CARTESIAN_POINT('',(0.0905214117616154,0.00740415737691291,0.0241683466372776));
#9443=CARTESIAN_POINT('',(0.0905214117616154,0.00801143036987877,0.0267820176259607));
#9444=CARTESIAN_POINT('',(0.0905214117616154,0.00845644016891625,0.0268036502639619));
#9445=CARTESIAN_POINT('',(0.0905214117616154,0.00890144996795373,0.0268252829019631));
#9446=CARTESIAN_POINT('',(0.0905214117616154,0.0097241836271864,0.0242900070657333));
#9447=CARTESIAN_POINT('',(0.0905214117616154,0.0105469172864191,0.0217547312295035));
#9448=CARTESIAN_POINT('',(0.0905214117616154,0.0110891983706352,0.0243563626153756));
#9449=CARTESIAN_POINT('',(0.0905214117616154,0.037540301786781,0.0178578973076756));
#9450=CARTESIAN_POINT('',(0.0905214117616154,0.034656512969114,0.0178578973076756));
#9451=CARTESIAN_POINT('',(0.0905214117616154,0.0404240906044479,0.0178578973076756));
#9452=CARTESIAN_POINT('',(0.0905214117616154,0.0404240906044479,0.0173610517643908));
#9453=CARTESIAN_POINT('',(0.0905214117616154,0.0404240906044479,0.016864206221106));
#9454=CARTESIAN_POINT('',(0.0905214117616154,0.0382305580660297,0.013077061870194));
#9455=CARTESIAN_POINT('',(0.0905214117616154,0.0360370255276116,0.00928991751928195));
#9456=CARTESIAN_POINT('',(0.0905214117616154,0.0382305580660297,0.00928991751928195));
#9457=CARTESIAN_POINT('',(0.0905214117616154,0.0404240906044479,0.00928991751928195));
#9458=CARTESIAN_POINT('',(0.0905214117616154,0.0404240906044479,0.00871895049634628));
#9459=CARTESIAN_POINT('',(0.0905214117616154,0.0404240906044479,0.00814798347341061));
#9460=CARTESIAN_POINT('',(0.0905214117616154,0.0374962921582382,0.00814798347341061));
#9461=CARTESIAN_POINT('',(0.0905214117616154,0.0345684937120286,0.00814798347341061));
#9462=CARTESIAN_POINT('',(0.0905214117616154,0.0345684937120286,0.0086448290166954));
#9463=CARTESIAN_POINT('',(0.0905214117616154,0.0345684937120286,0.00914167455998019));
#9464=CARTESIAN_POINT('',(0.0905214117616154,0.0367620262504467,0.0129288189108922));
#9465=CARTESIAN_POINT('',(0.0905214117616154,0.0389555587888649,0.0167159632618043));
#9466=CARTESIAN_POINT('',(0.0905214117616154,0.0368060358789894,0.0167159632618043));
#9467=CARTESIAN_POINT('',(0.0905214117616154,0.034656512969114,0.0167159632618043));
#9468=CARTESIAN_POINT('',(0.0905214117616154,0.034656512969114,0.01728693028474));
#9469=CARTESIAN_POINT('',(0.0905214117616154,0.0241173650812548,0.0086448290166954));
#9470=CARTESIAN_POINT('',(0.0905214117616154,0.0241173650812548,0.00814798347341061));
#9471=CARTESIAN_POINT('',(0.0905214117616154,0.0241173650812548,0.00914167455998019));
#9472=CARTESIAN_POINT('',(0.0905214117616154,0.027656480048119,0.0152519733676074));
#9473=CARTESIAN_POINT('',(0.0905214117616154,0.0285044301580911,0.0167159632618043));
#9474=CARTESIAN_POINT('',(0.0905214117616154,0.0263549072482156,0.0167159632618043));
#9475=CARTESIAN_POINT('',(0.0905214117616154,0.0242053843383402,0.0167159632618043));
#9476=CARTESIAN_POINT('',(0.0905214117616154,0.0242053843383402,0.01728693028474));
#9477=CARTESIAN_POINT('',(0.0905214117616154,0.0242053843383402,0.0178578973076756));
#9478=CARTESIAN_POINT('',(0.0905214117616154,0.0270891731560071,0.0178578973076756));
#9479=CARTESIAN_POINT('',(0.0905214117616154,0.0299729619736742,0.0178578973076756));
#9480=CARTESIAN_POINT('',(0.0905214117616154,0.0299729619736742,0.0173610517643908));
#9481=CARTESIAN_POINT('',(0.0905214117616154,0.0299729619736742,0.016864206221106));
#9482=CARTESIAN_POINT('',(0.0905214117616154,0.028527593120482,0.0143687700278968));
#9483=CARTESIAN_POINT('',(0.0905214117616154,0.0255858968968378,0.00928991751928195));
#9484=CARTESIAN_POINT('',(0.0905214117616154,0.0263340605820638,0.00928991751928195));
#9485=CARTESIAN_POINT('',(0.0905214117616154,0.0299729619736742,0.00928991751928195));
#9486=CARTESIAN_POINT('',(0.0905214117616154,0.0299729619736742,0.00871895049634628));
#9487=CARTESIAN_POINT('',(0.0905214117616154,0.0299729619736742,0.00814798347341061));
#9488=CARTESIAN_POINT('',(0.0905214117616154,0.0255997946742723,0.00814798347341061));
#9489=CARTESIAN_POINT('',(0.0905214117616154,0.0186309517092405,0.0153260948472583));
#9490=CARTESIAN_POINT('',(0.0905214117616154,0.0195218333429003,0.016864206221106));
#9491=CARTESIAN_POINT('',(0.0905214117616154,0.015134768266064,0.00928991751928195));
#9492=CARTESIAN_POINT('',(0.0905214117616154,0.0173283008044822,0.00928991751928195));
#9493=CARTESIAN_POINT('',(0.0905214117616154,0.0195218333429003,0.00928991751928195));
#9494=CARTESIAN_POINT('',(0.0905214117616154,0.0195218333429003,0.00871895049634628));
#9495=CARTESIAN_POINT('',(0.0905214117616154,0.0195218333429003,0.00814798347341061));
#9496=CARTESIAN_POINT('',(0.0905214117616154,0.0165940348966907,0.00814798347341061));
#9497=CARTESIAN_POINT('',(0.0905214117616154,0.013666236450481,0.00814798347341061));
#9498=CARTESIAN_POINT('',(0.0905214117616154,0.013666236450481,0.0086448290166954));
#9499=CARTESIAN_POINT('',(0.0905214117616154,0.013666236450481,0.00914167455998019));
#9500=CARTESIAN_POINT('',(0.0905214117616154,0.0172053514173452,0.0152519733676074));
#9501=CARTESIAN_POINT('',(0.0905214117616154,0.0180533015273173,0.0167159632618043));
#9502=CARTESIAN_POINT('',(0.0905214117616154,0.0159037786174418,0.0167159632618043));
#9503=CARTESIAN_POINT('',(0.0905214117616154,0.0137542557075664,0.0167159632618043));
#9504=CARTESIAN_POINT('',(0.0905214117616154,0.0137542557075664,0.01728693028474));
#9505=CARTESIAN_POINT('',(0.0905214117616154,0.0137542557075664,0.0178578973076756));
#9506=CARTESIAN_POINT('',(0.0905214117616154,0.0166380445252333,0.0178578973076756));
#9507=CARTESIAN_POINT('',(0.0905214117616154,0.0195218333429003,0.0178578973076756));
#9508=CARTESIAN_POINT('',(0.0905214117616154,0.0195218333429003,0.0173610517643908));
#9509=CARTESIAN_POINT('',(0.0825214117616154,0.0245822242672899,0.0302879834734106));
#9510=CARTESIAN_POINT('',(0.0825214117616154,0.0245822242672899,0.0172879834734107));
#9511=CARTESIAN_POINT('',(0.0825214117616154,0.0430565240348809,0.0172879834734107));
#9512=CARTESIAN_POINT('',(0.0825214117616154,0.0520565240348809,0.0172879834734107));
#9513=CARTESIAN_POINT('',(0.0825214117616154,0.0430565240348809,-0.000928344635341798));
#9514=CARTESIAN_POINT('',(0.0825214117616154,0.0430565240348809,0.000287983473410643));
#9515=CARTESIAN_POINT('',(0.0825214117616154,0.0245822242672899,0.000287983473410628));
#9516=CARTESIAN_POINT('',(0.0825214117616154,0.0124565240348809,0.000287983473410618));
#9517=CARTESIAN_POINT('',(0.0825214117616154,0.0124565240348809,0.0302879834734106));
#9518=CARTESIAN_POINT('',(0.0825214117616154,0.0124565240348809,0.0172879834734106));
#9519=CARTESIAN_POINT('',(0.0825214117616154,0.0245822242672899,0.0172879834734107));
#9520=CARTESIAN_POINT('',(0.0825214117616154,0.00258222426728986,0.0172879834734106));
#9521=CARTESIAN_POINT('',(0.0825214117616154,0.00258222426728987,0.000287983473410612));
#9522=CARTESIAN_POINT('',(0.0825214117616154,0.00258222426728985,0.0302879834734106));
#9523=CARTESIAN_POINT('',(0.0825214117616154,0.0245822242672899,0.0302879834734106));
#9524=CARTESIAN_POINT('',(0.0825214117616154,0.0520822242672899,0.0302879834734106));
#9525=CARTESIAN_POINT('',(0.0825214117616154,0.0520822242672899,0.0302879834734106));
#9526=CARTESIAN_POINT('',(0.0825214117616154,0.0520822242672899,0.00028798347341065));
#9527=CARTESIAN_POINT('',(0.0825214117616154,0.0245822242672899,0.000287983473410628));
#9528=CARTESIAN_POINT('',(0.0825214117616154,0.0520565240348809,0.00028798347341065));
#9529=CARTESIAN_POINT('',(0.0825214117616154,0.0520565240348809,0.0302879834734106));
#9530=CARTESIAN_POINT('',(0.0825214117616154,0.0422665128563815,0.0200451569939796));
#9531=CARTESIAN_POINT('',(0.0825214117616154,0.0360370255276116,0.00928991751928195));
#9532=CARTESIAN_POINT('',(0.0825214117616154,0.0404240906044479,0.016864206221106));
#9533=CARTESIAN_POINT('',(0.0825214117616154,0.0404240906044479,0.0302879834734106));
#9534=CARTESIAN_POINT('',(0.0825214117616154,0.0404240906044479,0.0178578973076756));
#9535=CARTESIAN_POINT('',(0.0825214117616154,0.0245822242672899,0.0178578973076756));
#9536=CARTESIAN_POINT('',(0.0825214117616154,0.034656512969114,0.0178578973076756));
#9537=CARTESIAN_POINT('',(0.0825214117616154,0.034656512969114,0.0302879834734106));
#9538=CARTESIAN_POINT('',(0.0825214117616154,0.034656512969114,0.0167159632618043));
#9539=CARTESIAN_POINT('',(0.0825214117616154,0.0245822242672899,0.0167159632618043));
#9540=CARTESIAN_POINT('',(0.0825214117616154,0.0389555587888649,0.0167159632618043));
#9541=CARTESIAN_POINT('',(0.0825214117616154,0.0412311768573708,0.0206448286704708));
#9542=CARTESIAN_POINT('',(0.0825214117616154,0.0345684937120286,0.00914167455998019));
#9543=CARTESIAN_POINT('',(0.0825214117616154,0.0345684937120286,0.0302879834734106));
#9544=CARTESIAN_POINT('',(0.0825214117616154,0.0345684937120286,0.00814798347341061));
#9545=CARTESIAN_POINT('',(0.0825214117616154,0.0245822242672899,0.00814798347341061));
#9546=CARTESIAN_POINT('',(0.0825214117616154,0.0404240906044479,0.00814798347341061));
#9547=CARTESIAN_POINT('',(0.0825214117616154,0.0404240906044479,0.0302879834734106));
#9548=CARTESIAN_POINT('',(0.0825214117616154,0.0404240906044479,0.00928991751928195));
#9549=CARTESIAN_POINT('',(0.0825214117616154,0.0245822242672899,0.00928991751928195));
#9550=CARTESIAN_POINT('',(0.0825214117616154,0.0245822242672899,0.0167159632618043));
#9551=CARTESIAN_POINT('',(0.0825214117616154,0.0242053843383402,0.0167159632618043));
#9552=CARTESIAN_POINT('',(0.0825214117616154,0.0285044301580911,0.0167159632618043));
#9553=CARTESIAN_POINT('',(0.0825214117616154,0.0334054199222827,0.0251775453784393));
#9554=CARTESIAN_POINT('',(0.0825214117616154,0.0241173650812548,0.00914167455998019));
#9555=CARTESIAN_POINT('',(0.0825214117616154,0.0241173650812548,0.0302879834734106));
#9556=CARTESIAN_POINT('',(0.0825214117616154,0.0241173650812548,0.00814798347341061));
#9557=CARTESIAN_POINT('',(0.0825214117616154,0.0245822242672899,0.00814798347341061));
#9558=CARTESIAN_POINT('',(0.0825214117616154,0.0299729619736742,0.00814798347341061));
#9559=CARTESIAN_POINT('',(0.0825214117616154,0.0299729619736742,0.0302879834734106));
#9560=CARTESIAN_POINT('',(0.0825214117616154,0.0299729619736742,0.00928991751928195));
#9561=CARTESIAN_POINT('',(0.0825214117616154,0.0245822242672899,0.00928991751928195));
#9562=CARTESIAN_POINT('',(0.0825214117616154,0.0255858968968378,0.00928991751928195));
#9563=CARTESIAN_POINT('',(0.0825214117616154,0.0344407559212934,0.024577873701948));
#9564=CARTESIAN_POINT('',(0.0825214117616154,0.0299729619736742,0.016864206221106));
#9565=CARTESIAN_POINT('',(0.0825214117616154,0.0299729619736742,0.0302879834734106));
#9566=CARTESIAN_POINT('',(0.0825214117616154,0.0299729619736742,0.0178578973076756));
#9567=CARTESIAN_POINT('',(0.0825214117616154,0.0245822242672899,0.0178578973076756));
#9568=CARTESIAN_POINT('',(0.0825214117616154,0.0242053843383402,0.0178578973076756));
#9569=CARTESIAN_POINT('',(0.0825214117616154,0.0242053843383402,0.0302879834734106));
#9570=CARTESIAN_POINT('',(0.0825214117616154,0.0195218333429003,0.0302879834734106));
#9571=CARTESIAN_POINT('',(0.0825214117616154,0.0195218333429003,0.00814798347341061));
#9572=CARTESIAN_POINT('',(0.0825214117616154,0.0195218333429003,0.00928991751928195));
#9573=CARTESIAN_POINT('',(0.0825214117616154,0.0245822242672899,0.00928991751928195));
#9574=CARTESIAN_POINT('',(0.0825214117616154,0.015134768266064,0.00928991751928195));
#9575=CARTESIAN_POINT('',(0.0825214117616154,0.0266149989862053,0.0291105904099166));
#9576=CARTESIAN_POINT('',(0.0825214117616154,0.0195218333429003,0.016864206221106));
#9577=CARTESIAN_POINT('',(0.0825214117616154,0.0195218333429003,0.0302879834734106));
#9578=CARTESIAN_POINT('',(0.0825214117616154,0.0195218333429003,0.0178578973076756));
#9579=CARTESIAN_POINT('',(0.0825214117616154,0.0245822242672899,0.0178578973076756));
#9580=CARTESIAN_POINT('',(0.0825214117616154,0.0137542557075664,0.0178578973076756));
#9581=CARTESIAN_POINT('',(0.0825214117616154,0.0137542557075664,0.0302879834734106));
#9582=CARTESIAN_POINT('',(0.0825214117616154,0.0137542557075664,0.0167159632618043));
#9583=CARTESIAN_POINT('',(0.0825214117616154,0.0245822242672899,0.0167159632618043));
#9584=CARTESIAN_POINT('',(0.0825214117616154,0.0180533015273173,0.0167159632618043));
#9585=CARTESIAN_POINT('',(0.0825214117616154,0.0255796629871947,0.0297102620864077));
#9586=CARTESIAN_POINT('',(0.0825214117616154,0.013666236450481,0.00914167455998019));
#9587=CARTESIAN_POINT('',(0.0825214117616154,0.013666236450481,0.0302879834734106));
#9588=CARTESIAN_POINT('',(0.0825214117616154,0.013666236450481,0.00814798347341061));
#9589=CARTESIAN_POINT('',(0.0825214117616154,0.0245822242672899,0.00814798347341061));
#9590=CARTESIAN_POINT('',(0.0753653812414687,0.0124565240348809,-0.000928344635341798));
#9591=CARTESIAN_POINT('',(0.0731153812414687,0.0124565240348809,-0.000928344635341798));
#9592=CARTESIAN_POINT('',(0.0731153812414687,0.0124565240348809,0.000287983473410615));
#9593=CARTESIAN_POINT('',(0.0731153812414687,0.0124565240348809,0.0172879834734106));
#9594=CARTESIAN_POINT('',(0.0753653812414687,0.0124565240348809,0.0172879834734106));
#9595=CARTESIAN_POINT('',(0.0364464117616154,0.0124565240348809,0.000287983473410618));
#9596=CARTESIAN_POINT('',(0.0753653812414687,0.0520565240348809,-0.000928344635341798));
#9597=CARTESIAN_POINT('',(0.0753653812414687,0.0520565240348809,0.0172879834734107));
#9598=CARTESIAN_POINT('',(0.0731153812414687,0.0520565240348809,0.0172879834734107));
#9599=CARTESIAN_POINT('',(0.0364464117616154,0.0520565240348809,0.00028798347341065));
#9600=CARTESIAN_POINT('',(0.0731153812414687,0.0520565240348809,0.00028798347341065));
#9601=CARTESIAN_POINT('',(0.0731153812414687,0.0520565240348809,-0.000928344635341798));
#9602=CARTESIAN_POINT('',(0.0731153812414687,0.0453065240348809,-0.000928344635341798));
#9603=CARTESIAN_POINT('',(0.0731153812414687,0.0453065240348809,0.0172879834734107));
#9604=CARTESIAN_POINT('',(0.0731153812414687,0.0430565240348809,0.0172879834734107));
#9605=CARTESIAN_POINT('',(0.0731153812414687,0.0245822242672899,0.000287983473410628));
#9606=CARTESIAN_POINT('',(0.0731153812414687,0.0430565240348809,0.000287983473410643));
#9607=CARTESIAN_POINT('',(0.0731153812414687,0.0430565240348809,-0.000928344635341798));
#9608=CARTESIAN_POINT('',(0.0753653812414687,0.0430565240348809,-0.000928344635341798));
#9609=CARTESIAN_POINT('',(0.0753653812414687,0.0430565240348809,0.0172879834734107));
#9610=CARTESIAN_POINT('',(0.0364464117616154,0.0430565240348809,0.000287983473410643));
#9611=CARTESIAN_POINT('',(-0.00477144554816186,0.0429303417670727,-0.000928344635341798));
#9612=CARTESIAN_POINT('',(9.62947569787542E-5,0.0429303417670727,-0.000928344635341798));
#9613=CARTESIAN_POINT('',(9.62947569787542E-5,0.0429303417670727,0.000287983473410647));
#9614=CARTESIAN_POINT('',(9.62947569787542E-5,0.0429303417670727,0.0172879834734107));
#9615=CARTESIAN_POINT('',(-0.00477144554816186,0.0429303417670727,0.0172879834734107));
#9616=CARTESIAN_POINT('',(-0.0096285882383846,0.0429303417670727,0.0172879834734107));
#9617=CARTESIAN_POINT('',(-0.0096285882383846,0.0429303417670727,0.0302879834734106));
#9618=CARTESIAN_POINT('',(-0.0096285882383846,0.0429303417670727,0.000287983473410612));
#9619=CARTESIAN_POINT('',(0.0364464117616154,0.0429303417670727,0.000287983473410643));
#9620=CARTESIAN_POINT('',(9.62947569787542E-5,0.0497653417670727,-0.000928344635341798));
#9621=CARTESIAN_POINT('',(9.62947569787542E-5,0.0520822242672899,0.0302879834734106));
#9622=CARTESIAN_POINT('',(9.62947569787542E-5,0.0520822242672899,0.0172879834734107));
#9623=CARTESIAN_POINT('',(9.62947569787542E-5,0.0520822242672899,0.000287983473410653));
#9624=CARTESIAN_POINT('',(9.62947569787542E-5,0.0497653417670727,0.0172879834734107));
#9625=CARTESIAN_POINT('',(9.62947569787542E-5,0.0245822242672899,0.000287983473410628));
#9626=CARTESIAN_POINT('',(0.000236952405422926,0.00976475254178047,-0.000928344635341798));
#9627=CARTESIAN_POINT('',(0.000236952405422926,0.0120147525417805,-0.000928344635341798));
#9628=CARTESIAN_POINT('',(0.000236952405422926,0.0120147525417805,0.000287983473410614));
#9629=CARTESIAN_POINT('',(0.000236952405422926,0.0120147525417805,0.0172879834734106));
#9630=CARTESIAN_POINT('',(0.000236952405422926,0.00976475254178046,0.0172879834734106));
#9631=CARTESIAN_POINT('',(0.000236952405422926,0.00263475254178047,0.0172879834734106));
#9632=CARTESIAN_POINT('',(0.000236952405422926,0.00263475254178047,-0.000928344635341798));
#9633=CARTESIAN_POINT('',(0.000236952405422926,0.00263475254178047,0.000287983473410614));
#9634=CARTESIAN_POINT('',(0.000236952405422923,0.0245822242672899,0.000287983473410628));
#9635=CARTESIAN_POINT('',(-0.00201304759457707,0.0120147525417805,-0.000928344635341798));
#9636=CARTESIAN_POINT('',(-0.0096285882383846,0.0120147525417805,0.0302879834734106));
#9637=CARTESIAN_POINT('',(-0.0096285882383846,0.0120147525417805,0.0172879834734106));
#9638=CARTESIAN_POINT('',(-0.0096285882383846,0.0120147525417805,0.000287983473410612));
#9639=CARTESIAN_POINT('',(-0.00201304759457707,0.0120147525417805,0.0172879834734106));
#9640=CARTESIAN_POINT('',(0.0364464117616154,0.0120147525417805,0.000287983473410618));
#9641=CARTESIAN_POINT('',(-0.00201304759457707,0.00263475254178047,-0.000928344635341798));
#9642=CARTESIAN_POINT('',(-0.00201304759457707,0.00263475254178047,0.0172879834734106));
#9643=CARTESIAN_POINT('',(-0.00962858823838461,0.00263475254178047,0.0172879834734106));
#9644=CARTESIAN_POINT('',(-0.00962858823838461,0.00263475254178047,0.0302879834734106));
#9645=CARTESIAN_POINT('',(-0.00962858823838461,0.00263475254178047,0.000287983473410612));
#9646=CARTESIAN_POINT('',(0.0364464117616154,0.00263475254178047,0.000287983473410611));
#9647=CARTESIAN_POINT('',(0.0364464117616154,0.0600822242672899,-0.00271201652658934));
#9648=CARTESIAN_POINT('',(0.0364464117616154,0.0600822242672899,-0.00271201652658934));
#9649=CARTESIAN_POINT('',(-0.0136285882383846,0.0600822242672899,-0.00271201652658934));
#9650=CARTESIAN_POINT('',(0.0865214117616154,0.0600822242672899,-0.00271201652658934));
#9651=CARTESIAN_POINT('',(-0.0136285882383846,0.0600822242672899,-0.00271201652658934));
#9652=CARTESIAN_POINT('',(-0.0136285882383846,0.0600822242672899,0.0302879834734106));
#9653=CARTESIAN_POINT('',(0.0364464117616154,0.0600822242672899,0.0302879834734106));
#9654=CARTESIAN_POINT('',(0.0865214117616154,0.0600822242672899,0.0302879834734106));
#9655=CARTESIAN_POINT('',(0.0865214117616154,0.0600822242672899,-0.00271201652658934));
#9656=CARTESIAN_POINT('',(0.0351606868207454,0.0600822242672899,0.0238166395574808));
#9657=CARTESIAN_POINT('',(0.0619894862174988,0.0600822242672899,0.0238166395574808));
#9658=CARTESIAN_POINT('',(0.00833188742399216,0.0600822242672899,0.0238166395574808));
#9659=CARTESIAN_POINT('',(0.00833188742399216,0.0600822242672899,0.0142165583092719));
#9660=CARTESIAN_POINT('',(0.00833188742399216,0.0600822242672899,0.00461647706106303));
#9661=CARTESIAN_POINT('',(0.0351606868207454,0.0600822242672899,0.00461647706106305));
#9662=CARTESIAN_POINT('',(0.0619894862174988,0.0600822242672899,0.00461647706106305));
#9663=CARTESIAN_POINT('',(0.0619894862174988,0.0600822242672899,0.0142165583092719));
#9664=CARTESIAN_POINT('',(0.0364464117616154,0.0520822242672899,0.0302879834734106));
#9665=CARTESIAN_POINT('',(0.0364464117616154,0.0520822242672899,0.00461647706106304));
#9666=CARTESIAN_POINT('',(0.0619894862174988,0.0520822242672899,0.00461647706106305));
#9667=CARTESIAN_POINT('',(0.00833188742399216,0.0520822242672899,0.00461647706106305));
#9668=CARTESIAN_POINT('',(0.00833188742399216,0.0520822242672899,0.0302879834734106));
#9669=CARTESIAN_POINT('',(0.00833188742399216,0.0520822242672899,0.0238166395574808));
#9670=CARTESIAN_POINT('',(0.0364464117616154,0.0520822242672899,0.0238166395574808));
#9671=CARTESIAN_POINT('',(0.0619894862174988,0.0520822242672899,0.0238166395574808));
#9672=CARTESIAN_POINT('',(0.0619894862174988,0.0520822242672899,0.0302879834734106));
#9673=CARTESIAN_POINT('',(-0.00962858823838461,0.0520822242672899,0.0302879834734106));
#9674=CARTESIAN_POINT('',(-0.00962858823838461,0.0520822242672899,0.0302879834734106));
#9675=CARTESIAN_POINT('',(-0.00962858823838461,0.0520822242672899,0.0172879834734107));
#9676=CARTESIAN_POINT('',(0.0364464117616154,0.0520822242672899,0.0172879834734107));
#9677=CARTESIAN_POINT('',(0.0364464117616154,0.0520822242672899,0.00028798347341065));
#9678=CARTESIAN_POINT('',(0.0364464117616154,0.0520822242672899,0.0302879834734106));
#9679=CARTESIAN_POINT('',(0.0364464117616154,-0.0109177757327101,-0.0027120165265894));
#9680=CARTESIAN_POINT('',(0.039802547496259,-0.0109177757327101,0.00291138133230249));
#9681=CARTESIAN_POINT('',(0.0401112889151817,-0.0109177757327101,0.00240587093497009));
#9682=CARTESIAN_POINT('',(0.0401430918745709,-0.0109177757327101,0.00175164519672204));
#9683=CARTESIAN_POINT('',(0.039802547496259,-0.0109177757327101,0.00291138133230249));
#9684=CARTESIAN_POINT('',(0.0401430918745709,-0.0109177757327101,0.00175164519672204));
#9685=CARTESIAN_POINT('',(0.0354039925600124,-0.0109177757327101,0.00153891753345338));
#9686=CARTESIAN_POINT('',(0.0401403961878881,-0.0109177757327101,0.00127061488570779));
#9687=CARTESIAN_POINT('',(0.0382296332655178,-0.0109177757327101,0.00117772964431497));
#9688=CARTESIAN_POINT('',(0.0363187489217184,-0.0109177757327101,0.00108483850043228));
#9689=CARTESIAN_POINT('',(0.0363187489217184,-0.0109177757327101,0.00108483850043228));
#9690=CARTESIAN_POINT('',(0.036396684664609,-0.0109177757327101,0.000380940088532208));
#9691=CARTESIAN_POINT('',(0.0368569192249949,-0.0109177757327101,5.06811908034573E-6));
#9692=CARTESIAN_POINT('',(0.0368569192249949,-0.0109177757327101,5.06811908034573E-6));
#9693=CARTESIAN_POINT('',(0.0368569192249949,-0.0109177757327101,5.06811908034573E-6));
#9694=CARTESIAN_POINT('',(0.0373171537853808,-0.0109177757327101,-0.000370803850371516));
#9695=CARTESIAN_POINT('',(0.0379454830881564,-0.0109177757327101,-0.000340259758124785));
#9696=CARTESIAN_POINT('',(0.0379454830881564,-0.0109177757327101,-0.000340259758124785));
#9697=CARTESIAN_POINT('',(0.0379454830881564,-0.0109177757327101,-0.000340259758124785));
#9698=CARTESIAN_POINT('',(0.0384593228867388,-0.0109177757327101,-0.000315281183771167));
#9699=CARTESIAN_POINT('',(0.0387924932844977,-0.0109177757327101,-5.86356032354795E-5));
#9700=CARTESIAN_POINT('',(0.0387924932844977,-0.0109177757327101,-5.86356032354795E-5));
#9701=CARTESIAN_POINT('',(0.0380262186468136,-0.0109177757327101,0.000948672669887452));
#9702=CARTESIAN_POINT('',(0.0392446913315292,-0.0109177757327101,0.000606822478004754));
#9703=CARTESIAN_POINT('',(0.0396724322681362,-0.0109177757327101,0.000627615648986451));
#9704=CARTESIAN_POINT('',(0.0400993084679736,-0.0109177757327101,0.000648366783730872));
#9705=CARTESIAN_POINT('',(0.0380964631056626,-0.0109177757327101,0.00108146089143123));
#9706=CARTESIAN_POINT('',(0.0393875814905395,-0.0109177757327101,-0.000510606683234512));
#9707=CARTESIAN_POINT('',(0.0393875814905395,-0.0109177757327101,-0.000510606683234512));
#9708=CARTESIAN_POINT('',(0.0388327297482823,-0.0109177757327101,-0.000970661494414883));
#9709=CARTESIAN_POINT('',(0.0379781473776959,-0.0109177757327101,-0.00101220411011705));
#9710=CARTESIAN_POINT('',(0.0379781473776959,-0.0109177757327101,-0.00101220411011705));
#9711=CARTESIAN_POINT('',(0.0379781473776959,-0.0109177757327101,-0.00101220411011705));
#9712=CARTESIAN_POINT('',(0.0372966622336874,-0.0109177757327101,-0.00104533219281416));
#9713=CARTESIAN_POINT('',(0.0367454920443046,-0.0109177757327101,-0.000766098649381025));
#9714=CARTESIAN_POINT('',(0.0367454920443046,-0.0109177757327101,-0.000766098649381025));
#9715=CARTESIAN_POINT('',(0.0377229642254935,-0.0109177757327101,0.00116094764204115));
#9716=CARTESIAN_POINT('',(0.0358616527140981,-0.0109177757327101,6.12002419547348E-5));
#9717=CARTESIAN_POINT('',(0.0358616527140981,-0.0109177757327101,6.12002419547348E-5));
#9718=CARTESIAN_POINT('',(0.0355289835732745,-0.0109177757327101,0.000609265589857358));
#9719=CARTESIAN_POINT('',(0.0354929402193001,-0.0109177757327101,0.00135072142653848));
#9720=CARTESIAN_POINT('',(0.0354929402193001,-0.0109177757327101,0.00135072142653848));
#9721=CARTESIAN_POINT('',(0.0354929402193001,-0.0109177757327101,0.00135072142653848));
#9722=CARTESIAN_POINT('',(0.0354568968653256,-0.0109177757327101,0.00209217726321961));
#9723=CARTESIAN_POINT('',(0.0357262110032403,-0.0109177757327101,0.00266472431213572));
#9724=CARTESIAN_POINT('',(0.0357262110032403,-0.0109177757327101,0.00266472431213572));
#9725=CARTESIAN_POINT('',(0.0376202110646635,-0.0109177757327101,0.00179853110139705));
#9726=CARTESIAN_POINT('',(0.0365178928220815,-0.0109177757327101,0.00356459272386885));
#9727=CARTESIAN_POINT('',(0.0365178928220815,-0.0109177757327101,0.00356459272386885));
#9728=CARTESIAN_POINT('',(0.037040260503008,-0.0109177757327101,0.00389191408668588));
#9729=CARTESIAN_POINT('',(0.0377381012904726,-0.0109177757327101,0.00392583724336771));
#9730=CARTESIAN_POINT('',(0.0377381012904726,-0.0109177757327101,0.00392583724336771));
#9731=CARTESIAN_POINT('',(0.0377381012904726,-0.0109177757327101,0.00392583724336771));
#9732=CARTESIAN_POINT('',(0.0384182234641929,-0.0109177757327101,0.00395889906989942));
#9733=CARTESIAN_POINT('',(0.0389560147707647,-0.0109177757327101,0.00368789539976715));
#9734=CARTESIAN_POINT('',(0.0389560147707647,-0.0109177757327101,0.00368789539976715));
#9735=CARTESIAN_POINT('',(0.0380479851875127,-0.0109177757327101,0.0018470104372365));
#9736=CARTESIAN_POINT('',(0.0560516916801371,-0.0109177757327101,0.000391821493090366));
#9737=CARTESIAN_POINT('',(0.0564305123932363,-0.0109177757327101,6.93385640909804E-5));
#9738=CARTESIAN_POINT('',(0.0560675124313591,-0.0109177757327101,-0.000105310582438008));
#9739=CARTESIAN_POINT('',(0.0560312076937506,-0.0109177757327101,0.000416128192714573));
#9740=CARTESIAN_POINT('',(0.055676204819693,-0.0109177757327101,3.2769456202203E-5));
#9741=CARTESIAN_POINT('',(0.0560195013658052,-0.0109177757327101,0.000422099703324149));
#9742=CARTESIAN_POINT('',(0.0555004339739011,-0.0109177757327101,0.000407922619970911));
#9743=CARTESIAN_POINT('',(0.0560200469520578,-0.0109177757327101,0.000445009576127983));
#9744=CARTESIAN_POINT('',(0.0556389786641964,-0.0109177757327101,0.000799871823447246));
#9745=CARTESIAN_POINT('',(0.0560294351842269,-0.0109177757327101,0.000452590879645501));
#9746=CARTESIAN_POINT('',(0.0560149963799022,-0.0109177757327101,0.000975092747841195));
#9747=CARTESIAN_POINT('',(0.0560474649840824,-0.0109177757327101,0.000478769796011233));
#9748=CARTESIAN_POINT('',(0.0563932384953068,-0.0109177757327101,0.000836492316320174));
#9749=CARTESIAN_POINT('',(0.0560350203785608,-0.0109177757327101,0.000447196878617937));
#9750=CARTESIAN_POINT('',(0.0565643786070971,-0.0109177757327101,0.000459632367737386));
#9751=CARTESIAN_POINT('',(0.0560379958739319,-0.0109177757327101,0.000421527546604311));
#9752=CARTESIAN_POINT('',(0.0557346846567816,-0.0109177757327101,0.00602478717249056));
#9753=CARTESIAN_POINT('',(0.0553073934714883,-0.0109177757327101,0.00600401586463947));
#9754=CARTESIAN_POINT('',(0.0561619758420748,-0.0109177757327101,0.00604555848034164));
#9755=CARTESIAN_POINT('',(0.056220281746625,-0.0109177757327101,0.00386248705372601));
#9756=CARTESIAN_POINT('',(0.0562785876511751,-0.0109177757327101,0.00167941562711037));
#9757=CARTESIAN_POINT('',(0.0559467043860431,-0.0109177757327101,0.00166328225083688));
#9758=CARTESIAN_POINT('',(0.055614821120911,-0.0109177757327101,0.00164714887456339));
#9759=CARTESIAN_POINT('',(0.0554611072961996,-0.0109177757327101,0.00382558236960144));
#9760=CARTESIAN_POINT('',(0.0437275979044978,-0.0109177757327101,0.00544110348345025));
#9761=CARTESIAN_POINT('',(0.043330973550685,-0.0109177757327101,0.00542182293932054));
#9762=CARTESIAN_POINT('',(0.0441242222583107,-0.0109177757327101,0.00546038402757997));
#9763=CARTESIAN_POINT('',(0.0442177428357646,-0.0109177757327101,0.00353655146604429));
#9764=CARTESIAN_POINT('',(0.0443112634132186,-0.0109177757327101,0.00161271890450862));
#9765=CARTESIAN_POINT('',(0.0443112634132186,-0.0109177757327101,0.00161271890450862));
#9766=CARTESIAN_POINT('',(0.0443506858316281,-0.0109177757327101,0.000801751583138639));
#9767=CARTESIAN_POINT('',(0.0447670734462186,-0.0109177757327101,0.000428529812402221));
#9768=CARTESIAN_POINT('',(0.0447670734462186,-0.0109177757327101,0.000428529812402221));
#9769=CARTESIAN_POINT('',(0.0447670734462186,-0.0109177757327101,0.000428529812402221));
#9770=CARTESIAN_POINT('',(0.045183461060809,-0.0109177757327101,5.53080416658026E-5));
#9771=CARTESIAN_POINT('',(0.0458894796700016,-0.0109177757327101,8.96287353400041E-5));
#9772=CARTESIAN_POINT('',(0.0458894796700016,-0.0109177757327101,8.96287353400041E-5));
#9773=CARTESIAN_POINT('',(0.0458894796700016,-0.0109177757327101,8.96287353400041E-5));
#9774=CARTESIAN_POINT('',(0.0465873204574662,-0.0109177757327101,0.00012355189202184));
#9775=CARTESIAN_POINT('',(0.0469655445207896,-0.0109177757327101,0.000535401007183084));
#9776=CARTESIAN_POINT('',(0.0469655445207896,-0.0109177757327101,0.000535401007183084));
#9777=CARTESIAN_POINT('',(0.0469655445207896,-0.0109177757327101,0.000535401007183084));
#9778=CARTESIAN_POINT('',(0.047343768584113,-0.0109177757327101,0.000947250122344327));
#9779=CARTESIAN_POINT('',(0.0473043461657034,-0.0109177757327101,0.0017582174437143));
#9780=CARTESIAN_POINT('',(0.0473043461657034,-0.0109177757327101,0.0017582174437143));
#9781=CARTESIAN_POINT('',(0.0472108255882495,-0.0109177757327101,0.00368205000524998));
#9782=CARTESIAN_POINT('',(0.0471173050107955,-0.0109177757327101,0.00560588256678566));
#9783=CARTESIAN_POINT('',(0.0475139293646084,-0.0109177757327101,0.00562516311091537));
#9784=CARTESIAN_POINT('',(0.0479105537184213,-0.0109177757327101,0.00564444365504509));
#9785=CARTESIAN_POINT('',(0.0480038423992963,-0.0109177757327101,0.00372538148951747));
#9786=CARTESIAN_POINT('',(0.0480971310801714,-0.0109177757327101,0.00180631932398985));
#9787=CARTESIAN_POINT('',(0.0480971310801714,-0.0109177757327101,0.00180631932398985));
#9788=CARTESIAN_POINT('',(0.048134035764296,-0.0109177757327101,0.00104714487356451));
#9789=CARTESIAN_POINT('',(0.0478539740187954,-0.0109177757327101,0.000513011812781819));
#9790=CARTESIAN_POINT('',(0.0478539740187954,-0.0109177757327101,0.000513011812781819));
#9791=CARTESIAN_POINT('',(0.0461449474140508,-0.0109177757327101,0.00137861275917199));
#9792=CARTESIAN_POINT('',(0.0470669111122411,-0.0109177757327101,-0.000299195835443181));
#9793=CARTESIAN_POINT('',(0.0470669111122411,-0.0109177757327101,-0.000299195835443181));
#9794=CARTESIAN_POINT('',(0.0465599099511873,-0.0109177757327101,-0.000577270422885487));
#9795=CARTESIAN_POINT('',(0.0459152250049554,-0.0109177757327101,-0.000608609589116949));
#9796=CARTESIAN_POINT('',(0.0459152250049554,-0.0109177757327101,-0.000608609589116949));
#9797=CARTESIAN_POINT('',(0.0459152250049554,-0.0109177757327101,-0.000608609589116949));
#9798=CARTESIAN_POINT('',(0.0452691770884354,-0.0109177757327101,-0.000640015011513805));
#9799=CARTESIAN_POINT('',(0.0447382763751644,-0.0109177757327101,-0.000412394494019191));
#9800=CARTESIAN_POINT('',(0.0447382763751644,-0.0109177757327101,-0.000412394494019191));
#9801=CARTESIAN_POINT('',(0.0454838113324831,-0.0109177757327101,0.00132534948236397));
#9802=CARTESIAN_POINT('',(0.0438809156292265,-0.0109177757327101,0.000319875090657693));
#9803=CARTESIAN_POINT('',(0.0438809156292265,-0.0109177757327101,0.000319875090657693));
#9804=CARTESIAN_POINT('',(0.0435544555965596,-0.0109177757327101,0.000824524157839962));
#9805=CARTESIAN_POINT('',(0.0435175509124351,-0.0109177757327101,0.00158369860826531));
#9806=CARTESIAN_POINT('',(0.0435175509124351,-0.0109177757327101,0.00158369860826531));
#9807=CARTESIAN_POINT('',(0.04342426223156,-0.0109177757327101,0.00350276077379292));
#9808=CARTESIAN_POINT('',(0.0346241235521577,-0.0109177757327101,-0.00109600948795105));
#9809=CARTESIAN_POINT('',(0.0351652227565004,-0.0109177757327101,-0.00106970579028955));
#9810=CARTESIAN_POINT('',(0.0340830243478151,-0.0109177757327101,-0.00112231318561255));
#9811=CARTESIAN_POINT('',(0.0330939853895617,-0.0109177757327101,-0.000112276939334781));
#9812=CARTESIAN_POINT('',(0.0321049464313084,-0.0109177757327101,0.000897759306942993));
#9813=CARTESIAN_POINT('',(0.0321562618314062,-0.0109177757327101,-0.000157861181125999));
#9814=CARTESIAN_POINT('',(0.032207577231504,-0.0109177757327101,-0.00121348166919499));
#9815=CARTESIAN_POINT('',(0.0318109528776911,-0.0109177757327101,-0.0012327622133247));
#9816=CARTESIAN_POINT('',(0.0314143285238782,-0.0109177757327101,-0.00125204275745442));
#9817=CARTESIAN_POINT('',(0.0312574339242247,-0.0109177757327101,0.0019754708845693));
#9818=CARTESIAN_POINT('',(0.0311005393245713,-0.0109177757327101,0.00520298452659302));
#9819=CARTESIAN_POINT('',(0.0314971636783841,-0.0109177757327101,0.00522226507072273));
#9820=CARTESIAN_POINT('',(0.031893788032197,-0.0109177757327101,0.00524154561485245));
#9821=CARTESIAN_POINT('',(0.0319860166144258,-0.0109177757327101,0.0033442909739331));
#9822=CARTESIAN_POINT('',(0.0320782451966545,-0.0109177757327101,0.00144703633301375));
#9823=CARTESIAN_POINT('',(0.0329474174576158,-0.0109177757327101,0.00255150177167058));
#9824=CARTESIAN_POINT('',(0.0338165897185771,-0.0109177757327101,0.00365596721032742));
#9825=CARTESIAN_POINT('',(0.034369955655512,-0.0109177757327101,0.00368286721347746));
#9826=CARTESIAN_POINT('',(0.0349233215924468,-0.0109177757327101,0.00370976721662752));
#9827=CARTESIAN_POINT('',(0.0338560643801608,-0.0109177757327101,0.00246451820551194));
#9828=CARTESIAN_POINT('',(0.0327888071678747,-0.0109177757327101,0.00121926919439636));
#9829=CARTESIAN_POINT('',(0.0339770149621876,-0.0109177757327101,7.47817020534053E-5));
#9830=CARTESIAN_POINT('',(0.0695214117616154,-0.0109177757327101,0.0062879834734106));
#9831=CARTESIAN_POINT('',(0.0695214117616154,-0.0109177757327101,0.0242879834734106));
#9832=CARTESIAN_POINT('',(0.0695214117616154,-0.0109177757327101,0.0062879834734106));
#9833=CARTESIAN_POINT('',(0.0364464117616154,-0.0109177757327101,0.0062879834734106));
#9834=CARTESIAN_POINT('',(0.0033714117616154,-0.0109177757327101,0.0062879834734106));
#9835=CARTESIAN_POINT('',(0.0033714117616154,-0.0109177757327101,-0.00271201652658941));
#9836=CARTESIAN_POINT('',(0.00337141176161539,-0.0109177757327101,0.0242879834734106));
#9837=CARTESIAN_POINT('',(0.0364464117616154,-0.0109177757327101,0.0242879834734106));
#9838=CARTESIAN_POINT('',(0.0364464117616154,-0.0109177757327101,0.0302879834734106));
#9839=CARTESIAN_POINT('',(-0.0136285882383846,-0.0109177757327101,0.0302879834734106));
#9840=CARTESIAN_POINT('',(0.0865214117616154,-0.0109177757327101,0.0302879834734106));
#9841=CARTESIAN_POINT('',(-0.0136285882383846,-0.0109177757327101,-0.0027120165265894));
#9842=CARTESIAN_POINT('',(-0.0136285882383846,-0.0109177757327101,-0.0027120165265894));
#9843=CARTESIAN_POINT('',(0.0364464117616154,-0.0109177757327101,-0.0027120165265894));
#9844=CARTESIAN_POINT('',(0.0865214117616154,-0.0109177757327101,-0.0027120165265894));
#9845=CARTESIAN_POINT('',(0.0865214117616154,-0.0109177757327101,-0.0027120165265894));
#9846=CARTESIAN_POINT('',(0.0254631737733158,-0.0109177757327101,-0.000422427391146739));
#9847=CARTESIAN_POINT('',(0.0251391651708682,-0.0109177757327101,0.000130157532694998));
#9848=CARTESIAN_POINT('',(0.0251039831470439,-0.0109177757327101,0.000853894755631905));
#9849=CARTESIAN_POINT('',(0.0254631737733158,-0.0109177757327101,-0.000422427391146739));
#9850=CARTESIAN_POINT('',(0.0251039831470439,-0.0109177757327101,0.000853894755631905));
#9851=CARTESIAN_POINT('',(0.0251039831470439,-0.0109177757327101,0.000853894755631905));
#9852=CARTESIAN_POINT('',(0.0250683373300618,-0.0109177757327101,0.00158717277058493));
#9853=CARTESIAN_POINT('',(0.0253378502364727,-0.0109177757327101,0.00215563090863698));
#9854=CARTESIAN_POINT('',(0.0253378502364727,-0.0109177757327101,0.00215563090863698));
#9855=CARTESIAN_POINT('',(0.0272930489860078,-0.0109177757327101,0.00125806479889097));
#9856=CARTESIAN_POINT('',(0.0261118134415696,-0.0109177757327101,0.00305463799022));
#9857=CARTESIAN_POINT('',(0.0261118134415696,-0.0109177757327101,0.00305463799022));
#9858=CARTESIAN_POINT('',(0.0266162637402558,-0.0109177757327101,0.00338518693375095));
#9859=CARTESIAN_POINT('',(0.0272527708647595,-0.0109177757327101,0.00341612856299004));
#9860=CARTESIAN_POINT('',(0.0272527708647595,-0.0109177757327101,0.00341612856299004));
#9861=CARTESIAN_POINT('',(0.0272527708647595,-0.0109177757327101,0.00341612856299004));
#9862=CARTESIAN_POINT('',(0.0278811001675353,-0.0109177757327101,0.00344667265523678));
#9863=CARTESIAN_POINT('',(0.0283562989440037,-0.0109177757327101,0.00319858389313408));
#9864=CARTESIAN_POINT('',(0.0283562989440037,-0.0109177757327101,0.00319858389313408));
#9865=CARTESIAN_POINT('',(0.0283562989440037,-0.0109177757327101,0.00319858389313408));
#9866=CARTESIAN_POINT('',(0.0288314977204721,-0.0109177757327101,0.00295049513103139));
#9867=CARTESIAN_POINT('',(0.0290790568643546,-0.0109177757327101,0.00255130585395918));
#9868=CARTESIAN_POINT('',(0.0290790568643546,-0.0109177757327101,0.00255130585395918));
#9869=CARTESIAN_POINT('',(0.0290578548914285,-0.0109177757327101,0.00298745634612454));
#9870=CARTESIAN_POINT('',(0.0290366529185024,-0.0109177757327101,0.00342360683828992));
#9871=CARTESIAN_POINT('',(0.0294380476683232,-0.0109177757327101,0.00344311927899851));
#9872=CARTESIAN_POINT('',(0.0298394424181442,-0.0109177757327101,0.0034626317197071));
#9873=CARTESIAN_POINT('',(0.029955622604163,-0.0109177757327101,0.00107266331966969));
#9874=CARTESIAN_POINT('',(0.0300718027901817,-0.0109177757327101,-0.00131730508036772));
#9875=CARTESIAN_POINT('',(0.0296704080403607,-0.0109177757327101,-0.00133681752107631));
#9876=CARTESIAN_POINT('',(0.0292690132905398,-0.0109177757327101,-0.00135632996178491));
#9877=CARTESIAN_POINT('',(0.0292473806525386,-0.0109177757327101,-0.000911320162747432));
#9878=CARTESIAN_POINT('',(0.0292257480145374,-0.0109177757327101,-0.000466310363709956));
#9879=CARTESIAN_POINT('',(0.0292257480145374,-0.0109177757327101,-0.000466310363709956));
#9880=CARTESIAN_POINT('',(0.0290102947974866,-0.0109177757327101,-0.000896204558744304));
#9881=CARTESIAN_POINT('',(0.0285568612192504,-0.0109177757327101,-0.00119421729357121));
#9882=CARTESIAN_POINT('',(0.0285568612192504,-0.0109177757327101,-0.00119421729357121));
#9883=CARTESIAN_POINT('',(0.0285568612192504,-0.0109177757327101,-0.00119421729357121));
#9884=CARTESIAN_POINT('',(0.0281034276410143,-0.0109177757327101,-0.00149223002839811));
#9885=CARTESIAN_POINT('',(0.0274846391302547,-0.0109177757327101,-0.00152231032748709));
#9886=CARTESIAN_POINT('',(0.0274846391302547,-0.0109177757327101,-0.00152231032748709));
#9887=CARTESIAN_POINT('',(0.0274846391302547,-0.0109177757327101,-0.00152231032748709));
#9888=CARTESIAN_POINT('',(0.0268481320057509,-0.0109177757327101,-0.00155325195672618));
#9889=CARTESIAN_POINT('',(0.0263176571907571,-0.0109177757327101,-0.00126413213585733));
#9890=CARTESIAN_POINT('',(0.0263176571907571,-0.0109177757327101,-0.00126413213585733));
#9891=CARTESIAN_POINT('',(0.0263176571907571,-0.0109177757327101,-0.00126413213585733));
#9892=CARTESIAN_POINT('',(0.0257871823757635,-0.0109177757327101,-0.000975012314988475));
#9893=CARTESIAN_POINT('',(0.0254631737733158,-0.0109177757327101,-0.000422427391146739));
#9894=CARTESIAN_POINT('',(0.0501145816394958,-0.0109177757327101,0.00400695893443567));
#9895=CARTESIAN_POINT('',(0.0500931808980735,-0.0109177757327101,0.00444719833746508));
#9896=CARTESIAN_POINT('',(0.0501359823809181,-0.0109177757327101,0.00356671953140625));
#9897=CARTESIAN_POINT('',(0.0501359823809181,-0.0109177757327101,0.00356671953140625));
#9898=CARTESIAN_POINT('',(0.0503518331349614,-0.0109177757327101,0.0039884359047125));
#9899=CARTESIAN_POINT('',(0.0508052998412802,-0.0109177757327101,0.00428576715439539));
#9900=CARTESIAN_POINT('',(0.0508052998412802,-0.0109177757327101,0.00428576715439539));
#9901=CARTESIAN_POINT('',(0.0508052998412802,-0.0109177757327101,0.00428576715439539));
#9902=CARTESIAN_POINT('',(0.051258766547599,-0.0109177757327101,0.00458309840407829));
#9903=CARTESIAN_POINT('',(0.0518775550583586,-0.0109177757327101,0.00461317870316726));
#9904=CARTESIAN_POINT('',(0.0518775550583586,-0.0109177757327101,0.00461317870316726));
#9905=CARTESIAN_POINT('',(0.0518775550583586,-0.0109177757327101,0.00461317870316726));
#9906=CARTESIAN_POINT('',(0.0525140621828624,-0.0109177757327101,0.00464412033240636));
#9907=CARTESIAN_POINT('',(0.0530481952436451,-0.0109177757327101,0.0043640585869058));
#9908=CARTESIAN_POINT('',(0.0530481952436451,-0.0109177757327101,0.0043640585869058));
#9909=CARTESIAN_POINT('',(0.0520467860717296,-0.0109177757327101,0.00246138354537866));
#9910=CARTESIAN_POINT('',(0.0539057074733042,-0.0109177757327101,0.00354436013529965));
#9911=CARTESIAN_POINT('',(0.0539057074733042,-0.0109177757327101,0.00354436013529965));
#9912=CARTESIAN_POINT('',(0.0542290866421806,-0.0109177757327101,0.00300472342919408));
#9913=CARTESIAN_POINT('',(0.0542647324591627,-0.0109177757327101,0.00227144541424106));
#9914=CARTESIAN_POINT('',(0.0542647324591627,-0.0109177757327101,0.00227144541424106));
#9915=CARTESIAN_POINT('',(0.0542647324591627,-0.0109177757327101,0.00227144541424106));
#9916=CARTESIAN_POINT('',(0.054299914482987,-0.0109177757327101,0.00154770819130415));
#9917=CARTESIAN_POINT('',(0.0540310310101474,-0.0109177757327101,0.000966301835515931));
#9918=CARTESIAN_POINT('',(0.0540310310101474,-0.0109177757327101,0.000966301835515931));
#9919=CARTESIAN_POINT('',(0.0540310310101474,-0.0109177757327101,0.000966301835515931));
#9920=CARTESIAN_POINT('',(0.0537621475373077,-0.0109177757327101,0.000384895479727713));
#9921=CARTESIAN_POINT('',(0.0532581279036967,-0.0109177757327101,4.54872293246519E-5));
#9922=CARTESIAN_POINT('',(0.0532581279036967,-0.0109177757327101,4.54872293246519E-5));
#9923=CARTESIAN_POINT('',(0.0520397154260156,-0.0109177757327101,0.00186478690896556));
#9924=CARTESIAN_POINT('',(0.0521176011455818,-0.0109177757327101,-0.000324862650317506));
#9925=CARTESIAN_POINT('',(0.0521176011455818,-0.0109177757327101,-0.000324862650317506));
#9926=CARTESIAN_POINT('',(0.0515069904565503,-0.0109177757327101,-0.000354545412414112));
#9927=CARTESIAN_POINT('',(0.0510267893874949,-0.0109177757327101,-0.000101918150882241));
#9928=CARTESIAN_POINT('',(0.0510267893874949,-0.0109177757327101,-0.000101918150882241));
#9929=CARTESIAN_POINT('',(0.0510267893874949,-0.0109177757327101,-0.000101918150882241));
#9930=CARTESIAN_POINT('',(0.0505465883184396,-0.0109177757327101,0.000150709110649629));
#9931=CARTESIAN_POINT('',(0.0502827397872663,-0.0109177757327101,0.000547740343449097));
#9932=CARTESIAN_POINT('',(0.0502827397872663,-0.0109177757327101,0.000547740343449097));
#9933=CARTESIAN_POINT('',(0.0503592656582966,-0.0109177757327101,-0.00102649033921028));
#9934=CARTESIAN_POINT('',(0.0504357915293269,-0.0109177757327101,-0.00260072102186965));
#9935=CARTESIAN_POINT('',(0.050039167175514,-0.0109177757327101,-0.00262000156599937));
#9936=CARTESIAN_POINT('',(0.0496425428217012,-0.0109177757327101,-0.00263928211012908));
#9937=CARTESIAN_POINT('',(0.0494712375060744,-0.0109177757327101,0.000884677569538287));
#9938=CARTESIAN_POINT('',(0.0492999321904477,-0.0109177757327101,0.00440863724920566));
#9939=CARTESIAN_POINT('',(0.0496965565442606,-0.0109177757327101,0.00442791779333537));
#9940=CARTESIAN_POINT('',(0.0239229581344701,-0.0109177757327101,0.00447836827218966));
#9941=CARTESIAN_POINT('',(0.0234956669491769,-0.0109177757327101,0.00445759696433858));
#9942=CARTESIAN_POINT('',(0.0243502493197634,-0.0109177757327101,0.00449913958004075));
#9943=CARTESIAN_POINT('',(0.0236168734054723,-0.0109177757327101,0.00141619974169198));
#9944=CARTESIAN_POINT('',(0.0228834974911813,-0.0109177757327101,-0.00166674009665679));
#9945=CARTESIAN_POINT('',(0.0224391691772878,-0.0109177757327101,-0.0016883396065753));
#9946=CARTESIAN_POINT('',(0.0219948408633943,-0.0109177757327101,-0.00170993911649381));
#9947=CARTESIAN_POINT('',(0.021169210952175,-0.0109177757327101,0.000702238728739394));
#9948=CARTESIAN_POINT('',(0.0203435810409557,-0.0109177757327101,0.0031144165739726));
#9949=CARTESIAN_POINT('',(0.0197299143280293,-0.0109177757327101,0.000632272218083108));
#9950=CARTESIAN_POINT('',(0.0191162476151029,-0.0109177757327101,-0.00184987213780639));
#9951=CARTESIAN_POINT('',(0.0186755254954257,-0.0109177757327101,-0.00187539491817546));
#9952=CARTESIAN_POINT('',(0.0182348033757484,-0.0109177757327101,-0.00190091769854455));
#9953=CARTESIAN_POINT('',(0.017236326770618,-0.0109177757327101,0.00110193259253493));
#9954=CARTESIAN_POINT('',(0.0162378501654876,-0.0109177757327101,0.00410478288361441));
#9955=CARTESIAN_POINT('',(0.0166610524399168,-0.0109177757327101,0.00412535542296931));
#9956=CARTESIAN_POINT('',(0.017084254714346,-0.0109177757327101,0.00414592796232421));
#9957=CARTESIAN_POINT('',(0.0178726632963093,-0.0109177757327101,0.00160010328700477));
#9958=CARTESIAN_POINT('',(0.0186610718782725,-0.0109177757327101,-0.000945721388314676));
#9959=CARTESIAN_POINT('',(0.0192683448712384,-0.0109177757327101,0.00166794960036844));
#9960=CARTESIAN_POINT('',(0.0198756178642043,-0.0109177757327101,0.00428162058905155));
#9961=CARTESIAN_POINT('',(0.0203206276632418,-0.0109177757327101,0.00430325322705276));
#9962=CARTESIAN_POINT('',(0.0207656374622792,-0.0109177757327101,0.00432488586505397));
#9963=CARTESIAN_POINT('',(0.0215883711215119,-0.0109177757327101,0.0017896100288242));
#9964=CARTESIAN_POINT('',(0.0224111047807446,-0.0109177757327101,-0.00074566580740559));
#9965=CARTESIAN_POINT('',(0.0229533858649607,-0.0109177757327101,0.00185596557846649));
#9966=CARTESIAN_POINT('',(0.0364464117616154,0.0245822242672898,0.0302879834734106));
#9967=CARTESIAN_POINT('',(-0.0126285882383846,-0.00591777573271015,0.0302879834734106));
#9968=CARTESIAN_POINT('',(-0.0126285882383846,-0.00821777573271015,0.0302879834734106));
#9969=CARTESIAN_POINT('',(0.0855214117616154,-0.00591777573271013,0.0302879834734106));
#9970=CARTESIAN_POINT('',(0.0855214117616154,-0.00821777573271013,0.0302879834734106));
#9971=CARTESIAN_POINT('',(0.0860214117616154,0.0555822242672899,0.0302879834734106));
#9972=CARTESIAN_POINT('',(0.0860214117616154,0.0532822242672899,0.0302879834734106));
#9973=CARTESIAN_POINT('',(-0.0131285882383846,0.0555822242672899,0.0302879834734106));
#9974=CARTESIAN_POINT('',(-0.0131285882383846,0.0532822242672899,0.0302879834734106));
#9975=CARTESIAN_POINT('',(-0.0136285882383846,0.0560822242672899,0.0302879834734106));
#9976=CARTESIAN_POINT('',(-0.0176285882383846,0.0560822242672899,0.0302879834734106));
#9977=CARTESIAN_POINT('',(-0.0176285882383846,0.0245822242672899,0.0302879834734106));
#9978=CARTESIAN_POINT('',(-0.0176285882383846,-0.00691777573271013,0.0302879834734106));
#9979=CARTESIAN_POINT('',(-0.0136285882383846,-0.00691777573271013,0.0302879834734106));
#9980=CARTESIAN_POINT('',(0.0865214117616154,-0.00691777573271013,0.0302879834734106));
#9981=CARTESIAN_POINT('',(0.0865214117616154,0.0560822242672899,0.0302879834734106));
#9982=CARTESIAN_POINT('',(0.0364464012260884,-0.00541777573271015,0.0302879834734106));
#9983=CARTESIAN_POINT('',(0.0732714117616154,-0.00541777573271015,0.0302879834734106));
#9984=CARTESIAN_POINT('',(-0.000378609309438615,-0.00541777573271015,0.0302879834734106));
#9985=CARTESIAN_POINT('',(-0.000378609309438616,-0.00166777573271016,0.0302879834734106));
#9986=CARTESIAN_POINT('',(-0.000378609309438615,-0.000417775732710167,0.0302879834734106));
#9987=CARTESIAN_POINT('',(0.0390479787029195,-0.000417775732710156,0.0302879834734106));
#9988=CARTESIAN_POINT('',(0.0707714117616154,-0.000417775732710146,0.0302879834734106));
#9989=CARTESIAN_POINT('',(0.0707714117616154,0.00108222426728985,0.0302879834734106));
#9990=CARTESIAN_POINT('',(0.0707714117616154,0.00258222426728984,0.0302879834734106));
#9991=CARTESIAN_POINT('',(0.0390479787029195,0.00258222426728984,0.0302879834734106));
#9992=CARTESIAN_POINT('',(-0.00962858823838461,0.00258222426728984,0.0302879834734106));
#9993=CARTESIAN_POINT('',(-0.0096285882383846,0.0240822242672898,0.0302879834734106));
#9994=CARTESIAN_POINT('',(0.0778964117616154,0.00258222426728984,0.0302879834734106));
#9995=CARTESIAN_POINT('',(0.0732714117616154,0.00258222426728984,0.0302879834734106));
#9996=CARTESIAN_POINT('',(0.0732714117616154,-0.000167775732710154,0.0302879834734106));
#9997=CARTESIAN_POINT('',(0.0364464117616154,-0.000917775732710121,0.0212879834734106));
#9998=CARTESIAN_POINT('',(0.0665214117616154,-0.000917775732710121,0.0212879834734106));
#9999=CARTESIAN_POINT('',(0.0665214117616154,-0.00541777573271015,0.0212879834734106));
#10000=CARTESIAN_POINT('',(0.0665214117616154,-0.00791777573271013,0.0212879834734106));
#10001=CARTESIAN_POINT('',(0.0364464117616154,-0.00791777573271013,0.0212879834734106));
#10002=CARTESIAN_POINT('',(0.00637141176161539,-0.00791777573271012,0.0212879834734106));
#10003=CARTESIAN_POINT('',(0.00637141176161539,-0.000917775732710121,0.0212879834734106));
#10004=CARTESIAN_POINT('',(0.00637141176161539,-0.00541777573271015,0.0212879834734106));
#10005=CARTESIAN_POINT('',(0.0364464117616154,-0.00541777573271015,0.0212879834734106));
#10006=CARTESIAN_POINT('',(0.00637141176161539,-0.000917775732710116,0.0137879834734106));
#10007=CARTESIAN_POINT('',(0.00637141176161539,-0.00791777573271012,0.0137879834734106));
#10008=CARTESIAN_POINT('',(0.00637141176161539,-0.00791777573271011,0.0062879834734106));
#10009=CARTESIAN_POINT('',(0.00637141176161539,-0.00091777573271011,0.00628798347341061));
#10010=CARTESIAN_POINT('',(0.00637141176161539,-0.00541777573271013,0.00628798347341061));
#10011=CARTESIAN_POINT('',(0.00637141176161539,-0.00541777573271014,0.0137879834734106));
#10012=CARTESIAN_POINT('',(0.0364464117616154,-0.00091777573271011,0.00628798347341061));
#10013=CARTESIAN_POINT('',(-0.0048785882383846,-0.00291777573271011,0.00628798347341061));
#10014=CARTESIAN_POINT('',(-0.000378609309438616,-0.00291777573271011,0.00628798347341061));
#10015=CARTESIAN_POINT('',(0.0732714117616154,-0.00291777573271011,0.00628798347341061));
#10016=CARTESIAN_POINT('',(0.0732714117616154,-0.000167775732710135,0.00628798347341061));
#10017=CARTESIAN_POINT('',(0.0732714117616154,-0.000417775732710148,0.00628798347341061));
#10018=CARTESIAN_POINT('',(0.0364464012260884,-0.000417775732710149,0.00628798347341061));
#10019=CARTESIAN_POINT('',(0.0707714117616154,-0.000417775732710127,0.00628798347341061));
#10020=CARTESIAN_POINT('',(0.0364464012260884,-0.000417775732710149,0.00628798347341061));
#10021=CARTESIAN_POINT('',(-0.000378609309438615,-0.000417775732710148,
0.00628798347341061));
#10022=CARTESIAN_POINT('',(-0.000378609309438616,-0.00166777573271014,0.00628798347341061));
#10023=CARTESIAN_POINT('',(0.0364464117616154,-0.00091777573271011,0.00628798347341061));
#10024=CARTESIAN_POINT('',(0.0364464117616154,-0.00541777573271013,0.00628798347341061));
#10025=CARTESIAN_POINT('',(0.0665214117616154,-0.00541777573271014,0.00628798347341061));
#10026=CARTESIAN_POINT('',(0.0249089117616154,0.0106197242672899,0.00628798347341062));
#10027=CARTESIAN_POINT('',(0.0479839117616154,0.0106197242672899,0.00628798347341062));
#10028=CARTESIAN_POINT('',(0.0665214117616154,-0.00791777573271011,0.0062879834734106));
#10029=CARTESIAN_POINT('',(0.0665214117616154,-0.00091777573271011,0.00628798347341061));
#10030=CARTESIAN_POINT('',(0.0665214117616154,-0.000917775732710116,0.0137879834734106));
#10031=CARTESIAN_POINT('',(0.0665214117616154,-0.00791777573271012,0.0212879834734106));
#10032=CARTESIAN_POINT('',(0.0665214117616154,-0.00541777573271014,0.0137879834734106));
#10033=CARTESIAN_POINT('',(0.0732714117616154,-0.00016777573271013,0.000287983473410608));
#10034=CARTESIAN_POINT('',(0.0732714117616154,-0.000417775732710148,0.00628798347341061));
#10035=CARTESIAN_POINT('',(0.0732714117616154,-0.000417775732710143,0.000287983473410607));
#10036=CARTESIAN_POINT('',(0.0732714117616154,-0.00291777573271011,0.0057879834734106));
#10037=CARTESIAN_POINT('',(0.0732714117616154,-0.00291777573271011,0.0057879834734106));
#10038=CARTESIAN_POINT('',(0.0732714117616154,-0.00416777573271012,0.0057879834734106));
#10039=CARTESIAN_POINT('',(0.0732714117616154,-0.00541777573271013,0.0057879834734106));
#10040=CARTESIAN_POINT('',(0.0732714117616154,-0.00541777573271013,0.0057879834734106));
#10041=CARTESIAN_POINT('',(0.0732714117616154,0.00258222426728987,0.000287983473410612));
#10042=CARTESIAN_POINT('',(0.0732714117616154,0.00258222426728987,0.0210716553646582));
#10043=CARTESIAN_POINT('',(0.0732714117616154,-0.00016777573271013,0.0210716553646582));
#10044=CARTESIAN_POINT('',(0.0732714117616154,0.00255652403488087,0.0210716553646582));
#10045=CARTESIAN_POINT('',(0.0732714117616154,0.00255652403488087,0.000287983473410608));
#10046=CARTESIAN_POINT('',(0.0732714117616154,0.00255652403488087,0.000287983473410605));
#10047=CARTESIAN_POINT('',(0.0732714117616154,-0.00016777573271013,0.000287983473410608));
#10048=CARTESIAN_POINT('',(-0.000378609309438616,-0.00166777573271013,0.000287983473410608));
#10049=CARTESIAN_POINT('',(-0.000378609309438615,-0.00541777573271013,0.0057879834734106));
#10050=CARTESIAN_POINT('',(-0.000378609309438615,-0.00541777573271013,0.0057879834734106));
#10051=CARTESIAN_POINT('',(-0.000378609309438616,-0.00416777573271012,0.0057879834734106));
#10052=CARTESIAN_POINT('',(-0.000378609309438616,-0.00291777573271011,0.00578798347341061));
#10053=CARTESIAN_POINT('',(-0.000378609309438616,-0.00291777573271011,0.00578798347341061));
#10054=CARTESIAN_POINT('',(-0.000378609309438615,-0.000417775732710143,
0.000287983473410608));
#10055=CARTESIAN_POINT('',(0.0390479787029195,-0.000417775732710132,0.000287983473410608));
#10056=CARTESIAN_POINT('',(0.0707714117616154,-0.000417775732710122,0.000287983473410608));
#10057=CARTESIAN_POINT('',(0.0364464117616154,0.0245822242672899,0.000287983473410628));
#10058=CARTESIAN_POINT('',(-0.0096285882383846,0.0240822242672899,0.000287983473410627));
#10059=CARTESIAN_POINT('',(-0.0096285882383846,0.0240822242672899,0.000287983473410627));
#10060=CARTESIAN_POINT('',(-0.00962858823838461,0.00258222426728987,0.000287983473410612));
#10061=CARTESIAN_POINT('',(0.0390479787029195,0.00258222426728987,0.000287983473410612));
#10062=CARTESIAN_POINT('',(0.0707714117616154,0.00258222426728987,0.000287983473410612));
#10063=CARTESIAN_POINT('',(0.0707714117616154,0.00108222426728987,0.000287983473410612));
#10064=CARTESIAN_POINT('',(0.0707714117616154,-0.000417775732710143,0.000287983473410608));
#10065=CARTESIAN_POINT('',(0.0364464012260884,-0.000417775732710143,0.000287983473410608));
#10066=CARTESIAN_POINT('',(0.0364464117616154,0.00255652403488087,0.000287983473410611));
#10067=CARTESIAN_POINT('',(0.0731153812414687,0.00255652403488087,0.000287983473410615));
#10068=CARTESIAN_POINT('',(0.0731153812414687,0.0245822242672899,0.000287983473410628));
#10069=CARTESIAN_POINT('',(-0.0096285882383846,0.0240822242672898,0.0302879834734106));
#10070=CARTESIAN_POINT('',(-0.0096285882383846,0.0240822242672899,0.0172879834734107));
#10071=CARTESIAN_POINT('',(-0.0096285882383846,0.0240822242672899,0.0172879834734107));
#10072=CARTESIAN_POINT('',(-0.00962858823838461,0.00258222426728987,0.000287983473410612));
#10073=CARTESIAN_POINT('',(-0.0176285882383846,0.0245822242672899,-0.00271201652658937));
#10074=CARTESIAN_POINT('',(-0.0176285882383846,0.0560822242672899,-0.00271201652658934));
#10075=CARTESIAN_POINT('',(-0.0176285882383846,0.0560822242672899,-0.00271201652658934));
#10076=CARTESIAN_POINT('',(-0.0176285882383846,0.0245822242672899,-0.00271201652658937));
#10077=CARTESIAN_POINT('',(-0.0176285882383846,-0.0069177757327101,-0.0027120165265894));
#10078=CARTESIAN_POINT('',(-0.0176285882383846,-0.00691777573271013,0.0302879834734106));
#10079=CARTESIAN_POINT('',(0.0364464117616154,0.0245822242672899,-0.00271201652658937));
#10080=CARTESIAN_POINT('',(-0.0136285882383846,0.0560822242672899,-0.00271201652658934));
#10081=CARTESIAN_POINT('',(0.0865214117616154,0.0560822242672899,-0.00271201652658934));
#10082=CARTESIAN_POINT('',(0.0865214117616154,-0.0069177757327101,-0.0027120165265894));
#10083=CARTESIAN_POINT('',(-0.0136285882383846,-0.0069177757327101,-0.0027120165265894));
#10084=CARTESIAN_POINT('',(0.0390479787029195,0.00258222426728987,0.000287983473410612));
#10085=CARTESIAN_POINT('',(0.0707714117616154,0.00258222426728987,0.000287983473410612));
#10086=CARTESIAN_POINT('',(0.0707714117616154,0.00108222426728987,0.000287983473410612));
#10087=CARTESIAN_POINT('',(0.0707714117616154,-0.000417775732710122,0.000287983473410608));
#10088=CARTESIAN_POINT('',(0.0778964117616154,0.00258222426728987,0.000287983473410612));
#10089=CARTESIAN_POINT('',(0.0390479787029195,0.00258222426728985,0.0172879834734106));
#10090=CARTESIAN_POINT('',(0.0731153812414687,0.00258222426728985,0.0172879834734106));
#10091=CARTESIAN_POINT('',(0.0731153812414687,0.00258222426728987,-0.000928344635341804));
#10092=CARTESIAN_POINT('',(0.0731153812414687,0.00258222426728985,0.0210716553646582));
#10093=CARTESIAN_POINT('',(0.0369753812414687,0.00258222426728985,0.0210716553646582));
#10094=CARTESIAN_POINT('',(0.0731153812414687,0.0102065240348809,-0.000928344635341798));
#10095=CARTESIAN_POINT('',(0.0731153812414687,0.0102065240348809,0.0172879834734106));
#10096=CARTESIAN_POINT('',(0.0731153812414687,0.00255652403488087,-0.000928344635341798));
#10097=CARTESIAN_POINT('',(0.0731153812414687,0.00255652403488087,0.0210716553646582));
#10098=CARTESIAN_POINT('',(0.0731153812414687,0.0102065240348809,0.0210716553646582));
#10099=CARTESIAN_POINT('',(0.0753653812414687,0.00255652403488087,-0.000928344635341798));
#10100=CARTESIAN_POINT('',(0.0753653812414687,0.00255652403488087,0.0210716553646582));
#10101=CARTESIAN_POINT('',(0.0369753812414687,0.0273065240348809,0.0210716553646582));
#10102=CARTESIAN_POINT('',(0.0364464012260884,-0.000417775732710149,0.00628798347341061));
#10103=CARTESIAN_POINT('',(-0.0048785882383846,-0.00291777573271011,0.0057879834734106));
#10104=CARTESIAN_POINT('',(-0.0048785882383846,-0.00291777573271011,0.0057879834734106));
#10105=CARTESIAN_POINT('',(0.0364464012260884,-0.00541777573271013,0.0057879834734106));
#10106=CARTESIAN_POINT('',(0.0364464012260884,-0.00541777573271013,0.0057879834734106));
#10107=CARTESIAN_POINT('',(0.0364464117616154,0.0245822242672899,0.00578798347341063));
#10108=CARTESIAN_POINT('',(-0.0131285882383846,0.0555822242672899,0.00528798347341065));
#10109=CARTESIAN_POINT('',(-0.0131285882383846,0.0555822242672899,0.00528798347341065));
#10110=CARTESIAN_POINT('',(-0.0131285882383846,0.0532822242672899,0.00528798347341065));
#10111=CARTESIAN_POINT('',(0.0364464117616154,0.0245822242672899,0.00528798347341063));
#10112=CARTESIAN_POINT('',(0.0860214117616154,0.0555822242672899,0.00528798347341065));
#10113=CARTESIAN_POINT('',(0.0860214117616154,0.0555822242672899,0.00528798347341065));
#10114=CARTESIAN_POINT('',(0.0860214117616154,0.0532822242672899,0.00528798347341065));
#10115=CARTESIAN_POINT('',(0.0364464117616154,0.0245822242672899,0.00528798347341063));
#10116=CARTESIAN_POINT('',(0.0855214117616154,-0.00591777573271011,0.0052879834734106));
#10117=CARTESIAN_POINT('',(0.0855214117616154,-0.00591777573271011,0.0052879834734106));
#10118=CARTESIAN_POINT('',(0.0855214117616154,-0.00821777573271011,0.0052879834734106));
#10119=CARTESIAN_POINT('',(0.0364464117616154,0.0245822242672899,0.00528798347341063));
#10120=CARTESIAN_POINT('',(-0.0126285882383846,-0.00591777573271013,0.0052879834734106));
#10121=CARTESIAN_POINT('',(-0.0126285882383846,-0.00591777573271013,0.0052879834734106));
#10122=CARTESIAN_POINT('',(-0.0126285882383846,-0.00821777573271013,0.0052879834734106));
#10123=CARTESIAN_POINT('',(0.0364464117616154,0.0245822242672899,0.00528798347341063));
#10124=CARTESIAN_POINT('',(0.0330939853895617,-0.0099177757327101,-0.00011227693933478));
#10125=CARTESIAN_POINT('',(0.0340830243478151,-0.0099177757327101,-0.00112231318561255));
#10126=CARTESIAN_POINT('',(0.0340830243478151,-0.0089177757327101,-0.00112231318561255));
#10127=CARTESIAN_POINT('',(0.0330939853895617,-0.0089177757327101,-0.000112276939334779));
#10128=CARTESIAN_POINT('',(0.0321049464313084,-0.0089177757327101,0.000897759306942994));
#10129=CARTESIAN_POINT('',(0.0321049464313084,-0.0099177757327101,0.000897759306942994));
#10130=CARTESIAN_POINT('',(0.0346241235521577,-0.0099177757327101,-0.00109600948795105));
#10131=CARTESIAN_POINT('',(0.0351652227565004,-0.0099177757327101,-0.00106970579028955));
#10132=CARTESIAN_POINT('',(0.0351652227565004,-0.0089177757327101,-0.00106970579028955));
#10133=CARTESIAN_POINT('',(0.0346241235521577,-0.0089177757327101,-0.00109600948795105));
#10134=CARTESIAN_POINT('',(0.0339770149621876,-0.0099177757327101,7.47817020534061E-5));
#10135=CARTESIAN_POINT('',(0.0327888071678747,-0.0099177757327101,0.00121926919439636));
#10136=CARTESIAN_POINT('',(0.0327888071678747,-0.0089177757327101,0.00121926919439637));
#10137=CARTESIAN_POINT('',(0.0339770149621876,-0.0089177757327101,7.47817020534069E-5));
#10138=CARTESIAN_POINT('',(0.0338560643801608,-0.00991777573271011,0.00246451820551194));
#10139=CARTESIAN_POINT('',(0.0349233215924468,-0.00991777573271011,0.00370976721662752));
#10140=CARTESIAN_POINT('',(0.0349233215924468,-0.00891777573271011,0.00370976721662752));
#10141=CARTESIAN_POINT('',(0.0338560643801608,-0.00891777573271011,0.00246451820551194));
#10142=CARTESIAN_POINT('',(0.034369955655512,-0.00991777573271011,0.00368286721347746));
#10143=CARTESIAN_POINT('',(0.0338165897185771,-0.00991777573271011,0.00365596721032742));
#10144=CARTESIAN_POINT('',(0.0338165897185771,-0.00891777573271011,0.00365596721032742));
#10145=CARTESIAN_POINT('',(0.034369955655512,-0.00891777573271011,0.00368286721347746));
#10146=CARTESIAN_POINT('',(0.0329474174576158,-0.00991777573271011,0.00255150177167058));
#10147=CARTESIAN_POINT('',(0.0320782451966545,-0.0099177757327101,0.00144703633301375));
#10148=CARTESIAN_POINT('',(0.0320782451966545,-0.0089177757327101,0.00144703633301375));
#10149=CARTESIAN_POINT('',(0.0329474174576158,-0.00891777573271011,0.00255150177167058));
#10150=CARTESIAN_POINT('',(0.0319860166144258,-0.00991777573271011,0.0033442909739331));
#10151=CARTESIAN_POINT('',(0.031893788032197,-0.00991777573271011,0.00524154561485245));
#10152=CARTESIAN_POINT('',(0.031893788032197,-0.00891777573271011,0.00524154561485245));
#10153=CARTESIAN_POINT('',(0.0319860166144258,-0.00891777573271011,0.0033442909739331));
#10154=CARTESIAN_POINT('',(0.0314971636783841,-0.00991777573271011,0.00522226507072273));
#10155=CARTESIAN_POINT('',(0.0311005393245713,-0.00991777573271011,0.00520298452659302));
#10156=CARTESIAN_POINT('',(0.0311005393245713,-0.00891777573271011,0.00520298452659302));
#10157=CARTESIAN_POINT('',(0.0314971636783841,-0.00891777573271011,0.00522226507072273));
#10158=CARTESIAN_POINT('',(0.0312574339242247,-0.00991777573271011,0.0019754708845693));
#10159=CARTESIAN_POINT('',(0.0314143285238782,-0.0099177757327101,-0.00125204275745442));
#10160=CARTESIAN_POINT('',(0.0314143285238782,-0.0089177757327101,-0.00125204275745442));
#10161=CARTESIAN_POINT('',(0.0312574339242247,-0.00891777573271011,0.0019754708845693));
#10162=CARTESIAN_POINT('',(0.0318109528776911,-0.0099177757327101,-0.0012327622133247));
#10163=CARTESIAN_POINT('',(0.032207577231504,-0.0099177757327101,-0.00121348166919499));
#10164=CARTESIAN_POINT('',(0.032207577231504,-0.0089177757327101,-0.00121348166919499));
#10165=CARTESIAN_POINT('',(0.0318109528776911,-0.0089177757327101,-0.0012327622133247));
#10166=CARTESIAN_POINT('',(0.0321562618314062,-0.0099177757327101,-0.000157861181125998));
#10167=CARTESIAN_POINT('',(0.0321562618314062,-0.0089177757327101,-0.000157861181125997));
#10168=CARTESIAN_POINT('',(0.0442177428357646,-0.00991777573271011,0.00353655146604429));
#10169=CARTESIAN_POINT('',(0.0441242222583107,-0.00991777573271011,0.00546038402757997));
#10170=CARTESIAN_POINT('',(0.0441242222583107,-0.00991777573271011,0.00546038402757997));
#10171=CARTESIAN_POINT('',(0.0442177428357646,-0.00991777573271011,0.00353655146604429));
#10172=CARTESIAN_POINT('',(0.0443112634132186,-0.00991777573271011,0.00161271890450862));
#10173=CARTESIAN_POINT('',(0.0443112634132186,-0.00991777573271011,0.00161271890450862));
#10174=CARTESIAN_POINT('',(0.0437275979044978,-0.00991777573271011,0.00544110348345025));
#10175=CARTESIAN_POINT('',(0.043330973550685,-0.00991777573271011,0.00542182293932054));
#10176=CARTESIAN_POINT('',(0.043330973550685,-0.00991777573271011,0.00542182293932054));
#10177=CARTESIAN_POINT('',(0.0437275979044978,-0.00991777573271011,0.00544110348345025));
#10178=CARTESIAN_POINT('',(0.04342426223156,-0.00991777573271011,0.00350276077379292));
#10179=CARTESIAN_POINT('',(0.0435175509124351,-0.0099177757327101,0.00158369860826531));
#10180=CARTESIAN_POINT('',(0.0435175509124351,-0.0099177757327101,0.00158369860826531));
#10181=CARTESIAN_POINT('',(0.04342426223156,-0.00991777573271011,0.00350276077379292));
#10182=CARTESIAN_POINT('',(0.0438809156292265,-0.00991777573271009,0.000319875090657693));
#10183=CARTESIAN_POINT('',(0.0438809156292265,-0.0109177757327101,0.000319875090657693));
#10184=CARTESIAN_POINT('',(0.0436632756074486,-0.00991777573271009,0.00065630780211254));
#10185=CARTESIAN_POINT('',(0.0436632756074486,-0.0109177757327101,0.000656307802112539));
#10186=CARTESIAN_POINT('',(0.0435421540351847,-0.00991777573271009,0.00107758230798174));
#10187=CARTESIAN_POINT('',(0.0435421540351847,-0.0109177757327101,0.00107758230798174));
#10188=CARTESIAN_POINT('',(0.0435175509124351,-0.0099177757327101,0.00158369860826531));
#10189=CARTESIAN_POINT('',(0.0435175509124351,-0.0109177757327101,0.0015836986082653));
#10190=CARTESIAN_POINT('',(0.0438809156292265,-0.0099177757327101,0.000319875090657693));
#10191=CARTESIAN_POINT('',(0.0438809156292265,-0.0099177757327101,0.000319875090657693));
#10192=CARTESIAN_POINT('',(0.0438809156292265,-0.0099177757327101,0.000319875090657693));
#10193=CARTESIAN_POINT('',(0.0435544555965596,-0.0099177757327101,0.000824524157839963));
#10194=CARTESIAN_POINT('',(0.0435175509124351,-0.00991777573271011,0.00158369860826531));
#10195=CARTESIAN_POINT('',(0.0454838113324831,-0.00991777573271011,0.00132534948236397));
#10196=CARTESIAN_POINT('',(0.0447382763751644,-0.0099177757327101,-0.00041239449401919));
#10197=CARTESIAN_POINT('',(0.0447382763751644,-0.0099177757327101,-0.00041239449401919));
#10198=CARTESIAN_POINT('',(0.0454838113324831,-0.0099177757327101,0.00132534948236397));
#10199=CARTESIAN_POINT('',(0.0459152250049554,-0.0099177757327101,-0.000608609589116948));
#10200=CARTESIAN_POINT('',(0.0459152250049554,-0.0109177757327101,-0.000608609589116949));
#10201=CARTESIAN_POINT('',(0.0454845263939421,-0.0099177757327101,-0.000629546537381519));
#10202=CARTESIAN_POINT('',(0.0454845263939421,-0.0109177757327101,-0.000629546537381519));
#10203=CARTESIAN_POINT('',(0.0450922101840117,-0.0099177757327101,-0.000564141505682266));
#10204=CARTESIAN_POINT('',(0.0450922101840117,-0.0109177757327101,-0.000564141505682267));
#10205=CARTESIAN_POINT('',(0.0447382763751644,-0.0099177757327101,-0.00041239449401919));
#10206=CARTESIAN_POINT('',(0.0447382763751644,-0.0109177757327101,-0.000412394494019191));
#10207=CARTESIAN_POINT('',(0.0459152250049554,-0.0099177757327101,-0.000608609589116948));
#10208=CARTESIAN_POINT('',(0.0459152250049554,-0.0099177757327101,-0.000608609589116948));
#10209=CARTESIAN_POINT('',(0.0459152250049554,-0.0099177757327101,-0.000608609589116948));
#10210=CARTESIAN_POINT('',(0.0452691770884354,-0.0099177757327101,-0.000640015011513804));
#10211=CARTESIAN_POINT('',(0.0447382763751644,-0.0099177757327101,-0.00041239449401919));
#10212=CARTESIAN_POINT('',(0.0470669111122411,-0.0099177757327101,-0.00029919583544318));
#10213=CARTESIAN_POINT('',(0.0470669111122411,-0.0109177757327101,-0.000299195835443181));
#10214=CARTESIAN_POINT('',(0.0467289103382052,-0.0099177757327101,-0.000484578893738051));
#10215=CARTESIAN_POINT('',(0.0467289103382052,-0.0109177757327101,-0.000484578893738051));
#10216=CARTESIAN_POINT('',(0.04634501496911,-0.0099177757327101,-0.000587716811629307));
#10217=CARTESIAN_POINT('',(0.04634501496911,-0.0109177757327101,-0.000587716811629307));
#10218=CARTESIAN_POINT('',(0.0459152250049554,-0.0099177757327101,-0.000608609589116948));
#10219=CARTESIAN_POINT('',(0.0459152250049554,-0.0109177757327101,-0.000608609589116949));
#10220=CARTESIAN_POINT('',(0.0470669111122411,-0.0099177757327101,-0.00029919583544318));
#10221=CARTESIAN_POINT('',(0.0470669111122411,-0.0099177757327101,-0.00029919583544318));
#10222=CARTESIAN_POINT('',(0.0470669111122411,-0.0099177757327101,-0.00029919583544318));
#10223=CARTESIAN_POINT('',(0.0465599099511873,-0.0099177757327101,-0.000577270422885486));
#10224=CARTESIAN_POINT('',(0.0459152250049554,-0.0099177757327101,-0.000608609589116948));
#10225=CARTESIAN_POINT('',(0.0461449474140508,-0.00991777573271011,0.00137861275917199));
#10226=CARTESIAN_POINT('',(0.0478539740187954,-0.0099177757327101,0.000513011812781819));
#10227=CARTESIAN_POINT('',(0.0478539740187954,-0.0099177757327101,0.000513011812781819));
#10228=CARTESIAN_POINT('',(0.0461449474140508,-0.0099177757327101,0.00137861275917199));
#10229=CARTESIAN_POINT('',(0.0480971310801714,-0.00991777573271011,0.00180631932398985));
#10230=CARTESIAN_POINT('',(0.0480971310801714,-0.0109177757327101,0.00180631932398985));
#10231=CARTESIAN_POINT('',(0.0481217342029211,-0.0099177757327101,0.00130020302370629));
#10232=CARTESIAN_POINT('',(0.0481217342029211,-0.0109177757327101,0.00130020302370629));
#10233=CARTESIAN_POINT('',(0.0480406818491291,-0.0099177757327101,0.000869100519970281));
#10234=CARTESIAN_POINT('',(0.0480406818491291,-0.0109177757327101,0.00086910051997028));
#10235=CARTESIAN_POINT('',(0.0478539740187954,-0.0099177757327101,0.000513011812781819));
#10236=CARTESIAN_POINT('',(0.0478539740187954,-0.0109177757327101,0.000513011812781818));
#10237=CARTESIAN_POINT('',(0.0480971310801714,-0.00991777573271011,0.00180631932398985));
#10238=CARTESIAN_POINT('',(0.0480971310801714,-0.00991777573271011,0.00180631932398985));
#10239=CARTESIAN_POINT('',(0.0480971310801714,-0.00991777573271011,0.00180631932398985));
#10240=CARTESIAN_POINT('',(0.048134035764296,-0.0099177757327101,0.00104714487356451));
#10241=CARTESIAN_POINT('',(0.0478539740187954,-0.0099177757327101,0.000513011812781819));
#10242=CARTESIAN_POINT('',(0.0480038423992963,-0.00991777573271011,0.00372538148951747));
#10243=CARTESIAN_POINT('',(0.0479105537184213,-0.00991777573271011,0.00564444365504509));
#10244=CARTESIAN_POINT('',(0.0479105537184213,-0.00991777573271011,0.00564444365504509));
#10245=CARTESIAN_POINT('',(0.0480038423992963,-0.00991777573271011,0.00372538148951747));
#10246=CARTESIAN_POINT('',(0.0475139293646084,-0.00991777573271011,0.00562516311091537));
#10247=CARTESIAN_POINT('',(0.0471173050107955,-0.00991777573271011,0.00560588256678566));
#10248=CARTESIAN_POINT('',(0.0471173050107955,-0.00991777573271011,0.00560588256678566));
#10249=CARTESIAN_POINT('',(0.0475139293646084,-0.00991777573271011,0.00562516311091537));
#10250=CARTESIAN_POINT('',(0.0472108255882495,-0.00991777573271011,0.00368205000524998));
#10251=CARTESIAN_POINT('',(0.0473043461657034,-0.0099177757327101,0.00175821744371431));
#10252=CARTESIAN_POINT('',(0.0473043461657034,-0.0099177757327101,0.00175821744371431));
#10253=CARTESIAN_POINT('',(0.0472108255882495,-0.00991777573271011,0.00368205000524998));
#10254=CARTESIAN_POINT('',(0.0469655445207896,-0.0099177757327101,0.000535401007183084));
#10255=CARTESIAN_POINT('',(0.0469655445207896,-0.0109177757327101,0.000535401007183083));
#10256=CARTESIAN_POINT('',(0.0472176938963385,-0.0099177757327101,0.000809967083957246));
#10257=CARTESIAN_POINT('',(0.0472176938963385,-0.0109177757327101,0.000809967083957245));
#10258=CARTESIAN_POINT('',(0.0473306277779765,-0.0099177757327101,0.00121757256280099));
#10259=CARTESIAN_POINT('',(0.0473306277779765,-0.0109177757327101,0.00121757256280099));
#10260=CARTESIAN_POINT('',(0.0473043461657034,-0.00991777573271011,0.00175821744371431));
#10261=CARTESIAN_POINT('',(0.0473043461657034,-0.0109177757327101,0.00175821744371431));
#10262=CARTESIAN_POINT('',(0.0469655445207896,-0.0099177757327101,0.000535401007183084));
#10263=CARTESIAN_POINT('',(0.0469655445207896,-0.0099177757327101,0.000535401007183084));
#10264=CARTESIAN_POINT('',(0.0469655445207896,-0.0099177757327101,0.000535401007183084));
#10265=CARTESIAN_POINT('',(0.047343768584113,-0.0099177757327101,0.000947250122344327));
#10266=CARTESIAN_POINT('',(0.0473043461657034,-0.00991777573271011,0.00175821744371431));
#10267=CARTESIAN_POINT('',(0.0458894796700016,-0.0099177757327101,8.96287353400049E-5));
#10268=CARTESIAN_POINT('',(0.0458894796700016,-0.0109177757327101,8.96287353400041E-5));
#10269=CARTESIAN_POINT('',(0.0463547068616447,-0.0099177757327101,0.000112244173127896));
#10270=CARTESIAN_POINT('',(0.0463547068616447,-0.0109177757327101,0.000112244173127895));
#10271=CARTESIAN_POINT('',(0.0467133951452407,-0.0099177757327101,0.000260834930408922));
#10272=CARTESIAN_POINT('',(0.0467133951452407,-0.0109177757327101,0.000260834930408921));
#10273=CARTESIAN_POINT('',(0.0469655445207896,-0.0099177757327101,0.000535401007183084));
#10274=CARTESIAN_POINT('',(0.0469655445207896,-0.0109177757327101,0.000535401007183083));
#10275=CARTESIAN_POINT('',(0.0458894796700016,-0.0099177757327101,8.96287353400049E-5));
#10276=CARTESIAN_POINT('',(0.0458894796700016,-0.0099177757327101,8.96287353400049E-5));
#10277=CARTESIAN_POINT('',(0.0458894796700016,-0.0099177757327101,8.96287353400049E-5));
#10278=CARTESIAN_POINT('',(0.0465873204574662,-0.0099177757327101,0.000123551892021841));
#10279=CARTESIAN_POINT('',(0.0469655445207896,-0.0099177757327101,0.000535401007183084));
#10280=CARTESIAN_POINT('',(0.0447670734462186,-0.0099177757327101,0.000428529812402221));
#10281=CARTESIAN_POINT('',(0.0447670734462186,-0.0109177757327101,0.000428529812402221));
#10282=CARTESIAN_POINT('',(0.0450446651892789,-0.0099177757327101,0.000179715298577943));
#10283=CARTESIAN_POINT('',(0.0450446651892789,-0.0109177757327101,0.000179715298577942));
#10284=CARTESIAN_POINT('',(0.0454188005972065,-0.0099177757327101,6.67482728905373E-5));
#10285=CARTESIAN_POINT('',(0.0454188005972065,-0.0109177757327101,6.67482728905365E-5));
#10286=CARTESIAN_POINT('',(0.0458894796700016,-0.0099177757327101,8.96287353400049E-5));
#10287=CARTESIAN_POINT('',(0.0458894796700016,-0.0109177757327101,8.96287353400041E-5));
#10288=CARTESIAN_POINT('',(0.0447670734462186,-0.0099177757327101,0.000428529812402221));
#10289=CARTESIAN_POINT('',(0.0447670734462186,-0.0099177757327101,0.000428529812402221));
#10290=CARTESIAN_POINT('',(0.0447670734462186,-0.0099177757327101,0.000428529812402221));
#10291=CARTESIAN_POINT('',(0.045183461060809,-0.0099177757327101,5.53080416658035E-5));
#10292=CARTESIAN_POINT('',(0.0458894796700016,-0.0099177757327101,8.96287353400049E-5));
#10293=CARTESIAN_POINT('',(0.0443112634132186,-0.00991777573271011,0.00161271890450862));
#10294=CARTESIAN_POINT('',(0.0443112634132186,-0.0109177757327101,0.00161271890450862));
#10295=CARTESIAN_POINT('',(0.0443375450254916,-0.0099177757327101,0.0010720740235953));
#10296=CARTESIAN_POINT('',(0.0443375450254916,-0.0109177757327101,0.0010720740235953));
#10297=CARTESIAN_POINT('',(0.0444894817031583,-0.0099177757327101,0.0006773443262265));
#10298=CARTESIAN_POINT('',(0.0444894817031583,-0.0109177757327101,0.000677344326226499));
#10299=CARTESIAN_POINT('',(0.0447670734462186,-0.0099177757327101,0.000428529812402221));
#10300=CARTESIAN_POINT('',(0.0447670734462186,-0.0109177757327101,0.000428529812402221));
#10301=CARTESIAN_POINT('',(0.0443112634132186,-0.00991777573271011,0.00161271890450862));
#10302=CARTESIAN_POINT('',(0.0443506858316281,-0.0099177757327101,0.000801751583138639));
#10303=CARTESIAN_POINT('',(0.0447670734462186,-0.0099177757327101,0.000428529812402221));
#10304=CARTESIAN_POINT('',(0.0364464117616154,-0.00991777573271012,0.0137879834734106));
#10305=CARTESIAN_POINT('',(0.056220281746625,-0.00991777573271011,0.00386248705372601));
#10306=CARTESIAN_POINT('',(0.0561619758420748,-0.00991777573271011,0.00604555848034164));
#10307=CARTESIAN_POINT('',(0.0561619758420748,-0.00991777573271011,0.00604555848034164));
#10308=CARTESIAN_POINT('',(0.056220281746625,-0.00991777573271011,0.00386248705372601));
#10309=CARTESIAN_POINT('',(0.0562785876511751,-0.0099177757327101,0.00167941562711037));
#10310=CARTESIAN_POINT('',(0.0562785876511751,-0.0099177757327101,0.00167941562711037));
#10311=CARTESIAN_POINT('',(0.0557346846567816,-0.00991777573271011,0.00602478717249056));
#10312=CARTESIAN_POINT('',(0.0553073934714883,-0.00991777573271011,0.00600401586463947));
#10313=CARTESIAN_POINT('',(0.0553073934714883,-0.00991777573271011,0.00600401586463947));
#10314=CARTESIAN_POINT('',(0.0557346846567816,-0.00991777573271011,0.00602478717249056));
#10315=CARTESIAN_POINT('',(0.0554611072961996,-0.00991777573271011,0.00382558236960144));
#10316=CARTESIAN_POINT('',(0.055614821120911,-0.0099177757327101,0.00164714887456339));
#10317=CARTESIAN_POINT('',(0.055614821120911,-0.0099177757327101,0.00164714887456339));
#10318=CARTESIAN_POINT('',(0.0554611072961996,-0.00991777573271011,0.00382558236960144));
#10319=CARTESIAN_POINT('',(0.0559467043860431,-0.0099177757327101,0.00166328225083688));
#10320=CARTESIAN_POINT('',(0.0559467043860431,-0.0099177757327101,0.00166328225083688));
#10321=CARTESIAN_POINT('',(0.0364464117616154,-0.00991777573271012,0.0137879834734106));
#10322=CARTESIAN_POINT('',(0.0560312076937506,-0.0099177757327101,0.000416128192714574));
#10323=CARTESIAN_POINT('',(0.0560675268872346,-0.0099177757327101,-0.00010552662107935));
#10324=CARTESIAN_POINT('',(0.0560675124313591,-0.0099177757327101,-0.000105310582438008));
#10325=CARTESIAN_POINT('',(0.0560312076937506,-0.0099177757327101,0.000416128192714574));
#10326=CARTESIAN_POINT('',(0.055676204819693,-0.0099177757327101,3.27694562022038E-5));
#10327=CARTESIAN_POINT('',(0.055676204819693,-0.0099177757327101,3.27694562022038E-5));
#10328=CARTESIAN_POINT('',(0.0560516916801371,-0.0099177757327101,0.000391821493090367));
#10329=CARTESIAN_POINT('',(0.0564306353465548,-0.0099177757327101,6.9236639029804E-5));
#10330=CARTESIAN_POINT('',(0.0564305123932363,-0.0099177757327101,6.93385640909813E-5));
#10331=CARTESIAN_POINT('',(0.0560516916801371,-0.0099177757327101,0.000391821493090367));
#10332=CARTESIAN_POINT('',(0.0560379958739319,-0.0099177757327101,0.000421527546604312));
#10333=CARTESIAN_POINT('',(0.0565646700363369,-0.0099177757327101,0.000459651980486669));
#10334=CARTESIAN_POINT('',(0.0565643786070971,-0.0099177757327101,0.000459632367737387));
#10335=CARTESIAN_POINT('',(0.0560379958739319,-0.0099177757327101,0.000421527546604312));
#10336=CARTESIAN_POINT('',(0.0560350203785608,-0.0099177757327101,0.000447196878617937));
#10337=CARTESIAN_POINT('',(0.0563933331254378,-0.0099177757327101,0.000836588911183247));
#10338=CARTESIAN_POINT('',(0.0563932384953068,-0.0099177757327101,0.000836492316320175));
#10339=CARTESIAN_POINT('',(0.0560350203785608,-0.0099177757327101,0.000447196878617937));
#10340=CARTESIAN_POINT('',(0.0560474649840824,-0.0099177757327101,0.000478769796011233));
#10341=CARTESIAN_POINT('',(0.056014985748077,-0.0099177757327101,0.00097530881731795));
#10342=CARTESIAN_POINT('',(0.0560149963799022,-0.0099177757327101,0.000975092747841195));
#10343=CARTESIAN_POINT('',(0.0560474649840824,-0.0099177757327101,0.000478769796011233));
#10344=CARTESIAN_POINT('',(0.0560294351842269,-0.0099177757327101,0.000452590879645502));
#10345=CARTESIAN_POINT('',(0.0556389290710206,-0.0099177757327101,0.000799916123637551));
#10346=CARTESIAN_POINT('',(0.0556389786641964,-0.0099177757327101,0.000799871823447246));
#10347=CARTESIAN_POINT('',(0.0560294351842269,-0.0099177757327101,0.000452590879645502));
#10348=CARTESIAN_POINT('',(0.0560200469520578,-0.0099177757327101,0.000445009576127984));
#10349=CARTESIAN_POINT('',(0.0555001902413958,-0.0099177757327101,0.00040790591531379));
#10350=CARTESIAN_POINT('',(0.0555004339739011,-0.0099177757327101,0.000407922619970912));
#10351=CARTESIAN_POINT('',(0.0560200469520578,-0.0099177757327101,0.000445009576127984));
#10352=CARTESIAN_POINT('',(0.0560195013658052,-0.0099177757327101,0.00042209970332415));
#10353=CARTESIAN_POINT('',(0.0560195013658052,-0.0099177757327101,0.00042209970332415));
#10354=CARTESIAN_POINT('',(0.0364464117616154,-0.00991777573271012,0.0137879834734106));
#10355=CARTESIAN_POINT('',(0.029152402439446,-0.0099177757327101,0.00104249774512461));
#10356=CARTESIAN_POINT('',(0.029152402439446,-0.0109177757327101,0.00104249774512461));
#10357=CARTESIAN_POINT('',(0.029134866641005,-0.00991777573271011,0.00140323054801972));
#10358=CARTESIAN_POINT('',(0.029134866641005,-0.0109177757327101,0.00140323054801972));
#10359=CARTESIAN_POINT('',(0.0290469028461874,-0.00991777573271011,0.00171386153725323));
#10360=CARTESIAN_POINT('',(0.0290469028461874,-0.0109177757327101,0.00171386153725322));
#10361=CARTESIAN_POINT('',(0.0288885110549932,-0.00991777573271011,0.00197439071282514));
#10362=CARTESIAN_POINT('',(0.0288885110549932,-0.0109177757327101,0.00197439071282513));
#10363=CARTESIAN_POINT('',(0.029152402439446,-0.0109177757327101,0.00104249774512461));
#10364=CARTESIAN_POINT('',(0.0291260987417845,-0.0109177757327101,0.00158359694946727));
#10365=CARTESIAN_POINT('',(0.0288885110549932,-0.0109177757327101,0.00197439071282514));
#10366=CARTESIAN_POINT('',(0.029152402439446,-0.0109177757327101,0.00104249774512461));
#10367=CARTESIAN_POINT('',(0.0288885110549932,-0.0109177757327101,0.00197439071282514));
#10368=CARTESIAN_POINT('',(0.029152402439446,-0.0099177757327101,0.00104249774512461));
#10369=CARTESIAN_POINT('',(0.029152402439446,-0.0099177757327101,0.00104249774512461));
#10370=CARTESIAN_POINT('',(0.029152402439446,-0.0099177757327101,0.00104249774512461));
#10371=CARTESIAN_POINT('',(0.0291260987417845,-0.00991777573271011,0.00158359694946727));
#10372=CARTESIAN_POINT('',(0.0288885110549932,-0.00991777573271011,0.00197439071282514));
#10373=CARTESIAN_POINT('',(0.0288885110549932,-0.00991777573271011,0.00197439071282514));
#10374=CARTESIAN_POINT('',(0.0288885110549932,-0.00991777573271011,0.00197439071282514));
#10375=CARTESIAN_POINT('',(0.0289803421002296,-0.0099177757327101,8.53138936338899E-5));
#10376=CARTESIAN_POINT('',(0.0289803421002296,-0.0109177757327101,8.53138936338891E-5));
#10377=CARTESIAN_POINT('',(0.0291125847914815,-0.0099177757327101,0.000362703658399265));
#10378=CARTESIAN_POINT('',(0.0291125847914815,-0.0109177757327101,0.000362703658399264));
#10379=CARTESIAN_POINT('',(0.029169938237887,-0.0099177757327101,0.000681764942229506));
#10380=CARTESIAN_POINT('',(0.029169938237887,-0.0109177757327101,0.000681764942229505));
#10381=CARTESIAN_POINT('',(0.029152402439446,-0.0099177757327101,0.00104249774512461));
#10382=CARTESIAN_POINT('',(0.029152402439446,-0.0109177757327101,0.00104249774512461));
#10383=CARTESIAN_POINT('',(0.0289803421002296,-0.0109177757327101,8.53138936338891E-5));
#10384=CARTESIAN_POINT('',(0.0291787061371075,-0.0109177757327101,0.000501398540781953));
#10385=CARTESIAN_POINT('',(0.029152402439446,-0.0109177757327101,0.00104249774512461));
#10386=CARTESIAN_POINT('',(0.0289803421002296,-0.0109177757327101,8.53138936338891E-5));
#10387=CARTESIAN_POINT('',(0.0289803421002296,-0.0099177757327101,8.53138936338899E-5));
#10388=CARTESIAN_POINT('',(0.0289803421002296,-0.0099177757327101,8.53138936338899E-5));
#10389=CARTESIAN_POINT('',(0.0289803421002296,-0.0099177757327101,8.53138936338899E-5));
#10390=CARTESIAN_POINT('',(0.0291787061371075,-0.0099177757327101,0.000501398540781953));
#10391=CARTESIAN_POINT('',(0.029152402439446,-0.0099177757327101,0.00104249774512461));
#10392=CARTESIAN_POINT('',(0.0275814867143931,-0.00991777573271011,0.000722574475544074));
#10393=CARTESIAN_POINT('',(0.0275814867143931,-0.0109177757327101,0.000722574475544074));
#10394=CARTESIAN_POINT('',(0.0284218200445649,-0.0109177757327101,-0.000563034986383984));
#10395=CARTESIAN_POINT('',(0.028421652362978,-0.0099177757327101,-0.000562778765720033));
#10396=CARTESIAN_POINT('',(0.0284218200445649,-0.0099177757327101,-0.000563034986383983));
#10397=CARTESIAN_POINT('',(0.0275814867143931,-0.0099177757327101,0.000722574475544074));
#10398=CARTESIAN_POINT('',(0.0275554068082981,-0.00991777573271011,0.000787425475890225));
#10399=CARTESIAN_POINT('',(0.0275554068082981,-0.0109177757327101,0.000787425475890224));
#10400=CARTESIAN_POINT('',(0.0276156223770786,-0.0109177757327101,-0.000816140724470229));
#10401=CARTESIAN_POINT('',(0.0276156353784229,-0.0099177757327101,-0.000816452544009798));
#10402=CARTESIAN_POINT('',(0.0276156223770786,-0.0099177757327101,-0.000816140724470229));
#10403=CARTESIAN_POINT('',(0.0275554068082981,-0.0099177757327101,0.000787425475890225));
#10404=CARTESIAN_POINT('',(0.0275199132714669,-0.00991777573271011,0.0007611921722257));
#10405=CARTESIAN_POINT('',(0.0275199132714669,-0.0109177757327101,0.000761192172225699));
#10406=CARTESIAN_POINT('',(0.026794265839086,-0.0109177757327101,-0.000641888627200722));
#10407=CARTESIAN_POINT('',(0.026794265839086,-0.0099177757327101,-0.000641888627200721));
#10408=CARTESIAN_POINT('',(0.026794265839086,-0.0099177757327101,-0.000641888627200721));
#10409=CARTESIAN_POINT('',(0.0275199132714669,-0.0099177757327101,0.0007611921722257));
#10410=CARTESIAN_POINT('',(0.0261794381583552,-0.0099177757327101,-5.08425262512144E-5));
#10411=CARTESIAN_POINT('',(0.0261794381583552,-0.0109177757327101,-5.08425262512152E-5));
#10412=CARTESIAN_POINT('',(0.0263379624618801,-0.0099177757327101,-0.000314097642399158));
#10413=CARTESIAN_POINT('',(0.0263379624618801,-0.0109177757327101,-0.000314097642399159));
#10414=CARTESIAN_POINT('',(0.0265429050221237,-0.0099177757327101,-0.000511113009382327));
#10415=CARTESIAN_POINT('',(0.0265429050221237,-0.0109177757327101,-0.000511113009382328));
#10416=CARTESIAN_POINT('',(0.026794265839086,-0.0099177757327101,-0.000641888627200721));
#10417=CARTESIAN_POINT('',(0.026794265839086,-0.0109177757327101,-0.000641888627200722));
#10418=CARTESIAN_POINT('',(0.0261794381583552,-0.0109177757327101,-5.08425262512152E-5));
#10419=CARTESIAN_POINT('',(0.0264172246136426,-0.0109177757327101,-0.000445725200473132));
#10420=CARTESIAN_POINT('',(0.026794265839086,-0.0109177757327101,-0.000641888627200722));
#10421=CARTESIAN_POINT('',(0.0261794381583552,-0.0109177757327101,-5.08425262512152E-5));
#10422=CARTESIAN_POINT('',(0.0261794381583552,-0.0099177757327101,-5.08425262512144E-5));
#10423=CARTESIAN_POINT('',(0.0261794381583552,-0.0099177757327101,-5.08425262512144E-5));
#10424=CARTESIAN_POINT('',(0.0261794381583552,-0.0099177757327101,-5.08425262512144E-5));
#10425=CARTESIAN_POINT('',(0.0264172246136426,-0.0099177757327101,-0.000445725200473131));
#10426=CARTESIAN_POINT('',(0.026794265839086,-0.0099177757327101,-0.000641888627200721));
#10427=CARTESIAN_POINT('',(0.0259149504684138,-0.0099177757327101,0.000893317174041461));
#10428=CARTESIAN_POINT('',(0.0259149504684138,-0.0109177757327101,0.00089331717404146));
#10429=CARTESIAN_POINT('',(0.0259327512915164,-0.0099177757327101,0.000527132489994288));
#10430=CARTESIAN_POINT('',(0.0259327512915164,-0.0109177757327101,0.000527132489994287));
#10431=CARTESIAN_POINT('',(0.0260209138548302,-0.0099177757327101,0.00021241258989673));
#10432=CARTESIAN_POINT('',(0.0260209138548302,-0.0109177757327101,0.000212412589896729));
#10433=CARTESIAN_POINT('',(0.0261794381583552,-0.0099177757327101,-5.08425262512144E-5));
#10434=CARTESIAN_POINT('',(0.0261794381583552,-0.0109177757327101,-5.08425262512152E-5));
#10435=CARTESIAN_POINT('',(0.0259149504684138,-0.0109177757327101,0.000893317174041461));
#10436=CARTESIAN_POINT('',(0.0259416517030677,-0.0109177757327101,0.000344040147970701));
#10437=CARTESIAN_POINT('',(0.0261794381583552,-0.0109177757327101,-5.08425262512152E-5));
#10438=CARTESIAN_POINT('',(0.0259149504684138,-0.0109177757327101,0.000893317174041461));
#10439=CARTESIAN_POINT('',(0.0259149504684138,-0.0099177757327101,0.000893317174041461));
#10440=CARTESIAN_POINT('',(0.0259149504684138,-0.0099177757327101,0.000893317174041461));
#10441=CARTESIAN_POINT('',(0.0259149504684138,-0.0099177757327101,0.000893317174041461));
#10442=CARTESIAN_POINT('',(0.0259416517030677,-0.0099177757327101,0.000344040147970702));
#10443=CARTESIAN_POINT('',(0.0261794381583552,-0.0099177757327101,-5.08425262512144E-5));
#10444=CARTESIAN_POINT('',(0.0260872095761264,-0.00991777573271011,0.00184641211466813));
#10445=CARTESIAN_POINT('',(0.0260872095761264,-0.0109177757327101,0.00184641211466813));
#10446=CARTESIAN_POINT('',(0.0259548343725437,-0.00991777573271011,0.00157174829047879));
#10447=CARTESIAN_POINT('',(0.0259548343725437,-0.0109177757327101,0.00157174829047879));
#10448=CARTESIAN_POINT('',(0.0258974146699728,-0.00991777573271011,0.00125404997693657));
#10449=CARTESIAN_POINT('',(0.0258974146699728,-0.0109177757327101,0.00125404997693657));
#10450=CARTESIAN_POINT('',(0.0259149504684138,-0.0099177757327101,0.000893317174041461));
#10451=CARTESIAN_POINT('',(0.0259149504684138,-0.0109177757327101,0.00089331717404146));
#10452=CARTESIAN_POINT('',(0.0260872095761264,-0.0109177757327101,0.00184641211466813));
#10453=CARTESIAN_POINT('',(0.0258886467707523,-0.0109177757327101,0.00143441637838412));
#10454=CARTESIAN_POINT('',(0.0259149504684138,-0.0109177757327101,0.000893317174041461));
#10455=CARTESIAN_POINT('',(0.0260872095761264,-0.0109177757327101,0.00184641211466813));
#10456=CARTESIAN_POINT('',(0.0260872095761264,-0.00991777573271011,0.00184641211466813));
#10457=CARTESIAN_POINT('',(0.0260872095761264,-0.00991777573271011,0.00184641211466813));
#10458=CARTESIAN_POINT('',(0.0260872095761264,-0.00991777573271011,0.00184641211466813));
#10459=CARTESIAN_POINT('',(0.0258886467707523,-0.00991777573271011,0.00143441637838412));
#10460=CARTESIAN_POINT('',(0.0259149504684138,-0.0099177757327101,0.000893317174041461));
#10461=CARTESIAN_POINT('',(0.026642241067589,-0.00991777573271011,0.00248544669865377));
#10462=CARTESIAN_POINT('',(0.026642241067589,-0.0109177757327101,0.00248544669865376));
#10463=CARTESIAN_POINT('',(0.0264045952768633,-0.00991777573271011,0.00233408746685268));
#10464=CARTESIAN_POINT('',(0.0264045952768633,-0.0109177757327101,0.00233408746685268));
#10465=CARTESIAN_POINT('',(0.0262195847797091,-0.00991777573271011,0.00212107593885747));
#10466=CARTESIAN_POINT('',(0.0262195847797091,-0.0109177757327101,0.00212107593885747));
#10467=CARTESIAN_POINT('',(0.0260872095761264,-0.00991777573271011,0.00184641211466813));
#10468=CARTESIAN_POINT('',(0.0260872095761264,-0.0109177757327101,0.00184641211466813));
#10469=CARTESIAN_POINT('',(0.026642241067589,-0.0109177757327101,0.00248544669865377));
#10470=CARTESIAN_POINT('',(0.0262857723815005,-0.0109177757327101,0.00225840785095215));
#10471=CARTESIAN_POINT('',(0.0260872095761264,-0.0109177757327101,0.00184641211466813));
#10472=CARTESIAN_POINT('',(0.026642241067589,-0.0109177757327101,0.00248544669865377));
#10473=CARTESIAN_POINT('',(0.026642241067589,-0.00991777573271011,0.00248544669865377));
#10474=CARTESIAN_POINT('',(0.026642241067589,-0.00991777573271011,0.00248544669865377));
#10475=CARTESIAN_POINT('',(0.026642241067589,-0.00991777573271011,0.00248544669865377));
#10476=CARTESIAN_POINT('',(0.0262857723815005,-0.00991777573271011,0.00225840785095215));
#10477=CARTESIAN_POINT('',(0.0260872095761264,-0.00991777573271011,0.00184641211466813));
#10478=CARTESIAN_POINT('',(0.0275011416487209,-0.0099177757327101,0.00112648109913232));
#10479=CARTESIAN_POINT('',(0.0275011416487209,-0.0109177757327101,0.00112648109913232));
#10480=CARTESIAN_POINT('',(0.0274430503178182,-0.0109177757327101,0.0027337559248227));
#10481=CARTESIAN_POINT('',(0.0274430380675709,-0.00991777573271011,0.0027340850562739));
#10482=CARTESIAN_POINT('',(0.0274430503178182,-0.00991777573271011,0.0027337559248227));
#10483=CARTESIAN_POINT('',(0.0275011416487209,-0.00991777573271011,0.00112648109913232));
#10484=CARTESIAN_POINT('',(0.0275390001602418,-0.0099177757327101,0.0011279383976478));
#10485=CARTESIAN_POINT('',(0.0275390001602418,-0.0109177757327101,0.0011279383976478));
#10486=CARTESIAN_POINT('',(0.0282699476682418,-0.0109177757327101,0.00256070322659987));
#10487=CARTESIAN_POINT('',(0.0282698263599772,-0.00991777573271011,0.00256046764927041));
#10488=CARTESIAN_POINT('',(0.0282699476682418,-0.00991777573271011,0.00256070322659988));
#10489=CARTESIAN_POINT('',(0.0275390001602418,-0.00991777573271011,0.0011279383976478));
#10490=CARTESIAN_POINT('',(0.0251039831470439,-0.0099177757327101,0.000853894755631905));
#10491=CARTESIAN_POINT('',(0.0251039831470439,-0.0109177757327101,0.000853894755631904));
#10492=CARTESIAN_POINT('',(0.0250802192690558,-0.00991777573271011,0.00134274676560059));
#10493=CARTESIAN_POINT('',(0.0250802192690558,-0.0109177757327101,0.00134274676560059));
#10494=CARTESIAN_POINT('',(0.025158174965532,-0.00991777573271011,0.00177665881660228));
#10495=CARTESIAN_POINT('',(0.025158174965532,-0.0109177757327101,0.00177665881660228));
#10496=CARTESIAN_POINT('',(0.0253378502364727,-0.00991777573271011,0.00215563090863699));
#10497=CARTESIAN_POINT('',(0.0253378502364727,-0.0109177757327101,0.00215563090863699));
#10498=CARTESIAN_POINT('',(0.0251039831470439,-0.0099177757327101,0.000853894755631905));
#10499=CARTESIAN_POINT('',(0.0251039831470439,-0.0099177757327101,0.000853894755631905));
#10500=CARTESIAN_POINT('',(0.0251039831470439,-0.0099177757327101,0.000853894755631905));
#10501=CARTESIAN_POINT('',(0.0250683373300618,-0.00991777573271011,0.00158717277058493));
#10502=CARTESIAN_POINT('',(0.0253378502364727,-0.00991777573271011,0.00215563090863699));
#10503=CARTESIAN_POINT('',(0.0253378502364727,-0.00991777573271011,0.00215563090863699));
#10504=CARTESIAN_POINT('',(0.0253378502364727,-0.00991777573271011,0.00215563090863699));
#10505=CARTESIAN_POINT('',(0.0254631737733158,-0.0099177757327101,-0.000422427391146738));
#10506=CARTESIAN_POINT('',(0.0254631737733158,-0.0109177757327101,-0.000422427391146738));
#10507=CARTESIAN_POINT('',(0.0252471680383507,-0.0099177757327101,-5.4037441918913E-5));
#10508=CARTESIAN_POINT('',(0.0252471680383507,-0.0109177757327101,-5.40374419189139E-5));
#10509=CARTESIAN_POINT('',(0.0251274378295934,-0.0099177757327101,0.000371403273673968));
#10510=CARTESIAN_POINT('',(0.0251274378295934,-0.0109177757327101,0.000371403273673967));
#10511=CARTESIAN_POINT('',(0.0251039831470439,-0.0099177757327101,0.000853894755631905));
#10512=CARTESIAN_POINT('',(0.0251039831470439,-0.0109177757327101,0.000853894755631904));
#10513=CARTESIAN_POINT('',(0.0254631737733158,-0.0099177757327101,-0.000422427391146738));
#10514=CARTESIAN_POINT('',(0.0254631737733158,-0.0099177757327101,-0.000422427391146738));
#10515=CARTESIAN_POINT('',(0.0254631737733158,-0.0099177757327101,-0.000422427391146738));
#10516=CARTESIAN_POINT('',(0.0251391651708682,-0.0099177757327101,0.000130157532694999));
#10517=CARTESIAN_POINT('',(0.0251039831470439,-0.0099177757327101,0.000853894755631905));
#10518=CARTESIAN_POINT('',(0.0263176571907571,-0.0099177757327101,-0.00126413213585733));
#10519=CARTESIAN_POINT('',(0.0263176571907571,-0.0109177757327101,-0.00126413213585733));
#10520=CARTESIAN_POINT('',(0.0259640073140947,-0.0099177757327101,-0.00107138558861143));
#10521=CARTESIAN_POINT('',(0.0259640073140947,-0.0109177757327101,-0.00107138558861143));
#10522=CARTESIAN_POINT('',(0.0256791795082809,-0.0099177757327101,-0.000790817340374562));
#10523=CARTESIAN_POINT('',(0.0256791795082809,-0.0109177757327101,-0.000790817340374563));
#10524=CARTESIAN_POINT('',(0.0254631737733158,-0.0099177757327101,-0.000422427391146738));
#10525=CARTESIAN_POINT('',(0.0254631737733158,-0.0109177757327101,-0.000422427391146738));
#10526=CARTESIAN_POINT('',(0.0263176571907571,-0.0099177757327101,-0.00126413213585733));
#10527=CARTESIAN_POINT('',(0.0263176571907571,-0.0099177757327101,-0.00126413213585733));
#10528=CARTESIAN_POINT('',(0.0263176571907571,-0.0099177757327101,-0.00126413213585733));
#10529=CARTESIAN_POINT('',(0.0257871823757635,-0.0099177757327101,-0.000975012314988474));
#10530=CARTESIAN_POINT('',(0.0254631737733158,-0.0099177757327101,-0.000422427391146738));
#10531=CARTESIAN_POINT('',(0.0274846391302547,-0.0099177757327101,-0.00152231032748709));
#10532=CARTESIAN_POINT('',(0.0274846391302547,-0.0109177757327101,-0.00152231032748709));
#10533=CARTESIAN_POINT('',(0.0270603010472521,-0.0099177757327101,-0.00154293808031315));
#10534=CARTESIAN_POINT('',(0.0270603010472521,-0.0109177757327101,-0.00154293808031315));
#10535=CARTESIAN_POINT('',(0.0266713070674196,-0.0099177757327101,-0.00145687868310323));
#10536=CARTESIAN_POINT('',(0.0266713070674196,-0.0109177757327101,-0.00145687868310323));
#10537=CARTESIAN_POINT('',(0.0263176571907571,-0.0099177757327101,-0.00126413213585733));
#10538=CARTESIAN_POINT('',(0.0263176571907571,-0.0109177757327101,-0.00126413213585733));
#10539=CARTESIAN_POINT('',(0.0274846391302547,-0.0099177757327101,-0.00152231032748709));
#10540=CARTESIAN_POINT('',(0.0274846391302547,-0.0099177757327101,-0.00152231032748709));
#10541=CARTESIAN_POINT('',(0.0274846391302547,-0.0099177757327101,-0.00152231032748709));
#10542=CARTESIAN_POINT('',(0.0268481320057509,-0.0099177757327101,-0.00155325195672618));
#10543=CARTESIAN_POINT('',(0.0263176571907571,-0.0099177757327101,-0.00126413213585733));
#10544=CARTESIAN_POINT('',(0.0285568612192504,-0.0099177757327101,-0.00119421729357121));
#10545=CARTESIAN_POINT('',(0.0285568612192504,-0.0109177757327101,-0.00119421729357121));
#10546=CARTESIAN_POINT('',(0.028254572167093,-0.0099177757327101,-0.00139289245012248));
#10547=CARTESIAN_POINT('',(0.028254572167093,-0.0109177757327101,-0.00139289245012248));
#10548=CARTESIAN_POINT('',(0.0278971648040944,-0.0099177757327101,-0.0015022567947611));
#10549=CARTESIAN_POINT('',(0.0278971648040944,-0.0109177757327101,-0.00150225679476111));
#10550=CARTESIAN_POINT('',(0.0274846391302547,-0.0099177757327101,-0.00152231032748709));
#10551=CARTESIAN_POINT('',(0.0274846391302547,-0.0109177757327101,-0.00152231032748709));
#10552=CARTESIAN_POINT('',(0.0285568612192504,-0.0099177757327101,-0.00119421729357121));
#10553=CARTESIAN_POINT('',(0.0285568612192504,-0.0099177757327101,-0.00119421729357121));
#10554=CARTESIAN_POINT('',(0.0285568612192504,-0.0099177757327101,-0.00119421729357121));
#10555=CARTESIAN_POINT('',(0.0281034276410143,-0.0099177757327101,-0.00149223002839811));
#10556=CARTESIAN_POINT('',(0.0274846391302547,-0.0099177757327101,-0.00152231032748709));
#10557=CARTESIAN_POINT('',(0.0292257480145374,-0.0099177757327101,-0.000466310363709955));
#10558=CARTESIAN_POINT('',(0.0292257480145374,-0.0109177757327101,-0.000466310363709956));
#10559=CARTESIAN_POINT('',(0.0290821125365035,-0.0099177757327101,-0.000752906493732854));
#10560=CARTESIAN_POINT('',(0.0290821125365035,-0.0109177757327101,-0.000752906493732854));
#10561=CARTESIAN_POINT('',(0.0288591502714078,-0.0099177757327101,-0.000995542137019938));
#10562=CARTESIAN_POINT('',(0.0288591502714078,-0.0109177757327101,-0.000995542137019939));
#10563=CARTESIAN_POINT('',(0.0285568612192504,-0.0099177757327101,-0.00119421729357121));
#10564=CARTESIAN_POINT('',(0.0285568612192504,-0.0109177757327101,-0.00119421729357121));
#10565=CARTESIAN_POINT('',(0.0292257480145374,-0.0099177757327101,-0.000466310363709955));
#10566=CARTESIAN_POINT('',(0.0292257480145374,-0.0099177757327101,-0.000466310363709955));
#10567=CARTESIAN_POINT('',(0.0292257480145374,-0.0099177757327101,-0.000466310363709955));
#10568=CARTESIAN_POINT('',(0.0290102947974866,-0.0099177757327101,-0.000896204558744303));
#10569=CARTESIAN_POINT('',(0.0285568612192504,-0.0099177757327101,-0.00119421729357121));
#10570=CARTESIAN_POINT('',(0.0292473806525386,-0.0099177757327101,-0.000911320162747431));
#10571=CARTESIAN_POINT('',(0.0292690132905398,-0.0099177757327101,-0.00135632996178491));
#10572=CARTESIAN_POINT('',(0.0292690132905398,-0.0099177757327101,-0.00135632996178491));
#10573=CARTESIAN_POINT('',(0.0292473806525386,-0.0099177757327101,-0.000911320162747431));
#10574=CARTESIAN_POINT('',(0.0296704080403607,-0.0099177757327101,-0.00133681752107631));
#10575=CARTESIAN_POINT('',(0.0300718027901817,-0.0099177757327101,-0.00131730508036772));
#10576=CARTESIAN_POINT('',(0.0300718027901817,-0.0099177757327101,-0.00131730508036772));
#10577=CARTESIAN_POINT('',(0.0296704080403607,-0.0099177757327101,-0.00133681752107631));
#10578=CARTESIAN_POINT('',(0.029955622604163,-0.0099177757327101,0.00107266331966969));
#10579=CARTESIAN_POINT('',(0.0298394424181442,-0.00991777573271011,0.0034626317197071));
#10580=CARTESIAN_POINT('',(0.0298394424181442,-0.00991777573271011,0.0034626317197071));
#10581=CARTESIAN_POINT('',(0.029955622604163,-0.0099177757327101,0.00107266331966969));
#10582=CARTESIAN_POINT('',(0.0294380476683232,-0.00991777573271011,0.00344311927899851));
#10583=CARTESIAN_POINT('',(0.0290366529185024,-0.00991777573271011,0.00342360683828992));
#10584=CARTESIAN_POINT('',(0.0290366529185024,-0.00991777573271011,0.00342360683828992));
#10585=CARTESIAN_POINT('',(0.0294380476683232,-0.00991777573271011,0.00344311927899851));
#10586=CARTESIAN_POINT('',(0.0290578548914285,-0.00991777573271011,0.00298745634612455));
#10587=CARTESIAN_POINT('',(0.0290790568643546,-0.00991777573271011,0.00255130585395918));
#10588=CARTESIAN_POINT('',(0.0290790568643546,-0.00991777573271011,0.00255130585395918));
#10589=CARTESIAN_POINT('',(0.0290578548914285,-0.00991777573271011,0.00298745634612455));
#10590=CARTESIAN_POINT('',(0.0283562989440037,-0.00991777573271011,0.00319858389313408));
#10591=CARTESIAN_POINT('',(0.0283562989440037,-0.0109177757327101,0.00319858389313408));
#10592=CARTESIAN_POINT('',(0.028673098128316,-0.00991777573271011,0.00303319138506562));
#10593=CARTESIAN_POINT('',(0.028673098128316,-0.0109177757327101,0.00303319138506562));
#10594=CARTESIAN_POINT('',(0.0289140174350996,-0.00991777573271011,0.00281743203867399));
#10595=CARTESIAN_POINT('',(0.0289140174350996,-0.0109177757327101,0.00281743203867399));
#10596=CARTESIAN_POINT('',(0.0290790568643546,-0.00991777573271011,0.00255130585395918));
#10597=CARTESIAN_POINT('',(0.0290790568643546,-0.0109177757327101,0.00255130585395918));
#10598=CARTESIAN_POINT('',(0.0283562989440037,-0.00991777573271011,0.00319858389313408));
#10599=CARTESIAN_POINT('',(0.0283562989440037,-0.00991777573271011,0.00319858389313408));
#10600=CARTESIAN_POINT('',(0.0283562989440037,-0.00991777573271011,0.00319858389313408));
#10601=CARTESIAN_POINT('',(0.0288314977204721,-0.00991777573271011,0.00295049513103139));
#10602=CARTESIAN_POINT('',(0.0290790568643546,-0.00991777573271011,0.00255130585395918));
#10603=CARTESIAN_POINT('',(0.0272527708647595,-0.00991777573271011,0.00341612856299004));
#10604=CARTESIAN_POINT('',(0.0272527708647595,-0.0109177757327101,0.00341612856299004));
#10605=CARTESIAN_POINT('',(0.02767165706661,-0.00991777573271011,0.00343649129115454));
#10606=CARTESIAN_POINT('',(0.02767165706661,-0.0109177757327101,0.00343649129115453));
#10607=CARTESIAN_POINT('',(0.0280394997596914,-0.00991777573271011,0.00336397640120255));
#10608=CARTESIAN_POINT('',(0.0280394997596914,-0.0109177757327101,0.00336397640120255));
#10609=CARTESIAN_POINT('',(0.0283562989440037,-0.00991777573271011,0.00319858389313408));
#10610=CARTESIAN_POINT('',(0.0283562989440037,-0.0109177757327101,0.00319858389313408));
#10611=CARTESIAN_POINT('',(0.0272527708647595,-0.00991777573271011,0.00341612856299004));
#10612=CARTESIAN_POINT('',(0.0272527708647595,-0.00991777573271011,0.00341612856299004));
#10613=CARTESIAN_POINT('',(0.0272527708647595,-0.00991777573271011,0.00341612856299004));
#10614=CARTESIAN_POINT('',(0.0278811001675353,-0.00991777573271011,0.00344667265523678));
#10615=CARTESIAN_POINT('',(0.0283562989440037,-0.00991777573271011,0.00319858389313408));
#10616=CARTESIAN_POINT('',(0.0261118134415696,-0.00991777573271011,0.00305463799022));
#10617=CARTESIAN_POINT('',(0.0261118134415696,-0.0109177757327101,0.00305463799022));
#10618=CARTESIAN_POINT('',(0.0264481136406937,-0.00991777573271011,0.00327500395257397));
#10619=CARTESIAN_POINT('',(0.0264481136406937,-0.0109177757327101,0.00327500395257397));
#10620=CARTESIAN_POINT('',(0.026828432781757,-0.00991777573271011,0.00339550081016398));
#10621=CARTESIAN_POINT('',(0.026828432781757,-0.0109177757327101,0.00339550081016398));
#10622=CARTESIAN_POINT('',(0.0272527708647595,-0.00991777573271011,0.00341612856299004));
#10623=CARTESIAN_POINT('',(0.0272527708647595,-0.0109177757327101,0.00341612856299004));
#10624=CARTESIAN_POINT('',(0.0261118134415696,-0.00991777573271011,0.00305463799022));
#10625=CARTESIAN_POINT('',(0.0261118134415696,-0.00991777573271011,0.00305463799022));
#10626=CARTESIAN_POINT('',(0.0261118134415696,-0.00991777573271011,0.00305463799022));
#10627=CARTESIAN_POINT('',(0.0266162637402558,-0.00991777573271011,0.00338518693375095));
#10628=CARTESIAN_POINT('',(0.0272527708647595,-0.00991777573271011,0.00341612856299004));
#10629=CARTESIAN_POINT('',(0.0272930489860078,-0.0099177757327101,0.00125806479889097));
#10630=CARTESIAN_POINT('',(0.0272930489860078,-0.00991777573271011,0.00125806479889097));
#10631=CARTESIAN_POINT('',(0.0275611752523719,-0.0099177757327101,0.00119652946186735));
#10632=CARTESIAN_POINT('',(0.0275611752523719,-0.0109177757327101,0.00119652946186735));
#10633=CARTESIAN_POINT('',(0.0275611752523719,-0.00991777573271011,0.00119652946186735));
#10634=CARTESIAN_POINT('',(0.0364464117616154,-0.00991777573271012,0.0137879834734106));
#10635=CARTESIAN_POINT('',(0.0393145005090067,-0.0099177757327101,0.00187804136029277));
#10636=CARTESIAN_POINT('',(0.0393145005090067,-0.0109177757327101,0.00187804136029277));
#10637=CARTESIAN_POINT('',(0.0392998358110661,-0.0099177757327101,0.00217971211737382));
#10638=CARTESIAN_POINT('',(0.0392998358110661,-0.0109177757327101,0.00217971211737382));
#10639=CARTESIAN_POINT('',(0.0392204174247515,-0.0099177757327101,0.00243633856685137));
#10640=CARTESIAN_POINT('',(0.0392204174247515,-0.0109177757327101,0.00243633856685137));
#10641=CARTESIAN_POINT('',(0.0390762453500628,-0.0099177757327101,0.00264792070872542));
#10642=CARTESIAN_POINT('',(0.0390762453500628,-0.0109177757327101,0.00264792070872542));
#10643=CARTESIAN_POINT('',(0.0393145005090067,-0.0109177757327101,0.00187804136029277));
#10644=CARTESIAN_POINT('',(0.0392925034620958,-0.0109177757327101,0.00233054749591434));
#10645=CARTESIAN_POINT('',(0.0390762453500628,-0.0109177757327101,0.00264792070872542));
#10646=CARTESIAN_POINT('',(0.0393145005090067,-0.0109177757327101,0.00187804136029277));
#10647=CARTESIAN_POINT('',(0.0390762453500628,-0.0109177757327101,0.00264792070872542));
#10648=CARTESIAN_POINT('',(0.0393145005090067,-0.0099177757327101,0.00187804136029277));
#10649=CARTESIAN_POINT('',(0.0393145005090067,-0.0099177757327101,0.00187804136029277));
#10650=CARTESIAN_POINT('',(0.0393145005090067,-0.00991777573271011,0.00187804136029277));
#10651=CARTESIAN_POINT('',(0.0392925034620958,-0.00991777573271011,0.00233054749591434));
#10652=CARTESIAN_POINT('',(0.0390762453500628,-0.00991777573271011,0.00264792070872542));
#10653=CARTESIAN_POINT('',(0.0390762453500628,-0.00991777573271011,0.00264792070872542));
#10654=CARTESIAN_POINT('',(0.0390762453500628,-0.00991777573271011,0.00264792070872542));
#10655=CARTESIAN_POINT('',(0.0378056924001721,-0.0099177757327101,0.00180469578520138));
#10656=CARTESIAN_POINT('',(0.0378056924001721,-0.0109177757327101,0.00180469578520138));
#10657=CARTESIAN_POINT('',(0.0362968842913376,-0.0109177757327101,0.00173135021010999));
#10658=CARTESIAN_POINT('',(0.0362968842913376,-0.0099177757327101,0.00173135021010999));
#10659=CARTESIAN_POINT('',(0.0362968842913376,-0.0099177757327101,0.00173135021010999));
#10660=CARTESIAN_POINT('',(0.0378056924001721,-0.0099177757327101,0.00180469578520138));
#10661=CARTESIAN_POINT('',(0.0367290258064933,-0.00991777573271011,0.00281866945862203));
#10662=CARTESIAN_POINT('',(0.0367290258064933,-0.0109177757327101,0.00281866945862203));
#10663=CARTESIAN_POINT('',(0.0364597793540089,-0.00991777573271011,0.00254919242705608));
#10664=CARTESIAN_POINT('',(0.0364597793540089,-0.0109177757327101,0.00254919242705608));
#10665=CARTESIAN_POINT('',(0.0363157321822903,-0.00991777573271011,0.00218675267755206));
#10666=CARTESIAN_POINT('',(0.0363157321822903,-0.0109177757327101,0.00218675267755206));
#10667=CARTESIAN_POINT('',(0.0362968842913376,-0.00991777573271011,0.00173135021010999));
#10668=CARTESIAN_POINT('',(0.0362968842913376,-0.0109177757327101,0.00173135021010999));
#10669=CARTESIAN_POINT('',(0.0367290258064933,-0.0109177757327101,0.00281866945862203));
#10670=CARTESIAN_POINT('',(0.0363251561277666,-0.0109177757327101,0.0024144539112731));
#10671=CARTESIAN_POINT('',(0.0362968842913376,-0.0109177757327101,0.00173135021010999));
#10672=CARTESIAN_POINT('',(0.0367290258064933,-0.0109177757327101,0.00281866945862203));
#10673=CARTESIAN_POINT('',(0.0367290258064933,-0.00991777573271011,0.00281866945862203));
#10674=CARTESIAN_POINT('',(0.0367290258064933,-0.00991777573271011,0.00281866945862203));
#10675=CARTESIAN_POINT('',(0.0367290258064933,-0.00991777573271011,0.00281866945862203));
#10676=CARTESIAN_POINT('',(0.0363251561277666,-0.00991777573271011,0.0024144539112731));
#10677=CARTESIAN_POINT('',(0.0362968842913376,-0.00991777573271011,0.00173135021010999));
#10678=CARTESIAN_POINT('',(0.0377353283525235,-0.00991777573271011,0.00325217023107519));
#10679=CARTESIAN_POINT('',(0.0377353283525235,-0.0109177757327101,0.00325217023107519));
#10680=CARTESIAN_POINT('',(0.0373337064409879,-0.00991777573271011,0.00323264674767237));
#10681=CARTESIAN_POINT('',(0.0373337064409879,-0.0109177757327101,0.00323264674767237));
#10682=CARTESIAN_POINT('',(0.0369982722589779,-0.00991777573271011,0.00308814649018798));
#10683=CARTESIAN_POINT('',(0.0369982722589779,-0.0109177757327101,0.00308814649018798));
#10684=CARTESIAN_POINT('',(0.0367290258064933,-0.00991777573271011,0.00281866945862203));
#10685=CARTESIAN_POINT('',(0.0367290258064933,-0.0109177757327101,0.00281866945862203));
#10686=CARTESIAN_POINT('',(0.0377353283525235,-0.0109177757327101,0.00325217023107519));
#10687=CARTESIAN_POINT('',(0.0371328954852201,-0.0109177757327101,0.00322288500597096));
#10688=CARTESIAN_POINT('',(0.0367290258064933,-0.0109177757327101,0.00281866945862203));
#10689=CARTESIAN_POINT('',(0.0377353283525235,-0.0109177757327101,0.00325217023107519));
#10690=CARTESIAN_POINT('',(0.0377353283525235,-0.00991777573271011,0.00325217023107519));
#10691=CARTESIAN_POINT('',(0.0377353283525235,-0.00991777573271011,0.00325217023107519));
#10692=CARTESIAN_POINT('',(0.0377353283525235,-0.00991777573271011,0.00325217023107519));
#10693=CARTESIAN_POINT('',(0.0371328954852201,-0.00991777573271011,0.00322288500597096));
#10694=CARTESIAN_POINT('',(0.0367290258064933,-0.00991777573271011,0.00281866945862203));
#10695=CARTESIAN_POINT('',(0.0378421898589359,-0.0099177757327101,0.00155348360288817));
#10696=CARTESIAN_POINT('',(0.0378421898589359,-0.0109177757327101,0.00155348360288817));
#10697=CARTESIAN_POINT('',(0.0385069489476745,-0.0109177757327101,0.0031190810129371));
#10698=CARTESIAN_POINT('',(0.0385068737344871,-0.00991777573271011,0.00311890239769386));
#10699=CARTESIAN_POINT('',(0.0385069489476745,-0.00991777573271011,0.0031190810129371));
#10700=CARTESIAN_POINT('',(0.0378421898589359,-0.00991777573271011,0.00155348360288817));
#10701=CARTESIAN_POINT('',(0.0354039925600124,-0.00991777573271011,0.00153891753345338));
#10702=CARTESIAN_POINT('',(0.0401430918745709,-0.00991777573271011,0.00175164519672204));
#10703=CARTESIAN_POINT('',(0.0401430918745709,-0.00991777573271011,0.00175164519672204));
#10704=CARTESIAN_POINT('',(0.0354039925600124,-0.00991777573271011,0.00153891753345338));
#10705=CARTESIAN_POINT('',(0.0401403961878881,-0.0099177757327101,0.0012706148857078));
#10706=CARTESIAN_POINT('',(0.0401403961878881,-0.0099177757327101,0.0012706148857078));
#10707=CARTESIAN_POINT('',(0.039802547496259,-0.00991777573271011,0.00291138133230249));
#10708=CARTESIAN_POINT('',(0.039802547496259,-0.0109177757327101,0.00291138133230249));
#10709=CARTESIAN_POINT('',(0.0400083751088741,-0.00991777573271011,0.00257437440074756));
#10710=CARTESIAN_POINT('',(0.0400083751088741,-0.0109177757327101,0.00257437440074756));
#10711=CARTESIAN_POINT('',(0.0401218899016448,-0.00991777573271011,0.00218779568888741));
#10712=CARTESIAN_POINT('',(0.0401218899016448,-0.0109177757327101,0.00218779568888741));
#10713=CARTESIAN_POINT('',(0.0401430918745709,-0.00991777573271011,0.00175164519672204));
#10714=CARTESIAN_POINT('',(0.0401430918745709,-0.0109177757327101,0.00175164519672204));
#10715=CARTESIAN_POINT('',(0.039802547496259,-0.00991777573271011,0.00291138133230249));
#10716=CARTESIAN_POINT('',(0.039802547496259,-0.00991777573271011,0.00291138133230249));
#10717=CARTESIAN_POINT('',(0.039802547496259,-0.00991777573271011,0.00291138133230249));
#10718=CARTESIAN_POINT('',(0.0401112889151817,-0.00991777573271011,0.00240587093497009));
#10719=CARTESIAN_POINT('',(0.0401430918745709,-0.00991777573271011,0.00175164519672204));
#10720=CARTESIAN_POINT('',(0.0380479851875127,-0.0099177757327101,0.0018470104372365));
#10721=CARTESIAN_POINT('',(0.0389560147707647,-0.00991777573271011,0.00368789539976715));
#10722=CARTESIAN_POINT('',(0.0389560147707647,-0.00991777573271011,0.00368789539976715));
#10723=CARTESIAN_POINT('',(0.0380479851875127,-0.00991777573271011,0.0018470104372365));
#10724=CARTESIAN_POINT('',(0.0377381012904726,-0.00991777573271011,0.00392583724336771));
#10725=CARTESIAN_POINT('',(0.0377381012904726,-0.0109177757327101,0.00392583724336771));
#10726=CARTESIAN_POINT('',(0.0381915160729528,-0.00991777573271011,0.00394787846105552));
#10727=CARTESIAN_POINT('',(0.0381915160729528,-0.0109177757327101,0.00394787846105552));
#10728=CARTESIAN_POINT('',(0.0385974872330502,-0.00991777573271011,0.00386856451318867));
#10729=CARTESIAN_POINT('',(0.0385974872330502,-0.0109177757327101,0.00386856451318867));
#10730=CARTESIAN_POINT('',(0.0389560147707647,-0.00991777573271011,0.00368789539976715));
#10731=CARTESIAN_POINT('',(0.0389560147707647,-0.0109177757327101,0.00368789539976715));
#10732=CARTESIAN_POINT('',(0.0377381012904726,-0.00991777573271011,0.00392583724336771));
#10733=CARTESIAN_POINT('',(0.0377381012904726,-0.00991777573271011,0.00392583724336771));
#10734=CARTESIAN_POINT('',(0.0377381012904726,-0.00991777573271011,0.00392583724336771));
#10735=CARTESIAN_POINT('',(0.0384182234641929,-0.00991777573271011,0.00395889906989942));
#10736=CARTESIAN_POINT('',(0.0389560147707647,-0.00991777573271011,0.00368789539976715));
#10737=CARTESIAN_POINT('',(0.0365178928220815,-0.00991777573271011,0.00356459272386885));
#10738=CARTESIAN_POINT('',(0.0365178928220815,-0.0109177757327101,0.00356459272386885));
#10739=CARTESIAN_POINT('',(0.0368661379426992,-0.00991777573271011,0.00378280696574687));
#10740=CARTESIAN_POINT('',(0.0368661379426992,-0.0109177757327101,0.00378280696574687));
#10741=CARTESIAN_POINT('',(0.0372728740988295,-0.00991777573271011,0.00390322180557982));
#10742=CARTESIAN_POINT('',(0.0372728740988295,-0.0109177757327101,0.00390322180557982));
#10743=CARTESIAN_POINT('',(0.0377381012904726,-0.00991777573271011,0.00392583724336771));
#10744=CARTESIAN_POINT('',(0.0377381012904726,-0.0109177757327101,0.00392583724336771));
#10745=CARTESIAN_POINT('',(0.0365178928220815,-0.00991777573271011,0.00356459272386885));
#10746=CARTESIAN_POINT('',(0.0365178928220815,-0.00991777573271011,0.00356459272386885));
#10747=CARTESIAN_POINT('',(0.0365178928220815,-0.00991777573271011,0.00356459272386885));
#10748=CARTESIAN_POINT('',(0.037040260503008,-0.00991777573271011,0.00389191408668588));
#10749=CARTESIAN_POINT('',(0.0377381012904726,-0.00991777573271011,0.00392583724336771));
#10750=CARTESIAN_POINT('',(0.0376202110646635,-0.0099177757327101,0.00179853110139705));
#10751=CARTESIAN_POINT('',(0.0357262110032403,-0.00991777573271011,0.00266472431213572));
#10752=CARTESIAN_POINT('',(0.0357262110032403,-0.00991777573271011,0.00266472431213572));
#10753=CARTESIAN_POINT('',(0.0376202110646635,-0.00991777573271011,0.00179853110139705));
#10754=CARTESIAN_POINT('',(0.0354929402193001,-0.00991777573271011,0.00135072142653848));
#10755=CARTESIAN_POINT('',(0.0354929402193001,-0.0109177757327101,0.00135072142653848));
#10756=CARTESIAN_POINT('',(0.0354689113166504,-0.00991777573271011,0.00184502531765923));
#10757=CARTESIAN_POINT('',(0.0354689113166504,-0.0109177757327101,0.00184502531765923));
#10758=CARTESIAN_POINT('',(0.0355466682446305,-0.00991777573271011,0.00228302627952498));
#10759=CARTESIAN_POINT('',(0.0355466682446305,-0.0109177757327101,0.00228302627952498));
#10760=CARTESIAN_POINT('',(0.0357262110032403,-0.00991777573271011,0.00266472431213572));
#10761=CARTESIAN_POINT('',(0.0357262110032403,-0.0109177757327101,0.00266472431213572));
#10762=CARTESIAN_POINT('',(0.0354929402193001,-0.00991777573271011,0.00135072142653848));
#10763=CARTESIAN_POINT('',(0.0354929402193001,-0.00991777573271011,0.00135072142653848));
#10764=CARTESIAN_POINT('',(0.0354929402193001,-0.00991777573271011,0.00135072142653848));
#10765=CARTESIAN_POINT('',(0.0354568968653256,-0.00991777573271011,0.00209217726321961));
#10766=CARTESIAN_POINT('',(0.0357262110032403,-0.00991777573271011,0.00266472431213572));
#10767=CARTESIAN_POINT('',(0.0358616527140981,-0.0099177757327101,6.12002419547356E-5));
#10768=CARTESIAN_POINT('',(0.0358616527140981,-0.0109177757327101,6.12002419547348E-5));
#10769=CARTESIAN_POINT('',(0.0356398732868823,-0.0099177757327101,0.000426577140556485));
#10770=CARTESIAN_POINT('',(0.0356398732868823,-0.0109177757327101,0.000426577140556484));
#10771=CARTESIAN_POINT('',(0.0355169691219497,-0.0099177757327101,0.000856417535417734));
#10772=CARTESIAN_POINT('',(0.0355169691219497,-0.0109177757327101,0.000856417535417733));
#10773=CARTESIAN_POINT('',(0.0354929402193001,-0.00991777573271011,0.00135072142653848));
#10774=CARTESIAN_POINT('',(0.0354929402193001,-0.0109177757327101,0.00135072142653848));
#10775=CARTESIAN_POINT('',(0.0358616527140981,-0.0099177757327101,6.12002419547356E-5));
#10776=CARTESIAN_POINT('',(0.0358616527140981,-0.0099177757327101,6.12002419547356E-5));
#10777=CARTESIAN_POINT('',(0.0358616527140981,-0.0099177757327101,6.12002419547356E-5));
#10778=CARTESIAN_POINT('',(0.0355289835732745,-0.0099177757327101,0.000609265589857359));
#10779=CARTESIAN_POINT('',(0.0354929402193001,-0.00991777573271011,0.00135072142653848));
#10780=CARTESIAN_POINT('',(0.0377229642254935,-0.00991777573271011,0.00116094764204115));
#10781=CARTESIAN_POINT('',(0.0367454920443046,-0.0099177757327101,-0.000766098649381024));
#10782=CARTESIAN_POINT('',(0.0367454920443046,-0.0099177757327101,-0.000766098649381024));
#10783=CARTESIAN_POINT('',(0.0377229642254935,-0.0099177757327101,0.00116094764204115));
#10784=CARTESIAN_POINT('',(0.0379781473776959,-0.0099177757327101,-0.00101220411011705));
#10785=CARTESIAN_POINT('',(0.0379781473776959,-0.0109177757327101,-0.00101220411011705));
#10786=CARTESIAN_POINT('',(0.0375238239483569,-0.0099177757327101,-0.00103428949858179));
#10787=CARTESIAN_POINT('',(0.0375238239483569,-0.0109177757327101,-0.00103428949858179));
#10788=CARTESIAN_POINT('',(0.0371129388372265,-0.0099177757327101,-0.000952254345003115));
#10789=CARTESIAN_POINT('',(0.0371129388372265,-0.0109177757327101,-0.000952254345003115));
#10790=CARTESIAN_POINT('',(0.0367454920443046,-0.0099177757327101,-0.000766098649381024));
#10791=CARTESIAN_POINT('',(0.0367454920443046,-0.0109177757327101,-0.000766098649381025));
#10792=CARTESIAN_POINT('',(0.0379781473776959,-0.0099177757327101,-0.00101220411011705));
#10793=CARTESIAN_POINT('',(0.0379781473776959,-0.0099177757327101,-0.00101220411011705));
#10794=CARTESIAN_POINT('',(0.0379781473776959,-0.0099177757327101,-0.00101220411011705));
#10795=CARTESIAN_POINT('',(0.0372966622336874,-0.0099177757327101,-0.00104533219281416));
#10796=CARTESIAN_POINT('',(0.0367454920443046,-0.0099177757327101,-0.000766098649381024));
#10797=CARTESIAN_POINT('',(0.0393875814905395,-0.0099177757327101,-0.000510606683234511));
#10798=CARTESIAN_POINT('',(0.0393875814905395,-0.0109177757327101,-0.000510606683234512));
#10799=CARTESIAN_POINT('',(0.0390176803290347,-0.0099177757327101,-0.000817309890688092));
#10800=CARTESIAN_POINT('',(0.0390176803290347,-0.0109177757327101,-0.000817309890688093));
#10801=CARTESIAN_POINT('',(0.0385478689580869,-0.0099177757327101,-0.000984509032982272));
#10802=CARTESIAN_POINT('',(0.0385478689580869,-0.0109177757327101,-0.000984509032982273));
#10803=CARTESIAN_POINT('',(0.0379781473776959,-0.0099177757327101,-0.00101220411011705));
#10804=CARTESIAN_POINT('',(0.0379781473776959,-0.0109177757327101,-0.00101220411011705));
#10805=CARTESIAN_POINT('',(0.0393875814905395,-0.0099177757327101,-0.000510606683234511));
#10806=CARTESIAN_POINT('',(0.0393875814905395,-0.0099177757327101,-0.000510606683234511));
#10807=CARTESIAN_POINT('',(0.0393875814905395,-0.0099177757327101,-0.000510606683234511));
#10808=CARTESIAN_POINT('',(0.0388327297482823,-0.0099177757327101,-0.000970661494414882));
#10809=CARTESIAN_POINT('',(0.0379781473776959,-0.0099177757327101,-0.00101220411011705));
#10810=CARTESIAN_POINT('',(0.0380964631056626,-0.00991777573271011,0.00108146089143123));
#10811=CARTESIAN_POINT('',(0.0400993084679736,-0.0099177757327101,0.000648366783730873));
#10812=CARTESIAN_POINT('',(0.0400993084679736,-0.0099177757327101,0.000648366783730873));
#10813=CARTESIAN_POINT('',(0.0380964631056626,-0.0099177757327101,0.00108146089143123));
#10814=CARTESIAN_POINT('',(0.0396724322681362,-0.0099177757327101,0.000627615648986452));
#10815=CARTESIAN_POINT('',(0.0392446913315292,-0.0099177757327101,0.000606822478004754));
#10816=CARTESIAN_POINT('',(0.0392446913315292,-0.0099177757327101,0.000606822478004754));
#10817=CARTESIAN_POINT('',(0.0396724322681362,-0.0099177757327101,0.000627615648986452));
#10818=CARTESIAN_POINT('',(0.0380262186468136,-0.00991777573271011,0.000948672669887453));
#10819=CARTESIAN_POINT('',(0.0387924932844977,-0.0099177757327101,-5.86356032354787E-5));
#10820=CARTESIAN_POINT('',(0.0387924932844977,-0.0099177757327101,-5.86356032354787E-5));
#10821=CARTESIAN_POINT('',(0.0380262186468136,-0.0099177757327101,0.000948672669887453));
#10822=CARTESIAN_POINT('',(0.0379454830881564,-0.0099177757327101,-0.000340259758124784));
#10823=CARTESIAN_POINT('',(0.0379454830881564,-0.0109177757327101,-0.000340259758124785));
#10824=CARTESIAN_POINT('',(0.038288042953878,-0.0099177757327101,-0.000323607375222372));
#10825=CARTESIAN_POINT('',(0.038288042953878,-0.0109177757327101,-0.000323607375222373));
#10826=CARTESIAN_POINT('',(0.0385703796859917,-0.0099177757327101,-0.000229732656925937));
#10827=CARTESIAN_POINT('',(0.0385703796859917,-0.0109177757327101,-0.000229732656925938));
#10828=CARTESIAN_POINT('',(0.0387924932844977,-0.0099177757327101,-5.86356032354787E-5));
#10829=CARTESIAN_POINT('',(0.0387924932844977,-0.0109177757327101,-5.86356032354795E-5));
#10830=CARTESIAN_POINT('',(0.0379454830881564,-0.0099177757327101,-0.000340259758124784));
#10831=CARTESIAN_POINT('',(0.0379454830881564,-0.0099177757327101,-0.000340259758124784));
#10832=CARTESIAN_POINT('',(0.0379454830881564,-0.0099177757327101,-0.000340259758124784));
#10833=CARTESIAN_POINT('',(0.0384593228867388,-0.0099177757327101,-0.000315281183771166));
#10834=CARTESIAN_POINT('',(0.0387924932844977,-0.0099177757327101,-5.86356032354787E-5));
#10835=CARTESIAN_POINT('',(0.0368569192249949,-0.0099177757327101,5.06811908034653E-6));
#10836=CARTESIAN_POINT('',(0.0368569192249949,-0.0109177757327101,5.06811908034573E-6));
#10837=CARTESIAN_POINT('',(0.0371637422652521,-0.0099177757327101,-0.000245513193887561));
#10838=CARTESIAN_POINT('',(0.0371637422652521,-0.0109177757327101,-0.000245513193887562));
#10839=CARTESIAN_POINT('',(0.037526596886306,-0.0099177757327101,-0.000360622486289271));
#10840=CARTESIAN_POINT('',(0.037526596886306,-0.0109177757327101,-0.000360622486289272));
#10841=CARTESIAN_POINT('',(0.0379454830881564,-0.0099177757327101,-0.000340259758124784));
#10842=CARTESIAN_POINT('',(0.0379454830881564,-0.0109177757327101,-0.000340259758124785));
#10843=CARTESIAN_POINT('',(0.0368569192249949,-0.0099177757327101,5.06811908034653E-6));
#10844=CARTESIAN_POINT('',(0.0368569192249949,-0.0099177757327101,5.06811908034653E-6));
#10845=CARTESIAN_POINT('',(0.0368569192249949,-0.0099177757327101,5.06811908034653E-6));
#10846=CARTESIAN_POINT('',(0.0373171537853808,-0.0099177757327101,-0.000370803850371515));
#10847=CARTESIAN_POINT('',(0.0379454830881564,-0.0099177757327101,-0.000340259758124784));
#10848=CARTESIAN_POINT('',(0.0363187489217184,-0.00991777573271011,0.00108483850043228));
#10849=CARTESIAN_POINT('',(0.0363187489217184,-0.0109177757327101,0.00108483850043228));
#10850=CARTESIAN_POINT('',(0.0363707060836455,-0.0099177757327101,0.0006155728924989));
#10851=CARTESIAN_POINT('',(0.0363707060836455,-0.0109177757327101,0.000615572892498899));
#10852=CARTESIAN_POINT('',(0.0365500961847377,-0.0099177757327101,0.000255649432048254));
#10853=CARTESIAN_POINT('',(0.0365500961847377,-0.0109177757327101,0.000255649432048254));
#10854=CARTESIAN_POINT('',(0.0368569192249949,-0.0099177757327101,5.06811908034653E-6));
#10855=CARTESIAN_POINT('',(0.0368569192249949,-0.0109177757327101,5.06811908034573E-6));
#10856=CARTESIAN_POINT('',(0.0363187489217184,-0.00991777573271011,0.00108483850043228));
#10857=CARTESIAN_POINT('',(0.0363187489217184,-0.00991777573271011,0.00108483850043228));
#10858=CARTESIAN_POINT('',(0.0363187489217184,-0.00991777573271011,0.00108483850043228));
#10859=CARTESIAN_POINT('',(0.036396684664609,-0.0099177757327101,0.000380940088532208));
#10860=CARTESIAN_POINT('',(0.0368569192249949,-0.0099177757327101,5.06811908034653E-6));
#10861=CARTESIAN_POINT('',(0.0382296332655178,-0.0099177757327101,0.00117772964431497));
#10862=CARTESIAN_POINT('',(0.0382296332655178,-0.0099177757327101,0.00117772964431497));
#10863=CARTESIAN_POINT('',(0.0379942892019617,-0.0099177757327101,0.00191944585058494));
#10864=CARTESIAN_POINT('',(0.0379942892019617,-0.0109177757327101,0.00191944585058494));
#10865=CARTESIAN_POINT('',(0.0379942892019617,-0.00991777573271011,0.00191944585058494));
#10866=CARTESIAN_POINT('',(0.0364464117616154,-0.00991777573271012,0.0137879834734106));
#10867=CARTESIAN_POINT('',(0.0534537651377927,-0.00991777573271011,0.0022320229958315));
#10868=CARTESIAN_POINT('',(0.0534537651377927,-0.0109177757327101,0.0022320229958315));
#10869=CARTESIAN_POINT('',(0.0534362293393517,-0.00991777573271011,0.00259275579872661));
#10870=CARTESIAN_POINT('',(0.0534362293393517,-0.0109177757327101,0.00259275579872661));
#10871=CARTESIAN_POINT('',(0.0533482655445341,-0.00991777573271011,0.00290338678796011));
#10872=CARTESIAN_POINT('',(0.0533482655445341,-0.0109177757327101,0.00290338678796011));
#10873=CARTESIAN_POINT('',(0.0531898737533399,-0.00991777573271011,0.00316391596353202));
#10874=CARTESIAN_POINT('',(0.0531898737533399,-0.0109177757327101,0.00316391596353202));
#10875=CARTESIAN_POINT('',(0.0534537651377927,-0.0109177757327101,0.0022320229958315));
#10876=CARTESIAN_POINT('',(0.0534274614401312,-0.0109177757327101,0.00277312220017416));
#10877=CARTESIAN_POINT('',(0.0531898737533399,-0.0109177757327101,0.00316391596353202));
#10878=CARTESIAN_POINT('',(0.0534537651377927,-0.0109177757327101,0.0022320229958315));
#10879=CARTESIAN_POINT('',(0.0531898737533399,-0.0109177757327101,0.00316391596353202));
#10880=CARTESIAN_POINT('',(0.0534537651377927,-0.00991777573271011,0.0022320229958315));
#10881=CARTESIAN_POINT('',(0.0534537651377927,-0.00991777573271011,0.0022320229958315));
#10882=CARTESIAN_POINT('',(0.0534537651377927,-0.00991777573271011,0.0022320229958315));
#10883=CARTESIAN_POINT('',(0.0534274614401312,-0.00991777573271011,0.00277312220017416));
#10884=CARTESIAN_POINT('',(0.0531898737533399,-0.00991777573271011,0.00316391596353202));
#10885=CARTESIAN_POINT('',(0.0531898737533399,-0.00991777573271011,0.00316391596353202));
#10886=CARTESIAN_POINT('',(0.0531898737533399,-0.00991777573271011,0.00316391596353202));
#10887=CARTESIAN_POINT('',(0.0532821023355687,-0.00991777573271011,0.00126666132261268));
#10888=CARTESIAN_POINT('',(0.0532821023355687,-0.0109177757327101,0.00126666132261268));
#10889=CARTESIAN_POINT('',(0.0534143450268206,-0.00991777573271011,0.00154405108737805));
#10890=CARTESIAN_POINT('',(0.0534143450268206,-0.0109177757327101,0.00154405108737805));
#10891=CARTESIAN_POINT('',(0.0534715659608953,-0.00991777573271011,0.00186583831178433));
#10892=CARTESIAN_POINT('',(0.0534715659608953,-0.0109177757327101,0.00186583831178433));
#10893=CARTESIAN_POINT('',(0.0534537651377927,-0.00991777573271011,0.0022320229958315));
#10894=CARTESIAN_POINT('',(0.0534537651377927,-0.0109177757327101,0.0022320229958315));
#10895=CARTESIAN_POINT('',(0.0532821023355687,-0.0109177757327101,0.00126666132261268));
#10896=CARTESIAN_POINT('',(0.0534804663724466,-0.0109177757327101,0.00168274596976074));
#10897=CARTESIAN_POINT('',(0.0534537651377927,-0.0109177757327101,0.0022320229958315));
#10898=CARTESIAN_POINT('',(0.0532821023355687,-0.0109177757327101,0.00126666132261268));
#10899=CARTESIAN_POINT('',(0.0532821023355687,-0.00991777573271011,0.00126666132261268));
#10900=CARTESIAN_POINT('',(0.0532821023355687,-0.00991777573271011,0.00126666132261268));
#10901=CARTESIAN_POINT('',(0.0532821023355687,-0.00991777573271011,0.00126666132261268));
#10902=CARTESIAN_POINT('',(0.0534804663724466,-0.00991777573271011,0.00168274596976074));
#10903=CARTESIAN_POINT('',(0.0534537651377927,-0.00991777573271011,0.0022320229958315));
#10904=CARTESIAN_POINT('',(0.0518832469497323,-0.00991777573271016,0.00190392190452282));
#10905=CARTESIAN_POINT('',(0.0518832469497323,-0.0109177757327101,0.00190392190452282));
#10906=CARTESIAN_POINT('',(0.0527235803533685,-0.0109177757327101,0.000618312494693938));
#10907=CARTESIAN_POINT('',(0.0527234125983171,-0.0099177757327101,0.000618568663258755));
#10908=CARTESIAN_POINT('',(0.0527235803533685,-0.0099177757327101,0.000618312494693938));
#10909=CARTESIAN_POINT('',(0.0518832469497323,-0.0099177757327101,0.00190392190452282));
#10910=CARTESIAN_POINT('',(0.0518578918339609,-0.00991777573271011,0.00196615840982232));
#10911=CARTESIAN_POINT('',(0.0518578918339609,-0.0109177757327101,0.00196615840982232));
#10912=CARTESIAN_POINT('',(0.0519187479705187,-0.0109177757327101,0.000365228733364563));
#10913=CARTESIAN_POINT('',(0.05191875858405,-0.0099177757327101,0.000364961141134384));
#10914=CARTESIAN_POINT('',(0.0519187479705187,-0.0099177757327101,0.000365228733364564));
#10915=CARTESIAN_POINT('',(0.0518578918339609,-0.0099177757327101,0.00196615840982232));
#10916=CARTESIAN_POINT('',(0.051829442801133,-0.00991777573271011,0.00194907168500937));
#10917=CARTESIAN_POINT('',(0.051829442801133,-0.0109177757327101,0.00194907168500937));
#10918=CARTESIAN_POINT('',(0.0511014779555771,-0.0109177757327101,0.000539723826439643));
#10919=CARTESIAN_POINT('',(0.0511014779555771,-0.0099177757327101,0.000539723826439644));
#10920=CARTESIAN_POINT('',(0.0511014779555771,-0.0099177757327101,0.000539723826439644));
#10921=CARTESIAN_POINT('',(0.051829442801133,-0.0099177757327101,0.00194907168500937));
#10922=CARTESIAN_POINT('',(0.0504777909679742,-0.00991777573271011,0.00113033926231409));
#10923=CARTESIAN_POINT('',(0.0504777909679742,-0.0109177757327101,0.00113033926231409));
#10924=CARTESIAN_POINT('',(0.0506394955355045,-0.0099177757327101,0.000867238743885397));
#10925=CARTESIAN_POINT('',(0.0506394955355045,-0.0109177757327101,0.000867238743885396));
#10926=CARTESIAN_POINT('',(0.0508473911980388,-0.0099177757327101,0.000670366931927249));
#10927=CARTESIAN_POINT('',(0.0508473911980388,-0.0109177757327101,0.000670366931927248));
#10928=CARTESIAN_POINT('',(0.0511014779555771,-0.0099177757327101,0.000539723826439644));
#10929=CARTESIAN_POINT('',(0.0511014779555771,-0.0109177757327101,0.000539723826439643));
#10930=CARTESIAN_POINT('',(0.0504777909679742,-0.0109177757327101,0.00113033926231409));
#10931=CARTESIAN_POINT('',(0.0507203478192697,-0.0109177757327101,0.000735688484671051));
#10932=CARTESIAN_POINT('',(0.0511014779555771,-0.0109177757327101,0.000539723826439643));
#10933=CARTESIAN_POINT('',(0.0504777909679742,-0.0109177757327101,0.00113033926231409));
#10934=CARTESIAN_POINT('',(0.0504777909679742,-0.00991777573271011,0.00113033926231409));
#10935=CARTESIAN_POINT('',(0.0504777909679742,-0.00991777573271011,0.00113033926231409));
#10936=CARTESIAN_POINT('',(0.0504777909679742,-0.00991777573271011,0.00113033926231409));
#10937=CARTESIAN_POINT('',(0.0507203478192697,-0.0099177757327101,0.000735688484671051));
#10938=CARTESIAN_POINT('',(0.0511014779555771,-0.0099177757327101,0.000539723826439644));
#10939=CARTESIAN_POINT('',(0.0502089304190171,-0.00991777573271011,0.00206608924429978));
#10940=CARTESIAN_POINT('',(0.0502089304190171,-0.0109177757327101,0.00206608924429978));
#10941=CARTESIAN_POINT('',(0.0502264662174581,-0.00991777573271011,0.00170535644140468));
#10942=CARTESIAN_POINT('',(0.0502264662174581,-0.0109177757327101,0.00170535644140468));
#10943=CARTESIAN_POINT('',(0.0503160864004438,-0.00991777573271011,0.00139343978074278));
#10944=CARTESIAN_POINT('',(0.0503160864004438,-0.0109177757327101,0.00139343978074278));
#10945=CARTESIAN_POINT('',(0.0504777909679742,-0.00991777573271011,0.00113033926231409));
#10946=CARTESIAN_POINT('',(0.0504777909679742,-0.0109177757327101,0.00113033926231409));
#10947=CARTESIAN_POINT('',(0.0502089304190171,-0.0109177757327101,0.00206608924429978));
#10948=CARTESIAN_POINT('',(0.0502352341166786,-0.0109177757327101,0.00152499003995713));
#10949=CARTESIAN_POINT('',(0.0504777909679742,-0.0109177757327101,0.00113033926231409));
#10950=CARTESIAN_POINT('',(0.0502089304190171,-0.0109177757327101,0.00206608924429978));
#10951=CARTESIAN_POINT('',(0.0502089304190171,-0.00991777573271011,0.00206608924429978));
#10952=CARTESIAN_POINT('',(0.0502089304190171,-0.00991777573271011,0.00206608924429978));
#10953=CARTESIAN_POINT('',(0.0502089304190171,-0.00991777573271011,0.00206608924429978));
#10954=CARTESIAN_POINT('',(0.0502352341166786,-0.00991777573271011,0.00152499003995713));
#10955=CARTESIAN_POINT('',(0.0504777909679742,-0.00991777573271011,0.00113033926231409));
#10956=CARTESIAN_POINT('',(0.0503861918193167,-0.00991777573271011,0.00301464568549728));
#10957=CARTESIAN_POINT('',(0.0503861918193167,-0.0109177757327101,0.00301464568549727));
#10958=CARTESIAN_POINT('',(0.0502507909494478,-0.00991777573271011,0.00273664699958331));
#10959=CARTESIAN_POINT('',(0.0502507909494478,-0.0109177757327101,0.00273664699958331));
#10960=CARTESIAN_POINT('',(0.0501917038160146,-0.00991777573271011,0.00242046151918414));
#10961=CARTESIAN_POINT('',(0.0501917038160146,-0.0109177757327101,0.00242046151918414));
#10962=CARTESIAN_POINT('',(0.0502089304190171,-0.00991777573271011,0.00206608924429978));
#10963=CARTESIAN_POINT('',(0.0502089304190171,-0.0109177757327101,0.00206608924429978));
#10964=CARTESIAN_POINT('',(0.0503861918193167,-0.0109177757327101,0.00301464568549728));
#10965=CARTESIAN_POINT('',(0.0501830905145134,-0.0109177757327101,0.00259764765662632));
#10966=CARTESIAN_POINT('',(0.0502089304190171,-0.0109177757327101,0.00206608924429978));
#10967=CARTESIAN_POINT('',(0.0503861918193167,-0.0109177757327101,0.00301464568549728));
#10968=CARTESIAN_POINT('',(0.0503861918193167,-0.00991777573271011,0.00301464568549728));
#10969=CARTESIAN_POINT('',(0.0503861918193167,-0.00991777573271011,0.00301464568549728));
#10970=CARTESIAN_POINT('',(0.0503861918193167,-0.00991777573271011,0.00301464568549728));
#10971=CARTESIAN_POINT('',(0.0501830905145134,-0.00991777573271011,0.00259764765662632));
#10972=CARTESIAN_POINT('',(0.0502089304190171,-0.00991777573271011,0.00206608924429978));
#10973=CARTESIAN_POINT('',(0.0509496519525763,-0.00991777573271011,0.00366297024143008));
#10974=CARTESIAN_POINT('',(0.0509496519525763,-0.0109177757327101,0.00366297024143008));
#10975=CARTESIAN_POINT('',(0.0507094127336054,-0.00991777573271011,0.00350875255672218));
#10976=CARTESIAN_POINT('',(0.0507094127336054,-0.0109177757327101,0.00350875255672218));
#10977=CARTESIAN_POINT('',(0.0505215926891855,-0.00991777573271011,0.00329264437141125));
#10978=CARTESIAN_POINT('',(0.0505215926891855,-0.0109177757327101,0.00329264437141124));
#10979=CARTESIAN_POINT('',(0.0503861918193167,-0.00991777573271011,0.00301464568549728));
#10980=CARTESIAN_POINT('',(0.0503861918193167,-0.0109177757327101,0.00301464568549727));
#10981=CARTESIAN_POINT('',(0.0509496519525763,-0.0109177757327101,0.00366297024143008));
#10982=CARTESIAN_POINT('',(0.0505892931241199,-0.0109177757327101,0.00343164371436823));
#10983=CARTESIAN_POINT('',(0.0503861918193167,-0.0109177757327101,0.00301464568549728));
#10984=CARTESIAN_POINT('',(0.0509496519525763,-0.0109177757327101,0.00366297024143008));
#10985=CARTESIAN_POINT('',(0.0509496519525763,-0.00991777573271011,0.00366297024143008));
#10986=CARTESIAN_POINT('',(0.0509496519525763,-0.00991777573271011,0.00366297024143008));
#10987=CARTESIAN_POINT('',(0.0509496519525763,-0.00991777573271011,0.00366297024143008));
#10988=CARTESIAN_POINT('',(0.0505892931241199,-0.00991777573271011,0.00343164371436823));
#10989=CARTESIAN_POINT('',(0.0503861918193167,-0.00991777573271011,0.00301464568549728));
#10990=CARTESIAN_POINT('',(0.0518109566452201,-0.0099177757327101,0.00232625874102051));
#10991=CARTESIAN_POINT('',(0.0518109566452201,-0.0109177757327101,0.00232625874102051));
#10992=CARTESIAN_POINT('',(0.0517461752069387,-0.0109177757327101,0.00391521342674429));
#10993=CARTESIAN_POINT('',(0.051746161273198,-0.00991777573271011,0.00391549874141808));
#10994=CARTESIAN_POINT('',(0.0517461752069387,-0.00991777573271011,0.00391521342674429));
#10995=CARTESIAN_POINT('',(0.0518109566452201,-0.00991777573271011,0.00232625874102051));
#10996=CARTESIAN_POINT('',(0.0518432897051515,-0.0099177757327101,0.00228746608146122));
#10997=CARTESIAN_POINT('',(0.0518432897051515,-0.0109177757327101,0.00228746608146122));
#10998=CARTESIAN_POINT('',(0.0525715196852842,-0.0109177757327101,0.00374616517734002));
#10999=CARTESIAN_POINT('',(0.0525713878268201,-0.00991777573271011,0.00374590398911324));
#11000=CARTESIAN_POINT('',(0.0525715196852842,-0.00991777573271011,0.00374616517734002));
#11001=CARTESIAN_POINT('',(0.0518432897051515,-0.00991777573271011,0.00228746608146122));
#11002=CARTESIAN_POINT('',(0.0501359823809181,-0.00991777573271011,0.00356671953140625));
#11003=CARTESIAN_POINT('',(0.0501359823809181,-0.0109177757327101,0.00356671953140625));
#11004=CARTESIAN_POINT('',(0.0502798828836136,-0.00991777573271011,0.00384786378027708));
#11005=CARTESIAN_POINT('',(0.0502798828836136,-0.0109177757327101,0.00384786378027708));
#11006=CARTESIAN_POINT('',(0.0505029887037343,-0.00991777573271011,0.00408754632127346));
#11007=CARTESIAN_POINT('',(0.0505029887037343,-0.0109177757327101,0.00408754632127346));
#11008=CARTESIAN_POINT('',(0.0508052998412802,-0.00991777573271011,0.00428576715439539));
#11009=CARTESIAN_POINT('',(0.0508052998412802,-0.0109177757327101,0.00428576715439539));
#11010=CARTESIAN_POINT('',(0.0501359823809181,-0.00991777573271011,0.00356671953140625));
#11011=CARTESIAN_POINT('',(0.0501359823809181,-0.00991777573271011,0.00356671953140625));
#11012=CARTESIAN_POINT('',(0.0501359823809181,-0.00991777573271011,0.00356671953140625));
#11013=CARTESIAN_POINT('',(0.0503518331349614,-0.00991777573271011,0.0039884359047125));
#11014=CARTESIAN_POINT('',(0.0508052998412802,-0.00991777573271011,0.00428576715439539));
#11015=CARTESIAN_POINT('',(0.0508052998412802,-0.00991777573271011,0.00428576715439539));
#11016=CARTESIAN_POINT('',(0.0508052998412802,-0.00991777573271011,0.00428576715439539));
#11017=CARTESIAN_POINT('',(0.0501145816394958,-0.00991777573271011,0.00400695893443567));
#11018=CARTESIAN_POINT('',(0.0500931808980735,-0.00991777573271011,0.00444719833746508));
#11019=CARTESIAN_POINT('',(0.0500931808980735,-0.00991777573271011,0.00444719833746508));
#11020=CARTESIAN_POINT('',(0.0501145816394958,-0.00991777573271011,0.00400695893443567));
#11021=CARTESIAN_POINT('',(0.0496965565442606,-0.00991777573271011,0.00442791779333537));
#11022=CARTESIAN_POINT('',(0.0492999321904477,-0.00991777573271011,0.00440863724920566));
#11023=CARTESIAN_POINT('',(0.0492999321904477,-0.00991777573271011,0.00440863724920566));
#11024=CARTESIAN_POINT('',(0.0496965565442606,-0.00991777573271011,0.00442791779333537));
#11025=CARTESIAN_POINT('',(0.0494712375060744,-0.0099177757327101,0.000884677569538288));
#11026=CARTESIAN_POINT('',(0.0496425428217012,-0.0099177757327101,-0.00263928211012908));
#11027=CARTESIAN_POINT('',(0.0496425428217012,-0.0099177757327101,-0.00263928211012908));
#11028=CARTESIAN_POINT('',(0.0494712375060744,-0.0099177757327101,0.000884677569538288));
#11029=CARTESIAN_POINT('',(0.050039167175514,-0.0099177757327101,-0.00262000156599936));
#11030=CARTESIAN_POINT('',(0.0504357915293269,-0.0099177757327101,-0.00260072102186965));
#11031=CARTESIAN_POINT('',(0.0504357915293269,-0.0099177757327101,-0.00260072102186965));
#11032=CARTESIAN_POINT('',(0.050039167175514,-0.0099177757327101,-0.00262000156599936));
#11033=CARTESIAN_POINT('',(0.0503592656582966,-0.0099177757327101,-0.00102649033921027));
#11034=CARTESIAN_POINT('',(0.0502827397872663,-0.0099177757327101,0.000547740343449098));
#11035=CARTESIAN_POINT('',(0.0502827397872663,-0.0099177757327101,0.000547740343449098));
#11036=CARTESIAN_POINT('',(0.0503592656582966,-0.0099177757327101,-0.00102649033921027));
#11037=CARTESIAN_POINT('',(0.0510267893874949,-0.0099177757327101,-0.00010191815088224));
#11038=CARTESIAN_POINT('',(0.0510267893874949,-0.0109177757327101,-0.000101918150882241));
#11039=CARTESIAN_POINT('',(0.050706655341458,-0.0099177757327101,6.65000234723399E-5));
#11040=CARTESIAN_POINT('',(0.050706655341458,-0.0109177757327101,6.65000234723391E-5));
#11041=CARTESIAN_POINT('',(0.0504586388080485,-0.0099177757327101,0.000283052854916119));
#11042=CARTESIAN_POINT('',(0.0504586388080485,-0.0109177757327101,0.000283052854916119));
#11043=CARTESIAN_POINT('',(0.0502827397872663,-0.0099177757327101,0.000547740343449098));
#11044=CARTESIAN_POINT('',(0.0502827397872663,-0.0109177757327101,0.000547740343449097));
#11045=CARTESIAN_POINT('',(0.0510267893874949,-0.0099177757327101,-0.00010191815088224));
#11046=CARTESIAN_POINT('',(0.0510267893874949,-0.0099177757327101,-0.00010191815088224));
#11047=CARTESIAN_POINT('',(0.0510267893874949,-0.0099177757327101,-0.00010191815088224));
#11048=CARTESIAN_POINT('',(0.0505465883184396,-0.0099177757327101,0.00015070911064963));
#11049=CARTESIAN_POINT('',(0.0502827397872663,-0.0099177757327101,0.000547740343449098));
#11050=CARTESIAN_POINT('',(0.0521176011455818,-0.0099177757327101,-0.000324862650317504));
#11051=CARTESIAN_POINT('',(0.0521176011455818,-0.0109177757327101,-0.000324862650317505));
#11052=CARTESIAN_POINT('',(0.0517105273528941,-0.0099177757327101,-0.000344651158381909));
#11053=CARTESIAN_POINT('',(0.0517105273528941,-0.0109177757327101,-0.00034465115838191));
#11054=CARTESIAN_POINT('',(0.0513469234335318,-0.0099177757327101,-0.000270336325236821));
#11055=CARTESIAN_POINT('',(0.0513469234335318,-0.0109177757327101,-0.000270336325236822));
#11056=CARTESIAN_POINT('',(0.0510267893874949,-0.0099177757327101,-0.00010191815088224));
#11057=CARTESIAN_POINT('',(0.0510267893874949,-0.0109177757327101,-0.000101918150882241));
#11058=CARTESIAN_POINT('',(0.0521176011455818,-0.0099177757327101,-0.000324862650317504));
#11059=CARTESIAN_POINT('',(0.0521176011455818,-0.0099177757327101,-0.000324862650317504));
#11060=CARTESIAN_POINT('',(0.0521176011455818,-0.0099177757327101,-0.000324862650317504));
#11061=CARTESIAN_POINT('',(0.0515069904565503,-0.0099177757327101,-0.000354545412414111));
#11062=CARTESIAN_POINT('',(0.0510267893874949,-0.0099177757327101,-0.00010191815088224));
#11063=CARTESIAN_POINT('',(0.0520397154260156,-0.00991777573271011,0.00186478690896556));
#11064=CARTESIAN_POINT('',(0.0532581279036967,-0.0099177757327101,4.54872293246527E-5));
#11065=CARTESIAN_POINT('',(0.0532581279036967,-0.0099177757327101,4.54872293246527E-5));
#11066=CARTESIAN_POINT('',(0.0520397154260156,-0.0099177757327101,0.00186478690896556));
#11067=CARTESIAN_POINT('',(0.0540310310101474,-0.0099177757327101,0.000966301835515932));
#11068=CARTESIAN_POINT('',(0.0540310310101474,-0.0109177757327101,0.000966301835515931));
#11069=CARTESIAN_POINT('',(0.0538517753615876,-0.0099177757327101,0.000578697598323786));
#11070=CARTESIAN_POINT('',(0.0538517753615876,-0.0109177757327101,0.000578697598323786));
#11071=CARTESIAN_POINT('',(0.0535941409927707,-0.0099177757327101,0.000271759396260027));
#11072=CARTESIAN_POINT('',(0.0535941409927707,-0.0109177757327101,0.000271759396260026));
#11073=CARTESIAN_POINT('',(0.0532581279036967,-0.0099177757327101,4.54872293246527E-5));
#11074=CARTESIAN_POINT('',(0.0532581279036967,-0.0109177757327101,4.54872293246519E-5));
#11075=CARTESIAN_POINT('',(0.0540310310101474,-0.0099177757327101,0.000966301835515932));
#11076=CARTESIAN_POINT('',(0.0540310310101474,-0.0099177757327101,0.000966301835515932));
#11077=CARTESIAN_POINT('',(0.0540310310101474,-0.0099177757327101,0.000966301835515932));
#11078=CARTESIAN_POINT('',(0.0537621475373077,-0.0099177757327101,0.000384895479727714));
#11079=CARTESIAN_POINT('',(0.0532581279036967,-0.0099177757327101,4.54872293246527E-5));
#11080=CARTESIAN_POINT('',(0.0542647324591627,-0.00991777573271011,0.00227144541424106));
#11081=CARTESIAN_POINT('',(0.0542647324591627,-0.0109177757327101,0.00227144541424105));
#11082=CARTESIAN_POINT('',(0.0542881871417122,-0.00991777573271011,0.00178895393228312));
#11083=CARTESIAN_POINT('',(0.0542881871417122,-0.0109177757327101,0.00178895393228312));
#11084=CARTESIAN_POINT('',(0.0542102866587071,-0.00991777573271011,0.00135390607270808));
#11085=CARTESIAN_POINT('',(0.0542102866587071,-0.0109177757327101,0.00135390607270808));
#11086=CARTESIAN_POINT('',(0.0540310310101474,-0.0099177757327101,0.000966301835515932));
#11087=CARTESIAN_POINT('',(0.0540310310101474,-0.0109177757327101,0.000966301835515931));
#11088=CARTESIAN_POINT('',(0.0542647324591627,-0.00991777573271011,0.00227144541424106));
#11089=CARTESIAN_POINT('',(0.0542647324591627,-0.00991777573271011,0.00227144541424106));
#11090=CARTESIAN_POINT('',(0.0542647324591627,-0.00991777573271011,0.00227144541424106));
#11091=CARTESIAN_POINT('',(0.054299914482987,-0.00991777573271011,0.00154770819130415));
#11092=CARTESIAN_POINT('',(0.0540310310101474,-0.0099177757327101,0.000966301835515932));
#11093=CARTESIAN_POINT('',(0.0539057074733042,-0.00991777573271011,0.00354436013529966));
#11094=CARTESIAN_POINT('',(0.0539057074733042,-0.0109177757327101,0.00354436013529966));
#11095=CARTESIAN_POINT('',(0.0541212935858885,-0.00991777573271011,0.00318460233122927));
#11096=CARTESIAN_POINT('',(0.0541212935858885,-0.0109177757327101,0.00318460233122927));
#11097=CARTESIAN_POINT('',(0.0542409685811746,-0.00991777573271011,0.00276029742420974));
#11098=CARTESIAN_POINT('',(0.0542409685811746,-0.0109177757327101,0.00276029742420974));
#11099=CARTESIAN_POINT('',(0.0542647324591627,-0.00991777573271011,0.00227144541424106));
#11100=CARTESIAN_POINT('',(0.0542647324591627,-0.0109177757327101,0.00227144541424105));
#11101=CARTESIAN_POINT('',(0.0539057074733042,-0.00991777573271011,0.00354436013529966));
#11102=CARTESIAN_POINT('',(0.0539057074733042,-0.00991777573271011,0.00354436013529966));
#11103=CARTESIAN_POINT('',(0.0539057074733042,-0.00991777573271011,0.00354436013529966));
#11104=CARTESIAN_POINT('',(0.0542290866421806,-0.00991777573271011,0.00300472342919408));
#11105=CARTESIAN_POINT('',(0.0542647324591627,-0.00991777573271011,0.00227144541424106));
#11106=CARTESIAN_POINT('',(0.0520467860717296,-0.0099177757327101,0.00246138354537866));
#11107=CARTESIAN_POINT('',(0.0530481952436451,-0.00991777573271011,0.0043640585869058));
#11108=CARTESIAN_POINT('',(0.0530481952436451,-0.00991777573271011,0.0043640585869058));
#11109=CARTESIAN_POINT('',(0.0520467860717296,-0.00991777573271011,0.00246138354537866));
#11110=CARTESIAN_POINT('',(0.0518775550583586,-0.00991777573271011,0.00461317870316726));
#11111=CARTESIAN_POINT('',(0.0518775550583586,-0.0109177757327101,0.00461317870316726));
#11112=CARTESIAN_POINT('',(0.0523018931413611,-0.00991777573271011,0.00463380645599333));
#11113=CARTESIAN_POINT('',(0.0523018931413611,-0.0109177757327101,0.00463380645599333));
#11114=CARTESIAN_POINT('',(0.0526921065364566,-0.00991777573271011,0.00455076641723951));
#11115=CARTESIAN_POINT('',(0.0526921065364566,-0.0109177757327101,0.0045507664172395));
#11116=CARTESIAN_POINT('',(0.0530481952436451,-0.00991777573271011,0.0043640585869058));
#11117=CARTESIAN_POINT('',(0.0530481952436451,-0.0109177757327101,0.00436405858690579));
#11118=CARTESIAN_POINT('',(0.0518775550583586,-0.00991777573271011,0.00461317870316726));
#11119=CARTESIAN_POINT('',(0.0518775550583586,-0.00991777573271011,0.00461317870316726));
#11120=CARTESIAN_POINT('',(0.0518775550583586,-0.00991777573271011,0.00461317870316726));
#11121=CARTESIAN_POINT('',(0.0525140621828624,-0.00991777573271011,0.00464412033240636));
#11122=CARTESIAN_POINT('',(0.0530481952436451,-0.00991777573271011,0.0043640585869058));
#11123=CARTESIAN_POINT('',(0.0508052998412802,-0.00991777573271011,0.00428576715439539));
#11124=CARTESIAN_POINT('',(0.0508052998412802,-0.0109177757327101,0.00428576715439539));
#11125=CARTESIAN_POINT('',(0.0511076109788261,-0.00991777573271011,0.00448398798751732));
#11126=CARTESIAN_POINT('',(0.0511076109788261,-0.0109177757327101,0.00448398798751732));
#11127=CARTESIAN_POINT('',(0.0514650293845189,-0.00991777573271011,0.00459312517044128));
#11128=CARTESIAN_POINT('',(0.0514650293845189,-0.0109177757327101,0.00459312517044128));
#11129=CARTESIAN_POINT('',(0.0518775550583586,-0.00991777573271011,0.00461317870316726));
#11130=CARTESIAN_POINT('',(0.0518775550583586,-0.0109177757327101,0.00461317870316726));
#11131=CARTESIAN_POINT('',(0.0508052998412802,-0.00991777573271011,0.00428576715439539));
#11132=CARTESIAN_POINT('',(0.051258766547599,-0.00991777573271011,0.00458309840407829));
#11133=CARTESIAN_POINT('',(0.0518775550583586,-0.00991777573271011,0.00461317870316726));
#11134=CARTESIAN_POINT('',(0.0518858705157302,-0.0099177757327101,0.00240177665821292));
#11135=CARTESIAN_POINT('',(0.0518858705157302,-0.0109177757327101,0.00240177665821292));
#11136=CARTESIAN_POINT('',(0.0518858705157302,-0.00991777573271011,0.00240177665821292));
#11137=CARTESIAN_POINT('',(0.0364464117616154,-0.00991777573271012,0.0137879834734106));
#11138=CARTESIAN_POINT('',(0.0236168734054723,-0.0099177757327101,0.00141619974169198));
#11139=CARTESIAN_POINT('',(0.0243502493197634,-0.00991777573271011,0.00449913958004075));
#11140=CARTESIAN_POINT('',(0.0243502493197634,-0.00991777573271011,0.00449913958004075));
#11141=CARTESIAN_POINT('',(0.0236168734054723,-0.0099177757327101,0.00141619974169198));
#11142=CARTESIAN_POINT('',(0.0228834974911813,-0.0099177757327101,-0.00166674009665679));
#11143=CARTESIAN_POINT('',(0.0228834974911813,-0.0099177757327101,-0.00166674009665679));
#11144=CARTESIAN_POINT('',(0.0239229581344701,-0.00991777573271011,0.00447836827218966));
#11145=CARTESIAN_POINT('',(0.0234956669491769,-0.00991777573271011,0.00445759696433858));
#11146=CARTESIAN_POINT('',(0.0234956669491769,-0.00991777573271011,0.00445759696433858));
#11147=CARTESIAN_POINT('',(0.0239229581344701,-0.00991777573271011,0.00447836827218966));
#11148=CARTESIAN_POINT('',(0.0229533858649607,-0.0099177757327101,0.00185596557846649));
#11149=CARTESIAN_POINT('',(0.0224111047807446,-0.0099177757327101,-0.000745665807405589));
#11150=CARTESIAN_POINT('',(0.0224111047807446,-0.0099177757327101,-0.000745665807405589));
#11151=CARTESIAN_POINT('',(0.0229533858649607,-0.0099177757327101,0.00185596557846649));
#11152=CARTESIAN_POINT('',(0.0215883711215119,-0.0099177757327101,0.0017896100288242));
#11153=CARTESIAN_POINT('',(0.0207656374622792,-0.00991777573271011,0.00432488586505397));
#11154=CARTESIAN_POINT('',(0.0207656374622792,-0.00991777573271011,0.00432488586505397));
#11155=CARTESIAN_POINT('',(0.0215883711215119,-0.0099177757327101,0.0017896100288242));
#11156=CARTESIAN_POINT('',(0.0203206276632418,-0.00991777573271011,0.00430325322705276));
#11157=CARTESIAN_POINT('',(0.0198756178642043,-0.00991777573271011,0.00428162058905155));
#11158=CARTESIAN_POINT('',(0.0198756178642043,-0.00991777573271011,0.00428162058905155));
#11159=CARTESIAN_POINT('',(0.0203206276632418,-0.00991777573271011,0.00430325322705276));
#11160=CARTESIAN_POINT('',(0.0192683448712384,-0.0099177757327101,0.00166794960036844));
#11161=CARTESIAN_POINT('',(0.0186610718782725,-0.0099177757327101,-0.000945721388314675));
#11162=CARTESIAN_POINT('',(0.0186610718782725,-0.0099177757327101,-0.000945721388314675));
#11163=CARTESIAN_POINT('',(0.0192683448712384,-0.0099177757327101,0.00166794960036844));
#11164=CARTESIAN_POINT('',(0.0178726632963093,-0.0099177757327101,0.00160010328700477));
#11165=CARTESIAN_POINT('',(0.017084254714346,-0.00991777573271011,0.00414592796232421));
#11166=CARTESIAN_POINT('',(0.017084254714346,-0.00991777573271011,0.00414592796232421));
#11167=CARTESIAN_POINT('',(0.0178726632963093,-0.0099177757327101,0.00160010328700477));
#11168=CARTESIAN_POINT('',(0.0166610524399168,-0.00991777573271011,0.00412535542296931));
#11169=CARTESIAN_POINT('',(0.0162378501654876,-0.00991777573271011,0.00410478288361441));
#11170=CARTESIAN_POINT('',(0.0162378501654876,-0.00991777573271011,0.00410478288361441));
#11171=CARTESIAN_POINT('',(0.0166610524399168,-0.00991777573271011,0.00412535542296931));
#11172=CARTESIAN_POINT('',(0.017236326770618,-0.0099177757327101,0.00110193259253493));
#11173=CARTESIAN_POINT('',(0.0182348033757484,-0.0099177757327101,-0.00190091769854455));
#11174=CARTESIAN_POINT('',(0.0182348033757484,-0.0099177757327101,-0.00190091769854455));
#11175=CARTESIAN_POINT('',(0.017236326770618,-0.0099177757327101,0.00110193259253493));
#11176=CARTESIAN_POINT('',(0.0186755254954257,-0.0099177757327101,-0.00187539491817546));
#11177=CARTESIAN_POINT('',(0.0191162476151029,-0.0099177757327101,-0.00184987213780639));
#11178=CARTESIAN_POINT('',(0.0191162476151029,-0.0099177757327101,-0.00184987213780639));
#11179=CARTESIAN_POINT('',(0.0186755254954257,-0.0099177757327101,-0.00187539491817546));
#11180=CARTESIAN_POINT('',(0.0197299143280293,-0.0099177757327101,0.000632272218083109));
#11181=CARTESIAN_POINT('',(0.0203435810409557,-0.00991777573271011,0.0031144165739726));
#11182=CARTESIAN_POINT('',(0.0203435810409557,-0.00991777573271011,0.0031144165739726));
#11183=CARTESIAN_POINT('',(0.0197299143280293,-0.0099177757327101,0.000632272218083109));
#11184=CARTESIAN_POINT('',(0.021169210952175,-0.0099177757327101,0.000702238728739395));
#11185=CARTESIAN_POINT('',(0.0219948408633943,-0.0099177757327101,-0.00170993911649381));
#11186=CARTESIAN_POINT('',(0.0219948408633943,-0.0099177757327101,-0.00170993911649381));
#11187=CARTESIAN_POINT('',(0.021169210952175,-0.0099177757327101,0.000702238728739395));
#11188=CARTESIAN_POINT('',(0.0224391691772878,-0.0099177757327101,-0.0016883396065753));
#11189=CARTESIAN_POINT('',(0.0224391691772878,-0.0099177757327101,-0.0016883396065753));
#11190=CARTESIAN_POINT('',(0.0364464117616154,-0.00991777573271012,0.0137879834734106));
#11191=CARTESIAN_POINT('',(0.0364464117616154,-0.0109177757327101,-0.0027120165265894));
#11192=CARTESIAN_POINT('',(0.0364464117616154,-0.0109177757327101,-0.0027120165265894));
#11193=CARTESIAN_POINT('',(0.0364464117616154,-0.0109177757327101,-0.0027120165265894));
#11194=CARTESIAN_POINT('',(-0.0136285882383846,0.0560822242672899,-0.00271201652658934));
#11195=CARTESIAN_POINT('',(0.0865214117616154,0.0560822242672899,-0.00271201652658934));
#11196=CARTESIAN_POINT('',(-0.0136285882383846,-0.0069177757327101,-0.0027120165265894));
#11197=CARTESIAN_POINT('',(0.0865214117616154,-0.0069177757327101,-0.0027120165265894));
#11198=CARTESIAN_POINT('',(0.0364464117616154,-0.00891777573271011,0.0137879834734106));
#11199=CARTESIAN_POINT('',(0.0033714117616154,-0.0109177757327101,-0.00271201652658941));
#11200=CARTESIAN_POINT('',(0.0143964117616154,0.000107224267289874,0.0132629834734106));
#11201=CARTESIAN_POINT('',(0.0364464117616154,-0.0109177757327101,0.0242879834734106));
#11202=CARTESIAN_POINT('',(0.0640214117616154,-0.00541777573271013,0.0187879834734106));
#11203=CARTESIAN_POINT('',(0.0665214117616154,-0.00791777573271012,0.0137879834734106));
#11204=CARTESIAN_POINT('',(0.0351606868207454,0.0350822242672899,0.0238166395574808));
#11205=CARTESIAN_POINT('',(0.00833188742399216,0.0350822242672899,0.0238166395574808));
#11206=CARTESIAN_POINT('',(0.0619894862174988,0.0350822242672899,0.0238166395574808));
#11207=CARTESIAN_POINT('',(0.0619894862174988,0.0350822242672899,0.0142165583092719));
#11208=CARTESIAN_POINT('',(0.0619894862174988,0.0350822242672899,0.00461647706106303));
#11209=CARTESIAN_POINT('',(0.0351606868207454,0.0350822242672899,0.00461647706106303));
#11210=CARTESIAN_POINT('',(0.00833188742399216,0.0350822242672899,0.00461647706106303));
#11211=CARTESIAN_POINT('',(0.00833188742399216,0.0350822242672899,0.0142165583092719));
#11212=CARTESIAN_POINT('',(0.0364464117616154,0.0245822242672899,0.0172879834734107));
#11213=CARTESIAN_POINT('',(-0.00426304759457708,0.00751475254178047,0.0172879834734106));
#11214=CARTESIAN_POINT('',(-0.00426304759457708,0.00521475254178047,0.0172879834734106));
#11215=CARTESIAN_POINT('',(0.0364464117616154,0.0245822242672899,0.000287983473410628));
#11216=CARTESIAN_POINT('',(-0.00426304759457708,0.00751475254178047,0.000287983473410615));
#11217=CARTESIAN_POINT('',(-0.00426304759457708,0.00981475254178047,0.000287983473410616));
#11218=CARTESIAN_POINT('',(-0.00426304759457708,0.00751475254178047,-0.000928344635341798));
#11219=CARTESIAN_POINT('',(0.0364464117616154,0.0245822242672899,0.0172879834734107));
#11220=CARTESIAN_POINT('',(-0.00440370524302126,0.0474303417670727,0.0172879834734107));
#11221=CARTESIAN_POINT('',(-0.00440370524302126,0.0451303417670727,0.0172879834734106));
#11222=CARTESIAN_POINT('',(0.0364464117616154,0.0245822242672899,0.000287983473410628));
#11223=CARTESIAN_POINT('',(-0.00440370524302126,0.0474303417670727,0.000287983473410647));
#11224=CARTESIAN_POINT('',(-0.00440370524302126,0.0497303417670727,0.000287983473410648));
#11225=CARTESIAN_POINT('',(-0.00440370524302126,0.0474303417670727,-0.000928344635341798));
#11226=CARTESIAN_POINT('',(0.0364464117616154,0.0245822242672899,0.0172879834734107));
#11227=CARTESIAN_POINT('',(0.0776153812414687,0.0475565240348809,0.0172879834734107));
#11228=CARTESIAN_POINT('',(0.0776153812414687,0.0452565240348809,0.0172879834734106));
#11229=CARTESIAN_POINT('',(0.0364464117616154,0.0245822242672899,0.000287983473410628));
#11230=CARTESIAN_POINT('',(0.0776153812414687,0.0475565240348809,0.000287983473410647));
#11231=CARTESIAN_POINT('',(0.0776153812414687,0.0498565240348809,0.000287983473410648));
#11232=CARTESIAN_POINT('',(0.0776153812414687,0.0475565240348809,-0.000928344635341798));
#11233=CARTESIAN_POINT('',(0.0364464117616154,0.0245822242672899,0.0172879834734107));
#11234=CARTESIAN_POINT('',(0.0776153812414687,0.00795652403488087,0.0172879834734106));
#11235=CARTESIAN_POINT('',(0.0776153812414687,0.00565652403488087,0.0172879834734106));
#11236=CARTESIAN_POINT('',(0.0364464117616154,0.0245822242672899,0.000287983473410628));
#11237=CARTESIAN_POINT('',(0.0776153812414687,0.00795652403488087,0.000287983473410615));
#11238=CARTESIAN_POINT('',(0.0776153812414687,0.0102565240348809,0.000287983473410616));
#11239=CARTESIAN_POINT('',(0.0776153812414687,0.00795652403488087,-0.000928344635341798));
#11240=CARTESIAN_POINT('',(0.0895214117616154,0.0212297978952362,0.0223881200975744));
#11241=CARTESIAN_POINT('',(0.0895214117616154,0.0222188368534895,0.0213780838512965));
#11242=CARTESIAN_POINT('',(0.0895214117616154,0.0222188368534895,0.0213780838512965));
#11243=CARTESIAN_POINT('',(0.0895214117616154,0.0212297978952362,0.0223881200975744));
#11244=CARTESIAN_POINT('',(0.0895214117616154,0.0202407589369829,0.0233981563438521));
#11245=CARTESIAN_POINT('',(0.0895214117616154,0.0202407589369829,0.0233981563438521));
#11246=CARTESIAN_POINT('',(0.0895214117616154,0.0227599360578322,0.021404387548958));
#11247=CARTESIAN_POINT('',(0.0895214117616154,0.0233010352621748,0.0214306912466195));
#11248=CARTESIAN_POINT('',(0.0895214117616154,0.0233010352621748,0.0214306912466195));
#11249=CARTESIAN_POINT('',(0.0895214117616154,0.0227599360578322,0.021404387548958));
#11250=CARTESIAN_POINT('',(0.0895214117616154,0.022112827467862,0.0225751787389625));
#11251=CARTESIAN_POINT('',(0.0895214117616154,0.0209246196735492,0.0237196662313055));
#11252=CARTESIAN_POINT('',(0.0895214117616154,0.0209246196735492,0.0237196662313055));
#11253=CARTESIAN_POINT('',(0.0895214117616154,0.022112827467862,0.0225751787389625));
#11254=CARTESIAN_POINT('',(0.0895214117616154,0.0219918768858352,0.024964915242421));
#11255=CARTESIAN_POINT('',(0.0895214117616154,0.0230591340981212,0.0262101642535367));
#11256=CARTESIAN_POINT('',(0.0895214117616154,0.0230591340981212,0.0262101642535367));
#11257=CARTESIAN_POINT('',(0.0895214117616154,0.0219918768858352,0.024964915242421));
#11258=CARTESIAN_POINT('',(0.0895214117616154,0.0225057681611864,0.0261832642503866));
#11259=CARTESIAN_POINT('',(0.0895214117616154,0.0219524022242516,0.0261563642472366));
#11260=CARTESIAN_POINT('',(0.0895214117616154,0.0219524022242516,0.0261563642472366));
#11261=CARTESIAN_POINT('',(0.0895214117616154,0.0225057681611864,0.0261832642503866));
#11262=CARTESIAN_POINT('',(0.0895214117616154,0.0210832299632903,0.0250518988085797));
#11263=CARTESIAN_POINT('',(0.0895214117616154,0.0202140577023289,0.0239474333699228));
#11264=CARTESIAN_POINT('',(0.0895214117616154,0.0202140577023289,0.0239474333699228));
#11265=CARTESIAN_POINT('',(0.0895214117616154,0.0210832299632903,0.0250518988085797));
#11266=CARTESIAN_POINT('',(0.0895214117616154,0.0201218291201002,0.0258446880108422));
#11267=CARTESIAN_POINT('',(0.0895214117616154,0.0200296005378715,0.0277419426517615));
#11268=CARTESIAN_POINT('',(0.0895214117616154,0.0200296005378715,0.0277419426517615));
#11269=CARTESIAN_POINT('',(0.0895214117616154,0.0201218291201002,0.0258446880108422));
#11270=CARTESIAN_POINT('',(0.0895214117616154,0.0196329761840586,0.0277226621076318));
#11271=CARTESIAN_POINT('',(0.0895214117616154,0.0192363518302458,0.0277033815635022));
#11272=CARTESIAN_POINT('',(0.0895214117616154,0.0192363518302458,0.0277033815635022));
#11273=CARTESIAN_POINT('',(0.0895214117616154,0.0196329761840586,0.0277226621076318));
#11274=CARTESIAN_POINT('',(0.0895214117616154,0.0193932464298992,0.0244758679214784));
#11275=CARTESIAN_POINT('',(0.0895214117616154,0.0195501410295527,0.0212483542794547));
#11276=CARTESIAN_POINT('',(0.0895214117616154,0.0195501410295527,0.0212483542794547));
#11277=CARTESIAN_POINT('',(0.0895214117616154,0.0193932464298992,0.0244758679214784));
#11278=CARTESIAN_POINT('',(0.0895214117616154,0.0199467653833656,0.0212676348235844));
#11279=CARTESIAN_POINT('',(0.0895214117616154,0.0203433897371785,0.0212869153677141));
#11280=CARTESIAN_POINT('',(0.0895214117616154,0.0203433897371785,0.0212869153677141));
#11281=CARTESIAN_POINT('',(0.0895214117616154,0.0199467653833656,0.0212676348235844));
#11282=CARTESIAN_POINT('',(0.0895214117616154,0.0202920743370806,0.0223425358557831));
#11283=CARTESIAN_POINT('',(0.0895214117616154,0.0202920743370806,0.0223425358557831));
#11284=CARTESIAN_POINT('',(0.0895214117616154,0.0245822242672899,0.0137879834734106));
#11285=CARTESIAN_POINT('',(0.0895214117616154,0.0323535553414391,0.0260369485029534));
#11286=CARTESIAN_POINT('',(0.0895214117616154,0.0322600347639852,0.0279607810644891));
#11287=CARTESIAN_POINT('',(0.0895214117616154,0.0322600347639852,0.0279607810644891));
#11288=CARTESIAN_POINT('',(0.0895214117616154,0.0323535553414391,0.0260369485029534));
#11289=CARTESIAN_POINT('',(0.0895214117616154,0.032447075918893,0.0241131159414178));
#11290=CARTESIAN_POINT('',(0.0895214117616154,0.032447075918893,0.0241131159414178));
#11291=CARTESIAN_POINT('',(0.0895214117616154,0.0318634104101723,0.0279415005203594));
#11292=CARTESIAN_POINT('',(0.0895214117616154,0.0314667860563594,0.0279222199762297));
#11293=CARTESIAN_POINT('',(0.0895214117616154,0.0314667860563594,0.0279222199762297));
#11294=CARTESIAN_POINT('',(0.0895214117616154,0.0318634104101723,0.0279415005203594));
#11295=CARTESIAN_POINT('',(0.0895214117616154,0.0315600747372345,0.026003157810702));
#11296=CARTESIAN_POINT('',(0.0895214117616154,0.0316533634181096,0.0240840956451745));
#11297=CARTESIAN_POINT('',(0.0895214117616154,0.0316533634181096,0.0240840956451745));
#11298=CARTESIAN_POINT('',(0.0895214117616154,0.0315600747372345,0.026003157810702));
#11299=CARTESIAN_POINT('',(0.0895214117616154,0.032016728134901,0.0228202721275668));
#11300=CARTESIAN_POINT('',(0.0905214117616154,0.032016728134901,0.0228202721275668));
#11301=CARTESIAN_POINT('',(0.0895214117616154,0.0317990881131231,0.0231567048390217));
#11302=CARTESIAN_POINT('',(0.0905214117616154,0.0317990881131231,0.0231567048390217));
#11303=CARTESIAN_POINT('',(0.0895214117616154,0.0316779665408593,0.0235779793448909));
#11304=CARTESIAN_POINT('',(0.0905214117616154,0.0316779665408593,0.0235779793448909));
#11305=CARTESIAN_POINT('',(0.0895214117616154,0.0316533634181096,0.0240840956451745));
#11306=CARTESIAN_POINT('',(0.0905214117616154,0.0316533634181096,0.0240840956451745));
#11307=CARTESIAN_POINT('',(0.0895214117616154,0.032016728134901,0.0228202721275668));
#11308=CARTESIAN_POINT('',(0.0895214117616154,0.032016728134901,0.0228202721275668));
#11309=CARTESIAN_POINT('',(0.0895214117616154,0.032016728134901,0.0228202721275668));
#11310=CARTESIAN_POINT('',(0.0895214117616154,0.0316902681022341,0.0233249211947491));
#11311=CARTESIAN_POINT('',(0.0895214117616154,0.0316533634181096,0.0240840956451745));
#11312=CARTESIAN_POINT('',(0.0895214117616153,0.0336196238381576,0.0238257465192731));
#11313=CARTESIAN_POINT('',(0.0895214117616154,0.0328740888808389,0.0220880025428899));
#11314=CARTESIAN_POINT('',(0.0895214117616154,0.0328740888808389,0.0220880025428899));
#11315=CARTESIAN_POINT('',(0.0895214117616154,0.0336196238381576,0.0238257465192731));
#11316=CARTESIAN_POINT('',(0.0895214117616154,0.0340510375106299,0.0218917874477921));
#11317=CARTESIAN_POINT('',(0.0905214117616154,0.0340510375106299,0.0218917874477921));
#11318=CARTESIAN_POINT('',(0.0895214117616154,0.0336203388996166,0.0218708504995276));
#11319=CARTESIAN_POINT('',(0.0905214117616154,0.0336203388996166,0.0218708504995276));
#11320=CARTESIAN_POINT('',(0.0895214117616154,0.0332280226896862,0.0219362555312268));
#11321=CARTESIAN_POINT('',(0.0905214117616154,0.0332280226896862,0.0219362555312268));
#11322=CARTESIAN_POINT('',(0.0895214117616154,0.0328740888808389,0.0220880025428899));
#11323=CARTESIAN_POINT('',(0.0905214117616154,0.0328740888808389,0.0220880025428899));
#11324=CARTESIAN_POINT('',(0.0895214117616154,0.0340510375106299,0.0218917874477921));
#11325=CARTESIAN_POINT('',(0.0895214117616154,0.0340510375106299,0.0218917874477921));
#11326=CARTESIAN_POINT('',(0.0895214117616154,0.0340510375106299,0.0218917874477921));
#11327=CARTESIAN_POINT('',(0.0895214117616154,0.0334049895941099,0.0218603820253953));
#11328=CARTESIAN_POINT('',(0.0895214117616154,0.0328740888808389,0.0220880025428899));
#11329=CARTESIAN_POINT('',(0.0895214117616154,0.0352027236179156,0.0222012012014659));
#11330=CARTESIAN_POINT('',(0.0905214117616154,0.0352027236179156,0.0222012012014659));
#11331=CARTESIAN_POINT('',(0.0895214117616154,0.0348647228438797,0.0220158181431711));
#11332=CARTESIAN_POINT('',(0.0905214117616154,0.0348647228438797,0.0220158181431711));
#11333=CARTESIAN_POINT('',(0.0895214117616154,0.0344808274747845,0.0219126802252798));
#11334=CARTESIAN_POINT('',(0.0905214117616154,0.0344808274747845,0.0219126802252798));
#11335=CARTESIAN_POINT('',(0.0895214117616154,0.0340510375106299,0.0218917874477921));
#11336=CARTESIAN_POINT('',(0.0905214117616154,0.0340510375106299,0.0218917874477921));
#11337=CARTESIAN_POINT('',(0.0895214117616154,0.0352027236179156,0.0222012012014659));
#11338=CARTESIAN_POINT('',(0.0895214117616154,0.0352027236179156,0.0222012012014659));
#11339=CARTESIAN_POINT('',(0.0895214117616154,0.0352027236179156,0.0222012012014659));
#11340=CARTESIAN_POINT('',(0.0895214117616154,0.0346957224568618,0.0219231266140236));
#11341=CARTESIAN_POINT('',(0.0895214117616154,0.0340510375106299,0.0218917874477921));
#11342=CARTESIAN_POINT('',(0.0895214117616153,0.0342807599197176,0.0238790097960897));
#11343=CARTESIAN_POINT('',(0.0895214117616154,0.0359897865244699,0.0230134088496909));
#11344=CARTESIAN_POINT('',(0.0895214117616154,0.0359897865244699,0.0230134088496909));
#11345=CARTESIAN_POINT('',(0.0895214117616154,0.0342807599197176,0.0238790097960897));
#11346=CARTESIAN_POINT('',(0.0895214117616154,0.0362329435858459,0.024306716360899));
#11347=CARTESIAN_POINT('',(0.0905214117616154,0.0362329435858459,0.024306716360899));
#11348=CARTESIAN_POINT('',(0.0895214117616154,0.0362575467085956,0.0238006000606154));
#11349=CARTESIAN_POINT('',(0.0905214117616154,0.0362575467085956,0.0238006000606154));
#11350=CARTESIAN_POINT('',(0.0895214117616154,0.0361764943548036,0.0233694975568794));
#11351=CARTESIAN_POINT('',(0.0905214117616154,0.0361764943548036,0.0233694975568794));
#11352=CARTESIAN_POINT('',(0.0895214117616154,0.0359897865244699,0.0230134088496909));
#11353=CARTESIAN_POINT('',(0.0905214117616154,0.0359897865244699,0.0230134088496909));
#11354=CARTESIAN_POINT('',(0.0895214117616154,0.0362329435858459,0.024306716360899));
#11355=CARTESIAN_POINT('',(0.0895214117616154,0.0362329435858459,0.024306716360899));
#11356=CARTESIAN_POINT('',(0.0895214117616154,0.0362329435858459,0.024306716360899));
#11357=CARTESIAN_POINT('',(0.0895214117616154,0.0362698482699705,0.0235475419104736));
#11358=CARTESIAN_POINT('',(0.0895214117616154,0.0359897865244699,0.0230134088496909));
#11359=CARTESIAN_POINT('',(0.0895214117616154,0.0361396549049708,0.0262257785264266));
#11360=CARTESIAN_POINT('',(0.0895214117616154,0.0360463662240958,0.0281448406919542));
#11361=CARTESIAN_POINT('',(0.0895214117616154,0.0360463662240958,0.0281448406919542));
#11362=CARTESIAN_POINT('',(0.0895214117616154,0.0361396549049708,0.0262257785264266));
#11363=CARTESIAN_POINT('',(0.0895214117616154,0.0356497418702829,0.0281255601478245));
#11364=CARTESIAN_POINT('',(0.0895214117616154,0.03525311751647,0.0281062796036948));
#11365=CARTESIAN_POINT('',(0.0895214117616154,0.03525311751647,0.0281062796036948));
#11366=CARTESIAN_POINT('',(0.0895214117616154,0.0356497418702829,0.0281255601478245));
#11367=CARTESIAN_POINT('',(0.0895214117616154,0.035346638093924,0.0261824470421591));
#11368=CARTESIAN_POINT('',(0.0895214117616154,0.0354401586713779,0.0242586144806234));
#11369=CARTESIAN_POINT('',(0.0895214117616154,0.0354401586713779,0.0242586144806234));
#11370=CARTESIAN_POINT('',(0.0895214117616154,0.035346638093924,0.0261824470421591));
#11371=CARTESIAN_POINT('',(0.0895214117616154,0.0351013570264641,0.0230357980440922));
#11372=CARTESIAN_POINT('',(0.0905214117616154,0.0351013570264641,0.0230357980440922));
#11373=CARTESIAN_POINT('',(0.0895214117616154,0.035353506402013,0.0233103641208664));
#11374=CARTESIAN_POINT('',(0.0905214117616154,0.035353506402013,0.0233103641208664));
#11375=CARTESIAN_POINT('',(0.0895214117616154,0.0354664402836509,0.0237179695997101));
#11376=CARTESIAN_POINT('',(0.0905214117616154,0.0354664402836509,0.0237179695997101));
#11377=CARTESIAN_POINT('',(0.0895214117616154,0.0354401586713778,0.0242586144806234));
#11378=CARTESIAN_POINT('',(0.0905214117616154,0.0354401586713778,0.0242586144806234));
#11379=CARTESIAN_POINT('',(0.0895214117616154,0.0351013570264641,0.0230357980440922));
#11380=CARTESIAN_POINT('',(0.0895214117616154,0.0351013570264641,0.0230357980440922));
#11381=CARTESIAN_POINT('',(0.0895214117616154,0.0351013570264641,0.0230357980440922));
#11382=CARTESIAN_POINT('',(0.0895214117616154,0.0354795810897875,0.0234476471592534));
#11383=CARTESIAN_POINT('',(0.0895214117616154,0.0354401586713778,0.0242586144806234));
#11384=CARTESIAN_POINT('',(0.0895214117616154,0.0340252921756762,0.0225900257722491));
#11385=CARTESIAN_POINT('',(0.0905214117616154,0.0340252921756762,0.0225900257722491));
#11386=CARTESIAN_POINT('',(0.0895214117616154,0.0344905193673192,0.022612641210037));
#11387=CARTESIAN_POINT('',(0.0905214117616154,0.0344905193673192,0.022612641210037));
#11388=CARTESIAN_POINT('',(0.0895214117616154,0.0348492076509152,0.022761231967318));
#11389=CARTESIAN_POINT('',(0.0905214117616154,0.0348492076509152,0.022761231967318));
#11390=CARTESIAN_POINT('',(0.0895214117616154,0.0351013570264641,0.0230357980440922));
#11391=CARTESIAN_POINT('',(0.0905214117616154,0.0351013570264641,0.0230357980440922));
#11392=CARTESIAN_POINT('',(0.0895214117616154,0.0340252921756762,0.0225900257722491));
#11393=CARTESIAN_POINT('',(0.0895214117616154,0.0340252921756762,0.0225900257722491));
#11394=CARTESIAN_POINT('',(0.0895214117616154,0.0340252921756762,0.0225900257722491));
#11395=CARTESIAN_POINT('',(0.0895214117616154,0.0347231329631407,0.022623948928931));
#11396=CARTESIAN_POINT('',(0.0895214117616154,0.0351013570264641,0.0230357980440922));
#11397=CARTESIAN_POINT('',(0.0895214117616154,0.032902885951893,0.0229289268493113));
#11398=CARTESIAN_POINT('',(0.0905214117616154,0.032902885951893,0.0229289268493113));
#11399=CARTESIAN_POINT('',(0.0895214117616154,0.0331804776949533,0.022680112335487));
#11400=CARTESIAN_POINT('',(0.0905214117616154,0.0331804776949533,0.022680112335487));
#11401=CARTESIAN_POINT('',(0.0895214117616154,0.033554613102881,0.0225671453097996));
#11402=CARTESIAN_POINT('',(0.0905214117616154,0.033554613102881,0.0225671453097996));
#11403=CARTESIAN_POINT('',(0.0895214117616154,0.0340252921756762,0.0225900257722491));
#11404=CARTESIAN_POINT('',(0.0905214117616154,0.0340252921756762,0.0225900257722491));
#11405=CARTESIAN_POINT('',(0.0895214117616154,0.032902885951893,0.0229289268493113));
#11406=CARTESIAN_POINT('',(0.0895214117616154,0.032902885951893,0.0229289268493113));
#11407=CARTESIAN_POINT('',(0.0895214117616154,0.032902885951893,0.0229289268493113));
#11408=CARTESIAN_POINT('',(0.0895214117616154,0.0333192735664835,0.0225557050785749));
#11409=CARTESIAN_POINT('',(0.0895214117616154,0.0340252921756762,0.0225900257722491));
#11410=CARTESIAN_POINT('',(0.0895214117616154,0.032447075918893,0.0241131159414178));
#11411=CARTESIAN_POINT('',(0.0905214117616154,0.032447075918893,0.0241131159414178));
#11412=CARTESIAN_POINT('',(0.0895214117616154,0.0324733575311661,0.0235724710605044));
#11413=CARTESIAN_POINT('',(0.0905214117616154,0.0324733575311661,0.0235724710605044));
#11414=CARTESIAN_POINT('',(0.0895214117616154,0.0326252942088327,0.0231777413631356));
#11415=CARTESIAN_POINT('',(0.0905214117616154,0.0326252942088327,0.0231777413631356));
#11416=CARTESIAN_POINT('',(0.0895214117616154,0.032902885951893,0.0229289268493113));
#11417=CARTESIAN_POINT('',(0.0905214117616154,0.032902885951893,0.0229289268493113));
#11418=CARTESIAN_POINT('',(0.0895214117616154,0.032447075918893,0.0241131159414178));
#11419=CARTESIAN_POINT('',(0.0895214117616154,0.0324864983373026,0.0233021486200478));
#11420=CARTESIAN_POINT('',(0.0895214117616154,0.032902885951893,0.0229289268493113));
#11421=CARTESIAN_POINT('',(0.0895214117616154,0.0245822242672899,0.0137879834734106));
#11422=CARTESIAN_POINT('',(0.0895214117616154,0.0443560942522995,0.0263628840906351));
#11423=CARTESIAN_POINT('',(0.0895214117616154,0.0442977883477494,0.0285459555172508));
#11424=CARTESIAN_POINT('',(0.0895214117616154,0.0442977883477494,0.0285459555172508));
#11425=CARTESIAN_POINT('',(0.0895214117616154,0.0443560942522995,0.0263628840906351));
#11426=CARTESIAN_POINT('',(0.0895214117616154,0.0444144001568497,0.0241798126640195));
#11427=CARTESIAN_POINT('',(0.0895214117616154,0.0444144001568497,0.0241798126640195));
#11428=CARTESIAN_POINT('',(0.0895214117616154,0.043870497162456,0.0285251842093997));
#11429=CARTESIAN_POINT('',(0.0895214117616154,0.0434432059771628,0.0285044129015486));
#11430=CARTESIAN_POINT('',(0.0895214117616154,0.0434432059771628,0.0285044129015486));
#11431=CARTESIAN_POINT('',(0.0895214117616154,0.043870497162456,0.0285251842093997));
#11432=CARTESIAN_POINT('',(0.0895214117616154,0.0435969198018741,0.0263259794065106));
#11433=CARTESIAN_POINT('',(0.0895214117616154,0.0437506336265854,0.0241475459114725));
#11434=CARTESIAN_POINT('',(0.0895214117616154,0.0437506336265854,0.0241475459114725));
#11435=CARTESIAN_POINT('',(0.0895214117616154,0.0435969198018741,0.0263259794065106));
#11436=CARTESIAN_POINT('',(0.0895214117616154,0.0440825168917175,0.024163679287746));
#11437=CARTESIAN_POINT('',(0.0895214117616154,0.0440825168917175,0.024163679287746));
#11438=CARTESIAN_POINT('',(0.0895214117616154,0.0245822242672899,0.0137879834734106));
#11439=CARTESIAN_POINT('',(0.0895214117616154,0.0441670201994251,0.0229165252296236));
#11440=CARTESIAN_POINT('',(0.0895214117616154,0.044203339392909,0.0223948704158297));
#11441=CARTESIAN_POINT('',(0.0895214117616154,0.0442033249370336,0.0223950864544711));
#11442=CARTESIAN_POINT('',(0.0895214117616154,0.0441670201994251,0.0229165252296236));
#11443=CARTESIAN_POINT('',(0.0895214117616154,0.0438120173253851,0.0225331664930951));
#11444=CARTESIAN_POINT('',(0.0895214117616154,0.0438120173253851,0.0225331664930951));
#11445=CARTESIAN_POINT('',(0.0895214117616153,0.0441875041858116,0.0228922185299995));
#11446=CARTESIAN_POINT('',(0.0895214117616154,0.0445664478522293,0.0225696336759389));
#11447=CARTESIAN_POINT('',(0.0895214117616154,0.0445663248989105,0.0225697356010003));
#11448=CARTESIAN_POINT('',(0.0895214117616154,0.0441875041858116,0.0228922185299995));
#11449=CARTESIAN_POINT('',(0.0895214117616154,0.0441738083796212,0.0229219245835083));
#11450=CARTESIAN_POINT('',(0.0895214117616154,0.0447004825420114,0.0229600490173958));
#11451=CARTESIAN_POINT('',(0.0895214117616154,0.0447001911055557,0.0229600304130427));
#11452=CARTESIAN_POINT('',(0.0895214117616154,0.0441738083796212,0.0229219245835083));
#11453=CARTESIAN_POINT('',(0.0895214117616153,0.0441708328842539,0.0229475939155371));
#11454=CARTESIAN_POINT('',(0.0895214117616154,0.0445291456311123,0.0233369859480923));
#11455=CARTESIAN_POINT('',(0.0895214117616154,0.044529051000981,0.0233368893532289));
#11456=CARTESIAN_POINT('',(0.0895214117616154,0.0441708328842539,0.0229475939155371));
#11457=CARTESIAN_POINT('',(0.0895214117616154,0.0441832774897604,0.0229791668329298));
#11458=CARTESIAN_POINT('',(0.0895214117616154,0.0441507982537514,0.023475705854227));
#11459=CARTESIAN_POINT('',(0.0895214117616154,0.0441508088855767,0.0234754897847503));
#11460=CARTESIAN_POINT('',(0.0895214117616154,0.0441832774897604,0.0229791668329298));
#11461=CARTESIAN_POINT('',(0.0895214117616153,0.0441652476899012,0.0229529879165548));
#11462=CARTESIAN_POINT('',(0.0895214117616154,0.0437747415766951,0.0233003131605467));
#11463=CARTESIAN_POINT('',(0.0895214117616154,0.0437747911698709,0.0233002688603563));
#11464=CARTESIAN_POINT('',(0.0895214117616154,0.0441652476899012,0.0229529879165548));
#11465=CARTESIAN_POINT('',(0.0895214117616154,0.0441558594577321,0.0229454066130372));
#11466=CARTESIAN_POINT('',(0.0895214117616154,0.0436360027470703,0.0229083029522229));
#11467=CARTESIAN_POINT('',(0.0895214117616154,0.0436362464795755,0.02290831965688));
#11468=CARTESIAN_POINT('',(0.0895214117616154,0.0441558594577321,0.0229454066130372));
#11469=CARTESIAN_POINT('',(0.0895214117616153,0.0441553138714896,0.0229224967402379));
#11470=CARTESIAN_POINT('',(0.0895214117616154,0.0441553138714896,0.0229224967402379));
#11471=CARTESIAN_POINT('',(0.0895214117616154,0.0245822242672899,0.0137879834734106));
#11472=CARTESIAN_POINT('',(0.0895214117616154,0.0172882149451205,0.0235428947820338));
#11473=CARTESIAN_POINT('',(0.0905214117616154,0.0172882149451205,0.0235428947820338));
#11474=CARTESIAN_POINT('',(0.0895214117616154,0.0172706791466795,0.0239036275849288));
#11475=CARTESIAN_POINT('',(0.0905214117616154,0.0172706791466795,0.0239036275849288));
#11476=CARTESIAN_POINT('',(0.0895214117616154,0.0171827153518619,0.0242142585741624));
#11477=CARTESIAN_POINT('',(0.0905214117616154,0.0171827153518619,0.0242142585741624));
#11478=CARTESIAN_POINT('',(0.0895214117616154,0.0170243235606677,0.0244747877497343));
#11479=CARTESIAN_POINT('',(0.0905214117616154,0.0170243235606677,0.0244747877497343));
#11480=CARTESIAN_POINT('',(0.0905214117616154,0.0172882149451205,0.0235428947820338));
#11481=CARTESIAN_POINT('',(0.0905214117616154,0.017261911247459,0.0240839939863764));
#11482=CARTESIAN_POINT('',(0.0905214117616154,0.0170243235606677,0.0244747877497343));
#11483=CARTESIAN_POINT('',(0.0905214117616154,0.0172882149451205,0.0235428947820338));
#11484=CARTESIAN_POINT('',(0.0905214117616154,0.0170243235606677,0.0244747877497343));
#11485=CARTESIAN_POINT('',(0.0895214117616154,0.0172882149451205,0.0235428947820338));
#11486=CARTESIAN_POINT('',(0.0895214117616154,0.0172882149451205,0.0235428947820338));
#11487=CARTESIAN_POINT('',(0.0895214117616154,0.0172882149451205,0.0235428947820338));
#11488=CARTESIAN_POINT('',(0.0895214117616154,0.017261911247459,0.0240839939863764));
#11489=CARTESIAN_POINT('',(0.0895214117616154,0.0170243235606677,0.0244747877497343));
#11490=CARTESIAN_POINT('',(0.0895214117616154,0.0170243235606677,0.0244747877497343));
#11491=CARTESIAN_POINT('',(0.0895214117616154,0.0170243235606677,0.0244747877497343));
#11492=CARTESIAN_POINT('',(0.0895214117616154,0.0171161546059041,0.022585710930543));
#11493=CARTESIAN_POINT('',(0.0905214117616154,0.0171161546059041,0.022585710930543));
#11494=CARTESIAN_POINT('',(0.0895214117616154,0.017248397297156,0.0228631006953084));
#11495=CARTESIAN_POINT('',(0.0905214117616154,0.017248397297156,0.0228631006953084));
#11496=CARTESIAN_POINT('',(0.0895214117616154,0.0173057507435615,0.0231821619791386));
#11497=CARTESIAN_POINT('',(0.0905214117616154,0.0173057507435615,0.0231821619791386));
#11498=CARTESIAN_POINT('',(0.0895214117616154,0.0172882149451205,0.0235428947820338));
#11499=CARTESIAN_POINT('',(0.0905214117616154,0.0172882149451205,0.0235428947820338));
#11500=CARTESIAN_POINT('',(0.0905214117616154,0.0171161546059041,0.022585710930543));
#11501=CARTESIAN_POINT('',(0.0905214117616154,0.017314518642782,0.0230017955776911));
#11502=CARTESIAN_POINT('',(0.0905214117616154,0.0172882149451205,0.0235428947820338));
#11503=CARTESIAN_POINT('',(0.0905214117616154,0.0171161546059041,0.022585710930543));
#11504=CARTESIAN_POINT('',(0.0895214117616154,0.0171161546059041,0.022585710930543));
#11505=CARTESIAN_POINT('',(0.0895214117616154,0.0171161546059041,0.022585710930543));
#11506=CARTESIAN_POINT('',(0.0895214117616154,0.0171161546059041,0.022585710930543));
#11507=CARTESIAN_POINT('',(0.0895214117616154,0.017314518642782,0.0230017955776911));
#11508=CARTESIAN_POINT('',(0.0895214117616154,0.0172882149451205,0.0235428947820338));
#11509=CARTESIAN_POINT('',(0.0895214117616153,0.0157172992200678,0.0232229715124531));
#11510=CARTESIAN_POINT('',(0.0905214117616154,0.0157172992200678,0.0232229715124531));
#11511=CARTESIAN_POINT('',(0.0905214117616154,0.0165576325502394,0.0219373620505252));
#11512=CARTESIAN_POINT('',(0.0895214117616154,0.0165574648686525,0.0219376182711891));
#11513=CARTESIAN_POINT('',(0.0895214117616154,0.0165576325502394,0.0219373620505252));
#11514=CARTESIAN_POINT('',(0.0895214117616154,0.0157172992200678,0.0232229715124531));
#11515=CARTESIAN_POINT('',(0.0895214117616153,0.0156912193139724,0.0232878225127995));
#11516=CARTESIAN_POINT('',(0.0905214117616154,0.0156912193139724,0.0232878225127995));
#11517=CARTESIAN_POINT('',(0.0905214117616154,0.0157514348827531,0.0216842563124389));
#11518=CARTESIAN_POINT('',(0.0895214117616154,0.0157514478840974,0.0216839444928993));
#11519=CARTESIAN_POINT('',(0.0895214117616154,0.0157514348827531,0.0216842563124389));
#11520=CARTESIAN_POINT('',(0.0895214117616154,0.0156912193139724,0.0232878225127995));
#11521=CARTESIAN_POINT('',(0.0895214117616153,0.0156557257771415,0.0232615892091348));
#11522=CARTESIAN_POINT('',(0.0905214117616154,0.0156557257771415,0.0232615892091348));
#11523=CARTESIAN_POINT('',(0.0905214117616154,0.0149300783447605,0.0218585084097084));
#11524=CARTESIAN_POINT('',(0.0895214117616154,0.0149300783447605,0.0218585084097084));
#11525=CARTESIAN_POINT('',(0.0895214117616154,0.0149300783447605,0.0218585084097084));
#11526=CARTESIAN_POINT('',(0.0895214117616154,0.0156557257771415,0.0232615892091348));
#11527=CARTESIAN_POINT('',(0.0895214117616154,0.0143152506640296,0.0224495545106579));
#11528=CARTESIAN_POINT('',(0.0905214117616154,0.0143152506640296,0.0224495545106579));
#11529=CARTESIAN_POINT('',(0.0895214117616154,0.0144737749675546,0.02218629939451));
#11530=CARTESIAN_POINT('',(0.0905214117616154,0.0144737749675546,0.02218629939451));
#11531=CARTESIAN_POINT('',(0.0895214117616154,0.0146787175277982,0.0219892840275268));
#11532=CARTESIAN_POINT('',(0.0905214117616154,0.0146787175277982,0.0219892840275268));
#11533=CARTESIAN_POINT('',(0.0895214117616154,0.0149300783447605,0.0218585084097084));
#11534=CARTESIAN_POINT('',(0.0905214117616154,0.0149300783447605,0.0218585084097084));
#11535=CARTESIAN_POINT('',(0.0905214117616154,0.0143152506640296,0.0224495545106579));
#11536=CARTESIAN_POINT('',(0.0905214117616154,0.0145530371193171,0.022054671836436));
#11537=CARTESIAN_POINT('',(0.0905214117616154,0.0149300783447605,0.0218585084097084));
#11538=CARTESIAN_POINT('',(0.0905214117616154,0.0143152506640296,0.0224495545106579));
#11539=CARTESIAN_POINT('',(0.0895214117616154,0.0143152506640296,0.0224495545106579));
#11540=CARTESIAN_POINT('',(0.0895214117616154,0.0143152506640296,0.0224495545106579));
#11541=CARTESIAN_POINT('',(0.0895214117616154,0.0143152506640296,0.0224495545106579));
#11542=CARTESIAN_POINT('',(0.0895214117616154,0.0145530371193171,0.022054671836436));
#11543=CARTESIAN_POINT('',(0.0895214117616154,0.0149300783447605,0.0218585084097084));
#11544=CARTESIAN_POINT('',(0.0895214117616154,0.0140507629740883,0.0233937142109506));
#11545=CARTESIAN_POINT('',(0.0905214117616154,0.0140507629740883,0.0233937142109506));
#11546=CARTESIAN_POINT('',(0.0895214117616154,0.0140685637971909,0.0230275295269034));
#11547=CARTESIAN_POINT('',(0.0905214117616154,0.0140685637971909,0.0230275295269034));
#11548=CARTESIAN_POINT('',(0.0895214117616154,0.0141567263605046,0.0227128096268058));
#11549=CARTESIAN_POINT('',(0.0905214117616154,0.0141567263605046,0.0227128096268058));
#11550=CARTESIAN_POINT('',(0.0895214117616154,0.0143152506640296,0.0224495545106579));
#11551=CARTESIAN_POINT('',(0.0905214117616154,0.0143152506640296,0.0224495545106579));
#11552=CARTESIAN_POINT('',(0.0905214117616154,0.0140507629740883,0.0233937142109506));
#11553=CARTESIAN_POINT('',(0.0905214117616154,0.0140774642087422,0.0228444371848798));
#11554=CARTESIAN_POINT('',(0.0905214117616154,0.0143152506640296,0.0224495545106579));
#11555=CARTESIAN_POINT('',(0.0905214117616154,0.0140507629740883,0.0233937142109506));
#11556=CARTESIAN_POINT('',(0.0895214117616154,0.0140507629740883,0.0233937142109506));
#11557=CARTESIAN_POINT('',(0.0895214117616154,0.0140507629740883,0.0233937142109506));
#11558=CARTESIAN_POINT('',(0.0895214117616154,0.0140507629740883,0.0233937142109506));
#11559=CARTESIAN_POINT('',(0.0895214117616154,0.0140774642087422,0.0228444371848798));
#11560=CARTESIAN_POINT('',(0.0895214117616154,0.0143152506640296,0.0224495545106579));
#11561=CARTESIAN_POINT('',(0.0895214117616154,0.0142230220818009,0.0243468091515772));
#11562=CARTESIAN_POINT('',(0.0905214117616154,0.0142230220818009,0.0243468091515772));
#11563=CARTESIAN_POINT('',(0.0895214117616154,0.0140906468782182,0.0240721453273879));
#11564=CARTESIAN_POINT('',(0.0905214117616154,0.0140906468782182,0.0240721453273879));
#11565=CARTESIAN_POINT('',(0.0895214117616154,0.0140332271756473,0.0237544470138457));
#11566=CARTESIAN_POINT('',(0.0905214117616154,0.0140332271756473,0.0237544470138457));
#11567=CARTESIAN_POINT('',(0.0895214117616154,0.0140507629740883,0.0233937142109506));
#11568=CARTESIAN_POINT('',(0.0905214117616154,0.0140507629740883,0.0233937142109506));
#11569=CARTESIAN_POINT('',(0.0905214117616154,0.0142230220818009,0.0243468091515772));
#11570=CARTESIAN_POINT('',(0.0905214117616154,0.0140244592764268,0.0239348134152933));
#11571=CARTESIAN_POINT('',(0.0905214117616154,0.0140507629740883,0.0233937142109506));
#11572=CARTESIAN_POINT('',(0.0905214117616154,0.0142230220818009,0.0243468091515772));
#11573=CARTESIAN_POINT('',(0.0895214117616154,0.0142230220818009,0.0243468091515772));
#11574=CARTESIAN_POINT('',(0.0895214117616154,0.0142230220818009,0.0243468091515772));
#11575=CARTESIAN_POINT('',(0.0895214117616154,0.0142230220818009,0.0243468091515772));
#11576=CARTESIAN_POINT('',(0.0895214117616154,0.0140244592764268,0.0239348134152933));
#11577=CARTESIAN_POINT('',(0.0895214117616154,0.0140507629740883,0.0233937142109506));
#11578=CARTESIAN_POINT('',(0.0895214117616154,0.0147780535732635,0.0249858437355629));
#11579=CARTESIAN_POINT('',(0.0905214117616154,0.0147780535732635,0.0249858437355629));
#11580=CARTESIAN_POINT('',(0.0895214117616154,0.0145404077825378,0.0248344845037618));
#11581=CARTESIAN_POINT('',(0.0905214117616154,0.0145404077825378,0.0248344845037618));
#11582=CARTESIAN_POINT('',(0.0895214117616154,0.0143553972853836,0.0246214729757666));
#11583=CARTESIAN_POINT('',(0.0905214117616154,0.0143553972853836,0.0246214729757666));
#11584=CARTESIAN_POINT('',(0.0895214117616154,0.0142230220818009,0.0243468091515772));
#11585=CARTESIAN_POINT('',(0.0905214117616154,0.0142230220818009,0.0243468091515772));
#11586=CARTESIAN_POINT('',(0.0905214117616154,0.0147780535732635,0.0249858437355629));
#11587=CARTESIAN_POINT('',(0.0905214117616154,0.014421584887175,0.0247588048878612));
#11588=CARTESIAN_POINT('',(0.0905214117616154,0.0142230220818009,0.0243468091515772));
#11589=CARTESIAN_POINT('',(0.0905214117616154,0.0147780535732635,0.0249858437355629));
#11590=CARTESIAN_POINT('',(0.0895214117616154,0.0147780535732635,0.0249858437355629));
#11591=CARTESIAN_POINT('',(0.0895214117616154,0.0147780535732635,0.0249858437355629));
#11592=CARTESIAN_POINT('',(0.0895214117616154,0.0147780535732635,0.0249858437355629));
#11593=CARTESIAN_POINT('',(0.0895214117616154,0.014421584887175,0.0247588048878612));
#11594=CARTESIAN_POINT('',(0.0895214117616154,0.0142230220818009,0.0243468091515772));
#11595=CARTESIAN_POINT('',(0.0895214117616153,0.0156369541543953,0.0236268781360414));
#11596=CARTESIAN_POINT('',(0.0905214117616154,0.0156369541543953,0.0236268781360414));
#11597=CARTESIAN_POINT('',(0.0905214117616154,0.0155788628234927,0.0252341529617318));
#11598=CARTESIAN_POINT('',(0.0895214117616154,0.0155788505732455,0.025234482093183));
#11599=CARTESIAN_POINT('',(0.0895214117616154,0.0155788628234927,0.0252341529617318));
#11600=CARTESIAN_POINT('',(0.0895214117616154,0.0156369541543953,0.0236268781360414));
#11601=CARTESIAN_POINT('',(0.0895214117616153,0.0156748126659175,0.0236283354345615));
#11602=CARTESIAN_POINT('',(0.0905214117616154,0.0156748126659175,0.0236283354345615));
#11603=CARTESIAN_POINT('',(0.0905214117616154,0.0164057601739162,0.0250611002635088));
#11604=CARTESIAN_POINT('',(0.0895214117616154,0.0164056388656517,0.0250608646861795));
#11605=CARTESIAN_POINT('',(0.0895214117616154,0.0164057601739162,0.0250611002635088));
#11606=CARTESIAN_POINT('',(0.0895214117616154,0.0156748126659175,0.0236283354345615));
#11607=CARTESIAN_POINT('',(0.0895214117616154,0.0132397956527183,0.0233542917925411));
#11608=CARTESIAN_POINT('',(0.0905214117616154,0.0132397956527183,0.0233542917925411));
#11609=CARTESIAN_POINT('',(0.0895214117616154,0.0132160317747303,0.0238431438025097));
#11610=CARTESIAN_POINT('',(0.0905214117616154,0.0132160317747303,0.0238431438025097));
#11611=CARTESIAN_POINT('',(0.0895214117616154,0.0132939874712065,0.0242770558535114));
#11612=CARTESIAN_POINT('',(0.0905214117616154,0.0132939874712065,0.0242770558535114));
#11613=CARTESIAN_POINT('',(0.0895214117616154,0.0134736627421471,0.0246560279455461));
#11614=CARTESIAN_POINT('',(0.0905214117616154,0.0134736627421471,0.0246560279455461));
#11615=CARTESIAN_POINT('',(0.0895214117616154,0.0132397956527183,0.0233542917925411));
#11616=CARTESIAN_POINT('',(0.0895214117616154,0.0132397956527183,0.0233542917925411));
#11617=CARTESIAN_POINT('',(0.0895214117616154,0.0132397956527183,0.0233542917925411));
#11618=CARTESIAN_POINT('',(0.0895214117616154,0.0132041498357362,0.0240875698074941));
#11619=CARTESIAN_POINT('',(0.0895214117616154,0.0134736627421471,0.0246560279455461));
#11620=CARTESIAN_POINT('',(0.0895214117616154,0.0134736627421471,0.0246560279455461));
#11621=CARTESIAN_POINT('',(0.0895214117616154,0.0134736627421471,0.0246560279455461));
#11622=CARTESIAN_POINT('',(0.0895214117616154,0.0135989862789903,0.0220779696457624));
#11623=CARTESIAN_POINT('',(0.0905214117616154,0.0135989862789903,0.0220779696457624));
#11624=CARTESIAN_POINT('',(0.0895214117616154,0.0133829805440252,0.0224463595949902));
#11625=CARTESIAN_POINT('',(0.0905214117616154,0.0133829805440252,0.0224463595949902));
#11626=CARTESIAN_POINT('',(0.0895214117616154,0.0132632503352679,0.0228718003105831));
#11627=CARTESIAN_POINT('',(0.0905214117616154,0.0132632503352679,0.0228718003105831));
#11628=CARTESIAN_POINT('',(0.0895214117616154,0.0132397956527183,0.0233542917925411));
#11629=CARTESIAN_POINT('',(0.0905214117616154,0.0132397956527183,0.0233542917925411));
#11630=CARTESIAN_POINT('',(0.0895214117616154,0.0135989862789903,0.0220779696457624));
#11631=CARTESIAN_POINT('',(0.0895214117616154,0.0135989862789903,0.0220779696457624));
#11632=CARTESIAN_POINT('',(0.0895214117616154,0.0135989862789903,0.0220779696457624));
#11633=CARTESIAN_POINT('',(0.0895214117616154,0.0132749776765426,0.0226305545696041));
#11634=CARTESIAN_POINT('',(0.0895214117616154,0.0132397956527183,0.0233542917925411));
#11635=CARTESIAN_POINT('',(0.0895214117616154,0.0144534696964316,0.0212362649010518));
#11636=CARTESIAN_POINT('',(0.0905214117616154,0.0144534696964316,0.0212362649010518));
#11637=CARTESIAN_POINT('',(0.0895214117616154,0.0140998198197692,0.0214290114482977));
#11638=CARTESIAN_POINT('',(0.0905214117616154,0.0140998198197692,0.0214290114482977));
#11639=CARTESIAN_POINT('',(0.0895214117616154,0.0138149920139554,0.0217095796965346));
#11640=CARTESIAN_POINT('',(0.0905214117616154,0.0138149920139554,0.0217095796965346));
#11641=CARTESIAN_POINT('',(0.0895214117616154,0.0135989862789903,0.0220779696457624));
#11642=CARTESIAN_POINT('',(0.0905214117616154,0.0135989862789903,0.0220779696457624));
#11643=CARTESIAN_POINT('',(0.0895214117616154,0.0144534696964316,0.0212362649010518));
#11644=CARTESIAN_POINT('',(0.0895214117616154,0.0144534696964316,0.0212362649010518));
#11645=CARTESIAN_POINT('',(0.0895214117616154,0.0144534696964316,0.0212362649010518));
#11646=CARTESIAN_POINT('',(0.0895214117616154,0.0139229948814379,0.0215253847219206));
#11647=CARTESIAN_POINT('',(0.0895214117616154,0.0135989862789903,0.0220779696457624));
#11648=CARTESIAN_POINT('',(0.0895214117616154,0.0156204516359292,0.020978086709422));
#11649=CARTESIAN_POINT('',(0.0905214117616154,0.0156204516359292,0.020978086709422));
#11650=CARTESIAN_POINT('',(0.0895214117616154,0.0151961135529266,0.020957458956596));
#11651=CARTESIAN_POINT('',(0.0905214117616154,0.0151961135529266,0.020957458956596));
#11652=CARTESIAN_POINT('',(0.0895214117616154,0.0148071195730941,0.0210435183538059));
#11653=CARTESIAN_POINT('',(0.0905214117616154,0.0148071195730941,0.0210435183538059));
#11654=CARTESIAN_POINT('',(0.0895214117616154,0.0144534696964316,0.0212362649010518));
#11655=CARTESIAN_POINT('',(0.0905214117616154,0.0144534696964316,0.0212362649010518));
#11656=CARTESIAN_POINT('',(0.0895214117616154,0.0156204516359292,0.020978086709422));
#11657=CARTESIAN_POINT('',(0.0895214117616154,0.0156204516359292,0.020978086709422));
#11658=CARTESIAN_POINT('',(0.0895214117616154,0.0156204516359292,0.020978086709422));
#11659=CARTESIAN_POINT('',(0.0895214117616154,0.0149839445114253,0.020947145080183));
#11660=CARTESIAN_POINT('',(0.0895214117616154,0.0144534696964316,0.0212362649010518));
#11661=CARTESIAN_POINT('',(0.0895214117616154,0.0166926737249249,0.0213061797433379));
#11662=CARTESIAN_POINT('',(0.0905214117616154,0.0166926737249249,0.0213061797433379));
#11663=CARTESIAN_POINT('',(0.0895214117616154,0.0163903846727675,0.0211075045867866));
#11664=CARTESIAN_POINT('',(0.0905214117616154,0.0163903846727675,0.0211075045867866));
#11665=CARTESIAN_POINT('',(0.0895214117616154,0.0160329773097689,0.020998140242148));
#11666=CARTESIAN_POINT('',(0.0905214117616154,0.0160329773097689,0.020998140242148));
#11667=CARTESIAN_POINT('',(0.0895214117616154,0.0156204516359292,0.020978086709422));
#11668=CARTESIAN_POINT('',(0.0905214117616154,0.0156204516359292,0.020978086709422));
#11669=CARTESIAN_POINT('',(0.0895214117616154,0.0166926737249249,0.0213061797433379));
#11670=CARTESIAN_POINT('',(0.0895214117616154,0.0166926737249249,0.0213061797433379));
#11671=CARTESIAN_POINT('',(0.0895214117616154,0.0166926737249249,0.0213061797433379));
#11672=CARTESIAN_POINT('',(0.0895214117616154,0.0162392401466888,0.021008167008511));
#11673=CARTESIAN_POINT('',(0.0895214117616154,0.0156204516359292,0.020978086709422));
#11674=CARTESIAN_POINT('',(0.0895214117616154,0.0173615605202119,0.0220340866731992));
#11675=CARTESIAN_POINT('',(0.0905214117616154,0.0173615605202119,0.0220340866731992));
#11676=CARTESIAN_POINT('',(0.0895214117616154,0.017217925042178,0.0217474905431763));
#11677=CARTESIAN_POINT('',(0.0905214117616154,0.017217925042178,0.0217474905431763));
#11678=CARTESIAN_POINT('',(0.0895214117616154,0.0169949627770823,0.0215048548998892));
#11679=CARTESIAN_POINT('',(0.0905214117616154,0.0169949627770823,0.0215048548998892));
#11680=CARTESIAN_POINT('',(0.0895214117616154,0.0166926737249249,0.0213061797433379));
#11681=CARTESIAN_POINT('',(0.0905214117616154,0.0166926737249249,0.0213061797433379));
#11682=CARTESIAN_POINT('',(0.0895214117616154,0.0173615605202119,0.0220340866731992));
#11683=CARTESIAN_POINT('',(0.0895214117616154,0.0173615605202119,0.0220340866731992));
#11684=CARTESIAN_POINT('',(0.0895214117616154,0.0173615605202119,0.0220340866731992));
#11685=CARTESIAN_POINT('',(0.0895214117616154,0.017146107303161,0.0216041924781648));
#11686=CARTESIAN_POINT('',(0.0895214117616154,0.0166926737249249,0.0213061797433379));
#11687=CARTESIAN_POINT('',(0.0895214117616154,0.0173831931582131,0.0215890768741617));
#11688=CARTESIAN_POINT('',(0.0895214117616154,0.0174048257962143,0.0211440670751242));
#11689=CARTESIAN_POINT('',(0.0895214117616154,0.0174048257962143,0.0211440670751242));
#11690=CARTESIAN_POINT('',(0.0895214117616154,0.0173831931582131,0.0215890768741617));
#11691=CARTESIAN_POINT('',(0.0895214117616154,0.0178062205460352,0.0211635795158328));
#11692=CARTESIAN_POINT('',(0.0895214117616154,0.0182076152958562,0.0211830919565414));
#11693=CARTESIAN_POINT('',(0.0895214117616154,0.0182076152958562,0.0211830919565414));
#11694=CARTESIAN_POINT('',(0.0895214117616154,0.0178062205460352,0.0211635795158328));
#11695=CARTESIAN_POINT('',(0.0895214117616154,0.0180914351098375,0.0235730603565788));
#11696=CARTESIAN_POINT('',(0.0895214117616154,0.0179752549238187,0.0259630287566163));
#11697=CARTESIAN_POINT('',(0.0895214117616154,0.0179752549238187,0.0259630287566163));
#11698=CARTESIAN_POINT('',(0.0895214117616154,0.0180914351098375,0.0235730603565788));
#11699=CARTESIAN_POINT('',(0.0895214117616154,0.0175738601739978,0.0259435163159077));
#11700=CARTESIAN_POINT('',(0.0895214117616154,0.0171724654241768,0.025924003875199));
#11701=CARTESIAN_POINT('',(0.0895214117616154,0.0171724654241768,0.025924003875199));
#11702=CARTESIAN_POINT('',(0.0895214117616154,0.0175738601739978,0.0259435163159077));
#11703=CARTESIAN_POINT('',(0.0895214117616154,0.017193667397103,0.0254878533830336));
#11704=CARTESIAN_POINT('',(0.0895214117616154,0.0172148693700291,0.0250517028908683));
#11705=CARTESIAN_POINT('',(0.0895214117616154,0.0172148693700291,0.0250517028908683));
#11706=CARTESIAN_POINT('',(0.0895214117616154,0.017193667397103,0.0254878533830336));
#11707=CARTESIAN_POINT('',(0.0895214117616154,0.0164921114496782,0.0256989809300432));
#11708=CARTESIAN_POINT('',(0.0905214117616154,0.0164921114496782,0.0256989809300432));
#11709=CARTESIAN_POINT('',(0.0895214117616154,0.0168089106339905,0.0255335884219747));
#11710=CARTESIAN_POINT('',(0.0905214117616154,0.0168089106339905,0.0255335884219747));
#11711=CARTESIAN_POINT('',(0.0895214117616154,0.0170498299407741,0.0253178290755831));
#11712=CARTESIAN_POINT('',(0.0905214117616154,0.0170498299407741,0.0253178290755831));
#11713=CARTESIAN_POINT('',(0.0895214117616154,0.0172148693700291,0.0250517028908683));
#11714=CARTESIAN_POINT('',(0.0905214117616154,0.0172148693700291,0.0250517028908683));
#11715=CARTESIAN_POINT('',(0.0895214117616154,0.0164921114496782,0.0256989809300432));
#11716=CARTESIAN_POINT('',(0.0895214117616154,0.0164921114496782,0.0256989809300432));
#11717=CARTESIAN_POINT('',(0.0895214117616154,0.0164921114496782,0.0256989809300432));
#11718=CARTESIAN_POINT('',(0.0895214117616154,0.0169673102261466,0.0254508921679405));
#11719=CARTESIAN_POINT('',(0.0895214117616154,0.0172148693700291,0.0250517028908683));
#11720=CARTESIAN_POINT('',(0.0895214117616154,0.0153885833704341,0.0259165255998992));
#11721=CARTESIAN_POINT('',(0.0905214117616154,0.0153885833704341,0.0259165255998992));
#11722=CARTESIAN_POINT('',(0.0895214117616154,0.0158074695722846,0.0259368883280637));
#11723=CARTESIAN_POINT('',(0.0905214117616154,0.0158074695722846,0.0259368883280637));
#11724=CARTESIAN_POINT('',(0.0895214117616154,0.0161753122653659,0.0258643734381117));
#11725=CARTESIAN_POINT('',(0.0905214117616154,0.0161753122653659,0.0258643734381117));
#11726=CARTESIAN_POINT('',(0.0895214117616154,0.0164921114496782,0.0256989809300432));
#11727=CARTESIAN_POINT('',(0.0905214117616154,0.0164921114496782,0.0256989809300432));
#11728=CARTESIAN_POINT('',(0.0895214117616154,0.0153885833704341,0.0259165255998992));
#11729=CARTESIAN_POINT('',(0.0895214117616154,0.0153885833704341,0.0259165255998992));
#11730=CARTESIAN_POINT('',(0.0895214117616154,0.0153885833704341,0.0259165255998992));
#11731=CARTESIAN_POINT('',(0.0895214117616154,0.0160169126732098,0.0259470696921459));
#11732=CARTESIAN_POINT('',(0.0895214117616154,0.0164921114496782,0.0256989809300432));
#11733=CARTESIAN_POINT('',(0.0895214117616154,0.0142476259472441,0.0255550350271291));
#11734=CARTESIAN_POINT('',(0.0905214117616154,0.0142476259472441,0.0255550350271291));
#11735=CARTESIAN_POINT('',(0.0895214117616154,0.0145839261463682,0.0257754009894831));
#11736=CARTESIAN_POINT('',(0.0905214117616154,0.0145839261463682,0.0257754009894831));
#11737=CARTESIAN_POINT('',(0.0895214117616154,0.0149642452874315,0.0258958978470731));
#11738=CARTESIAN_POINT('',(0.0905214117616154,0.0149642452874315,0.0258958978470731));
#11739=CARTESIAN_POINT('',(0.0895214117616154,0.0153885833704341,0.0259165255998992));
#11740=CARTESIAN_POINT('',(0.0905214117616154,0.0153885833704341,0.0259165255998992));
#11741=CARTESIAN_POINT('',(0.0895214117616154,0.0142476259472441,0.0255550350271291));
#11742=CARTESIAN_POINT('',(0.0895214117616154,0.0142476259472441,0.0255550350271291));
#11743=CARTESIAN_POINT('',(0.0895214117616154,0.0142476259472441,0.0255550350271291));
#11744=CARTESIAN_POINT('',(0.0895214117616154,0.0147520762459302,0.02588558397066));
#11745=CARTESIAN_POINT('',(0.0895214117616154,0.0153885833704341,0.0259165255998992));
#11746=CARTESIAN_POINT('',(0.0895214117616153,0.015428861491676,0.0237584618358062));
#11747=CARTESIAN_POINT('',(0.0895214117616154,0.015428861491676,0.0237584618358062));
#11748=CARTESIAN_POINT('',(0.0895214117616153,0.015696987758056,0.0236969264987867));
#11749=CARTESIAN_POINT('',(0.0905214117616154,0.015696987758056,0.0236969264987867));
#11750=CARTESIAN_POINT('',(0.0895214117616154,0.015696987758056,0.0236969264987867));
#11751=CARTESIAN_POINT('',(0.0895214117616154,0.0245822242672899,0.0137879834734106));
#11752=CARTESIAN_POINT('',(0.0895214117616154,0.0274503130146812,0.0243784383972019));
#11753=CARTESIAN_POINT('',(0.0905214117616154,0.0274503130146812,0.0243784383972019));
#11754=CARTESIAN_POINT('',(0.0895214117616154,0.0274356483167406,0.0246801091542829));
#11755=CARTESIAN_POINT('',(0.0905214117616154,0.0274356483167406,0.0246801091542829));
#11756=CARTESIAN_POINT('',(0.0895214117616154,0.027356229930426,0.0249367356037605));
#11757=CARTESIAN_POINT('',(0.0905214117616154,0.027356229930426,0.0249367356037605));
#11758=CARTESIAN_POINT('',(0.0895214117616154,0.0272120578557373,0.0251483177456346));
#11759=CARTESIAN_POINT('',(0.0905214117616154,0.0272120578557373,0.0251483177456346));
#11760=CARTESIAN_POINT('',(0.0905214117616154,0.0274503130146812,0.0243784383972019));
#11761=CARTESIAN_POINT('',(0.0905214117616154,0.0274283159677703,0.0248309445328234));
#11762=CARTESIAN_POINT('',(0.0905214117616154,0.0272120578557373,0.0251483177456346));
#11763=CARTESIAN_POINT('',(0.0905214117616154,0.0274503130146812,0.0243784383972019));
#11764=CARTESIAN_POINT('',(0.0905214117616154,0.0272120578557373,0.0251483177456346));
#11765=CARTESIAN_POINT('',(0.0895214117616154,0.0274503130146812,0.0243784383972019));
#11766=CARTESIAN_POINT('',(0.0895214117616154,0.0274503130146812,0.0243784383972019));
#11767=CARTESIAN_POINT('',(0.0895214117616154,0.0274503130146812,0.0243784383972019));
#11768=CARTESIAN_POINT('',(0.0895214117616154,0.0274283159677703,0.0248309445328234));
#11769=CARTESIAN_POINT('',(0.0895214117616154,0.0272120578557373,0.0251483177456346));
#11770=CARTESIAN_POINT('',(0.0895214117616154,0.0272120578557373,0.0251483177456346));
#11771=CARTESIAN_POINT('',(0.0895214117616154,0.0272120578557373,0.0251483177456346));
#11772=CARTESIAN_POINT('',(0.0895214117616154,0.0259415049058466,0.0243050928221105));
#11773=CARTESIAN_POINT('',(0.0905214117616154,0.0259415049058466,0.0243050928221105));
#11774=CARTESIAN_POINT('',(0.0905214117616154,0.0244326967970121,0.0242317472470191));
#11775=CARTESIAN_POINT('',(0.0895214117616154,0.0244326967970121,0.0242317472470191));
#11776=CARTESIAN_POINT('',(0.0895214117616154,0.0244326967970121,0.0242317472470191));
#11777=CARTESIAN_POINT('',(0.0895214117616154,0.0259415049058466,0.0243050928221105));
#11778=CARTESIAN_POINT('',(0.0895214117616154,0.0248648383121679,0.0253190664955311));
#11779=CARTESIAN_POINT('',(0.0905214117616154,0.0248648383121679,0.0253190664955311));
#11780=CARTESIAN_POINT('',(0.0895214117616154,0.0245955918596834,0.0250495894639652));
#11781=CARTESIAN_POINT('',(0.0905214117616154,0.0245955918596834,0.0250495894639652));
#11782=CARTESIAN_POINT('',(0.0895214117616154,0.0244515446879647,0.0246871497144612));
#11783=CARTESIAN_POINT('',(0.0905214117616154,0.0244515446879647,0.0246871497144612));
#11784=CARTESIAN_POINT('',(0.0895214117616154,0.0244326967970121,0.0242317472470191));
#11785=CARTESIAN_POINT('',(0.0905214117616154,0.0244326967970121,0.0242317472470191));
#11786=CARTESIAN_POINT('',(0.0905214117616154,0.0248648383121679,0.0253190664955311));
#11787=CARTESIAN_POINT('',(0.0905214117616154,0.0244609686334411,0.0249148509481822));
#11788=CARTESIAN_POINT('',(0.0905214117616154,0.0244326967970121,0.0242317472470191));
#11789=CARTESIAN_POINT('',(0.0905214117616154,0.0248648383121679,0.0253190664955311));
#11790=CARTESIAN_POINT('',(0.0895214117616154,0.0248648383121679,0.0253190664955311));
#11791=CARTESIAN_POINT('',(0.0895214117616154,0.0248648383121679,0.0253190664955311));
#11792=CARTESIAN_POINT('',(0.0895214117616154,0.0248648383121679,0.0253190664955311));
#11793=CARTESIAN_POINT('',(0.0895214117616154,0.0244609686334411,0.0249148509481822));
#11794=CARTESIAN_POINT('',(0.0895214117616154,0.0244326967970121,0.0242317472470191));
#11795=CARTESIAN_POINT('',(0.0895214117616154,0.025871140858198,0.0257525672679843));
#11796=CARTESIAN_POINT('',(0.0905214117616154,0.025871140858198,0.0257525672679843));
#11797=CARTESIAN_POINT('',(0.0895214117616154,0.0254695189466624,0.0257330437845815));
#11798=CARTESIAN_POINT('',(0.0905214117616154,0.0254695189466624,0.0257330437845815));
#11799=CARTESIAN_POINT('',(0.0895214117616154,0.0251340847646524,0.0255885435270971));
#11800=CARTESIAN_POINT('',(0.0905214117616154,0.0251340847646524,0.0255885435270971));
#11801=CARTESIAN_POINT('',(0.0895214117616154,0.0248648383121679,0.0253190664955311));
#11802=CARTESIAN_POINT('',(0.0905214117616154,0.0248648383121679,0.0253190664955311));
#11803=CARTESIAN_POINT('',(0.0905214117616154,0.025871140858198,0.0257525672679843));
#11804=CARTESIAN_POINT('',(0.0905214117616154,0.0252687079908946,0.0257232820428801));
#11805=CARTESIAN_POINT('',(0.0905214117616154,0.0248648383121679,0.0253190664955311));
#11806=CARTESIAN_POINT('',(0.0905214117616154,0.025871140858198,0.0257525672679843));
#11807=CARTESIAN_POINT('',(0.0895214117616154,0.025871140858198,0.0257525672679843));
#11808=CARTESIAN_POINT('',(0.0895214117616154,0.025871140858198,0.0257525672679843));
#11809=CARTESIAN_POINT('',(0.0895214117616154,0.025871140858198,0.0257525672679843));
#11810=CARTESIAN_POINT('',(0.0895214117616154,0.0252687079908946,0.0257232820428801));
#11811=CARTESIAN_POINT('',(0.0895214117616154,0.0248648383121679,0.0253190664955311));
#11812=CARTESIAN_POINT('',(0.0895214117616153,0.0259780023646105,0.0240538806397974));
#11813=CARTESIAN_POINT('',(0.0905214117616154,0.0259780023646105,0.0240538806397974));
#11814=CARTESIAN_POINT('',(0.0905214117616154,0.0266427614533491,0.0256194780498462));
#11815=CARTESIAN_POINT('',(0.0895214117616154,0.0266426862401616,0.025619299434603));
#11816=CARTESIAN_POINT('',(0.0895214117616154,0.0266427614533491,0.0256194780498462));
#11817=CARTESIAN_POINT('',(0.0895214117616154,0.0259780023646105,0.0240538806397974));
#11818=CARTESIAN_POINT('',(0.0895214117616125,0.0235398050656863,0.0240393145703625));
#11819=CARTESIAN_POINT('',(0.0895214117616154,0.0282789043802454,0.0242520422336312));
#11820=CARTESIAN_POINT('',(0.0895214117616154,0.0282789043802454,0.0242520422336312));
#11821=CARTESIAN_POINT('',(0.0895214117616154,0.0235398050656863,0.0240393145703625));
#11822=CARTESIAN_POINT('',(0.0895214117616154,0.0282762086935626,0.0237710119226169));
#11823=CARTESIAN_POINT('',(0.0895214117616154,0.0282762086935626,0.0237710119226169));
#11824=CARTESIAN_POINT('',(0.0895214117616154,0.0279383600019335,0.0254117783692116));
#11825=CARTESIAN_POINT('',(0.0905214117616154,0.0279383600019335,0.0254117783692116));
#11826=CARTESIAN_POINT('',(0.0895214117616154,0.0281441876145486,0.0250747714376567));
#11827=CARTESIAN_POINT('',(0.0905214117616154,0.0281441876145486,0.0250747714376567));
#11828=CARTESIAN_POINT('',(0.0895214117616154,0.0282577024073193,0.0246881927257965));
#11829=CARTESIAN_POINT('',(0.0905214117616154,0.0282577024073193,0.0246881927257965));
#11830=CARTESIAN_POINT('',(0.0895214117616154,0.0282789043802454,0.0242520422336312));
#11831=CARTESIAN_POINT('',(0.0905214117616154,0.0282789043802454,0.0242520422336312));
#11832=CARTESIAN_POINT('',(0.0895214117616154,0.0279383600019335,0.0254117783692116));
#11833=CARTESIAN_POINT('',(0.0895214117616154,0.0279383600019335,0.0254117783692116));
#11834=CARTESIAN_POINT('',(0.0895214117616154,0.0279383600019335,0.0254117783692116));
#11835=CARTESIAN_POINT('',(0.0895214117616154,0.0282471014208562,0.0249062679718792));
#11836=CARTESIAN_POINT('',(0.0895214117616154,0.0282789043802454,0.0242520422336312));
#11837=CARTESIAN_POINT('',(0.0895214117616153,0.0261837976931852,0.0243474074741435));
#11838=CARTESIAN_POINT('',(0.0895214117616154,0.0270918272764392,0.0261882924366763));
#11839=CARTESIAN_POINT('',(0.0895214117616154,0.0270918272764392,0.0261882924366763));
#11840=CARTESIAN_POINT('',(0.0895214117616154,0.0261837976931852,0.0243474074741435));
#11841=CARTESIAN_POINT('',(0.0895214117616154,0.0258739137961471,0.0264262342802769));
#11842=CARTESIAN_POINT('',(0.0905214117616154,0.0258739137961471,0.0264262342802769));
#11843=CARTESIAN_POINT('',(0.0895214117616154,0.0263273285786273,0.0264482754979647));
#11844=CARTESIAN_POINT('',(0.0905214117616154,0.0263273285786273,0.0264482754979647));
#11845=CARTESIAN_POINT('',(0.0895214117616154,0.0267332997387247,0.0263689615500978));
#11846=CARTESIAN_POINT('',(0.0905214117616154,0.0267332997387247,0.0263689615500978));
#11847=CARTESIAN_POINT('',(0.0895214117616154,0.0270918272764392,0.0261882924366763));
#11848=CARTESIAN_POINT('',(0.0905214117616154,0.0270918272764392,0.0261882924366763));
#11849=CARTESIAN_POINT('',(0.0895214117616154,0.0258739137961471,0.0264262342802769));
#11850=CARTESIAN_POINT('',(0.0895214117616154,0.0258739137961471,0.0264262342802769));
#11851=CARTESIAN_POINT('',(0.0895214117616154,0.0258739137961471,0.0264262342802769));
#11852=CARTESIAN_POINT('',(0.0895214117616154,0.0265540359698674,0.0264592961068086));
#11853=CARTESIAN_POINT('',(0.0895214117616154,0.0270918272764392,0.0261882924366763));
#11854=CARTESIAN_POINT('',(0.0895214117616154,0.024653705327756,0.0260649897607779));
#11855=CARTESIAN_POINT('',(0.0905214117616154,0.024653705327756,0.0260649897607779));
#11856=CARTESIAN_POINT('',(0.0895214117616154,0.0250019504483737,0.026283204002656));
#11857=CARTESIAN_POINT('',(0.0905214117616154,0.0250019504483737,0.026283204002656));
#11858=CARTESIAN_POINT('',(0.0895214117616154,0.025408686604504,0.0264036188424889));
#11859=CARTESIAN_POINT('',(0.0905214117616154,0.025408686604504,0.0264036188424889));
#11860=CARTESIAN_POINT('',(0.0895214117616154,0.0258739137961471,0.0264262342802769));
#11861=CARTESIAN_POINT('',(0.0905214117616154,0.0258739137961471,0.0264262342802769));
#11862=CARTESIAN_POINT('',(0.0895214117616154,0.024653705327756,0.0260649897607779));
#11863=CARTESIAN_POINT('',(0.0895214117616154,0.024653705327756,0.0260649897607779));
#11864=CARTESIAN_POINT('',(0.0895214117616154,0.024653705327756,0.0260649897607779));
#11865=CARTESIAN_POINT('',(0.0895214117616154,0.0251760730086825,0.026392311123595));
#11866=CARTESIAN_POINT('',(0.0895214117616154,0.0258739137961471,0.0264262342802769));
#11867=CARTESIAN_POINT('',(0.0895214117616153,0.0257560235703375,0.0242989281383065));
#11868=CARTESIAN_POINT('',(0.0895214117616154,0.0238620235089148,0.0251651213490449));
#11869=CARTESIAN_POINT('',(0.0895214117616154,0.0238620235089148,0.0251651213490449));
#11870=CARTESIAN_POINT('',(0.0895214117616154,0.0257560235703375,0.0242989281383065));
#11871=CARTESIAN_POINT('',(0.0895214117616154,0.0236287527249745,0.0238511184634476));
#11872=CARTESIAN_POINT('',(0.0905214117616154,0.0236287527249745,0.0238511184634476));
#11873=CARTESIAN_POINT('',(0.0895214117616154,0.0236047238223249,0.0243454223545684));
#11874=CARTESIAN_POINT('',(0.0905214117616154,0.0236047238223249,0.0243454223545684));
#11875=CARTESIAN_POINT('',(0.0895214117616154,0.023682480750305,0.0247834233164341));
#11876=CARTESIAN_POINT('',(0.0905214117616154,0.023682480750305,0.0247834233164341));
#11877=CARTESIAN_POINT('',(0.0895214117616154,0.0238620235089148,0.0251651213490449));
#11878=CARTESIAN_POINT('',(0.0905214117616154,0.0238620235089148,0.0251651213490449));
#11879=CARTESIAN_POINT('',(0.0895214117616154,0.0236287527249745,0.0238511184634476));
#11880=CARTESIAN_POINT('',(0.0895214117616154,0.0236287527249745,0.0238511184634476));
#11881=CARTESIAN_POINT('',(0.0895214117616154,0.0236287527249745,0.0238511184634476));
#11882=CARTESIAN_POINT('',(0.0895214117616154,0.0235927093710001,0.0245925743001288));
#11883=CARTESIAN_POINT('',(0.0895214117616154,0.0238620235089148,0.0251651213490449));
#11884=CARTESIAN_POINT('',(0.0895214117616154,0.0239974652197725,0.0225615972788638));
#11885=CARTESIAN_POINT('',(0.0905214117616154,0.0239974652197725,0.0225615972788638));
#11886=CARTESIAN_POINT('',(0.0895214117616154,0.0237756857925568,0.0229269741774656));
#11887=CARTESIAN_POINT('',(0.0905214117616154,0.0237756857925568,0.0229269741774656));
#11888=CARTESIAN_POINT('',(0.0895214117616154,0.0236527816276242,0.0233568145723269));
#11889=CARTESIAN_POINT('',(0.0905214117616154,0.0236527816276242,0.0233568145723269));
#11890=CARTESIAN_POINT('',(0.0895214117616154,0.0236287527249745,0.0238511184634476));
#11891=CARTESIAN_POINT('',(0.0905214117616154,0.0236287527249745,0.0238511184634476));
#11892=CARTESIAN_POINT('',(0.0895214117616154,0.0239974652197725,0.0225615972788638));
#11893=CARTESIAN_POINT('',(0.0895214117616154,0.0239974652197725,0.0225615972788638));
#11894=CARTESIAN_POINT('',(0.0895214117616154,0.0239974652197725,0.0225615972788638));
#11895=CARTESIAN_POINT('',(0.0895214117616154,0.023664796078949,0.0231096626267665));
#11896=CARTESIAN_POINT('',(0.0895214117616154,0.0236287527249745,0.0238511184634476));
#11897=CARTESIAN_POINT('',(0.0895214117616153,0.0258587767311682,0.0236613446789505));
#11898=CARTESIAN_POINT('',(0.0895214117616154,0.024881304549979,0.0217342983875281));
#11899=CARTESIAN_POINT('',(0.0895214117616154,0.024881304549979,0.0217342983875281));
#11900=CARTESIAN_POINT('',(0.0895214117616154,0.0258587767311682,0.0236613446789505));
#11901=CARTESIAN_POINT('',(0.0895214117616154,0.0261139598833703,0.0214881929267921));
#11902=CARTESIAN_POINT('',(0.0905214117616154,0.0261139598833703,0.0214881929267921));
#11903=CARTESIAN_POINT('',(0.0895214117616154,0.0256596364540314,0.0214661075383273));
#11904=CARTESIAN_POINT('',(0.0905214117616154,0.0256596364540314,0.0214661075383273));
#11905=CARTESIAN_POINT('',(0.0895214117616154,0.0252487513429009,0.021548142691906));
#11906=CARTESIAN_POINT('',(0.0905214117616154,0.0252487513429009,0.021548142691906));
#11907=CARTESIAN_POINT('',(0.0895214117616154,0.024881304549979,0.0217342983875281));
#11908=CARTESIAN_POINT('',(0.0905214117616154,0.024881304549979,0.0217342983875281));
#11909=CARTESIAN_POINT('',(0.0895214117616154,0.0261139598833703,0.0214881929267921));
#11910=CARTESIAN_POINT('',(0.0895214117616154,0.0261139598833703,0.0214881929267921));
#11911=CARTESIAN_POINT('',(0.0895214117616154,0.0261139598833703,0.0214881929267921));
#11912=CARTESIAN_POINT('',(0.0895214117616154,0.0254324747393619,0.0214550648440949));
#11913=CARTESIAN_POINT('',(0.0895214117616154,0.024881304549979,0.0217342983875281));
#11914=CARTESIAN_POINT('',(0.0895214117616154,0.0275233939962139,0.0219897903536746));
#11915=CARTESIAN_POINT('',(0.0905214117616154,0.0275233939962139,0.0219897903536746));
#11916=CARTESIAN_POINT('',(0.0895214117616154,0.0271534928347092,0.021683087146221));
#11917=CARTESIAN_POINT('',(0.0905214117616154,0.0271534928347092,0.021683087146221));
#11918=CARTESIAN_POINT('',(0.0895214117616154,0.0266836814637613,0.0215158880039269));
#11919=CARTESIAN_POINT('',(0.0905214117616154,0.0266836814637613,0.0215158880039269));
#11920=CARTESIAN_POINT('',(0.0895214117616154,0.0261139598833703,0.0214881929267921));
#11921=CARTESIAN_POINT('',(0.0905214117616154,0.0261139598833703,0.0214881929267921));
#11922=CARTESIAN_POINT('',(0.0895214117616154,0.0275233939962139,0.0219897903536746));
#11923=CARTESIAN_POINT('',(0.0895214117616154,0.0275233939962139,0.0219897903536746));
#11924=CARTESIAN_POINT('',(0.0895214117616154,0.0275233939962139,0.0219897903536746));
#11925=CARTESIAN_POINT('',(0.0895214117616154,0.0269685422539568,0.0215297355424943));
#11926=CARTESIAN_POINT('',(0.0895214117616154,0.0261139598833703,0.0214881929267921));
#11927=CARTESIAN_POINT('',(0.0895214117616153,0.0262322756113423,0.0235818579283372));
#11928=CARTESIAN_POINT('',(0.0895214117616154,0.0282351209736478,0.02314876382064));
#11929=CARTESIAN_POINT('',(0.0895214117616154,0.0282351209736478,0.02314876382064));
#11930=CARTESIAN_POINT('',(0.0895214117616154,0.0262322756113423,0.0235818579283372));
#11931=CARTESIAN_POINT('',(0.0895214117616154,0.0278082447738107,0.0231280126858956));
#11932=CARTESIAN_POINT('',(0.0895214117616154,0.0273805038372037,0.0231072195149139));
#11933=CARTESIAN_POINT('',(0.0895214117616154,0.0273805038372037,0.0231072195149139));
#11934=CARTESIAN_POINT('',(0.0895214117616154,0.0278082447738107,0.0231280126858956));
#11935=CARTESIAN_POINT('',(0.0895214117616153,0.0261620311524882,0.0234490697067964));
#11936=CARTESIAN_POINT('',(0.0895214117616154,0.0269283057901721,0.0224417614336737));
#11937=CARTESIAN_POINT('',(0.0895214117616154,0.0269283057901721,0.0224417614336737));
#11938=CARTESIAN_POINT('',(0.0895214117616154,0.0261620311524882,0.0234490697067964));
#11939=CARTESIAN_POINT('',(0.0895214117616154,0.026081295593831,0.0221601372787843));
#11940=CARTESIAN_POINT('',(0.0905214117616154,0.026081295593831,0.0221601372787843));
#11941=CARTESIAN_POINT('',(0.0895214117616154,0.0264238554595525,0.0221767896616867));
#11942=CARTESIAN_POINT('',(0.0905214117616154,0.0264238554595525,0.0221767896616867));
#11943=CARTESIAN_POINT('',(0.0895214117616154,0.0267061921916662,0.0222706643799832));
#11944=CARTESIAN_POINT('',(0.0905214117616154,0.0267061921916662,0.0222706643799832));
#11945=CARTESIAN_POINT('',(0.0895214117616154,0.0269283057901721,0.0224417614336737));
#11946=CARTESIAN_POINT('',(0.0905214117616154,0.0269283057901721,0.0224417614336737));
#11947=CARTESIAN_POINT('',(0.0895214117616154,0.026081295593831,0.0221601372787843));
#11948=CARTESIAN_POINT('',(0.0895214117616154,0.026081295593831,0.0221601372787843));
#11949=CARTESIAN_POINT('',(0.0895214117616154,0.026081295593831,0.0221601372787843));
#11950=CARTESIAN_POINT('',(0.0895214117616154,0.0265951353924133,0.0221851158531379));
#11951=CARTESIAN_POINT('',(0.0895214117616154,0.0269283057901721,0.0224417614336737));
#11952=CARTESIAN_POINT('',(0.0895214117616154,0.0249927317306694,0.0225054651559894));
#11953=CARTESIAN_POINT('',(0.0905214117616154,0.0249927317306694,0.0225054651559894));
#11954=CARTESIAN_POINT('',(0.0895214117616154,0.0252995547709266,0.0222548838430216));
#11955=CARTESIAN_POINT('',(0.0905214117616154,0.0252995547709266,0.0222548838430216));
#11956=CARTESIAN_POINT('',(0.0895214117616154,0.0256624093919805,0.0221397745506198));
#11957=CARTESIAN_POINT('',(0.0905214117616154,0.0256624093919805,0.0221397745506198));
#11958=CARTESIAN_POINT('',(0.0895214117616154,0.026081295593831,0.0221601372787843));
#11959=CARTESIAN_POINT('',(0.0905214117616154,0.026081295593831,0.0221601372787843));
#11960=CARTESIAN_POINT('',(0.0895214117616154,0.0249927317306694,0.0225054651559894));
#11961=CARTESIAN_POINT('',(0.0895214117616154,0.0249927317306694,0.0225054651559894));
#11962=CARTESIAN_POINT('',(0.0895214117616154,0.0249927317306694,0.0225054651559894));
#11963=CARTESIAN_POINT('',(0.0895214117616154,0.0254529662910552,0.0221295931865376));
#11964=CARTESIAN_POINT('',(0.0895214117616154,0.026081295593831,0.0221601372787843));
#11965=CARTESIAN_POINT('',(0.0895214117616154,0.0244545614273928,0.0235852355373414));
#11966=CARTESIAN_POINT('',(0.0905214117616154,0.0244545614273928,0.0235852355373414));
#11967=CARTESIAN_POINT('',(0.0895214117616154,0.02450651858932,0.023115969929408));
#11968=CARTESIAN_POINT('',(0.0905214117616154,0.02450651858932,0.023115969929408));
#11969=CARTESIAN_POINT('',(0.0895214117616154,0.0246859086904122,0.0227560464689574));
#11970=CARTESIAN_POINT('',(0.0905214117616154,0.0246859086904122,0.0227560464689574));
#11971=CARTESIAN_POINT('',(0.0895214117616154,0.0249927317306694,0.0225054651559894));
#11972=CARTESIAN_POINT('',(0.0905214117616154,0.0249927317306694,0.0225054651559894));
#11973=CARTESIAN_POINT('',(0.0895214117616154,0.0244545614273928,0.0235852355373414));
#11974=CARTESIAN_POINT('',(0.0895214117616154,0.0244545614273928,0.0235852355373414));
#11975=CARTESIAN_POINT('',(0.0895214117616154,0.0244545614273928,0.0235852355373414));
#11976=CARTESIAN_POINT('',(0.0895214117616154,0.0245324971702836,0.0228813371254413));
#11977=CARTESIAN_POINT('',(0.0895214117616154,0.0249927317306694,0.0225054651559894));
#11978=CARTESIAN_POINT('',(0.0895214117616154,0.0263654457711924,0.0236781266812241));
#11979=CARTESIAN_POINT('',(0.0895214117616154,0.0263654457711924,0.0236781266812241));
#11980=CARTESIAN_POINT('',(0.0895214117616153,0.0261301017076359,0.0244198428874938));
#11981=CARTESIAN_POINT('',(0.0905214117616154,0.0261301017076359,0.0244198428874938));
#11982=CARTESIAN_POINT('',(0.0895214117616154,0.0261301017076359,0.0244198428874938));
#11983=CARTESIAN_POINT('',(0.0895214117616154,0.0245822242672899,0.0137879834734106));
#11984=CARTESIAN_POINT('',(0.0895214117616154,0.0415895776434672,0.0247324200327406));
#11985=CARTESIAN_POINT('',(0.0905214117616154,0.0415895776434672,0.0247324200327406));
#11986=CARTESIAN_POINT('',(0.0895214117616154,0.0415720418450262,0.0250931528356357));
#11987=CARTESIAN_POINT('',(0.0905214117616154,0.0415720418450262,0.0250931528356357));
#11988=CARTESIAN_POINT('',(0.0895214117616154,0.0414840780502086,0.0254037838248693));
#11989=CARTESIAN_POINT('',(0.0905214117616154,0.0414840780502086,0.0254037838248693));
#11990=CARTESIAN_POINT('',(0.0895214117616154,0.0413256862590144,0.0256643130004412));
#11991=CARTESIAN_POINT('',(0.0905214117616154,0.0413256862590144,0.0256643130004412));
#11992=CARTESIAN_POINT('',(0.0905214117616154,0.0415895776434672,0.0247324200327406));
#11993=CARTESIAN_POINT('',(0.0905214117616154,0.0415632739458057,0.0252735192370833));
#11994=CARTESIAN_POINT('',(0.0905214117616154,0.0413256862590144,0.0256643130004412));
#11995=CARTESIAN_POINT('',(0.0905214117616154,0.0415895776434672,0.0247324200327406));
#11996=CARTESIAN_POINT('',(0.0905214117616154,0.0413256862590144,0.0256643130004412));
#11997=CARTESIAN_POINT('',(0.0895214117616154,0.0415895776434672,0.0247324200327406));
#11998=CARTESIAN_POINT('',(0.0895214117616154,0.0415895776434672,0.0247324200327406));
#11999=CARTESIAN_POINT('',(0.0895214117616154,0.0415895776434672,0.0247324200327406));
#12000=CARTESIAN_POINT('',(0.0895214117616154,0.0415632739458057,0.0252735192370833));
#12001=CARTESIAN_POINT('',(0.0895214117616154,0.0413256862590144,0.0256643130004412));
#12002=CARTESIAN_POINT('',(0.0895214117616154,0.0413256862590144,0.0256643130004412));
#12003=CARTESIAN_POINT('',(0.0895214117616154,0.0413256862590144,0.0256643130004412));
#12004=CARTESIAN_POINT('',(0.0895214117616154,0.0414179148412431,0.0237670583595218));
#12005=CARTESIAN_POINT('',(0.0905214117616154,0.0414179148412431,0.0237670583595218));
#12006=CARTESIAN_POINT('',(0.0895214117616154,0.0415501575324951,0.0240444481242872));
#12007=CARTESIAN_POINT('',(0.0905214117616154,0.0415501575324951,0.0240444481242872));
#12008=CARTESIAN_POINT('',(0.0895214117616154,0.0416073784665698,0.0243662353486934));
#12009=CARTESIAN_POINT('',(0.0905214117616154,0.0416073784665698,0.0243662353486934));
#12010=CARTESIAN_POINT('',(0.0895214117616154,0.0415895776434672,0.0247324200327406));
#12011=CARTESIAN_POINT('',(0.0905214117616154,0.0415895776434672,0.0247324200327406));
#12012=CARTESIAN_POINT('',(0.0905214117616154,0.0414179148412431,0.0237670583595218));
#12013=CARTESIAN_POINT('',(0.0905214117616154,0.0416162788781211,0.0241831430066698));
#12014=CARTESIAN_POINT('',(0.0905214117616154,0.0415895776434672,0.0247324200327406));
#12015=CARTESIAN_POINT('',(0.0905214117616154,0.0414179148412431,0.0237670583595218));
#12016=CARTESIAN_POINT('',(0.0895214117616154,0.0414179148412431,0.0237670583595218));
#12017=CARTESIAN_POINT('',(0.0895214117616154,0.0414179148412431,0.0237670583595218));
#12018=CARTESIAN_POINT('',(0.0895214117616154,0.0414179148412431,0.0237670583595218));
#12019=CARTESIAN_POINT('',(0.0895214117616154,0.0416162788781211,0.0241831430066698));
#12020=CARTESIAN_POINT('',(0.0895214117616154,0.0415895776434672,0.0247324200327406));
#12021=CARTESIAN_POINT('',(0.0895214117616153,0.0400190594554067,0.024404318941432));
#12022=CARTESIAN_POINT('',(0.0905214117616154,0.0400190594554067,0.024404318941432));
#12023=CARTESIAN_POINT('',(0.0905214117616154,0.0408593928590431,0.0231187095316031));
#12024=CARTESIAN_POINT('',(0.0895214117616154,0.0408592251039916,0.0231189657001679));
#12025=CARTESIAN_POINT('',(0.0895214117616154,0.0408593928590431,0.0231187095316031));
#12026=CARTESIAN_POINT('',(0.0895214117616154,0.0400190594554067,0.024404318941432));
#12027=CARTESIAN_POINT('',(0.0895214117616153,0.0399937043396355,0.0244665554467312));
#12028=CARTESIAN_POINT('',(0.0905214117616154,0.0399937043396355,0.0244665554467312));
#12029=CARTESIAN_POINT('',(0.0905214117616154,0.0400545604761931,0.0228656257702737));
#12030=CARTESIAN_POINT('',(0.0895214117616154,0.0400545710897244,0.0228653581780435));
#12031=CARTESIAN_POINT('',(0.0895214117616154,0.0400545604761931,0.0228656257702737));
#12032=CARTESIAN_POINT('',(0.0895214117616154,0.0399937043396355,0.0244665554467312));
#12033=CARTESIAN_POINT('',(0.0895214117616153,0.0399652553068074,0.0244494687219184));
#12034=CARTESIAN_POINT('',(0.0905214117616154,0.0399652553068074,0.0244494687219184));
#12035=CARTESIAN_POINT('',(0.0905214117616154,0.0392372904612516,0.0230401208633488));
#12036=CARTESIAN_POINT('',(0.0895214117616154,0.0392372904612516,0.0230401208633488));
#12037=CARTESIAN_POINT('',(0.0895214117616154,0.0392372904612516,0.0230401208633488));
#12038=CARTESIAN_POINT('',(0.0895214117616154,0.0399652553068074,0.0244494687219184));
#12039=CARTESIAN_POINT('',(0.0895214117616154,0.0386136034736487,0.0236307362992232));
#12040=CARTESIAN_POINT('',(0.0905214117616154,0.0386136034736487,0.0236307362992232));
#12041=CARTESIAN_POINT('',(0.0895214117616154,0.038775308041179,0.0233676357807945));
#12042=CARTESIAN_POINT('',(0.0905214117616154,0.038775308041179,0.0233676357807945));
#12043=CARTESIAN_POINT('',(0.0895214117616154,0.0389832037037133,0.0231707639688364));
#12044=CARTESIAN_POINT('',(0.0905214117616154,0.0389832037037133,0.0231707639688364));
#12045=CARTESIAN_POINT('',(0.0895214117616154,0.0392372904612516,0.0230401208633488));
#12046=CARTESIAN_POINT('',(0.0905214117616154,0.0392372904612516,0.0230401208633488));
#12047=CARTESIAN_POINT('',(0.0905214117616154,0.0386136034736487,0.0236307362992232));
#12048=CARTESIAN_POINT('',(0.0905214117616154,0.0388561603249441,0.0232360855215802));
#12049=CARTESIAN_POINT('',(0.0905214117616154,0.0392372904612516,0.0230401208633488));
#12050=CARTESIAN_POINT('',(0.0905214117616154,0.0386136034736487,0.0236307362992232));
#12051=CARTESIAN_POINT('',(0.0895214117616154,0.0386136034736487,0.0236307362992232));
#12052=CARTESIAN_POINT('',(0.0895214117616154,0.0386136034736487,0.0236307362992232));
#12053=CARTESIAN_POINT('',(0.0895214117616154,0.0386136034736487,0.0236307362992232));
#12054=CARTESIAN_POINT('',(0.0895214117616154,0.0388561603249441,0.0232360855215802));
#12055=CARTESIAN_POINT('',(0.0895214117616154,0.0392372904612516,0.0230401208633488));
#12056=CARTESIAN_POINT('',(0.0895214117616154,0.0383447429246917,0.0245664862812089));
#12057=CARTESIAN_POINT('',(0.0905214117616154,0.0383447429246917,0.0245664862812089));
#12058=CARTESIAN_POINT('',(0.0895214117616154,0.0383622787231327,0.0242057534783138));
#12059=CARTESIAN_POINT('',(0.0905214117616154,0.0383622787231327,0.0242057534783138));
#12060=CARTESIAN_POINT('',(0.0895214117616154,0.0384518989061183,0.0238938368176519));
#12061=CARTESIAN_POINT('',(0.0905214117616154,0.0384518989061183,0.0238938368176519));
#12062=CARTESIAN_POINT('',(0.0895214117616154,0.0386136034736487,0.0236307362992232));
#12063=CARTESIAN_POINT('',(0.0905214117616154,0.0386136034736487,0.0236307362992232));
#12064=CARTESIAN_POINT('',(0.0905214117616154,0.0383447429246917,0.0245664862812089));
#12065=CARTESIAN_POINT('',(0.0905214117616154,0.0383710466223531,0.0240253870768662));
#12066=CARTESIAN_POINT('',(0.0905214117616154,0.0386136034736487,0.0236307362992232));
#12067=CARTESIAN_POINT('',(0.0905214117616154,0.0383447429246917,0.0245664862812089));
#12068=CARTESIAN_POINT('',(0.0895214117616154,0.0383447429246917,0.0245664862812089));
#12069=CARTESIAN_POINT('',(0.0895214117616154,0.0383447429246917,0.0245664862812089));
#12070=CARTESIAN_POINT('',(0.0895214117616154,0.0383447429246917,0.0245664862812089));
#12071=CARTESIAN_POINT('',(0.0895214117616154,0.0383710466223531,0.0240253870768662));
#12072=CARTESIAN_POINT('',(0.0895214117616154,0.0386136034736487,0.0236307362992232));
#12073=CARTESIAN_POINT('',(0.0895214117616154,0.0385220043249912,0.0255150427224064));
#12074=CARTESIAN_POINT('',(0.0905214117616154,0.0385220043249912,0.0255150427224064));
#12075=CARTESIAN_POINT('',(0.0895214117616154,0.0383866034551223,0.0252370440364924));
#12076=CARTESIAN_POINT('',(0.0905214117616154,0.0383866034551223,0.0252370440364924));
#12077=CARTESIAN_POINT('',(0.0895214117616154,0.0383275163216892,0.0249208585560933));
#12078=CARTESIAN_POINT('',(0.0905214117616154,0.0383275163216892,0.0249208585560933));
#12079=CARTESIAN_POINT('',(0.0895214117616154,0.0383447429246917,0.0245664862812089));
#12080=CARTESIAN_POINT('',(0.0905214117616154,0.0383447429246917,0.0245664862812089));
#12081=CARTESIAN_POINT('',(0.0905214117616154,0.0385220043249912,0.0255150427224064));
#12082=CARTESIAN_POINT('',(0.0905214117616154,0.0383189030201879,0.0250980446935355));
#12083=CARTESIAN_POINT('',(0.0905214117616154,0.0383447429246917,0.0245664862812089));
#12084=CARTESIAN_POINT('',(0.0905214117616154,0.0385220043249912,0.0255150427224064));
#12085=CARTESIAN_POINT('',(0.0895214117616154,0.0385220043249912,0.0255150427224064));
#12086=CARTESIAN_POINT('',(0.0895214117616154,0.0385220043249912,0.0255150427224064));
#12087=CARTESIAN_POINT('',(0.0895214117616154,0.0385220043249912,0.0255150427224064));
#12088=CARTESIAN_POINT('',(0.0895214117616154,0.0383189030201879,0.0250980446935355));
#12089=CARTESIAN_POINT('',(0.0895214117616154,0.0383447429246917,0.0245664862812089));
#12090=CARTESIAN_POINT('',(0.0895214117616154,0.0390854644582508,0.0261633672783392));
#12091=CARTESIAN_POINT('',(0.0905214117616154,0.0390854644582508,0.0261633672783392));
#12092=CARTESIAN_POINT('',(0.0895214117616154,0.0388452252392799,0.0260091495936313));
#12093=CARTESIAN_POINT('',(0.0905214117616154,0.0388452252392799,0.0260091495936313));
#12094=CARTESIAN_POINT('',(0.0895214117616154,0.03865740519486,0.0257930414083204));
#12095=CARTESIAN_POINT('',(0.0905214117616154,0.03865740519486,0.0257930414083204));
#12096=CARTESIAN_POINT('',(0.0895214117616154,0.0385220043249912,0.0255150427224064));
#12097=CARTESIAN_POINT('',(0.0905214117616154,0.0385220043249912,0.0255150427224064));
#12098=CARTESIAN_POINT('',(0.0905214117616154,0.0390854644582508,0.0261633672783392));
#12099=CARTESIAN_POINT('',(0.0905214117616154,0.0387251056297944,0.0259320407512773));
#12100=CARTESIAN_POINT('',(0.0905214117616154,0.0385220043249912,0.0255150427224064));
#12101=CARTESIAN_POINT('',(0.0905214117616154,0.0390854644582508,0.0261633672783392));
#12102=CARTESIAN_POINT('',(0.0895214117616154,0.0390854644582508,0.0261633672783392));
#12103=CARTESIAN_POINT('',(0.0895214117616154,0.0390854644582508,0.0261633672783392));
#12104=CARTESIAN_POINT('',(0.0895214117616154,0.0390854644582508,0.0261633672783392));
#12105=CARTESIAN_POINT('',(0.0895214117616154,0.0387251056297944,0.0259320407512773));
#12106=CARTESIAN_POINT('',(0.0895214117616154,0.0385220043249912,0.0255150427224064));
#12107=CARTESIAN_POINT('',(0.0895214117616153,0.0399467691508945,0.0248266557779298));
#12108=CARTESIAN_POINT('',(0.0905214117616154,0.0399467691508945,0.0248266557779298));
#12109=CARTESIAN_POINT('',(0.0905214117616154,0.0398819877126132,0.0264156104636534));
#12110=CARTESIAN_POINT('',(0.0895214117616154,0.0398819737788725,0.0264158957783272));
#12111=CARTESIAN_POINT('',(0.0895214117616154,0.0398819877126132,0.0264156104636534));
#12112=CARTESIAN_POINT('',(0.0895214117616154,0.0399467691508945,0.0248266557779298));
#12113=CARTESIAN_POINT('',(0.0895214117616153,0.039979102210826,0.0247878631183706));
#12114=CARTESIAN_POINT('',(0.0905214117616154,0.039979102210826,0.0247878631183706));
#12115=CARTESIAN_POINT('',(0.0905214117616154,0.0407073321909588,0.0262465622142493));
#12116=CARTESIAN_POINT('',(0.0895214117616154,0.0407072003324946,0.0262463010260224));
#12117=CARTESIAN_POINT('',(0.0895214117616154,0.0407073321909588,0.0262465622142493));
#12118=CARTESIAN_POINT('',(0.0895214117616154,0.039979102210826,0.0247878631183706));
#12119=CARTESIAN_POINT('',(0.0895214117616154,0.0382717948865926,0.0260671165683154));
#12120=CARTESIAN_POINT('',(0.0905214117616154,0.0382717948865926,0.0260671165683154));
#12121=CARTESIAN_POINT('',(0.0895214117616154,0.0384156953892881,0.0263482608171862));
#12122=CARTESIAN_POINT('',(0.0905214117616154,0.0384156953892881,0.0263482608171862));
#12123=CARTESIAN_POINT('',(0.0895214117616154,0.0386388012094088,0.0265879433581826));
#12124=CARTESIAN_POINT('',(0.0905214117616154,0.0386388012094088,0.0265879433581826));
#12125=CARTESIAN_POINT('',(0.0895214117616154,0.0389411123469546,0.0267861641913045));
#12126=CARTESIAN_POINT('',(0.0905214117616154,0.0389411123469546,0.0267861641913045));
#12127=CARTESIAN_POINT('',(0.0895214117616154,0.0382717948865926,0.0260671165683154));
#12128=CARTESIAN_POINT('',(0.0895214117616154,0.0382717948865926,0.0260671165683154));
#12129=CARTESIAN_POINT('',(0.0895214117616154,0.0382717948865926,0.0260671165683154));
#12130=CARTESIAN_POINT('',(0.0895214117616154,0.0384876456406359,0.0264888329416216));
#12131=CARTESIAN_POINT('',(0.0895214117616154,0.0389411123469546,0.0267861641913045));
#12132=CARTESIAN_POINT('',(0.0895214117616154,0.0389411123469546,0.0267861641913045));
#12133=CARTESIAN_POINT('',(0.0895214117616154,0.0389411123469546,0.0267861641913045));
#12134=CARTESIAN_POINT('',(0.0895214117616154,0.0382503941451703,0.0265073559713448));
#12135=CARTESIAN_POINT('',(0.0895214117616154,0.038228993403748,0.0269475953743742));
#12136=CARTESIAN_POINT('',(0.0895214117616154,0.038228993403748,0.0269475953743742));
#12137=CARTESIAN_POINT('',(0.0895214117616154,0.0382503941451703,0.0265073559713448));
#12138=CARTESIAN_POINT('',(0.0895214117616154,0.037832369049935,0.0269283148302445));
#12139=CARTESIAN_POINT('',(0.0895214117616154,0.0374357446961222,0.0269090342861148));
#12140=CARTESIAN_POINT('',(0.0895214117616154,0.0374357446961222,0.0269090342861148));
#12141=CARTESIAN_POINT('',(0.0895214117616154,0.037832369049935,0.0269283148302445));
#12142=CARTESIAN_POINT('',(0.0895214117616154,0.037607050011749,0.0233850746064474));
#12143=CARTESIAN_POINT('',(0.0895214117616154,0.0377783553273756,0.01986111492678));
#12144=CARTESIAN_POINT('',(0.0895214117616154,0.0377783553273756,0.01986111492678));
#12145=CARTESIAN_POINT('',(0.0895214117616154,0.037607050011749,0.0233850746064474));
#12146=CARTESIAN_POINT('',(0.0895214117616154,0.0381749796811885,0.0198803954709098));
#12147=CARTESIAN_POINT('',(0.0895214117616154,0.0385716040350014,0.0198996760150395));
#12148=CARTESIAN_POINT('',(0.0895214117616154,0.0385716040350014,0.0198996760150395));
#12149=CARTESIAN_POINT('',(0.0895214117616154,0.0381749796811885,0.0198803954709098));
#12150=CARTESIAN_POINT('',(0.0895214117616154,0.0384950781639711,0.0214739066976988));
#12151=CARTESIAN_POINT('',(0.0895214117616154,0.0384185522929408,0.0230481373803582));
#12152=CARTESIAN_POINT('',(0.0895214117616154,0.0384185522929408,0.0230481373803582));
#12153=CARTESIAN_POINT('',(0.0895214117616154,0.0384950781639711,0.0214739066976988));
#12154=CARTESIAN_POINT('',(0.0895214117616154,0.0391626018931694,0.0223984788860269));
#12155=CARTESIAN_POINT('',(0.0905214117616154,0.0391626018931694,0.0223984788860269));
#12156=CARTESIAN_POINT('',(0.0895214117616154,0.0388424678471325,0.0225668970603815));
#12157=CARTESIAN_POINT('',(0.0905214117616154,0.0388424678471325,0.0225668970603815));
#12158=CARTESIAN_POINT('',(0.0895214117616154,0.038594451313723,0.0227834498918252));
#12159=CARTESIAN_POINT('',(0.0905214117616154,0.038594451313723,0.0227834498918252));
#12160=CARTESIAN_POINT('',(0.0895214117616154,0.0384185522929408,0.0230481373803582));
#12161=CARTESIAN_POINT('',(0.0905214117616154,0.0384185522929408,0.0230481373803582));
#12162=CARTESIAN_POINT('',(0.0895214117616154,0.0391626018931694,0.0223984788860269));
#12163=CARTESIAN_POINT('',(0.0895214117616154,0.0391626018931694,0.0223984788860269));
#12164=CARTESIAN_POINT('',(0.0895214117616154,0.0391626018931694,0.0223984788860269));
#12165=CARTESIAN_POINT('',(0.0895214117616154,0.0386824008241141,0.0226511061475587));
#12166=CARTESIAN_POINT('',(0.0895214117616154,0.0384185522929408,0.0230481373803582));
#12167=CARTESIAN_POINT('',(0.0895214117616154,0.0402534136512563,0.0221755343865916));
#12168=CARTESIAN_POINT('',(0.0905214117616154,0.0402534136512563,0.0221755343865916));
#12169=CARTESIAN_POINT('',(0.0895214117616154,0.0398463398585686,0.0221557458785272));
#12170=CARTESIAN_POINT('',(0.0905214117616154,0.0398463398585686,0.0221557458785272));
#12171=CARTESIAN_POINT('',(0.0895214117616154,0.0394827359392063,0.0222300607116723));
#12172=CARTESIAN_POINT('',(0.0905214117616154,0.0394827359392063,0.0222300607116723));
#12173=CARTESIAN_POINT('',(0.0895214117616154,0.0391626018931694,0.0223984788860269));
#12174=CARTESIAN_POINT('',(0.0905214117616154,0.0391626018931694,0.0223984788860269));
#12175=CARTESIAN_POINT('',(0.0895214117616154,0.0402534136512563,0.0221755343865916));
#12176=CARTESIAN_POINT('',(0.0895214117616154,0.0402534136512563,0.0221755343865916));
#12177=CARTESIAN_POINT('',(0.0895214117616154,0.0402534136512563,0.0221755343865916));
#12178=CARTESIAN_POINT('',(0.0895214117616154,0.0396428029622248,0.022145851624495));
#12179=CARTESIAN_POINT('',(0.0895214117616154,0.0391626018931694,0.0223984788860269));
#12180=CARTESIAN_POINT('',(0.0895214117616153,0.04017552793169,0.0243651839458747));
#12181=CARTESIAN_POINT('',(0.0895214117616154,0.0413939404093712,0.0225458842662338));
#12182=CARTESIAN_POINT('',(0.0895214117616154,0.0413939404093712,0.0225458842662338));
#12183=CARTESIAN_POINT('',(0.0895214117616154,0.04017552793169,0.0243651839458747));
#12184=CARTESIAN_POINT('',(0.0895214117616154,0.0421668435158219,0.023466698872425));
#12185=CARTESIAN_POINT('',(0.0905214117616154,0.0421668435158219,0.023466698872425));
#12186=CARTESIAN_POINT('',(0.0895214117616154,0.0419875878672621,0.0230790946352329));
#12187=CARTESIAN_POINT('',(0.0905214117616154,0.0419875878672621,0.0230790946352329));
#12188=CARTESIAN_POINT('',(0.0895214117616154,0.0417299534984452,0.0227721564331692));
#12189=CARTESIAN_POINT('',(0.0905214117616154,0.0417299534984452,0.0227721564331692));
#12190=CARTESIAN_POINT('',(0.0895214117616154,0.0413939404093712,0.0225458842662338));
#12191=CARTESIAN_POINT('',(0.0905214117616154,0.0413939404093712,0.0225458842662338));
#12192=CARTESIAN_POINT('',(0.0895214117616154,0.0421668435158219,0.023466698872425));
#12193=CARTESIAN_POINT('',(0.0895214117616154,0.0421668435158219,0.023466698872425));
#12194=CARTESIAN_POINT('',(0.0895214117616154,0.0421668435158219,0.023466698872425));
#12195=CARTESIAN_POINT('',(0.0895214117616154,0.0418979600429822,0.0228852925166369));
#12196=CARTESIAN_POINT('',(0.0895214117616154,0.0413939404093712,0.0225458842662338));
#12197=CARTESIAN_POINT('',(0.0895214117616154,0.0424005449648372,0.0247718424511502));
#12198=CARTESIAN_POINT('',(0.0905214117616154,0.0424005449648372,0.0247718424511502));
#12199=CARTESIAN_POINT('',(0.0895214117616154,0.0424239996473867,0.0242893509691922));
#12200=CARTESIAN_POINT('',(0.0905214117616154,0.0424239996473867,0.0242893509691922));
#12201=CARTESIAN_POINT('',(0.0895214117616154,0.0423460991643816,0.0238543031096172));
#12202=CARTESIAN_POINT('',(0.0905214117616154,0.0423460991643816,0.0238543031096172));
#12203=CARTESIAN_POINT('',(0.0895214117616154,0.0421668435158219,0.023466698872425));
#12204=CARTESIAN_POINT('',(0.0905214117616154,0.0421668435158219,0.023466698872425));
#12205=CARTESIAN_POINT('',(0.0895214117616154,0.0424005449648372,0.0247718424511502));
#12206=CARTESIAN_POINT('',(0.0895214117616154,0.0424005449648372,0.0247718424511502));
#12207=CARTESIAN_POINT('',(0.0895214117616154,0.0424005449648372,0.0247718424511502));
#12208=CARTESIAN_POINT('',(0.0895214117616154,0.0424357269886615,0.0240481052282133));
#12209=CARTESIAN_POINT('',(0.0895214117616154,0.0421668435158219,0.023466698872425));
#12210=CARTESIAN_POINT('',(0.0895214117616154,0.0420415199789787,0.0260447571722088));
#12211=CARTESIAN_POINT('',(0.0905214117616154,0.0420415199789787,0.0260447571722088));
#12212=CARTESIAN_POINT('',(0.0895214117616154,0.042257106091563,0.0256849993681384));
#12213=CARTESIAN_POINT('',(0.0905214117616154,0.042257106091563,0.0256849993681384));
#12214=CARTESIAN_POINT('',(0.0895214117616154,0.0423767810868491,0.0252606944611189));
#12215=CARTESIAN_POINT('',(0.0905214117616154,0.0423767810868491,0.0252606944611189));
#12216=CARTESIAN_POINT('',(0.0895214117616154,0.0424005449648372,0.0247718424511502));
#12217=CARTESIAN_POINT('',(0.0905214117616154,0.0424005449648372,0.0247718424511502));
#12218=CARTESIAN_POINT('',(0.0895214117616154,0.0420415199789787,0.0260447571722088));
#12219=CARTESIAN_POINT('',(0.0895214117616154,0.0420415199789787,0.0260447571722088));
#12220=CARTESIAN_POINT('',(0.0895214117616154,0.0420415199789787,0.0260447571722088));
#12221=CARTESIAN_POINT('',(0.0895214117616154,0.0423648991478551,0.0255051204661032));
#12222=CARTESIAN_POINT('',(0.0895214117616154,0.0424005449648372,0.0247718424511502));
#12223=CARTESIAN_POINT('',(0.0895214117616153,0.0401825985774042,0.0249617805822878));
#12224=CARTESIAN_POINT('',(0.0895214117616154,0.0411840077493196,0.0268644556238149));
#12225=CARTESIAN_POINT('',(0.0895214117616154,0.0411840077493196,0.0268644556238149));
#12226=CARTESIAN_POINT('',(0.0895214117616154,0.0401825985774042,0.0249617805822878));
#12227=CARTESIAN_POINT('',(0.0895214117616154,0.0400133675640331,0.0271135757400764));
#12228=CARTESIAN_POINT('',(0.0905214117616154,0.0400133675640331,0.0271135757400764));
#12229=CARTESIAN_POINT('',(0.0895214117616154,0.0404377056470356,0.0271342034929025));
#12230=CARTESIAN_POINT('',(0.0905214117616154,0.0404377056470356,0.0271342034929025));
#12231=CARTESIAN_POINT('',(0.0895214117616154,0.0408279190421311,0.0270511634541486));
#12232=CARTESIAN_POINT('',(0.0905214117616154,0.0408279190421311,0.0270511634541486));
#12233=CARTESIAN_POINT('',(0.0895214117616154,0.0411840077493196,0.0268644556238149));
#12234=CARTESIAN_POINT('',(0.0905214117616154,0.0411840077493196,0.0268644556238149));
#12235=CARTESIAN_POINT('',(0.0895214117616154,0.0400133675640331,0.0271135757400764));
#12236=CARTESIAN_POINT('',(0.0895214117616154,0.0400133675640331,0.0271135757400764));
#12237=CARTESIAN_POINT('',(0.0895214117616154,0.0400133675640331,0.0271135757400764));
#12238=CARTESIAN_POINT('',(0.0895214117616154,0.0406498746885369,0.0271445173693155));
#12239=CARTESIAN_POINT('',(0.0895214117616154,0.0411840077493196,0.0268644556238149));
#12240=CARTESIAN_POINT('',(0.0895214117616154,0.0389411123469546,0.0267861641913045));
#12241=CARTESIAN_POINT('',(0.0905214117616154,0.0389411123469546,0.0267861641913045));
#12242=CARTESIAN_POINT('',(0.0895214117616154,0.0392434234845005,0.0269843850244264));
#12243=CARTESIAN_POINT('',(0.0905214117616154,0.0392434234845005,0.0269843850244264));
#12244=CARTESIAN_POINT('',(0.0895214117616154,0.0396008418901933,0.0270935222073504));
#12245=CARTESIAN_POINT('',(0.0905214117616154,0.0396008418901933,0.0270935222073504));
#12246=CARTESIAN_POINT('',(0.0895214117616154,0.0400133675640331,0.0271135757400764));
#12247=CARTESIAN_POINT('',(0.0905214117616154,0.0400133675640331,0.0271135757400764));
#12248=CARTESIAN_POINT('',(0.0895214117616154,0.0389411123469546,0.0267861641913045));
#12249=CARTESIAN_POINT('',(0.0895214117616154,0.0393945790532734,0.0270834954409874));
#12250=CARTESIAN_POINT('',(0.0895214117616154,0.0400133675640331,0.0271135757400764));
#12251=CARTESIAN_POINT('',(0.0895214117616153,0.0400216830213938,0.0249021736951103));
#12252=CARTESIAN_POINT('',(0.0905214117616154,0.0400216830213938,0.0249021736951103));
#12253=CARTESIAN_POINT('',(0.0895214117616154,0.0400216830213938,0.0249021736951103));
#12254=CARTESIAN_POINT('',(0.0895214117616154,0.0245822242672899,0.0137879834734106));
#12255=CARTESIAN_POINT('',(0.0895214117616154,0.0117526859111468,0.0239165967786011));
#12256=CARTESIAN_POINT('',(0.0895214117616154,0.0124860618254378,0.0269995366169498));
#12257=CARTESIAN_POINT('',(0.0895214117616154,0.0124860618254378,0.0269995366169498));
#12258=CARTESIAN_POINT('',(0.0895214117616154,0.0117526859111468,0.0239165967786011));
#12259=CARTESIAN_POINT('',(0.0895214117616154,0.0110193099968557,0.0208336569402524));
#12260=CARTESIAN_POINT('',(0.0895214117616154,0.0110193099968557,0.0208336569402524));
#12261=CARTESIAN_POINT('',(0.0895214117616154,0.0120587706401446,0.0269787653090988));
#12262=CARTESIAN_POINT('',(0.0895214117616154,0.0116314794548513,0.0269579940012477));
#12263=CARTESIAN_POINT('',(0.0895214117616154,0.0116314794548513,0.0269579940012477));
#12264=CARTESIAN_POINT('',(0.0895214117616154,0.0120587706401446,0.0269787653090988));
#12265=CARTESIAN_POINT('',(0.0895214117616154,0.0110891983706352,0.0243563626153756));
#12266=CARTESIAN_POINT('',(0.0895214117616154,0.0105469172864191,0.0217547312295035));
#12267=CARTESIAN_POINT('',(0.0895214117616154,0.0105469172864191,0.0217547312295035));
#12268=CARTESIAN_POINT('',(0.0895214117616154,0.0110891983706352,0.0243563626153756));
#12269=CARTESIAN_POINT('',(0.0895214117616154,0.0097241836271864,0.0242900070657333));
#12270=CARTESIAN_POINT('',(0.0895214117616154,0.00890144996795373,0.0268252829019631));
#12271=CARTESIAN_POINT('',(0.0895214117616154,0.00890144996795373,0.0268252829019631));
#12272=CARTESIAN_POINT('',(0.0895214117616154,0.0097241836271864,0.0242900070657333));
#12273=CARTESIAN_POINT('',(0.0895214117616154,0.00845644016891625,0.0268036502639619));
#12274=CARTESIAN_POINT('',(0.0895214117616154,0.00801143036987877,0.0267820176259607));
#12275=CARTESIAN_POINT('',(0.0895214117616154,0.00801143036987877,0.0267820176259607));
#12276=CARTESIAN_POINT('',(0.0895214117616154,0.00845644016891625,0.0268036502639619));
#12277=CARTESIAN_POINT('',(0.0895214117616154,0.00740415737691291,0.0241683466372776));
#12278=CARTESIAN_POINT('',(0.0895214117616154,0.00679688438394704,0.0215546756485945));
#12279=CARTESIAN_POINT('',(0.0895214117616154,0.00679688438394704,0.0215546756485945));
#12280=CARTESIAN_POINT('',(0.0895214117616154,0.00740415737691291,0.0241683466372776));
#12281=CARTESIAN_POINT('',(0.0895214117616154,0.00600847580198373,0.0241005003239139));
#12282=CARTESIAN_POINT('',(0.0895214117616154,0.00522006722002042,0.0266463249992334));
#12283=CARTESIAN_POINT('',(0.0895214117616154,0.00522006722002042,0.0266463249992334));
#12284=CARTESIAN_POINT('',(0.0895214117616154,0.00600847580198373,0.0241005003239139));
#12285=CARTESIAN_POINT('',(0.0895214117616154,0.00479686494559121,0.0266257524598785));
#12286=CARTESIAN_POINT('',(0.0895214117616154,0.00437366267116201,0.0266051799205236));
#12287=CARTESIAN_POINT('',(0.0895214117616154,0.00437366267116201,0.0266051799205236));
#12288=CARTESIAN_POINT('',(0.0895214117616154,0.00479686494559121,0.0266257524598785));
#12289=CARTESIAN_POINT('',(0.0895214117616154,0.00537213927629244,0.0236023296294441));
#12290=CARTESIAN_POINT('',(0.0895214117616154,0.00637061588142288,0.0205994793383645));
#12291=CARTESIAN_POINT('',(0.0895214117616154,0.00637061588142288,0.0205994793383645));
#12292=CARTESIAN_POINT('',(0.0895214117616154,0.00537213927629244,0.0236023296294441));
#12293=CARTESIAN_POINT('',(0.0895214117616154,0.00681133800110012,0.0206250021187336));
#12294=CARTESIAN_POINT('',(0.0895214117616154,0.00725206012077737,0.0206505248991028));
#12295=CARTESIAN_POINT('',(0.0895214117616154,0.00725206012077737,0.0206505248991028));
#12296=CARTESIAN_POINT('',(0.0895214117616154,0.00681133800110012,0.0206250021187336));
#12297=CARTESIAN_POINT('',(0.0895214117616154,0.00786572683370377,0.0231326692549923));
#12298=CARTESIAN_POINT('',(0.0895214117616154,0.00847939354663018,0.0256148136108817));
#12299=CARTESIAN_POINT('',(0.0895214117616154,0.00847939354663018,0.0256148136108817));
#12300=CARTESIAN_POINT('',(0.0895214117616154,0.00786572683370377,0.0231326692549923));
#12301=CARTESIAN_POINT('',(0.0895214117616154,0.00930502345784948,0.0232026357656485));
#12302=CARTESIAN_POINT('',(0.0895214117616154,0.0101306533690688,0.0207904579204153));
#12303=CARTESIAN_POINT('',(0.0895214117616154,0.0101306533690688,0.0207904579204153));
#12304=CARTESIAN_POINT('',(0.0895214117616154,0.00930502345784948,0.0232026357656485));
#12305=CARTESIAN_POINT('',(0.0895214117616154,0.0105749816829623,0.0208120574303338));
#12306=CARTESIAN_POINT('',(0.0895214117616154,0.0105749816829623,0.0208120574303338));
#12307=CARTESIAN_POINT('',(0.0895214117616154,0.0245822242672899,0.0137879834734106));
#12308=CARTESIAN_POINT('',(0.0905214117616154,0.0245822242672899,-0.00271201652658937));
#12309=CARTESIAN_POINT('',(0.0905214117616154,0.0245822242672899,-0.00271201652658937));
#12310=CARTESIAN_POINT('',(0.0905214117616154,0.0245822242672899,-0.00271201652658937));
#12311=CARTESIAN_POINT('',(0.0805214117616154,0.0404240906044479,0.0173610517643908));
#12312=CARTESIAN_POINT('',(0.0805214117616154,0.0404240906044479,0.016864206221106));
#12313=CARTESIAN_POINT('',(0.0805214117616154,0.0404240906044479,0.0178578973076756));
#12314=CARTESIAN_POINT('',(0.0805214117616154,0.037540301786781,0.0178578973076756));
#12315=CARTESIAN_POINT('',(0.0805214117616154,0.034656512969114,0.0178578973076756));
#12316=CARTESIAN_POINT('',(0.0805214117616154,0.034656512969114,0.01728693028474));
#12317=CARTESIAN_POINT('',(0.0805214117616154,0.034656512969114,0.0167159632618043));
#12318=CARTESIAN_POINT('',(0.0805214117616154,0.0368060358789894,0.0167159632618043));
#12319=CARTESIAN_POINT('',(0.0805214117616154,0.0389555587888649,0.0167159632618043));
#12320=CARTESIAN_POINT('',(0.0805214117616154,0.0367620262504467,0.0129288189108922));
#12321=CARTESIAN_POINT('',(0.0805214117616154,0.0345684937120286,0.00914167455998019));
#12322=CARTESIAN_POINT('',(0.0805214117616154,0.0345684937120286,0.0086448290166954));
#12323=CARTESIAN_POINT('',(0.0805214117616154,0.0345684937120286,0.00814798347341061));
#12324=CARTESIAN_POINT('',(0.0805214117616154,0.0374962921582382,0.00814798347341061));
#12325=CARTESIAN_POINT('',(0.0805214117616154,0.0404240906044479,0.00814798347341061));
#12326=CARTESIAN_POINT('',(0.0805214117616154,0.0404240906044479,0.00871895049634628));
#12327=CARTESIAN_POINT('',(0.0805214117616154,0.0404240906044479,0.00928991751928195));
#12328=CARTESIAN_POINT('',(0.0805214117616154,0.0382305580660297,0.00928991751928195));
#12329=CARTESIAN_POINT('',(0.0805214117616154,0.0360370255276116,0.00928991751928195));
#12330=CARTESIAN_POINT('',(0.0805214117616154,0.0382305580660297,0.013077061870194));
#12331=CARTESIAN_POINT('',(0.0805214117616154,0.027656480048119,0.0152519733676074));
#12332=CARTESIAN_POINT('',(0.0805214117616154,0.0285044301580911,0.0167159632618043));
#12333=CARTESIAN_POINT('',(0.0805214117616154,0.0241173650812548,0.00914167455998019));
#12334=CARTESIAN_POINT('',(0.0805214117616154,0.0241173650812548,0.0086448290166954));
#12335=CARTESIAN_POINT('',(0.0805214117616154,0.0241173650812548,0.00814798347341061));
#12336=CARTESIAN_POINT('',(0.0805214117616154,0.0255997946742723,0.00814798347341061));
#12337=CARTESIAN_POINT('',(0.0805214117616154,0.0299729619736742,0.00814798347341061));
#12338=CARTESIAN_POINT('',(0.0805214117616154,0.0299729619736742,0.00871895049634628));
#12339=CARTESIAN_POINT('',(0.0805214117616154,0.0299729619736742,0.00928991751928195));
#12340=CARTESIAN_POINT('',(0.0805214117616154,0.0263340605820638,0.00928991751928195));
#12341=CARTESIAN_POINT('',(0.0805214117616154,0.0255858968968378,0.00928991751928195));
#12342=CARTESIAN_POINT('',(0.0805214117616154,0.028527593120482,0.0143687700278968));
#12343=CARTESIAN_POINT('',(0.0805214117616154,0.0299729619736742,0.016864206221106));
#12344=CARTESIAN_POINT('',(0.0805214117616154,0.0299729619736742,0.0173610517643908));
#12345=CARTESIAN_POINT('',(0.0805214117616154,0.0299729619736742,0.0178578973076756));
#12346=CARTESIAN_POINT('',(0.0805214117616154,0.0270891731560071,0.0178578973076756));
#12347=CARTESIAN_POINT('',(0.0805214117616154,0.0242053843383402,0.0178578973076756));
#12348=CARTESIAN_POINT('',(0.0805214117616154,0.0242053843383402,0.01728693028474));
#12349=CARTESIAN_POINT('',(0.0805214117616154,0.0242053843383402,0.0167159632618043));
#12350=CARTESIAN_POINT('',(0.0805214117616154,0.0263549072482156,0.0167159632618043));
#12351=CARTESIAN_POINT('',(0.0805214117616154,0.0173283008044822,0.00928991751928195));
#12352=CARTESIAN_POINT('',(0.0805214117616154,0.0195218333429003,0.00928991751928195));
#12353=CARTESIAN_POINT('',(0.0805214117616154,0.015134768266064,0.00928991751928195));
#12354=CARTESIAN_POINT('',(0.0805214117616154,0.0186309517092405,0.0153260948472583));
#12355=CARTESIAN_POINT('',(0.0805214117616154,0.0195218333429003,0.016864206221106));
#12356=CARTESIAN_POINT('',(0.0805214117616154,0.0195218333429003,0.0173610517643908));
#12357=CARTESIAN_POINT('',(0.0805214117616154,0.0195218333429003,0.0178578973076756));
#12358=CARTESIAN_POINT('',(0.0805214117616154,0.0166380445252333,0.0178578973076756));
#12359=CARTESIAN_POINT('',(0.0805214117616154,0.0137542557075664,0.0178578973076756));
#12360=CARTESIAN_POINT('',(0.0805214117616154,0.0137542557075664,0.01728693028474));
#12361=CARTESIAN_POINT('',(0.0805214117616154,0.0137542557075664,0.0167159632618043));
#12362=CARTESIAN_POINT('',(0.0805214117616154,0.0159037786174418,0.0167159632618043));
#12363=CARTESIAN_POINT('',(0.0805214117616154,0.0180533015273173,0.0167159632618043));
#12364=CARTESIAN_POINT('',(0.0805214117616154,0.0172053514173452,0.0152519733676074));
#12365=CARTESIAN_POINT('',(0.0805214117616154,0.013666236450481,0.00914167455998019));
#12366=CARTESIAN_POINT('',(0.0805214117616154,0.013666236450481,0.0086448290166954));
#12367=CARTESIAN_POINT('',(0.0805214117616154,0.013666236450481,0.00814798347341061));
#12368=CARTESIAN_POINT('',(0.0805214117616154,0.0165940348966907,0.00814798347341061));
#12369=CARTESIAN_POINT('',(0.0805214117616154,0.0195218333429003,0.00814798347341061));
#12370=CARTESIAN_POINT('',(0.0805214117616154,0.0195218333429003,0.00871895049634628));
#12371=MECHANICAL_DESIGN_GEOMETRIC_PRESENTATION_REPRESENTATION('',(#7124,
#12,#13,#14,#15,#16,#17,#18,#19),#12372);
#12372=(
GEOMETRIC_REPRESENTATION_CONTEXT(3)
GLOBAL_UNCERTAINTY_ASSIGNED_CONTEXT((#12373))
GLOBAL_UNIT_ASSIGNED_CONTEXT((#12376,#12375,#12374))
REPRESENTATION_CONTEXT('Part 1','TOP_LEVEL_ASSEMBLY_PART')
);
#12373=UNCERTAINTY_MEASURE_WITH_UNIT(LENGTH_MEASURE(2.E-5),#12376,
'DISTANCE_ACCURACY_VALUE','Maximum Tolerance applied to model');
#12374=(
NAMED_UNIT(*)
SI_UNIT($,.STERADIAN.)
SOLID_ANGLE_UNIT()
);
#12375=(
NAMED_UNIT(*)
PLANE_ANGLE_UNIT()
SI_UNIT($,.RADIAN.)
);
#12376=(
LENGTH_UNIT()
NAMED_UNIT(*)
SI_UNIT($,.METRE.)
);
#12377=PRODUCT_DEFINITION_SHAPE('','',#12378);
#12378=PRODUCT_DEFINITION('','',#12380,#12379);
#12379=PRODUCT_DEFINITION_CONTEXT('',#12386,'design');
#12380=PRODUCT_DEFINITION_FORMATION_WITH_SPECIFIED_SOURCE('','',#12382,
 .NOT_KNOWN.);
#12381=PRODUCT_RELATED_PRODUCT_CATEGORY('','',(#12382));
#12382=PRODUCT('Part 1','Part 1','Part 1',(#12384));
#12383=PRODUCT_CATEGORY('','');
#12384=PRODUCT_CONTEXT('',#12386,'mechanical');
#12385=APPLICATION_PROTOCOL_DEFINITION('international standard',
'ap242_managed_model_based_3d_engineering',2020,#12386);
#12386=APPLICATION_CONTEXT('managed model based 3d engineering');
ENDSEC;
END-ISO-10303-21;
