ISO-10303-21;
HEADER;
/* Generated by software containing ST-Developer
 * from STEP Tools, Inc. (www.steptools.com) 
 */
/* OPTION: using custom renumber hook */

FILE_DESCRIPTION(
/* description */ ('STEP AP242 Edition 2',
'CAx-IF Rec.Pracs.---Representation and Presentation of Product Manufa
cturing Information (PMI)---4.0---2014-10-13',
'CAx-IF Rec.Pracs.---3D Tessellated Geometry---0.4---2014-09-14','2;1',
'CAx-IF Rec.Pracs.---User Defined Attributes---1.5---2016-08-15'),
/* implementation_level */ '2;1');

FILE_NAME(
/* name */ 'Part Studio 1 - Part 1',
/* time_stamp */ '2026-09-10T12:57:54Z',
/* author */ (''),
/* organization */ (''),
/* preprocessor_version */ 'ST-DEVELOPER v20',
/* originating_system */ 'ONSHAPE BY PTC INC, 1.220',
/* authorisation */ '  ');

FILE_SCHEMA (('AP242_MANAGED_MODEL_BASED_3D_ENGINEERING_MIM_LF { 1 0 10303 442 3 1 4 }'));
ENDSEC;

DATA;
#10=SHAPE_REPRESENTATION_RELATIONSHIP('','',#4066,#11);
#11=ADVANCED_BREP_SHAPE_REPRESENTATION('',(#4064),#6943);
#12=OVER_RIDING_STYLED_ITEM('',(#4009),#3885,#4007);
#13=OVER_RIDING_STYLED_ITEM('',(#4010),#3890,#4007);
#14=OVER_RIDING_STYLED_ITEM('',(#4011),#3899,#4007);
#15=OVER_RIDING_STYLED_ITEM('',(#4012),#3927,#4007);
#16=OVER_RIDING_STYLED_ITEM('',(#4013),#3952,#4007);
#17=OVER_RIDING_STYLED_ITEM('',(#4014),#3980,#4007);
#18=OVER_RIDING_STYLED_ITEM('',(#4015),#3994,#4007);
#19=OVER_RIDING_STYLED_ITEM('',(#4016),#4002,#4007);
#20=B_SPLINE_SURFACE_WITH_KNOTS('',3,1,((#5920,#5921),(#5922,#5923),(#5924,
#5925),(#5926,#5927)),.SURF_OF_LINEAR_EXTRUSION.,.F.,.F.,.F.,(4,4),(2,2),
(0.,1.),(0.,1.),.PIECEWISE_BEZIER_KNOTS.);
#21=B_SPLINE_SURFACE_WITH_KNOTS('',3,1,((#5937,#5938),(#5939,#5940),(#5941,
#5942),(#5943,#5944)),.SURF_OF_LINEAR_EXTRUSION.,.F.,.F.,.F.,(4,4),(2,2),
(0.,1.),(0.,1.),.PIECEWISE_BEZIER_KNOTS.);
#22=B_SPLINE_SURFACE_WITH_KNOTS('',3,1,((#5950,#5951),(#5952,#5953),(#5954,
#5955),(#5956,#5957)),.SURF_OF_LINEAR_EXTRUSION.,.F.,.F.,.F.,(4,4),(2,2),
(0.,1.),(0.,1.),.PIECEWISE_BEZIER_KNOTS.);
#23=B_SPLINE_SURFACE_WITH_KNOTS('',3,1,((#5967,#5968),(#5969,#5970),(#5971,
#5972),(#5973,#5974)),.SURF_OF_LINEAR_EXTRUSION.,.F.,.F.,.F.,(4,4),(2,2),
(0.,1.),(0.,1.),.PIECEWISE_BEZIER_KNOTS.);
#24=B_SPLINE_SURFACE_WITH_KNOTS('',3,1,((#5992,#5993),(#5994,#5995),(#5996,
#5997),(#5998,#5999)),.SURF_OF_LINEAR_EXTRUSION.,.F.,.F.,.F.,(4,4),(2,2),
(0.,1.),(0.,1.),.PIECEWISE_BEZIER_KNOTS.);
#25=B_SPLINE_SURFACE_WITH_KNOTS('',3,1,((#6005,#6006),(#6007,#6008),(#6009,
#6010),(#6011,#6012)),.SURF_OF_LINEAR_EXTRUSION.,.F.,.F.,.F.,(4,4),(2,2),
(0.,1.),(0.,1.),.PIECEWISE_BEZIER_KNOTS.);
#26=B_SPLINE_SURFACE_WITH_KNOTS('',3,1,((#6018,#6019),(#6020,#6021),(#6022,
#6023),(#6024,#6025)),.SURF_OF_LINEAR_EXTRUSION.,.F.,.F.,.F.,(4,4),(2,2),
(0.,1.),(0.,1.),.PIECEWISE_BEZIER_KNOTS.);
#27=B_SPLINE_SURFACE_WITH_KNOTS('',3,1,((#6031,#6032),(#6033,#6034),(#6035,
#6036),(#6037,#6038)),.SURF_OF_LINEAR_EXTRUSION.,.F.,.F.,.F.,(4,4),(2,2),
(0.,1.),(0.,1.),.PIECEWISE_BEZIER_KNOTS.);
#28=B_SPLINE_SURFACE_WITH_KNOTS('',3,1,((#6093,#6094),(#6095,#6096),(#6097,
#6098),(#6099,#6100)),.SURF_OF_LINEAR_EXTRUSION.,.F.,.F.,.F.,(4,4),(2,2),
(0.,1.),(0.,1.),.PIECEWISE_BEZIER_KNOTS.);
#29=B_SPLINE_SURFACE_WITH_KNOTS('',3,1,((#6113,#6114),(#6115,#6116),(#6117,
#6118),(#6119,#6120)),.SURF_OF_LINEAR_EXTRUSION.,.F.,.F.,.F.,(4,4),(2,2),
(0.,1.),(0.,1.),.PIECEWISE_BEZIER_KNOTS.);
#30=B_SPLINE_SURFACE_WITH_KNOTS('',3,1,((#6148,#6149),(#6150,#6151),(#6152,
#6153),(#6154,#6155)),.SURF_OF_LINEAR_EXTRUSION.,.F.,.F.,.F.,(4,4),(2,2),
(0.,1.),(0.,1.),.PIECEWISE_BEZIER_KNOTS.);
#31=B_SPLINE_SURFACE_WITH_KNOTS('',3,1,((#6165,#6166),(#6167,#6168),(#6169,
#6170),(#6171,#6172)),.SURF_OF_LINEAR_EXTRUSION.,.F.,.F.,.F.,(4,4),(2,2),
(0.,1.),(0.,1.),.PIECEWISE_BEZIER_KNOTS.);
#32=B_SPLINE_SURFACE_WITH_KNOTS('',3,1,((#6182,#6183),(#6184,#6185),(#6186,
#6187),(#6188,#6189)),.SURF_OF_LINEAR_EXTRUSION.,.F.,.F.,.F.,(4,4),(2,2),
(0.,1.),(0.,1.),.PIECEWISE_BEZIER_KNOTS.);
#33=B_SPLINE_SURFACE_WITH_KNOTS('',3,1,((#6199,#6200),(#6201,#6202),(#6203,
#6204),(#6205,#6206)),.SURF_OF_LINEAR_EXTRUSION.,.F.,.F.,.F.,(4,4),(2,2),
(0.,1.),(0.,1.),.PIECEWISE_BEZIER_KNOTS.);
#34=B_SPLINE_SURFACE_WITH_KNOTS('',3,1,((#6228,#6229),(#6230,#6231),(#6232,
#6233),(#6234,#6235)),.SURF_OF_LINEAR_EXTRUSION.,.F.,.F.,.F.,(4,4),(2,2),
(0.,1.),(0.,1.),.PIECEWISE_BEZIER_KNOTS.);
#35=B_SPLINE_SURFACE_WITH_KNOTS('',3,1,((#6243,#6244),(#6245,#6246),(#6247,
#6248),(#6249,#6250)),.SURF_OF_LINEAR_EXTRUSION.,.F.,.F.,.F.,(4,4),(2,2),
(0.,1.),(0.,1.),.PIECEWISE_BEZIER_KNOTS.);
#36=B_SPLINE_SURFACE_WITH_KNOTS('',3,1,((#6256,#6257),(#6258,#6259),(#6260,
#6261),(#6262,#6263)),.SURF_OF_LINEAR_EXTRUSION.,.F.,.F.,.F.,(4,4),(2,2),
(0.,1.),(0.,1.),.PIECEWISE_BEZIER_KNOTS.);
#37=B_SPLINE_SURFACE_WITH_KNOTS('',3,1,((#6269,#6270),(#6271,#6272),(#6273,
#6274),(#6275,#6276)),.SURF_OF_LINEAR_EXTRUSION.,.F.,.F.,.F.,(4,4),(2,2),
(0.,1.),(0.,1.),.PIECEWISE_BEZIER_KNOTS.);
#38=B_SPLINE_SURFACE_WITH_KNOTS('',3,1,((#6282,#6283),(#6284,#6285),(#6286,
#6287),(#6288,#6289)),.SURF_OF_LINEAR_EXTRUSION.,.F.,.F.,.F.,(4,4),(2,2),
(0.,1.),(0.,1.),.PIECEWISE_BEZIER_KNOTS.);
#39=B_SPLINE_SURFACE_WITH_KNOTS('',3,1,((#6295,#6296),(#6297,#6298),(#6299,
#6300),(#6301,#6302)),.SURF_OF_LINEAR_EXTRUSION.,.F.,.F.,.F.,(4,4),(2,2),
(0.,1.),(0.,1.),.PIECEWISE_BEZIER_KNOTS.);
#40=B_SPLINE_SURFACE_WITH_KNOTS('',3,1,((#6328,#6329),(#6330,#6331),(#6332,
#6333),(#6334,#6335)),.SURF_OF_LINEAR_EXTRUSION.,.F.,.F.,.F.,(4,4),(2,2),
(0.,1.),(0.,1.),.PIECEWISE_BEZIER_KNOTS.);
#41=B_SPLINE_SURFACE_WITH_KNOTS('',3,1,((#6341,#6342),(#6343,#6344),(#6345,
#6346),(#6347,#6348)),.SURF_OF_LINEAR_EXTRUSION.,.F.,.F.,.F.,(4,4),(2,2),
(0.,1.),(0.,1.),.PIECEWISE_BEZIER_KNOTS.);
#42=B_SPLINE_SURFACE_WITH_KNOTS('',3,1,((#6354,#6355),(#6356,#6357),(#6358,
#6359),(#6360,#6361)),.SURF_OF_LINEAR_EXTRUSION.,.F.,.F.,.F.,(4,4),(2,2),
(0.,1.),(0.,1.),.PIECEWISE_BEZIER_KNOTS.);
#43=B_SPLINE_SURFACE_WITH_KNOTS('',3,1,((#6373,#6374),(#6375,#6376),(#6377,
#6378),(#6379,#6380)),.SURF_OF_LINEAR_EXTRUSION.,.F.,.F.,.F.,(4,4),(2,2),
(0.,1.),(0.,1.),.PIECEWISE_BEZIER_KNOTS.);
#44=B_SPLINE_SURFACE_WITH_KNOTS('',3,1,((#6399,#6400),(#6401,#6402),(#6403,
#6404),(#6405,#6406)),.SURF_OF_LINEAR_EXTRUSION.,.F.,.F.,.F.,(4,4),(2,2),
(0.,1.),(0.,1.),.PIECEWISE_BEZIER_KNOTS.);
#45=B_SPLINE_SURFACE_WITH_KNOTS('',3,1,((#6416,#6417),(#6418,#6419),(#6420,
#6421),(#6422,#6423)),.SURF_OF_LINEAR_EXTRUSION.,.F.,.F.,.F.,(4,4),(2,2),
(0.,1.),(0.,1.),.PIECEWISE_BEZIER_KNOTS.);
#46=B_SPLINE_SURFACE_WITH_KNOTS('',3,1,((#6445,#6446),(#6447,#6448),(#6449,
#6450),(#6451,#6452)),.SURF_OF_LINEAR_EXTRUSION.,.F.,.F.,.F.,(4,4),(2,2),
(0.,1.),(0.,1.),.PIECEWISE_BEZIER_KNOTS.);
#47=B_SPLINE_SURFACE_WITH_KNOTS('',3,1,((#6462,#6463),(#6464,#6465),(#6466,
#6467),(#6468,#6469)),.SURF_OF_LINEAR_EXTRUSION.,.F.,.F.,.F.,(4,4),(2,2),
(0.,1.),(0.,1.),.PIECEWISE_BEZIER_KNOTS.);
#48=B_SPLINE_SURFACE_WITH_KNOTS('',3,1,((#6475,#6476),(#6477,#6478),(#6479,
#6480),(#6481,#6482)),.SURF_OF_LINEAR_EXTRUSION.,.F.,.F.,.F.,(4,4),(2,2),
(0.,1.),(0.,1.),.PIECEWISE_BEZIER_KNOTS.);
#49=B_SPLINE_SURFACE_WITH_KNOTS('',3,1,((#6492,#6493),(#6494,#6495),(#6496,
#6497),(#6498,#6499)),.SURF_OF_LINEAR_EXTRUSION.,.F.,.F.,.F.,(4,4),(2,2),
(0.,1.),(0.,1.),.PIECEWISE_BEZIER_KNOTS.);
#50=B_SPLINE_SURFACE_WITH_KNOTS('',3,1,((#6505,#6506),(#6507,#6508),(#6509,
#6510),(#6511,#6512)),.SURF_OF_LINEAR_EXTRUSION.,.F.,.F.,.F.,(4,4),(2,2),
(0.,1.),(0.,1.),.PIECEWISE_BEZIER_KNOTS.);
#51=B_SPLINE_SURFACE_WITH_KNOTS('',3,1,((#6522,#6523),(#6524,#6525),(#6526,
#6527),(#6528,#6529)),.SURF_OF_LINEAR_EXTRUSION.,.F.,.F.,.F.,(4,4),(2,2),
(0.,1.),(0.,1.),.PIECEWISE_BEZIER_KNOTS.);
#52=B_SPLINE_SURFACE_WITH_KNOTS('',3,1,((#6535,#6536),(#6537,#6538),(#6539,
#6540),(#6541,#6542)),.SURF_OF_LINEAR_EXTRUSION.,.F.,.F.,.F.,(4,4),(2,2),
(0.,1.),(0.,1.),.PIECEWISE_BEZIER_KNOTS.);
#53=B_SPLINE_SURFACE_WITH_KNOTS('',3,1,((#6560,#6561),(#6562,#6563),(#6564,
#6565),(#6566,#6567)),.SURF_OF_LINEAR_EXTRUSION.,.F.,.F.,.F.,(4,4),(2,2),
(0.,1.),(0.,1.),.PIECEWISE_BEZIER_KNOTS.);
#54=B_SPLINE_SURFACE_WITH_KNOTS('',3,1,((#6573,#6574),(#6575,#6576),(#6577,
#6578),(#6579,#6580)),.SURF_OF_LINEAR_EXTRUSION.,.F.,.F.,.F.,(4,4),(2,2),
(0.,1.),(0.,1.),.PIECEWISE_BEZIER_KNOTS.);
#55=B_SPLINE_SURFACE_WITH_KNOTS('',3,1,((#6586,#6587),(#6588,#6589),(#6590,
#6591),(#6592,#6593)),.SURF_OF_LINEAR_EXTRUSION.,.F.,.F.,.F.,(4,4),(2,2),
(0.,1.),(0.,1.),.PIECEWISE_BEZIER_KNOTS.);
#56=B_SPLINE_SURFACE_WITH_KNOTS('',3,1,((#6605,#6606),(#6607,#6608),(#6609,
#6610),(#6611,#6612)),.SURF_OF_LINEAR_EXTRUSION.,.F.,.F.,.F.,(4,4),(2,2),
(0.,1.),(0.,1.),.PIECEWISE_BEZIER_KNOTS.);
#57=B_SPLINE_SURFACE_WITH_KNOTS('',3,1,((#6625,#6626),(#6627,#6628),(#6629,
#6630),(#6631,#6632)),.SURF_OF_LINEAR_EXTRUSION.,.F.,.F.,.F.,(4,4),(2,2),
(0.,1.),(0.,1.),.PIECEWISE_BEZIER_KNOTS.);
#58=B_SPLINE_SURFACE_WITH_KNOTS('',3,1,((#6660,#6661),(#6662,#6663),(#6664,
#6665),(#6666,#6667)),.SURF_OF_LINEAR_EXTRUSION.,.F.,.F.,.F.,(4,4),(2,2),
(0.,1.),(0.,1.),.PIECEWISE_BEZIER_KNOTS.);
#59=B_SPLINE_SURFACE_WITH_KNOTS('',3,1,((#6677,#6678),(#6679,#6680),(#6681,
#6682),(#6683,#6684)),.SURF_OF_LINEAR_EXTRUSION.,.F.,.F.,.F.,(4,4),(2,2),
(0.,1.),(0.,1.),.PIECEWISE_BEZIER_KNOTS.);
#60=B_SPLINE_SURFACE_WITH_KNOTS('',3,1,((#6694,#6695),(#6696,#6697),(#6698,
#6699),(#6700,#6701)),.SURF_OF_LINEAR_EXTRUSION.,.F.,.F.,.F.,(4,4),(2,2),
(0.,1.),(0.,1.),.PIECEWISE_BEZIER_KNOTS.);
#61=B_SPLINE_SURFACE_WITH_KNOTS('',3,1,((#6711,#6712),(#6713,#6714),(#6715,
#6716),(#6717,#6718)),.SURF_OF_LINEAR_EXTRUSION.,.F.,.F.,.F.,(4,4),(2,2),
(0.,1.),(0.,1.),.PIECEWISE_BEZIER_KNOTS.);
#62=B_SPLINE_SURFACE_WITH_KNOTS('',3,1,((#6740,#6741),(#6742,#6743),(#6744,
#6745),(#6746,#6747)),.SURF_OF_LINEAR_EXTRUSION.,.F.,.F.,.F.,(4,4),(2,2),
(0.,1.),(0.,1.),.PIECEWISE_BEZIER_KNOTS.);
#63=B_SPLINE_SURFACE_WITH_KNOTS('',3,1,((#6775,#6776),(#6777,#6778),(#6779,
#6780),(#6781,#6782)),.SURF_OF_LINEAR_EXTRUSION.,.F.,.F.,.F.,(4,4),(2,2),
(0.,1.),(0.,1.),.PIECEWISE_BEZIER_KNOTS.);
#64=B_SPLINE_SURFACE_WITH_KNOTS('',3,1,((#6788,#6789),(#6790,#6791),(#6792,
#6793),(#6794,#6795)),.SURF_OF_LINEAR_EXTRUSION.,.F.,.F.,.F.,(4,4),(2,2),
(0.,1.),(0.,1.),.PIECEWISE_BEZIER_KNOTS.);
#65=B_SPLINE_SURFACE_WITH_KNOTS('',3,1,((#6805,#6806),(#6807,#6808),(#6809,
#6810),(#6811,#6812)),.SURF_OF_LINEAR_EXTRUSION.,.F.,.F.,.F.,(4,4),(2,2),
(0.,1.),(0.,1.),.PIECEWISE_BEZIER_KNOTS.);
#66=B_SPLINE_SURFACE_WITH_KNOTS('',3,1,((#6818,#6819),(#6820,#6821),(#6822,
#6823),(#6824,#6825)),.SURF_OF_LINEAR_EXTRUSION.,.F.,.F.,.F.,(4,4),(2,2),
(0.,1.),(0.,1.),.PIECEWISE_BEZIER_KNOTS.);
#67=B_SPLINE_SURFACE_WITH_KNOTS('',3,1,((#6831,#6832),(#6833,#6834),(#6835,
#6836),(#6837,#6838)),.SURF_OF_LINEAR_EXTRUSION.,.F.,.F.,.F.,(4,4),(2,2),
(0.,1.),(0.,1.),.PIECEWISE_BEZIER_KNOTS.);
#68=B_SPLINE_SURFACE_WITH_KNOTS('',3,1,((#6848,#6849),(#6850,#6851),(#6852,
#6853),(#6854,#6855)),.SURF_OF_LINEAR_EXTRUSION.,.F.,.F.,.F.,(4,4),(2,2),
(0.,1.),(0.,1.),.PIECEWISE_BEZIER_KNOTS.);
#69=B_SPLINE_SURFACE_WITH_KNOTS('',3,1,((#6861,#6862),(#6863,#6864),(#6865,
#6866),(#6867,#6868)),.SURF_OF_LINEAR_EXTRUSION.,.F.,.F.,.F.,(4,4),(2,2),
(0.,1.),(0.,1.),.PIECEWISE_BEZIER_KNOTS.);
#70=CYLINDRICAL_SURFACE('',#4121,0.0023);
#71=CYLINDRICAL_SURFACE('',#4130,0.0023);
#72=CYLINDRICAL_SURFACE('',#4152,0.0023);
#73=CYLINDRICAL_SURFACE('',#4155,0.0023);
#74=CYLINDRICAL_SURFACE('',#4158,0.0023);
#75=CYLINDRICAL_SURFACE('',#4161,0.0023);
#76=CYLINDRICAL_SURFACE('',#4164,0.0023);
#77=CYLINDRICAL_SURFACE('',#4170,0.0023);
#78=CYLINDRICAL_SURFACE('',#4193,0.00189122680987175);
#79=CYLINDRICAL_SURFACE('',#4195,0.00191478189415123);
#80=CYLINDRICAL_SURFACE('',#4206,0.000522485369603297);
#81=CYLINDRICAL_SURFACE('',#4208,0.00049733410219197);
#82=CYLINDRICAL_SURFACE('',#4210,0.000527517836103322);
#83=CYLINDRICAL_SURFACE('',#4212,0.000529212917666294);
#84=CYLINDRICAL_SURFACE('',#4214,0.000497334102191699);
#85=CYLINDRICAL_SURFACE('',#4216,0.000522485369603185);
#86=CYLINDRICAL_SURFACE('',#4218,0.00052069070559212);
#87=CYLINDRICAL_SURFACE('',#4220,0.000519067009062028);
#88=CYLINDRICAL_SURFACE('',#4223,0.00153619412479915);
#89=CYLINDRICAL_SURFACE('',#4226,0.00160444189066168);
#90=CYLINDRICAL_SURFACE('',#4229,0.00157992200011369);
#91=CYLINDRICAL_SURFACE('',#4232,0.00160799497559707);
#92=CYLINDRICAL_SURFACE('',#4235,0.00160843904386145);
#93=CYLINDRICAL_SURFACE('',#4243,0.00215048989305136);
#94=CYLINDRICAL_SURFACE('',#4245,0.00153757703686586);
#95=CYLINDRICAL_SURFACE('',#4250,0.00170127862012871);
#96=CYLINDRICAL_SURFACE('',#4253,0.00474399679984521);
#97=CYLINDRICAL_SURFACE('',#4255,0.00205214268219766);
#98=CYLINDRICAL_SURFACE('',#4257,0.0020819597590677);
#99=CYLINDRICAL_SURFACE('',#4259,0.00216107606555551);
#100=CYLINDRICAL_SURFACE('',#4261,0.00204913641601904);
#101=CYLINDRICAL_SURFACE('',#4264,0.0012655185644977);
#102=CYLINDRICAL_SURFACE('',#4267,0.00130418943728444);
#103=CYLINDRICAL_SURFACE('',#4271,0.001536194124799);
#104=CYLINDRICAL_SURFACE('',#4274,0.00160181837665631);
#105=CYLINDRICAL_SURFACE('',#4277,0.00158627948872513);
#106=CYLINDRICAL_SURFACE('',#4280,0.00159020746109975);
#107=CYLINDRICAL_SURFACE('',#4283,0.00163035625890816);
#108=CYLINDRICAL_SURFACE('',#4291,0.00219006906889697);
#109=CYLINDRICAL_SURFACE('',#4293,0.00215048989305146);
#110=CYLINDRICAL_SURFACE('',#4295,0.00150942983526414);
#111=CYLINDRICAL_SURFACE('',#4316,0.004);
#112=CYLINDRICAL_SURFACE('',#4317,0.004);
#113=CYLINDRICAL_SURFACE('',#4318,0.004);
#114=CYLINDRICAL_SURFACE('',#4319,0.004);
#115=LINE('',#5228,#496);
#116=LINE('',#5244,#497);
#117=LINE('',#5293,#498);
#118=LINE('',#5296,#499);
#119=LINE('',#5298,#500);
#120=LINE('',#5300,#501);
#121=LINE('',#5301,#502);
#122=LINE('',#5304,#503);
#123=LINE('',#5322,#504);
#124=LINE('',#5324,#505);
#125=LINE('',#5326,#506);
#126=LINE('',#5348,#507);
#127=LINE('',#5349,#508);
#128=LINE('',#5352,#509);
#129=LINE('',#5354,#510);
#130=LINE('',#5356,#511);
#131=LINE('',#5358,#512);
#132=LINE('',#5360,#513);
#133=LINE('',#5362,#514);
#134=LINE('',#5364,#515);
#135=LINE('',#5366,#516);
#136=LINE('',#5368,#517);
#137=LINE('',#5370,#518);
#138=LINE('',#5371,#519);
#139=LINE('',#5374,#520);
#140=LINE('',#5376,#521);
#141=LINE('',#5378,#522);
#142=LINE('',#5379,#523);
#143=LINE('',#5382,#524);
#144=LINE('',#5384,#525);
#145=LINE('',#5386,#526);
#146=LINE('',#5410,#527);
#147=LINE('',#5412,#528);
#148=LINE('',#5414,#529);
#149=LINE('',#5416,#530);
#150=LINE('',#5418,#531);
#151=LINE('',#5435,#532);
#152=LINE('',#5474,#533);
#153=LINE('',#5476,#534);
#154=LINE('',#5478,#535);
#155=LINE('',#5480,#536);
#156=LINE('',#5481,#537);
#157=LINE('',#5484,#538);
#158=LINE('',#5486,#539);
#159=LINE('',#5488,#540);
#160=LINE('',#5490,#541);
#161=LINE('',#5492,#542);
#162=LINE('',#5494,#543);
#163=LINE('',#5496,#544);
#164=LINE('',#5498,#545);
#165=LINE('',#5500,#546);
#166=LINE('',#5502,#547);
#167=LINE('',#5504,#548);
#168=LINE('',#5506,#549);
#169=LINE('',#5516,#550);
#170=LINE('',#5521,#551);
#171=LINE('',#5526,#552);
#172=LINE('',#5529,#553);
#173=LINE('',#5532,#554);
#174=LINE('',#5534,#555);
#175=LINE('',#5536,#556);
#176=LINE('',#5538,#557);
#177=LINE('',#5540,#558);
#178=LINE('',#5542,#559);
#179=LINE('',#5544,#560);
#180=LINE('',#5546,#561);
#181=LINE('',#5548,#562);
#182=LINE('',#5550,#563);
#183=LINE('',#5553,#564);
#184=LINE('',#5555,#565);
#185=LINE('',#5557,#566);
#186=LINE('',#5559,#567);
#187=LINE('',#5561,#568);
#188=LINE('',#5563,#569);
#189=LINE('',#5565,#570);
#190=LINE('',#5568,#571);
#191=LINE('',#5570,#572);
#192=LINE('',#5572,#573);
#193=LINE('',#5574,#574);
#194=LINE('',#5576,#575);
#195=LINE('',#5578,#576);
#196=LINE('',#5579,#577);
#197=LINE('',#5581,#578);
#198=LINE('',#5583,#579);
#199=LINE('',#5584,#580);
#200=LINE('',#5586,#581);
#201=LINE('',#5589,#582);
#202=LINE('',#5591,#583);
#203=LINE('',#5593,#584);
#204=LINE('',#5594,#585);
#205=LINE('',#5597,#586);
#206=LINE('',#5598,#587);
#207=LINE('',#5600,#588);
#208=LINE('',#5602,#589);
#209=LINE('',#5604,#590);
#210=LINE('',#5606,#591);
#211=LINE('',#5608,#592);
#212=LINE('',#5610,#593);
#213=LINE('',#5611,#594);
#214=LINE('',#5614,#595);
#215=LINE('',#5616,#596);
#216=LINE('',#5618,#597);
#217=LINE('',#5619,#598);
#218=LINE('',#5622,#599);
#219=LINE('',#5624,#600);
#220=LINE('',#5626,#601);
#221=LINE('',#5628,#602);
#222=LINE('',#5631,#603);
#223=LINE('',#5633,#604);
#224=LINE('',#5635,#605);
#225=LINE('',#5636,#606);
#226=LINE('',#5639,#607);
#227=LINE('',#5640,#608);
#228=LINE('',#5641,#609);
#229=LINE('',#5644,#610);
#230=LINE('',#5646,#611);
#231=LINE('',#5648,#612);
#232=LINE('',#5649,#613);
#233=LINE('',#5652,#614);
#234=LINE('',#5654,#615);
#235=LINE('',#5656,#616);
#236=LINE('',#5658,#617);
#237=LINE('',#5660,#618);
#238=LINE('',#5662,#619);
#239=LINE('',#5664,#620);
#240=LINE('',#5665,#621);
#241=LINE('',#5667,#622);
#242=LINE('',#5669,#623);
#243=LINE('',#5671,#624);
#244=LINE('',#5673,#625);
#245=LINE('',#5675,#626);
#246=LINE('',#5677,#627);
#247=LINE('',#5678,#628);
#248=LINE('',#5680,#629);
#249=LINE('',#5682,#630);
#250=LINE('',#5685,#631);
#251=LINE('',#5687,#632);
#252=LINE('',#5689,#633);
#253=LINE('',#5691,#634);
#254=LINE('',#5693,#635);
#255=LINE('',#5695,#636);
#256=LINE('',#5697,#637);
#257=LINE('',#5699,#638);
#258=LINE('',#5701,#639);
#259=LINE('',#5702,#640);
#260=LINE('',#5704,#641);
#261=LINE('',#5706,#642);
#262=LINE('',#5707,#643);
#263=LINE('',#5709,#644);
#264=LINE('',#5711,#645);
#265=LINE('',#5712,#646);
#266=LINE('',#5714,#647);
#267=LINE('',#5716,#648);
#268=LINE('',#5718,#649);
#269=LINE('',#5719,#650);
#270=LINE('',#5720,#651);
#271=LINE('',#5722,#652);
#272=LINE('',#5724,#653);
#273=LINE('',#5726,#654);
#274=LINE('',#5728,#655);
#275=LINE('',#5730,#656);
#276=LINE('',#5732,#657);
#277=LINE('',#5735,#658);
#278=LINE('',#5736,#659);
#279=LINE('',#5743,#660);
#280=LINE('',#5745,#661);
#281=LINE('',#5747,#662);
#282=LINE('',#5749,#663);
#283=LINE('',#5751,#664);
#284=LINE('',#5753,#665);
#285=LINE('',#5755,#666);
#286=LINE('',#5762,#667);
#287=LINE('',#5764,#668);
#288=LINE('',#5766,#669);
#289=LINE('',#5769,#670);
#290=LINE('',#5771,#671);
#291=LINE('',#5773,#672);
#292=LINE('',#5775,#673);
#293=LINE('',#5777,#674);
#294=LINE('',#5788,#675);
#295=LINE('',#5789,#676);
#296=LINE('',#5791,#677);
#297=LINE('',#5793,#678);
#298=LINE('',#5796,#679);
#299=LINE('',#5797,#680);
#300=LINE('',#5799,#681);
#301=LINE('',#5801,#682);
#302=LINE('',#5804,#683);
#303=LINE('',#5805,#684);
#304=LINE('',#5807,#685);
#305=LINE('',#5809,#686);
#306=LINE('',#5812,#687);
#307=LINE('',#5814,#688);
#308=LINE('',#5838,#689);
#309=LINE('',#5840,#690);
#310=LINE('',#5842,#691);
#311=LINE('',#5850,#692);
#312=LINE('',#5852,#693);
#313=LINE('',#5854,#694);
#314=LINE('',#5856,#695);
#315=LINE('',#5858,#696);
#316=LINE('',#5863,#697);
#317=LINE('',#5865,#698);
#318=LINE('',#5867,#699);
#319=LINE('',#5869,#700);
#320=LINE('',#5871,#701);
#321=LINE('',#5873,#702);
#322=LINE('',#5875,#703);
#323=LINE('',#5877,#704);
#324=LINE('',#5879,#705);
#325=LINE('',#5881,#706);
#326=LINE('',#5883,#707);
#327=LINE('',#5885,#708);
#328=LINE('',#5887,#709);
#329=LINE('',#5889,#710);
#330=LINE('',#5891,#711);
#331=LINE('',#5893,#712);
#332=LINE('',#5895,#713);
#333=LINE('',#5897,#714);
#334=LINE('',#5899,#715);
#335=LINE('',#5901,#716);
#336=LINE('',#5903,#717);
#337=LINE('',#5905,#718);
#338=LINE('',#5907,#719);
#339=LINE('',#5909,#720);
#340=LINE('',#5911,#721);
#341=LINE('',#5913,#722);
#342=LINE('',#5915,#723);
#343=LINE('',#5917,#724);
#344=LINE('',#5919,#725);
#345=LINE('',#5928,#726);
#346=LINE('',#5934,#727);
#347=LINE('',#5945,#728);
#348=LINE('',#5958,#729);
#349=LINE('',#5964,#730);
#350=LINE('',#5975,#731);
#351=LINE('',#5981,#732);
#352=LINE('',#5983,#733);
#353=LINE('',#5985,#734);
#354=LINE('',#5987,#735);
#355=LINE('',#5989,#736);
#356=LINE('',#5991,#737);
#357=LINE('',#6000,#738);
#358=LINE('',#6013,#739);
#359=LINE('',#6026,#740);
#360=LINE('',#6044,#741);
#361=LINE('',#6046,#742);
#362=LINE('',#6048,#743);
#363=LINE('',#6050,#744);
#364=LINE('',#6052,#745);
#365=LINE('',#6054,#746);
#366=LINE('',#6056,#747);
#367=LINE('',#6058,#748);
#368=LINE('',#6061,#749);
#369=LINE('',#6065,#750);
#370=LINE('',#6067,#751);
#371=LINE('',#6071,#752);
#372=LINE('',#6075,#753);
#373=LINE('',#6079,#754);
#374=LINE('',#6083,#755);
#375=LINE('',#6087,#756);
#376=LINE('',#6106,#757);
#377=LINE('',#6112,#758);
#378=LINE('',#6125,#759);
#379=LINE('',#6133,#760);
#380=LINE('',#6139,#761);
#381=LINE('',#6145,#762);
#382=LINE('',#6160,#763);
#383=LINE('',#6177,#764);
#384=LINE('',#6194,#765);
#385=LINE('',#6211,#766);
#386=LINE('',#6219,#767);
#387=LINE('',#6225,#768);
#388=LINE('',#6236,#769);
#389=LINE('',#6242,#770);
#390=LINE('',#6251,#771);
#391=LINE('',#6264,#772);
#392=LINE('',#6277,#773);
#393=LINE('',#6290,#774);
#394=LINE('',#6303,#775);
#395=LINE('',#6309,#776);
#396=LINE('',#6311,#777);
#397=LINE('',#6313,#778);
#398=LINE('',#6315,#779);
#399=LINE('',#6317,#780);
#400=LINE('',#6319,#781);
#401=LINE('',#6321,#782);
#402=LINE('',#6323,#783);
#403=LINE('',#6325,#784);
#404=LINE('',#6327,#785);
#405=LINE('',#6336,#786);
#406=LINE('',#6349,#787);
#407=LINE('',#6362,#788);
#408=LINE('',#6386,#789);
#409=LINE('',#6392,#790);
#410=LINE('',#6394,#791);
#411=LINE('',#6396,#792);
#412=LINE('',#6398,#793);
#413=LINE('',#6411,#794);
#414=LINE('',#6428,#795);
#415=LINE('',#6436,#796);
#416=LINE('',#6440,#797);
#417=LINE('',#6444,#798);
#418=LINE('',#6453,#799);
#419=LINE('',#6459,#800);
#420=LINE('',#6470,#801);
#421=LINE('',#6483,#802);
#422=LINE('',#6489,#803);
#423=LINE('',#6500,#804);
#424=LINE('',#6513,#805);
#425=LINE('',#6519,#806);
#426=LINE('',#6530,#807);
#427=LINE('',#6543,#808);
#428=LINE('',#6549,#809);
#429=LINE('',#6553,#810);
#430=LINE('',#6555,#811);
#431=LINE('',#6557,#812);
#432=LINE('',#6568,#813);
#433=LINE('',#6581,#814);
#434=LINE('',#6594,#815);
#435=LINE('',#6600,#816);
#436=LINE('',#6618,#817);
#437=LINE('',#6624,#818);
#438=LINE('',#6637,#819);
#439=LINE('',#6645,#820);
#440=LINE('',#6651,#821);
#441=LINE('',#6657,#822);
#442=LINE('',#6672,#823);
#443=LINE('',#6689,#824);
#444=LINE('',#6706,#825);
#445=LINE('',#6723,#826);
#446=LINE('',#6731,#827);
#447=LINE('',#6737,#828);
#448=LINE('',#6748,#829);
#449=LINE('',#6754,#830);
#450=LINE('',#6756,#831);
#451=LINE('',#6758,#832);
#452=LINE('',#6760,#833);
#453=LINE('',#6762,#834);
#454=LINE('',#6764,#835);
#455=LINE('',#6766,#836);
#456=LINE('',#6768,#837);
#457=LINE('',#6770,#838);
#458=LINE('',#6772,#839);
#459=LINE('',#6774,#840);
#460=LINE('',#6783,#841);
#461=LINE('',#6796,#842);
#462=LINE('',#6802,#843);
#463=LINE('',#6813,#844);
#464=LINE('',#6826,#845);
#465=LINE('',#6839,#846);
#466=LINE('',#6845,#847);
#467=LINE('',#6856,#848);
#468=LINE('',#6877,#849);
#469=LINE('',#6879,#850);
#470=LINE('',#6881,#851);
#471=LINE('',#6883,#852);
#472=LINE('',#6885,#853);
#473=LINE('',#6887,#854);
#474=LINE('',#6889,#855);
#475=LINE('',#6891,#856);
#476=LINE('',#6893,#857);
#477=LINE('',#6895,#858);
#478=LINE('',#6897,#859);
#479=LINE('',#6899,#860);
#480=LINE('',#6901,#861);
#481=LINE('',#6903,#862);
#482=LINE('',#6905,#863);
#483=LINE('',#6907,#864);
#484=LINE('',#6909,#865);
#485=LINE('',#6911,#866);
#486=LINE('',#6913,#867);
#487=LINE('',#6915,#868);
#488=LINE('',#6917,#869);
#489=LINE('',#6919,#870);
#490=LINE('',#6921,#871);
#491=LINE('',#6923,#872);
#492=LINE('',#6925,#873);
#493=LINE('',#6927,#874);
#494=LINE('',#6938,#875);
#495=LINE('',#6940,#876);
#496=VECTOR('',#4330,1.);
#497=VECTOR('',#4333,1.);
#498=VECTOR('',#4358,1.);
#499=VECTOR('',#4359,1.);
#500=VECTOR('',#4360,1.);
#501=VECTOR('',#4361,1.);
#502=VECTOR('',#4362,1.);
#503=VECTOR('',#4363,1.);
#504=VECTOR('',#4364,1.);
#505=VECTOR('',#4365,1.);
#506=VECTOR('',#4366,1.);
#507=VECTOR('',#4371,1.);
#508=VECTOR('',#4372,1.);
#509=VECTOR('',#4373,1.);
#510=VECTOR('',#4374,1.);
#511=VECTOR('',#4375,1.);
#512=VECTOR('',#4376,1.);
#513=VECTOR('',#4377,1.);
#514=VECTOR('',#4378,1.);
#515=VECTOR('',#4379,1.);
#516=VECTOR('',#4380,1.);
#517=VECTOR('',#4381,1.);
#518=VECTOR('',#4382,1.);
#519=VECTOR('',#4383,1.);
#520=VECTOR('',#4384,1.);
#521=VECTOR('',#4385,1.);
#522=VECTOR('',#4386,1.);
#523=VECTOR('',#4387,1.);
#524=VECTOR('',#4388,1.);
#525=VECTOR('',#4389,1.);
#526=VECTOR('',#4390,1.);
#527=VECTOR('',#4393,1.);
#528=VECTOR('',#4394,1.);
#529=VECTOR('',#4395,1.);
#530=VECTOR('',#4396,1.);
#531=VECTOR('',#4397,1.);
#532=VECTOR('',#4398,1.);
#533=VECTOR('',#4403,1.);
#534=VECTOR('',#4404,1.);
#535=VECTOR('',#4405,1.);
#536=VECTOR('',#4406,1.);
#537=VECTOR('',#4407,1.);
#538=VECTOR('',#4408,1.);
#539=VECTOR('',#4409,1.);
#540=VECTOR('',#4410,1.);
#541=VECTOR('',#4411,1.);
#542=VECTOR('',#4412,1.);
#543=VECTOR('',#4413,1.);
#544=VECTOR('',#4414,1.);
#545=VECTOR('',#4415,1.);
#546=VECTOR('',#4416,1.);
#547=VECTOR('',#4417,1.);
#548=VECTOR('',#4418,1.);
#549=VECTOR('',#4419,1.);
#550=VECTOR('',#4430,1.);
#551=VECTOR('',#4433,1.);
#552=VECTOR('',#4438,1.);
#553=VECTOR('',#4441,1.);
#554=VECTOR('',#4442,1.);
#555=VECTOR('',#4443,1.);
#556=VECTOR('',#4444,1.);
#557=VECTOR('',#4445,1.);
#558=VECTOR('',#4446,1.);
#559=VECTOR('',#4447,1.);
#560=VECTOR('',#4448,1.);
#561=VECTOR('',#4449,1.);
#562=VECTOR('',#4450,1.);
#563=VECTOR('',#4453,1.);
#564=VECTOR('',#4454,1.);
#565=VECTOR('',#4455,1.);
#566=VECTOR('',#4456,1.);
#567=VECTOR('',#4459,1.);
#568=VECTOR('',#4460,1.);
#569=VECTOR('',#4461,1.);
#570=VECTOR('',#4464,1.);
#571=VECTOR('',#4465,1.);
#572=VECTOR('',#4466,1.);
#573=VECTOR('',#4467,1.);
#574=VECTOR('',#4468,1.);
#575=VECTOR('',#4471,1.);
#576=VECTOR('',#4472,1.);
#577=VECTOR('',#4473,1.);
#578=VECTOR('',#4474,1.);
#579=VECTOR('',#4477,1.);
#580=VECTOR('',#4478,1.);
#581=VECTOR('',#4481,1.);
#582=VECTOR('',#4482,1.);
#583=VECTOR('',#4483,1.);
#584=VECTOR('',#4484,1.);
#585=VECTOR('',#4485,1.);
#586=VECTOR('',#4486,1.);
#587=VECTOR('',#4487,1.);
#588=VECTOR('',#4488,1.);
#589=VECTOR('',#4489,1.);
#590=VECTOR('',#4490,1.);
#591=VECTOR('',#4491,1.);
#592=VECTOR('',#4492,1.);
#593=VECTOR('',#4493,1.);
#594=VECTOR('',#4494,1.);
#595=VECTOR('',#4495,1.);
#596=VECTOR('',#4496,1.);
#597=VECTOR('',#4497,1.);
#598=VECTOR('',#4498,1.);
#599=VECTOR('',#4499,1.);
#600=VECTOR('',#4500,1.);
#601=VECTOR('',#4501,1.);
#602=VECTOR('',#4504,1.);
#603=VECTOR('',#4505,1.);
#604=VECTOR('',#4506,1.);
#605=VECTOR('',#4507,1.);
#606=VECTOR('',#4508,1.);
#607=VECTOR('',#4509,1.);
#608=VECTOR('',#4510,1.);
#609=VECTOR('',#4511,1.);
#610=VECTOR('',#4512,1.);
#611=VECTOR('',#4513,1.);
#612=VECTOR('',#4514,1.);
#613=VECTOR('',#4515,1.);
#614=VECTOR('',#4516,1.);
#615=VECTOR('',#4517,1.);
#616=VECTOR('',#4518,1.);
#617=VECTOR('',#4521,1.);
#618=VECTOR('',#4522,1.);
#619=VECTOR('',#4523,1.);
#620=VECTOR('',#4524,1.);
#621=VECTOR('',#4525,1.);
#622=VECTOR('',#4526,1.);
#623=VECTOR('',#4527,1.);
#624=VECTOR('',#4528,1.);
#625=VECTOR('',#4531,1.);
#626=VECTOR('',#4532,1.);
#627=VECTOR('',#4533,1.);
#628=VECTOR('',#4534,1.);
#629=VECTOR('',#4537,1.);
#630=VECTOR('',#4540,1.);
#631=VECTOR('',#4541,1.);
#632=VECTOR('',#4542,1.);
#633=VECTOR('',#4543,1.);
#634=VECTOR('',#4544,1.);
#635=VECTOR('',#4545,1.);
#636=VECTOR('',#4546,1.);
#637=VECTOR('',#4547,1.);
#638=VECTOR('',#4548,1.);
#639=VECTOR('',#4549,1.);
#640=VECTOR('',#4550,1.);
#641=VECTOR('',#4551,1.);
#642=VECTOR('',#4552,1.);
#643=VECTOR('',#4553,1.);
#644=VECTOR('',#4554,1.);
#645=VECTOR('',#4555,1.);
#646=VECTOR('',#4556,1.);
#647=VECTOR('',#4559,1.);
#648=VECTOR('',#4560,1.);
#649=VECTOR('',#4561,1.);
#650=VECTOR('',#4562,1.);
#651=VECTOR('',#4563,1.);
#652=VECTOR('',#4564,1.);
#653=VECTOR('',#4565,1.);
#654=VECTOR('',#4568,1.);
#655=VECTOR('',#4569,1.);
#656=VECTOR('',#4570,1.);
#657=VECTOR('',#4573,1.);
#658=VECTOR('',#4574,1.);
#659=VECTOR('',#4575,1.);
#660=VECTOR('',#4588,1.);
#661=VECTOR('',#4589,1.);
#662=VECTOR('',#4592,1.);
#663=VECTOR('',#4595,1.);
#664=VECTOR('',#4598,1.);
#665=VECTOR('',#4601,1.);
#666=VECTOR('',#4602,1.);
#667=VECTOR('',#4611,1.);
#668=VECTOR('',#4612,1.);
#669=VECTOR('',#4615,1.);
#670=VECTOR('',#4620,1.);
#671=VECTOR('',#4621,1.);
#672=VECTOR('',#4624,1.);
#673=VECTOR('',#4625,1.);
#674=VECTOR('',#4628,1.);
#675=VECTOR('',#4645,1.);
#676=VECTOR('',#4646,1.);
#677=VECTOR('',#4649,1.);
#678=VECTOR('',#4652,1.);
#679=VECTOR('',#4657,1.);
#680=VECTOR('',#4658,1.);
#681=VECTOR('',#4661,1.);
#682=VECTOR('',#4664,1.);
#683=VECTOR('',#4669,1.);
#684=VECTOR('',#4670,1.);
#685=VECTOR('',#4673,1.);
#686=VECTOR('',#4676,1.);
#687=VECTOR('',#4681,1.);
#688=VECTOR('',#4684,1.);
#689=VECTOR('',#4719,1.);
#690=VECTOR('',#4720,1.);
#691=VECTOR('',#4723,1.);
#692=VECTOR('',#4734,1.);
#693=VECTOR('',#4735,1.);
#694=VECTOR('',#4736,1.);
#695=VECTOR('',#4739,1.);
#696=VECTOR('',#4742,1.);
#697=VECTOR('',#4751,1.);
#698=VECTOR('',#4752,1.);
#699=VECTOR('',#4753,1.);
#700=VECTOR('',#4756,1.);
#701=VECTOR('',#4757,1.);
#702=VECTOR('',#4760,1.);
#703=VECTOR('',#4761,1.);
#704=VECTOR('',#4764,1.);
#705=VECTOR('',#4765,1.);
#706=VECTOR('',#4768,1.);
#707=VECTOR('',#4769,1.);
#708=VECTOR('',#4772,1.);
#709=VECTOR('',#4773,1.);
#710=VECTOR('',#4776,1.);
#711=VECTOR('',#4777,1.);
#712=VECTOR('',#4780,1.);
#713=VECTOR('',#4781,1.);
#714=VECTOR('',#4784,1.);
#715=VECTOR('',#4785,1.);
#716=VECTOR('',#4788,1.);
#717=VECTOR('',#4789,1.);
#718=VECTOR('',#4792,1.);
#719=VECTOR('',#4795,1.);
#720=VECTOR('',#4796,1.);
#721=VECTOR('',#4797,1.);
#722=VECTOR('',#4800,1.);
#723=VECTOR('',#4801,1.);
#724=VECTOR('',#4804,1.);
#725=VECTOR('',#4805,1.);
#726=VECTOR('',#4806,1.);
#727=VECTOR('',#4809,1.);
#728=VECTOR('',#4812,1.);
#729=VECTOR('',#4813,1.);
#730=VECTOR('',#4816,1.);
#731=VECTOR('',#4819,1.);
#732=VECTOR('',#4822,1.);
#733=VECTOR('',#4823,1.);
#734=VECTOR('',#4826,1.);
#735=VECTOR('',#4827,1.);
#736=VECTOR('',#4830,1.);
#737=VECTOR('',#4831,1.);
#738=VECTOR('',#4832,1.);
#739=VECTOR('',#4833,1.);
#740=VECTOR('',#4834,1.);
#741=VECTOR('',#4839,1.);
#742=VECTOR('',#4840,1.);
#743=VECTOR('',#4841,1.);
#744=VECTOR('',#4844,1.);
#745=VECTOR('',#4845,1.);
#746=VECTOR('',#4848,1.);
#747=VECTOR('',#4849,1.);
#748=VECTOR('',#4852,1.);
#749=VECTOR('',#4857,1.);
#750=VECTOR('',#4860,1.);
#751=VECTOR('',#4863,1.);
#752=VECTOR('',#4868,1.);
#753=VECTOR('',#4873,1.);
#754=VECTOR('',#4878,1.);
#755=VECTOR('',#4883,1.);
#756=VECTOR('',#4888,1.);
#757=VECTOR('',#4897,1.);
#758=VECTOR('',#4898,1.);
#759=VECTOR('',#4899,1.);
#760=VECTOR('',#4904,1.);
#761=VECTOR('',#4911,1.);
#762=VECTOR('',#4918,1.);
#763=VECTOR('',#4921,1.);
#764=VECTOR('',#4922,1.);
#765=VECTOR('',#4923,1.);
#766=VECTOR('',#4924,1.);
#767=VECTOR('',#4929,1.);
#768=VECTOR('',#4936,1.);
#769=VECTOR('',#4939,1.);
#770=VECTOR('',#4940,1.);
#771=VECTOR('',#4941,1.);
#772=VECTOR('',#4942,1.);
#773=VECTOR('',#4943,1.);
#774=VECTOR('',#4944,1.);
#775=VECTOR('',#4945,1.);
#776=VECTOR('',#4948,1.);
#777=VECTOR('',#4949,1.);
#778=VECTOR('',#4952,1.);
#779=VECTOR('',#4953,1.);
#780=VECTOR('',#4956,1.);
#781=VECTOR('',#4957,1.);
#782=VECTOR('',#4960,1.);
#783=VECTOR('',#4961,1.);
#784=VECTOR('',#4964,1.);
#785=VECTOR('',#4965,1.);
#786=VECTOR('',#4966,1.);
#787=VECTOR('',#4967,1.);
#788=VECTOR('',#4968,1.);
#789=VECTOR('',#4981,1.);
#790=VECTOR('',#4982,1.);
#791=VECTOR('',#4985,1.);
#792=VECTOR('',#4986,1.);
#793=VECTOR('',#4987,1.);
#794=VECTOR('',#4988,1.);
#795=VECTOR('',#4989,1.);
#796=VECTOR('',#4994,1.);
#797=VECTOR('',#4999,1.);
#798=VECTOR('',#5002,1.);
#799=VECTOR('',#5003,1.);
#800=VECTOR('',#5006,1.);
#801=VECTOR('',#5009,1.);
#802=VECTOR('',#5010,1.);
#803=VECTOR('',#5013,1.);
#804=VECTOR('',#5016,1.);
#805=VECTOR('',#5017,1.);
#806=VECTOR('',#5020,1.);
#807=VECTOR('',#5023,1.);
#808=VECTOR('',#5024,1.);
#809=VECTOR('',#5027,1.);
#810=VECTOR('',#5032,1.);
#811=VECTOR('',#5033,1.);
#812=VECTOR('',#5036,1.);
#813=VECTOR('',#5039,1.);
#814=VECTOR('',#5040,1.);
#815=VECTOR('',#5041,1.);
#816=VECTOR('',#5044,1.);
#817=VECTOR('',#5053,1.);
#818=VECTOR('',#5054,1.);
#819=VECTOR('',#5055,1.);
#820=VECTOR('',#5060,1.);
#821=VECTOR('',#5067,1.);
#822=VECTOR('',#5074,1.);
#823=VECTOR('',#5077,1.);
#824=VECTOR('',#5078,1.);
#825=VECTOR('',#5079,1.);
#826=VECTOR('',#5080,1.);
#827=VECTOR('',#5085,1.);
#828=VECTOR('',#5092,1.);
#829=VECTOR('',#5095,1.);
#830=VECTOR('',#5096,1.);
#831=VECTOR('',#5099,1.);
#832=VECTOR('',#5100,1.);
#833=VECTOR('',#5103,1.);
#834=VECTOR('',#5104,1.);
#835=VECTOR('',#5107,1.);
#836=VECTOR('',#5108,1.);
#837=VECTOR('',#5111,1.);
#838=VECTOR('',#5112,1.);
#839=VECTOR('',#5115,1.);
#840=VECTOR('',#5116,1.);
#841=VECTOR('',#5117,1.);
#842=VECTOR('',#5118,1.);
#843=VECTOR('',#5121,1.);
#844=VECTOR('',#5124,1.);
#845=VECTOR('',#5125,1.);
#846=VECTOR('',#5126,1.);
#847=VECTOR('',#5129,1.);
#848=VECTOR('',#5132,1.);
#849=VECTOR('',#5143,1.);
#850=VECTOR('',#5144,1.);
#851=VECTOR('',#5145,1.);
#852=VECTOR('',#5148,1.);
#853=VECTOR('',#5149,1.);
#854=VECTOR('',#5152,1.);
#855=VECTOR('',#5153,1.);
#856=VECTOR('',#5156,1.);
#857=VECTOR('',#5157,1.);
#858=VECTOR('',#5160,1.);
#859=VECTOR('',#5161,1.);
#860=VECTOR('',#5164,1.);
#861=VECTOR('',#5165,1.);
#862=VECTOR('',#5168,1.);
#863=VECTOR('',#5169,1.);
#864=VECTOR('',#5172,1.);
#865=VECTOR('',#5173,1.);
#866=VECTOR('',#5176,1.);
#867=VECTOR('',#5177,1.);
#868=VECTOR('',#5180,1.);
#869=VECTOR('',#5181,1.);
#870=VECTOR('',#5184,1.);
#871=VECTOR('',#5185,1.);
#872=VECTOR('',#5188,1.);
#873=VECTOR('',#5189,1.);
#874=VECTOR('',#5192,1.);
#875=VECTOR('',#5213,1.);
#876=VECTOR('',#5216,1.);
#877=CIRCLE('',#4069,0.00474399679984521);
#878=CIRCLE('',#4070,0.0012655185644977);
#879=CIRCLE('',#4071,0.00204913641601904);
#880=CIRCLE('',#4072,0.00216107606555551);
#881=CIRCLE('',#4073,0.0020819597590677);
#882=CIRCLE('',#4074,0.00205214268219766);
#883=CIRCLE('',#4075,0.00049733410219197);
#884=CIRCLE('',#4076,0.000522485369603297);
#885=CIRCLE('',#4077,0.000519067009062028);
#886=CIRCLE('',#4078,0.00052069070559212);
#887=CIRCLE('',#4079,0.000522485369603185);
#888=CIRCLE('',#4080,0.000497334102191699);
#889=CIRCLE('',#4081,0.000529212917666294);
#890=CIRCLE('',#4082,0.000527517836103322);
#891=CIRCLE('',#4083,0.00191478189415123);
#892=CIRCLE('',#4084,0.00189122680987175);
#893=CIRCLE('',#4085,0.00215048989305136);
#894=CIRCLE('',#4086,0.00215048989305146);
#895=CIRCLE('',#4087,0.00219006906889697);
#896=CIRCLE('',#4089,0.0023);
#897=CIRCLE('',#4090,0.0023);
#898=CIRCLE('',#4091,0.0023);
#899=CIRCLE('',#4092,0.0023);
#900=CIRCLE('',#4093,0.004);
#901=CIRCLE('',#4094,0.004);
#902=CIRCLE('',#4095,0.004);
#903=CIRCLE('',#4096,0.004);
#904=CIRCLE('',#4112,0.004);
#905=CIRCLE('',#4113,0.004);
#906=CIRCLE('',#4114,0.004);
#907=CIRCLE('',#4115,0.004);
#908=CIRCLE('',#4122,0.0023);
#909=CIRCLE('',#4123,0.0023);
#910=CIRCLE('',#4131,0.0023);
#911=CIRCLE('',#4132,0.0023);
#912=CIRCLE('',#4153,0.0023);
#913=CIRCLE('',#4156,0.0023);
#914=CIRCLE('',#4159,0.0023);
#915=CIRCLE('',#4162,0.0023);
#916=CIRCLE('',#4165,0.0023);
#917=CIRCLE('',#4166,0.0023);
#918=CIRCLE('',#4171,0.0023);
#919=CIRCLE('',#4172,0.0023);
#920=CIRCLE('',#4194,0.00189122680987175);
#921=CIRCLE('',#4196,0.00191478189415123);
#922=CIRCLE('',#4207,0.000522485369603297);
#923=CIRCLE('',#4209,0.00049733410219197);
#924=CIRCLE('',#4211,0.000527517836103322);
#925=CIRCLE('',#4213,0.000529212917666294);
#926=CIRCLE('',#4215,0.000497334102191699);
#927=CIRCLE('',#4217,0.000522485369603185);
#928=CIRCLE('',#4219,0.00052069070559212);
#929=CIRCLE('',#4221,0.000519067009062028);
#930=CIRCLE('',#4224,0.00153619412479915);
#931=CIRCLE('',#4225,0.00153619412479915);
#932=CIRCLE('',#4227,0.00160444189066168);
#933=CIRCLE('',#4228,0.00160444189066168);
#934=CIRCLE('',#4230,0.00157992200011369);
#935=CIRCLE('',#4231,0.00157992200011369);
#936=CIRCLE('',#4233,0.00160799497559707);
#937=CIRCLE('',#4234,0.00160799497559707);
#938=CIRCLE('',#4236,0.00160843904386145);
#939=CIRCLE('',#4237,0.00160843904386145);
#940=CIRCLE('',#4244,0.00215048989305136);
#941=CIRCLE('',#4246,0.00153757703686586);
#942=CIRCLE('',#4247,0.00153757703686586);
#943=CIRCLE('',#4251,0.00170127862012871);
#944=CIRCLE('',#4252,0.00170127862012871);
#945=CIRCLE('',#4254,0.00474399679984521);
#946=CIRCLE('',#4256,0.00205214268219766);
#947=CIRCLE('',#4258,0.0020819597590677);
#948=CIRCLE('',#4260,0.00216107606555551);
#949=CIRCLE('',#4262,0.00204913641601904);
#950=CIRCLE('',#4265,0.0012655185644977);
#951=CIRCLE('',#4268,0.00130418943728444);
#952=CIRCLE('',#4269,0.00130418943728444);
#953=CIRCLE('',#4272,0.001536194124799);
#954=CIRCLE('',#4273,0.001536194124799);
#955=CIRCLE('',#4275,0.00160181837665631);
#956=CIRCLE('',#4276,0.00160181837665631);
#957=CIRCLE('',#4278,0.00158627948872513);
#958=CIRCLE('',#4279,0.00158627948872513);
#959=CIRCLE('',#4281,0.00159020746109975);
#960=CIRCLE('',#4282,0.00159020746109975);
#961=CIRCLE('',#4284,0.00163035625890816);
#962=CIRCLE('',#4285,0.00163035625890816);
#963=CIRCLE('',#4292,0.00219006906889697);
#964=CIRCLE('',#4294,0.00215048989305146);
#965=CIRCLE('',#4296,0.00150942983526414);
#966=CIRCLE('',#4297,0.00150942983526414);
#967=ORIENTED_EDGE('',*,*,#2109,.T.);
#968=ORIENTED_EDGE('',*,*,#2110,.T.);
#969=ORIENTED_EDGE('',*,*,#2111,.T.);
#970=ORIENTED_EDGE('',*,*,#2112,.T.);
#971=ORIENTED_EDGE('',*,*,#2113,.T.);
#972=ORIENTED_EDGE('',*,*,#2114,.T.);
#973=ORIENTED_EDGE('',*,*,#2115,.T.);
#974=ORIENTED_EDGE('',*,*,#2116,.T.);
#975=ORIENTED_EDGE('',*,*,#2117,.T.);
#976=ORIENTED_EDGE('',*,*,#2118,.T.);
#977=ORIENTED_EDGE('',*,*,#2119,.T.);
#978=ORIENTED_EDGE('',*,*,#2120,.T.);
#979=ORIENTED_EDGE('',*,*,#2121,.T.);
#980=ORIENTED_EDGE('',*,*,#2122,.T.);
#981=ORIENTED_EDGE('',*,*,#2123,.T.);
#982=ORIENTED_EDGE('',*,*,#2124,.T.);
#983=ORIENTED_EDGE('',*,*,#2125,.T.);
#984=ORIENTED_EDGE('',*,*,#2126,.T.);
#985=ORIENTED_EDGE('',*,*,#2127,.T.);
#986=ORIENTED_EDGE('',*,*,#2128,.T.);
#987=ORIENTED_EDGE('',*,*,#2129,.T.);
#988=ORIENTED_EDGE('',*,*,#2130,.T.);
#989=ORIENTED_EDGE('',*,*,#2131,.T.);
#990=ORIENTED_EDGE('',*,*,#2132,.T.);
#991=ORIENTED_EDGE('',*,*,#2133,.T.);
#992=ORIENTED_EDGE('',*,*,#2134,.T.);
#993=ORIENTED_EDGE('',*,*,#2135,.T.);
#994=ORIENTED_EDGE('',*,*,#2136,.T.);
#995=ORIENTED_EDGE('',*,*,#2137,.T.);
#996=ORIENTED_EDGE('',*,*,#2138,.T.);
#997=ORIENTED_EDGE('',*,*,#2139,.T.);
#998=ORIENTED_EDGE('',*,*,#2140,.T.);
#999=ORIENTED_EDGE('',*,*,#2141,.T.);
#1000=ORIENTED_EDGE('',*,*,#2142,.T.);
#1001=ORIENTED_EDGE('',*,*,#2143,.T.);
#1002=ORIENTED_EDGE('',*,*,#2144,.T.);
#1003=ORIENTED_EDGE('',*,*,#2145,.T.);
#1004=ORIENTED_EDGE('',*,*,#2146,.T.);
#1005=ORIENTED_EDGE('',*,*,#2147,.T.);
#1006=ORIENTED_EDGE('',*,*,#2148,.T.);
#1007=ORIENTED_EDGE('',*,*,#2149,.T.);
#1008=ORIENTED_EDGE('',*,*,#2150,.T.);
#1009=ORIENTED_EDGE('',*,*,#2151,.T.);
#1010=ORIENTED_EDGE('',*,*,#2152,.T.);
#1011=ORIENTED_EDGE('',*,*,#2153,.T.);
#1012=ORIENTED_EDGE('',*,*,#2154,.T.);
#1013=ORIENTED_EDGE('',*,*,#2155,.T.);
#1014=ORIENTED_EDGE('',*,*,#2156,.T.);
#1015=ORIENTED_EDGE('',*,*,#2157,.T.);
#1016=ORIENTED_EDGE('',*,*,#2158,.T.);
#1017=ORIENTED_EDGE('',*,*,#2159,.T.);
#1018=ORIENTED_EDGE('',*,*,#2160,.T.);
#1019=ORIENTED_EDGE('',*,*,#2161,.T.);
#1020=ORIENTED_EDGE('',*,*,#2162,.T.);
#1021=ORIENTED_EDGE('',*,*,#2163,.T.);
#1022=ORIENTED_EDGE('',*,*,#2164,.T.);
#1023=ORIENTED_EDGE('',*,*,#2165,.T.);
#1024=ORIENTED_EDGE('',*,*,#2166,.T.);
#1025=ORIENTED_EDGE('',*,*,#2167,.F.);
#1026=ORIENTED_EDGE('',*,*,#2168,.T.);
#1027=ORIENTED_EDGE('',*,*,#2169,.T.);
#1028=ORIENTED_EDGE('',*,*,#2170,.F.);
#1029=ORIENTED_EDGE('',*,*,#2171,.T.);
#1030=ORIENTED_EDGE('',*,*,#2172,.T.);
#1031=ORIENTED_EDGE('',*,*,#2173,.T.);
#1032=ORIENTED_EDGE('',*,*,#2174,.T.);
#1033=ORIENTED_EDGE('',*,*,#2175,.T.);
#1034=ORIENTED_EDGE('',*,*,#2176,.T.);
#1035=ORIENTED_EDGE('',*,*,#2177,.T.);
#1036=ORIENTED_EDGE('',*,*,#2178,.T.);
#1037=ORIENTED_EDGE('',*,*,#2179,.T.);
#1038=ORIENTED_EDGE('',*,*,#2180,.T.);
#1039=ORIENTED_EDGE('',*,*,#2181,.T.);
#1040=ORIENTED_EDGE('',*,*,#2182,.T.);
#1041=ORIENTED_EDGE('',*,*,#2183,.T.);
#1042=ORIENTED_EDGE('',*,*,#2184,.T.);
#1043=ORIENTED_EDGE('',*,*,#2185,.T.);
#1044=ORIENTED_EDGE('',*,*,#2186,.T.);
#1045=ORIENTED_EDGE('',*,*,#2187,.T.);
#1046=ORIENTED_EDGE('',*,*,#2188,.T.);
#1047=ORIENTED_EDGE('',*,*,#2189,.T.);
#1048=ORIENTED_EDGE('',*,*,#2190,.T.);
#1049=ORIENTED_EDGE('',*,*,#2191,.T.);
#1050=ORIENTED_EDGE('',*,*,#2192,.T.);
#1051=ORIENTED_EDGE('',*,*,#2193,.T.);
#1052=ORIENTED_EDGE('',*,*,#2194,.T.);
#1053=ORIENTED_EDGE('',*,*,#2195,.T.);
#1054=ORIENTED_EDGE('',*,*,#2196,.T.);
#1055=ORIENTED_EDGE('',*,*,#2197,.T.);
#1056=ORIENTED_EDGE('',*,*,#2198,.T.);
#1057=ORIENTED_EDGE('',*,*,#2199,.T.);
#1058=ORIENTED_EDGE('',*,*,#2200,.T.);
#1059=ORIENTED_EDGE('',*,*,#2201,.T.);
#1060=ORIENTED_EDGE('',*,*,#2202,.T.);
#1061=ORIENTED_EDGE('',*,*,#2203,.T.);
#1062=ORIENTED_EDGE('',*,*,#2204,.T.);
#1063=ORIENTED_EDGE('',*,*,#2205,.T.);
#1064=ORIENTED_EDGE('',*,*,#2206,.T.);
#1065=ORIENTED_EDGE('',*,*,#2207,.T.);
#1066=ORIENTED_EDGE('',*,*,#2208,.T.);
#1067=ORIENTED_EDGE('',*,*,#2209,.T.);
#1068=ORIENTED_EDGE('',*,*,#2210,.T.);
#1069=ORIENTED_EDGE('',*,*,#2211,.T.);
#1070=ORIENTED_EDGE('',*,*,#2212,.T.);
#1071=ORIENTED_EDGE('',*,*,#2213,.T.);
#1072=ORIENTED_EDGE('',*,*,#2214,.T.);
#1073=ORIENTED_EDGE('',*,*,#2215,.T.);
#1074=ORIENTED_EDGE('',*,*,#2216,.T.);
#1075=ORIENTED_EDGE('',*,*,#2217,.F.);
#1076=ORIENTED_EDGE('',*,*,#2218,.F.);
#1077=ORIENTED_EDGE('',*,*,#2219,.F.);
#1078=ORIENTED_EDGE('',*,*,#2220,.F.);
#1079=ORIENTED_EDGE('',*,*,#2221,.F.);
#1080=ORIENTED_EDGE('',*,*,#2222,.T.);
#1081=ORIENTED_EDGE('',*,*,#2223,.F.);
#1082=ORIENTED_EDGE('',*,*,#2224,.T.);
#1083=ORIENTED_EDGE('',*,*,#2170,.T.);
#1084=ORIENTED_EDGE('',*,*,#2225,.T.);
#1085=ORIENTED_EDGE('',*,*,#2226,.T.);
#1086=ORIENTED_EDGE('',*,*,#2227,.T.);
#1087=ORIENTED_EDGE('',*,*,#2228,.T.);
#1088=ORIENTED_EDGE('',*,*,#2229,.T.);
#1089=ORIENTED_EDGE('',*,*,#2230,.T.);
#1090=ORIENTED_EDGE('',*,*,#2231,.T.);
#1091=ORIENTED_EDGE('',*,*,#2232,.F.);
#1092=ORIENTED_EDGE('',*,*,#2233,.T.);
#1093=ORIENTED_EDGE('',*,*,#2234,.T.);
#1094=ORIENTED_EDGE('',*,*,#2235,.F.);
#1095=ORIENTED_EDGE('',*,*,#2236,.F.);
#1096=ORIENTED_EDGE('',*,*,#2237,.F.);
#1097=ORIENTED_EDGE('',*,*,#2238,.T.);
#1098=ORIENTED_EDGE('',*,*,#2239,.T.);
#1099=ORIENTED_EDGE('',*,*,#2240,.F.);
#1100=ORIENTED_EDGE('',*,*,#2241,.T.);
#1101=ORIENTED_EDGE('',*,*,#2240,.T.);
#1102=ORIENTED_EDGE('',*,*,#2242,.T.);
#1103=ORIENTED_EDGE('',*,*,#2243,.F.);
#1104=ORIENTED_EDGE('',*,*,#2244,.T.);
#1105=ORIENTED_EDGE('',*,*,#2245,.T.);
#1106=ORIENTED_EDGE('',*,*,#2246,.T.);
#1107=ORIENTED_EDGE('',*,*,#2247,.F.);
#1108=ORIENTED_EDGE('',*,*,#2248,.F.);
#1109=ORIENTED_EDGE('',*,*,#2249,.F.);
#1110=ORIENTED_EDGE('',*,*,#2250,.F.);
#1111=ORIENTED_EDGE('',*,*,#2243,.T.);
#1112=ORIENTED_EDGE('',*,*,#2251,.T.);
#1113=ORIENTED_EDGE('',*,*,#2167,.T.);
#1114=ORIENTED_EDGE('',*,*,#2252,.T.);
#1115=ORIENTED_EDGE('',*,*,#2253,.F.);
#1116=ORIENTED_EDGE('',*,*,#2253,.T.);
#1117=ORIENTED_EDGE('',*,*,#2254,.T.);
#1118=ORIENTED_EDGE('',*,*,#2238,.F.);
#1119=ORIENTED_EDGE('',*,*,#2255,.F.);
#1120=ORIENTED_EDGE('',*,*,#2256,.F.);
#1121=ORIENTED_EDGE('',*,*,#2257,.T.);
#1122=ORIENTED_EDGE('',*,*,#2258,.F.);
#1123=ORIENTED_EDGE('',*,*,#2259,.T.);
#1124=ORIENTED_EDGE('',*,*,#2260,.F.);
#1125=ORIENTED_EDGE('',*,*,#2261,.T.);
#1126=ORIENTED_EDGE('',*,*,#2235,.T.);
#1127=ORIENTED_EDGE('',*,*,#2262,.T.);
#1128=ORIENTED_EDGE('',*,*,#2263,.F.);
#1129=ORIENTED_EDGE('',*,*,#2264,.T.);
#1130=ORIENTED_EDGE('',*,*,#2265,.F.);
#1131=ORIENTED_EDGE('',*,*,#2266,.F.);
#1132=ORIENTED_EDGE('',*,*,#2267,.F.);
#1133=ORIENTED_EDGE('',*,*,#2268,.T.);
#1134=ORIENTED_EDGE('',*,*,#2269,.F.);
#1135=ORIENTED_EDGE('',*,*,#2270,.T.);
#1136=ORIENTED_EDGE('',*,*,#2271,.F.);
#1137=ORIENTED_EDGE('',*,*,#2272,.T.);
#1138=ORIENTED_EDGE('',*,*,#2273,.F.);
#1139=ORIENTED_EDGE('',*,*,#2274,.T.);
#1140=ORIENTED_EDGE('',*,*,#2275,.F.);
#1141=ORIENTED_EDGE('',*,*,#2276,.T.);
#1142=ORIENTED_EDGE('',*,*,#2277,.F.);
#1143=ORIENTED_EDGE('',*,*,#2278,.T.);
#1144=ORIENTED_EDGE('',*,*,#2279,.F.);
#1145=ORIENTED_EDGE('',*,*,#2280,.T.);
#1146=ORIENTED_EDGE('',*,*,#2281,.T.);
#1147=ORIENTED_EDGE('',*,*,#2282,.T.);
#1148=ORIENTED_EDGE('',*,*,#2226,.F.);
#1149=ORIENTED_EDGE('',*,*,#2283,.T.);
#1150=ORIENTED_EDGE('',*,*,#2284,.F.);
#1151=ORIENTED_EDGE('',*,*,#2285,.T.);
#1152=ORIENTED_EDGE('',*,*,#2286,.F.);
#1153=ORIENTED_EDGE('',*,*,#2287,.T.);
#1154=ORIENTED_EDGE('',*,*,#2288,.F.);
#1155=ORIENTED_EDGE('',*,*,#2289,.T.);
#1156=ORIENTED_EDGE('',*,*,#2290,.F.);
#1157=ORIENTED_EDGE('',*,*,#2291,.T.);
#1158=ORIENTED_EDGE('',*,*,#2292,.F.);
#1159=ORIENTED_EDGE('',*,*,#2246,.F.);
#1160=ORIENTED_EDGE('',*,*,#2293,.F.);
#1161=ORIENTED_EDGE('',*,*,#2294,.T.);
#1162=ORIENTED_EDGE('',*,*,#2295,.T.);
#1163=ORIENTED_EDGE('',*,*,#2237,.T.);
#1164=ORIENTED_EDGE('',*,*,#2296,.F.);
#1165=ORIENTED_EDGE('',*,*,#2297,.T.);
#1166=ORIENTED_EDGE('',*,*,#2298,.F.);
#1167=ORIENTED_EDGE('',*,*,#2299,.F.);
#1168=ORIENTED_EDGE('',*,*,#2229,.F.);
#1169=ORIENTED_EDGE('',*,*,#2300,.F.);
#1170=ORIENTED_EDGE('',*,*,#2301,.F.);
#1171=ORIENTED_EDGE('',*,*,#2302,.T.);
#1172=ORIENTED_EDGE('',*,*,#2249,.T.);
#1173=ORIENTED_EDGE('',*,*,#2303,.T.);
#1174=ORIENTED_EDGE('',*,*,#2303,.F.);
#1175=ORIENTED_EDGE('',*,*,#2248,.T.);
#1176=ORIENTED_EDGE('',*,*,#2304,.T.);
#1177=ORIENTED_EDGE('',*,*,#2230,.F.);
#1178=ORIENTED_EDGE('',*,*,#2305,.T.);
#1179=ORIENTED_EDGE('',*,*,#2306,.T.);
#1180=ORIENTED_EDGE('',*,*,#2307,.F.);
#1181=ORIENTED_EDGE('',*,*,#2308,.T.);
#1182=ORIENTED_EDGE('',*,*,#2309,.T.);
#1183=ORIENTED_EDGE('',*,*,#2310,.F.);
#1184=ORIENTED_EDGE('',*,*,#2311,.F.);
#1185=ORIENTED_EDGE('',*,*,#2312,.T.);
#1186=ORIENTED_EDGE('',*,*,#2313,.F.);
#1187=ORIENTED_EDGE('',*,*,#2314,.T.);
#1188=ORIENTED_EDGE('',*,*,#2299,.T.);
#1189=ORIENTED_EDGE('',*,*,#2315,.F.);
#1190=ORIENTED_EDGE('',*,*,#2316,.T.);
#1191=ORIENTED_EDGE('',*,*,#2317,.T.);
#1192=ORIENTED_EDGE('',*,*,#2267,.T.);
#1193=ORIENTED_EDGE('',*,*,#2318,.F.);
#1194=ORIENTED_EDGE('',*,*,#2319,.F.);
#1195=ORIENTED_EDGE('',*,*,#2320,.F.);
#1196=ORIENTED_EDGE('',*,*,#2263,.T.);
#1197=ORIENTED_EDGE('',*,*,#2321,.F.);
#1198=ORIENTED_EDGE('',*,*,#2307,.T.);
#1199=ORIENTED_EDGE('',*,*,#2322,.T.);
#1200=ORIENTED_EDGE('',*,*,#2323,.T.);
#1201=ORIENTED_EDGE('',*,*,#2324,.F.);
#1202=ORIENTED_EDGE('',*,*,#2233,.F.);
#1203=ORIENTED_EDGE('',*,*,#2325,.F.);
#1204=ORIENTED_EDGE('',*,*,#2311,.T.);
#1205=ORIENTED_EDGE('',*,*,#2326,.F.);
#1206=ORIENTED_EDGE('',*,*,#2327,.T.);
#1207=ORIENTED_EDGE('',*,*,#2328,.T.);
#1208=ORIENTED_EDGE('',*,*,#2223,.T.);
#1209=ORIENTED_EDGE('',*,*,#2329,.T.);
#1210=ORIENTED_EDGE('',*,*,#2330,.F.);
#1211=ORIENTED_EDGE('',*,*,#2331,.T.);
#1212=ORIENTED_EDGE('',*,*,#2332,.F.);
#1213=ORIENTED_EDGE('',*,*,#2333,.T.);
#1214=ORIENTED_EDGE('',*,*,#2221,.T.);
#1215=ORIENTED_EDGE('',*,*,#2334,.T.);
#1216=ORIENTED_EDGE('',*,*,#2330,.T.);
#1217=ORIENTED_EDGE('',*,*,#2335,.T.);
#1218=ORIENTED_EDGE('',*,*,#2332,.T.);
#1219=ORIENTED_EDGE('',*,*,#2336,.T.);
#1220=ORIENTED_EDGE('',*,*,#2281,.F.);
#1221=ORIENTED_EDGE('',*,*,#2337,.T.);
#1222=ORIENTED_EDGE('',*,*,#2172,.F.);
#1223=ORIENTED_EDGE('',*,*,#2338,.T.);
#1224=ORIENTED_EDGE('',*,*,#2339,.T.);
#1225=ORIENTED_EDGE('',*,*,#2340,.T.);
#1226=ORIENTED_EDGE('',*,*,#2321,.T.);
#1227=ORIENTED_EDGE('',*,*,#2262,.F.);
#1228=ORIENTED_EDGE('',*,*,#2234,.F.);
#1229=ORIENTED_EDGE('',*,*,#2324,.T.);
#1230=ORIENTED_EDGE('',*,*,#2232,.T.);
#1231=ORIENTED_EDGE('',*,*,#2341,.F.);
#1232=ORIENTED_EDGE('',*,*,#2312,.F.);
#1233=ORIENTED_EDGE('',*,*,#2325,.T.);
#1234=ORIENTED_EDGE('',*,*,#2231,.F.);
#1235=ORIENTED_EDGE('',*,*,#2304,.F.);
#1236=ORIENTED_EDGE('',*,*,#2342,.F.);
#1237=ORIENTED_EDGE('',*,*,#2313,.T.);
#1238=ORIENTED_EDGE('',*,*,#2341,.T.);
#1239=ORIENTED_EDGE('',*,*,#2261,.F.);
#1240=ORIENTED_EDGE('',*,*,#2343,.T.);
#1241=ORIENTED_EDGE('',*,*,#2296,.T.);
#1242=ORIENTED_EDGE('',*,*,#2236,.T.);
#1243=ORIENTED_EDGE('',*,*,#2317,.F.);
#1244=ORIENTED_EDGE('',*,*,#2344,.T.);
#1245=ORIENTED_EDGE('',*,*,#2345,.F.);
#1246=ORIENTED_EDGE('',*,*,#2268,.F.);
#1247=ORIENTED_EDGE('',*,*,#2346,.T.);
#1248=ORIENTED_EDGE('',*,*,#2347,.T.);
#1249=ORIENTED_EDGE('',*,*,#2316,.F.);
#1250=ORIENTED_EDGE('',*,*,#2348,.T.);
#1251=ORIENTED_EDGE('',*,*,#2349,.F.);
#1252=ORIENTED_EDGE('',*,*,#2344,.F.);
#1253=ORIENTED_EDGE('',*,*,#2348,.F.);
#1254=ORIENTED_EDGE('',*,*,#2315,.T.);
#1255=ORIENTED_EDGE('',*,*,#2298,.T.);
#1256=ORIENTED_EDGE('',*,*,#2350,.T.);
#1257=ORIENTED_EDGE('',*,*,#2346,.F.);
#1258=ORIENTED_EDGE('',*,*,#2343,.F.);
#1259=ORIENTED_EDGE('',*,*,#2260,.T.);
#1260=ORIENTED_EDGE('',*,*,#2345,.T.);
#1261=ORIENTED_EDGE('',*,*,#2349,.T.);
#1262=ORIENTED_EDGE('',*,*,#2350,.F.);
#1263=ORIENTED_EDGE('',*,*,#2297,.F.);
#1264=ORIENTED_EDGE('',*,*,#2264,.F.);
#1265=ORIENTED_EDGE('',*,*,#2320,.T.);
#1266=ORIENTED_EDGE('',*,*,#2351,.T.);
#1267=ORIENTED_EDGE('',*,*,#2352,.T.);
#1268=ORIENTED_EDGE('',*,*,#2351,.F.);
#1269=ORIENTED_EDGE('',*,*,#2319,.T.);
#1270=ORIENTED_EDGE('',*,*,#2353,.T.);
#1271=ORIENTED_EDGE('',*,*,#2354,.T.);
#1272=ORIENTED_EDGE('',*,*,#2353,.F.);
#1273=ORIENTED_EDGE('',*,*,#2318,.T.);
#1274=ORIENTED_EDGE('',*,*,#2266,.T.);
#1275=ORIENTED_EDGE('',*,*,#2355,.T.);
#1276=ORIENTED_EDGE('',*,*,#2356,.T.);
#1277=ORIENTED_EDGE('',*,*,#2357,.T.);
#1278=ORIENTED_EDGE('',*,*,#2352,.F.);
#1279=ORIENTED_EDGE('',*,*,#2354,.F.);
#1280=ORIENTED_EDGE('',*,*,#2355,.F.);
#1281=ORIENTED_EDGE('',*,*,#2265,.T.);
#1282=ORIENTED_EDGE('',*,*,#2356,.F.);
#1283=ORIENTED_EDGE('',*,*,#2357,.F.);
#1284=ORIENTED_EDGE('',*,*,#2347,.F.);
#1285=ORIENTED_EDGE('',*,*,#2314,.F.);
#1286=ORIENTED_EDGE('',*,*,#2342,.T.);
#1287=ORIENTED_EDGE('',*,*,#2247,.T.);
#1288=ORIENTED_EDGE('',*,*,#2292,.T.);
#1289=ORIENTED_EDGE('',*,*,#2256,.T.);
#1290=ORIENTED_EDGE('',*,*,#2358,.T.);
#1291=ORIENTED_EDGE('',*,*,#2277,.T.);
#1292=ORIENTED_EDGE('',*,*,#2359,.F.);
#1293=ORIENTED_EDGE('',*,*,#2359,.T.);
#1294=ORIENTED_EDGE('',*,*,#2280,.F.);
#1295=ORIENTED_EDGE('',*,*,#2360,.F.);
#1296=ORIENTED_EDGE('',*,*,#2257,.F.);
#1297=ORIENTED_EDGE('',*,*,#2258,.T.);
#1298=ORIENTED_EDGE('',*,*,#2360,.T.);
#1299=ORIENTED_EDGE('',*,*,#2279,.T.);
#1300=ORIENTED_EDGE('',*,*,#2361,.F.);
#1301=ORIENTED_EDGE('',*,*,#2361,.T.);
#1302=ORIENTED_EDGE('',*,*,#2278,.F.);
#1303=ORIENTED_EDGE('',*,*,#2358,.F.);
#1304=ORIENTED_EDGE('',*,*,#2259,.F.);
#1305=ORIENTED_EDGE('',*,*,#2362,.T.);
#1306=ORIENTED_EDGE('',*,*,#2285,.F.);
#1307=ORIENTED_EDGE('',*,*,#2363,.F.);
#1308=ORIENTED_EDGE('',*,*,#2270,.F.);
#1309=ORIENTED_EDGE('',*,*,#2271,.T.);
#1310=ORIENTED_EDGE('',*,*,#2363,.T.);
#1311=ORIENTED_EDGE('',*,*,#2284,.T.);
#1312=ORIENTED_EDGE('',*,*,#2364,.F.);
#1313=ORIENTED_EDGE('',*,*,#2364,.T.);
#1314=ORIENTED_EDGE('',*,*,#2287,.F.);
#1315=ORIENTED_EDGE('',*,*,#2365,.F.);
#1316=ORIENTED_EDGE('',*,*,#2272,.F.);
#1317=ORIENTED_EDGE('',*,*,#2269,.T.);
#1318=ORIENTED_EDGE('',*,*,#2365,.T.);
#1319=ORIENTED_EDGE('',*,*,#2286,.T.);
#1320=ORIENTED_EDGE('',*,*,#2362,.F.);
#1321=ORIENTED_EDGE('',*,*,#2366,.T.);
#1322=ORIENTED_EDGE('',*,*,#2289,.F.);
#1323=ORIENTED_EDGE('',*,*,#2367,.F.);
#1324=ORIENTED_EDGE('',*,*,#2274,.F.);
#1325=ORIENTED_EDGE('',*,*,#2275,.T.);
#1326=ORIENTED_EDGE('',*,*,#2367,.T.);
#1327=ORIENTED_EDGE('',*,*,#2288,.T.);
#1328=ORIENTED_EDGE('',*,*,#2368,.F.);
#1329=ORIENTED_EDGE('',*,*,#2368,.T.);
#1330=ORIENTED_EDGE('',*,*,#2291,.F.);
#1331=ORIENTED_EDGE('',*,*,#2369,.F.);
#1332=ORIENTED_EDGE('',*,*,#2276,.F.);
#1333=ORIENTED_EDGE('',*,*,#2273,.T.);
#1334=ORIENTED_EDGE('',*,*,#2369,.T.);
#1335=ORIENTED_EDGE('',*,*,#2290,.T.);
#1336=ORIENTED_EDGE('',*,*,#2366,.F.);
#1337=ORIENTED_EDGE('',*,*,#2293,.T.);
#1338=ORIENTED_EDGE('',*,*,#2245,.F.);
#1339=ORIENTED_EDGE('',*,*,#2302,.F.);
#1340=ORIENTED_EDGE('',*,*,#2370,.T.);
#1341=ORIENTED_EDGE('',*,*,#2244,.F.);
#1342=ORIENTED_EDGE('',*,*,#2250,.T.);
#1343=ORIENTED_EDGE('',*,*,#2255,.T.);
#1344=ORIENTED_EDGE('',*,*,#2241,.F.);
#1345=ORIENTED_EDGE('',*,*,#2228,.F.);
#1346=ORIENTED_EDGE('',*,*,#2295,.F.);
#1347=ORIENTED_EDGE('',*,*,#2371,.T.);
#1348=ORIENTED_EDGE('',*,*,#2300,.T.);
#1349=ORIENTED_EDGE('',*,*,#2370,.F.);
#1350=ORIENTED_EDGE('',*,*,#2301,.T.);
#1351=ORIENTED_EDGE('',*,*,#2371,.F.);
#1352=ORIENTED_EDGE('',*,*,#2294,.F.);
#1353=ORIENTED_EDGE('',*,*,#2372,.F.);
#1354=ORIENTED_EDGE('',*,*,#2220,.T.);
#1355=ORIENTED_EDGE('',*,*,#2372,.T.);
#1356=ORIENTED_EDGE('',*,*,#2373,.F.);
#1357=ORIENTED_EDGE('',*,*,#2219,.T.);
#1358=ORIENTED_EDGE('',*,*,#2373,.T.);
#1359=ORIENTED_EDGE('',*,*,#2374,.F.);
#1360=ORIENTED_EDGE('',*,*,#2218,.T.);
#1361=ORIENTED_EDGE('',*,*,#2374,.T.);
#1362=ORIENTED_EDGE('',*,*,#2375,.F.);
#1363=ORIENTED_EDGE('',*,*,#2217,.T.);
#1364=ORIENTED_EDGE('',*,*,#2375,.T.);
#1365=ORIENTED_EDGE('',*,*,#2376,.T.);
#1366=ORIENTED_EDGE('',*,*,#2377,.T.);
#1367=ORIENTED_EDGE('',*,*,#2306,.F.);
#1368=ORIENTED_EDGE('',*,*,#2378,.T.);
#1369=ORIENTED_EDGE('',*,*,#2379,.F.);
#1370=ORIENTED_EDGE('',*,*,#2322,.F.);
#1371=ORIENTED_EDGE('',*,*,#2305,.F.);
#1372=ORIENTED_EDGE('',*,*,#2340,.F.);
#1373=ORIENTED_EDGE('',*,*,#2380,.F.);
#1374=ORIENTED_EDGE('',*,*,#2378,.F.);
#1375=ORIENTED_EDGE('',*,*,#2376,.F.);
#1376=ORIENTED_EDGE('',*,*,#2323,.F.);
#1377=ORIENTED_EDGE('',*,*,#2379,.T.);
#1378=ORIENTED_EDGE('',*,*,#2380,.T.);
#1379=ORIENTED_EDGE('',*,*,#2339,.F.);
#1380=ORIENTED_EDGE('',*,*,#2381,.T.);
#1381=ORIENTED_EDGE('',*,*,#2382,.T.);
#1382=ORIENTED_EDGE('',*,*,#2309,.F.);
#1383=ORIENTED_EDGE('',*,*,#2383,.T.);
#1384=ORIENTED_EDGE('',*,*,#2384,.F.);
#1385=ORIENTED_EDGE('',*,*,#2385,.F.);
#1386=ORIENTED_EDGE('',*,*,#2308,.F.);
#1387=ORIENTED_EDGE('',*,*,#2328,.F.);
#1388=ORIENTED_EDGE('',*,*,#2386,.F.);
#1389=ORIENTED_EDGE('',*,*,#2383,.F.);
#1390=ORIENTED_EDGE('',*,*,#2326,.T.);
#1391=ORIENTED_EDGE('',*,*,#2310,.T.);
#1392=ORIENTED_EDGE('',*,*,#2385,.T.);
#1393=ORIENTED_EDGE('',*,*,#2387,.T.);
#1394=ORIENTED_EDGE('',*,*,#2381,.F.);
#1395=ORIENTED_EDGE('',*,*,#2327,.F.);
#1396=ORIENTED_EDGE('',*,*,#2387,.F.);
#1397=ORIENTED_EDGE('',*,*,#2384,.T.);
#1398=ORIENTED_EDGE('',*,*,#2386,.T.);
#1399=ORIENTED_EDGE('',*,*,#2382,.F.);
#1400=ORIENTED_EDGE('',*,*,#2377,.F.);
#1401=ORIENTED_EDGE('',*,*,#2156,.F.);
#1402=ORIENTED_EDGE('',*,*,#2388,.F.);
#1403=ORIENTED_EDGE('',*,*,#2389,.T.);
#1404=ORIENTED_EDGE('',*,*,#2390,.T.);
#1405=ORIENTED_EDGE('',*,*,#2155,.F.);
#1406=ORIENTED_EDGE('',*,*,#2391,.F.);
#1407=ORIENTED_EDGE('',*,*,#2392,.T.);
#1408=ORIENTED_EDGE('',*,*,#2388,.T.);
#1409=ORIENTED_EDGE('',*,*,#2165,.F.);
#1410=ORIENTED_EDGE('',*,*,#2393,.F.);
#1411=ORIENTED_EDGE('',*,*,#2394,.T.);
#1412=ORIENTED_EDGE('',*,*,#2391,.T.);
#1413=ORIENTED_EDGE('',*,*,#2164,.F.);
#1414=ORIENTED_EDGE('',*,*,#2395,.F.);
#1415=ORIENTED_EDGE('',*,*,#2396,.T.);
#1416=ORIENTED_EDGE('',*,*,#2393,.T.);
#1417=ORIENTED_EDGE('',*,*,#2163,.F.);
#1418=ORIENTED_EDGE('',*,*,#2397,.F.);
#1419=ORIENTED_EDGE('',*,*,#2398,.T.);
#1420=ORIENTED_EDGE('',*,*,#2395,.T.);
#1421=ORIENTED_EDGE('',*,*,#2162,.F.);
#1422=ORIENTED_EDGE('',*,*,#2399,.F.);
#1423=ORIENTED_EDGE('',*,*,#2400,.T.);
#1424=ORIENTED_EDGE('',*,*,#2397,.T.);
#1425=ORIENTED_EDGE('',*,*,#2161,.F.);
#1426=ORIENTED_EDGE('',*,*,#2401,.F.);
#1427=ORIENTED_EDGE('',*,*,#2402,.T.);
#1428=ORIENTED_EDGE('',*,*,#2399,.T.);
#1429=ORIENTED_EDGE('',*,*,#2160,.F.);
#1430=ORIENTED_EDGE('',*,*,#2403,.F.);
#1431=ORIENTED_EDGE('',*,*,#2404,.T.);
#1432=ORIENTED_EDGE('',*,*,#2401,.T.);
#1433=ORIENTED_EDGE('',*,*,#2159,.F.);
#1434=ORIENTED_EDGE('',*,*,#2405,.F.);
#1435=ORIENTED_EDGE('',*,*,#2406,.T.);
#1436=ORIENTED_EDGE('',*,*,#2403,.T.);
#1437=ORIENTED_EDGE('',*,*,#2158,.F.);
#1438=ORIENTED_EDGE('',*,*,#2407,.F.);
#1439=ORIENTED_EDGE('',*,*,#2408,.T.);
#1440=ORIENTED_EDGE('',*,*,#2405,.T.);
#1441=ORIENTED_EDGE('',*,*,#2157,.F.);
#1442=ORIENTED_EDGE('',*,*,#2390,.F.);
#1443=ORIENTED_EDGE('',*,*,#2409,.T.);
#1444=ORIENTED_EDGE('',*,*,#2407,.T.);
#1445=ORIENTED_EDGE('',*,*,#2140,.F.);
#1446=ORIENTED_EDGE('',*,*,#2410,.F.);
#1447=ORIENTED_EDGE('',*,*,#2411,.T.);
#1448=ORIENTED_EDGE('',*,*,#2412,.T.);
#1449=ORIENTED_EDGE('',*,*,#2139,.F.);
#1450=ORIENTED_EDGE('',*,*,#2413,.F.);
#1451=ORIENTED_EDGE('',*,*,#2414,.T.);
#1452=ORIENTED_EDGE('',*,*,#2410,.T.);
#1453=ORIENTED_EDGE('',*,*,#2154,.F.);
#1454=ORIENTED_EDGE('',*,*,#2415,.F.);
#1455=ORIENTED_EDGE('',*,*,#2416,.T.);
#1456=ORIENTED_EDGE('',*,*,#2413,.T.);
#1457=ORIENTED_EDGE('',*,*,#2153,.F.);
#1458=ORIENTED_EDGE('',*,*,#2417,.F.);
#1459=ORIENTED_EDGE('',*,*,#2418,.T.);
#1460=ORIENTED_EDGE('',*,*,#2415,.T.);
#1461=ORIENTED_EDGE('',*,*,#2152,.F.);
#1462=ORIENTED_EDGE('',*,*,#2419,.F.);
#1463=ORIENTED_EDGE('',*,*,#2420,.T.);
#1464=ORIENTED_EDGE('',*,*,#2417,.T.);
#1465=ORIENTED_EDGE('',*,*,#2151,.F.);
#1466=ORIENTED_EDGE('',*,*,#2421,.F.);
#1467=ORIENTED_EDGE('',*,*,#2422,.T.);
#1468=ORIENTED_EDGE('',*,*,#2419,.T.);
#1469=ORIENTED_EDGE('',*,*,#2150,.F.);
#1470=ORIENTED_EDGE('',*,*,#2423,.F.);
#1471=ORIENTED_EDGE('',*,*,#2424,.T.);
#1472=ORIENTED_EDGE('',*,*,#2421,.T.);
#1473=ORIENTED_EDGE('',*,*,#2149,.F.);
#1474=ORIENTED_EDGE('',*,*,#2425,.F.);
#1475=ORIENTED_EDGE('',*,*,#2426,.T.);
#1476=ORIENTED_EDGE('',*,*,#2423,.T.);
#1477=ORIENTED_EDGE('',*,*,#2148,.F.);
#1478=ORIENTED_EDGE('',*,*,#2427,.F.);
#1479=ORIENTED_EDGE('',*,*,#2428,.T.);
#1480=ORIENTED_EDGE('',*,*,#2425,.T.);
#1481=ORIENTED_EDGE('',*,*,#2147,.F.);
#1482=ORIENTED_EDGE('',*,*,#2429,.F.);
#1483=ORIENTED_EDGE('',*,*,#2430,.T.);
#1484=ORIENTED_EDGE('',*,*,#2427,.T.);
#1485=ORIENTED_EDGE('',*,*,#2146,.F.);
#1486=ORIENTED_EDGE('',*,*,#2431,.F.);
#1487=ORIENTED_EDGE('',*,*,#2432,.T.);
#1488=ORIENTED_EDGE('',*,*,#2429,.T.);
#1489=ORIENTED_EDGE('',*,*,#2145,.F.);
#1490=ORIENTED_EDGE('',*,*,#2433,.F.);
#1491=ORIENTED_EDGE('',*,*,#2434,.T.);
#1492=ORIENTED_EDGE('',*,*,#2431,.T.);
#1493=ORIENTED_EDGE('',*,*,#2144,.F.);
#1494=ORIENTED_EDGE('',*,*,#2435,.F.);
#1495=ORIENTED_EDGE('',*,*,#2436,.T.);
#1496=ORIENTED_EDGE('',*,*,#2433,.T.);
#1497=ORIENTED_EDGE('',*,*,#2143,.F.);
#1498=ORIENTED_EDGE('',*,*,#2437,.F.);
#1499=ORIENTED_EDGE('',*,*,#2438,.T.);
#1500=ORIENTED_EDGE('',*,*,#2435,.T.);
#1501=ORIENTED_EDGE('',*,*,#2142,.F.);
#1502=ORIENTED_EDGE('',*,*,#2439,.F.);
#1503=ORIENTED_EDGE('',*,*,#2440,.T.);
#1504=ORIENTED_EDGE('',*,*,#2437,.T.);
#1505=ORIENTED_EDGE('',*,*,#2141,.F.);
#1506=ORIENTED_EDGE('',*,*,#2412,.F.);
#1507=ORIENTED_EDGE('',*,*,#2441,.T.);
#1508=ORIENTED_EDGE('',*,*,#2439,.T.);
#1509=ORIENTED_EDGE('',*,*,#2411,.F.);
#1510=ORIENTED_EDGE('',*,*,#2414,.F.);
#1511=ORIENTED_EDGE('',*,*,#2416,.F.);
#1512=ORIENTED_EDGE('',*,*,#2418,.F.);
#1513=ORIENTED_EDGE('',*,*,#2420,.F.);
#1514=ORIENTED_EDGE('',*,*,#2422,.F.);
#1515=ORIENTED_EDGE('',*,*,#2424,.F.);
#1516=ORIENTED_EDGE('',*,*,#2426,.F.);
#1517=ORIENTED_EDGE('',*,*,#2428,.F.);
#1518=ORIENTED_EDGE('',*,*,#2430,.F.);
#1519=ORIENTED_EDGE('',*,*,#2432,.F.);
#1520=ORIENTED_EDGE('',*,*,#2434,.F.);
#1521=ORIENTED_EDGE('',*,*,#2436,.F.);
#1522=ORIENTED_EDGE('',*,*,#2438,.F.);
#1523=ORIENTED_EDGE('',*,*,#2440,.F.);
#1524=ORIENTED_EDGE('',*,*,#2441,.F.);
#1525=ORIENTED_EDGE('',*,*,#2136,.F.);
#1526=ORIENTED_EDGE('',*,*,#2442,.F.);
#1527=ORIENTED_EDGE('',*,*,#2443,.T.);
#1528=ORIENTED_EDGE('',*,*,#2444,.T.);
#1529=ORIENTED_EDGE('',*,*,#2135,.F.);
#1530=ORIENTED_EDGE('',*,*,#2445,.F.);
#1531=ORIENTED_EDGE('',*,*,#2446,.T.);
#1532=ORIENTED_EDGE('',*,*,#2442,.T.);
#1533=ORIENTED_EDGE('',*,*,#2138,.F.);
#1534=ORIENTED_EDGE('',*,*,#2447,.F.);
#1535=ORIENTED_EDGE('',*,*,#2448,.T.);
#1536=ORIENTED_EDGE('',*,*,#2445,.T.);
#1537=ORIENTED_EDGE('',*,*,#2137,.F.);
#1538=ORIENTED_EDGE('',*,*,#2444,.F.);
#1539=ORIENTED_EDGE('',*,*,#2449,.T.);
#1540=ORIENTED_EDGE('',*,*,#2447,.T.);
#1541=ORIENTED_EDGE('',*,*,#2443,.F.);
#1542=ORIENTED_EDGE('',*,*,#2446,.F.);
#1543=ORIENTED_EDGE('',*,*,#2448,.F.);
#1544=ORIENTED_EDGE('',*,*,#2449,.F.);
#1545=ORIENTED_EDGE('',*,*,#2128,.F.);
#1546=ORIENTED_EDGE('',*,*,#2450,.F.);
#1547=ORIENTED_EDGE('',*,*,#2451,.T.);
#1548=ORIENTED_EDGE('',*,*,#2452,.T.);
#1549=ORIENTED_EDGE('',*,*,#2127,.F.);
#1550=ORIENTED_EDGE('',*,*,#2453,.F.);
#1551=ORIENTED_EDGE('',*,*,#2454,.T.);
#1552=ORIENTED_EDGE('',*,*,#2450,.T.);
#1553=ORIENTED_EDGE('',*,*,#2134,.F.);
#1554=ORIENTED_EDGE('',*,*,#2455,.F.);
#1555=ORIENTED_EDGE('',*,*,#2456,.T.);
#1556=ORIENTED_EDGE('',*,*,#2453,.T.);
#1557=ORIENTED_EDGE('',*,*,#2133,.F.);
#1558=ORIENTED_EDGE('',*,*,#2457,.F.);
#1559=ORIENTED_EDGE('',*,*,#2458,.T.);
#1560=ORIENTED_EDGE('',*,*,#2455,.T.);
#1561=ORIENTED_EDGE('',*,*,#2132,.F.);
#1562=ORIENTED_EDGE('',*,*,#2459,.F.);
#1563=ORIENTED_EDGE('',*,*,#2460,.T.);
#1564=ORIENTED_EDGE('',*,*,#2457,.T.);
#1565=ORIENTED_EDGE('',*,*,#2131,.F.);
#1566=ORIENTED_EDGE('',*,*,#2461,.F.);
#1567=ORIENTED_EDGE('',*,*,#2462,.T.);
#1568=ORIENTED_EDGE('',*,*,#2459,.T.);
#1569=ORIENTED_EDGE('',*,*,#2130,.F.);
#1570=ORIENTED_EDGE('',*,*,#2463,.F.);
#1571=ORIENTED_EDGE('',*,*,#2464,.T.);
#1572=ORIENTED_EDGE('',*,*,#2461,.T.);
#1573=ORIENTED_EDGE('',*,*,#2129,.F.);
#1574=ORIENTED_EDGE('',*,*,#2452,.F.);
#1575=ORIENTED_EDGE('',*,*,#2465,.T.);
#1576=ORIENTED_EDGE('',*,*,#2463,.T.);
#1577=ORIENTED_EDGE('',*,*,#2451,.F.);
#1578=ORIENTED_EDGE('',*,*,#2454,.F.);
#1579=ORIENTED_EDGE('',*,*,#2456,.F.);
#1580=ORIENTED_EDGE('',*,*,#2458,.F.);
#1581=ORIENTED_EDGE('',*,*,#2460,.F.);
#1582=ORIENTED_EDGE('',*,*,#2462,.F.);
#1583=ORIENTED_EDGE('',*,*,#2464,.F.);
#1584=ORIENTED_EDGE('',*,*,#2465,.F.);
#1585=ORIENTED_EDGE('',*,*,#2466,.F.);
#1586=ORIENTED_EDGE('',*,*,#2467,.F.);
#1587=ORIENTED_EDGE('',*,*,#2468,.T.);
#1588=ORIENTED_EDGE('',*,*,#2469,.T.);
#1589=ORIENTED_EDGE('',*,*,#2470,.F.);
#1590=ORIENTED_EDGE('',*,*,#2471,.F.);
#1591=ORIENTED_EDGE('',*,*,#2472,.T.);
#1592=ORIENTED_EDGE('',*,*,#2467,.T.);
#1593=ORIENTED_EDGE('',*,*,#2473,.F.);
#1594=ORIENTED_EDGE('',*,*,#2474,.F.);
#1595=ORIENTED_EDGE('',*,*,#2475,.T.);
#1596=ORIENTED_EDGE('',*,*,#2471,.T.);
#1597=ORIENTED_EDGE('',*,*,#2476,.F.);
#1598=ORIENTED_EDGE('',*,*,#2477,.F.);
#1599=ORIENTED_EDGE('',*,*,#2478,.T.);
#1600=ORIENTED_EDGE('',*,*,#2474,.T.);
#1601=ORIENTED_EDGE('',*,*,#2479,.F.);
#1602=ORIENTED_EDGE('',*,*,#2480,.F.);
#1603=ORIENTED_EDGE('',*,*,#2481,.T.);
#1604=ORIENTED_EDGE('',*,*,#2477,.T.);
#1605=ORIENTED_EDGE('',*,*,#2482,.F.);
#1606=ORIENTED_EDGE('',*,*,#2483,.F.);
#1607=ORIENTED_EDGE('',*,*,#2484,.T.);
#1608=ORIENTED_EDGE('',*,*,#2480,.T.);
#1609=ORIENTED_EDGE('',*,*,#2485,.F.);
#1610=ORIENTED_EDGE('',*,*,#2486,.F.);
#1611=ORIENTED_EDGE('',*,*,#2487,.T.);
#1612=ORIENTED_EDGE('',*,*,#2483,.T.);
#1613=ORIENTED_EDGE('',*,*,#2488,.F.);
#1614=ORIENTED_EDGE('',*,*,#2489,.F.);
#1615=ORIENTED_EDGE('',*,*,#2490,.T.);
#1616=ORIENTED_EDGE('',*,*,#2486,.T.);
#1617=ORIENTED_EDGE('',*,*,#2491,.F.);
#1618=ORIENTED_EDGE('',*,*,#2492,.F.);
#1619=ORIENTED_EDGE('',*,*,#2493,.T.);
#1620=ORIENTED_EDGE('',*,*,#2489,.T.);
#1621=ORIENTED_EDGE('',*,*,#2494,.F.);
#1622=ORIENTED_EDGE('',*,*,#2495,.F.);
#1623=ORIENTED_EDGE('',*,*,#2496,.T.);
#1624=ORIENTED_EDGE('',*,*,#2492,.T.);
#1625=ORIENTED_EDGE('',*,*,#2497,.F.);
#1626=ORIENTED_EDGE('',*,*,#2498,.F.);
#1627=ORIENTED_EDGE('',*,*,#2499,.T.);
#1628=ORIENTED_EDGE('',*,*,#2495,.T.);
#1629=ORIENTED_EDGE('',*,*,#2175,.F.);
#1630=ORIENTED_EDGE('',*,*,#2500,.F.);
#1631=ORIENTED_EDGE('',*,*,#2501,.T.);
#1632=ORIENTED_EDGE('',*,*,#2502,.T.);
#1633=ORIENTED_EDGE('',*,*,#2174,.F.);
#1634=ORIENTED_EDGE('',*,*,#2503,.F.);
#1635=ORIENTED_EDGE('',*,*,#2504,.T.);
#1636=ORIENTED_EDGE('',*,*,#2500,.T.);
#1637=ORIENTED_EDGE('',*,*,#2188,.F.);
#1638=ORIENTED_EDGE('',*,*,#2505,.F.);
#1639=ORIENTED_EDGE('',*,*,#2506,.T.);
#1640=ORIENTED_EDGE('',*,*,#2503,.T.);
#1641=ORIENTED_EDGE('',*,*,#2187,.F.);
#1642=ORIENTED_EDGE('',*,*,#2507,.F.);
#1643=ORIENTED_EDGE('',*,*,#2508,.T.);
#1644=ORIENTED_EDGE('',*,*,#2505,.T.);
#1645=ORIENTED_EDGE('',*,*,#2186,.F.);
#1646=ORIENTED_EDGE('',*,*,#2509,.F.);
#1647=ORIENTED_EDGE('',*,*,#2510,.T.);
#1648=ORIENTED_EDGE('',*,*,#2507,.T.);
#1649=ORIENTED_EDGE('',*,*,#2185,.F.);
#1650=ORIENTED_EDGE('',*,*,#2511,.F.);
#1651=ORIENTED_EDGE('',*,*,#2512,.T.);
#1652=ORIENTED_EDGE('',*,*,#2509,.T.);
#1653=ORIENTED_EDGE('',*,*,#2184,.F.);
#1654=ORIENTED_EDGE('',*,*,#2513,.F.);
#1655=ORIENTED_EDGE('',*,*,#2514,.T.);
#1656=ORIENTED_EDGE('',*,*,#2511,.T.);
#1657=ORIENTED_EDGE('',*,*,#2183,.F.);
#1658=ORIENTED_EDGE('',*,*,#2515,.F.);
#1659=ORIENTED_EDGE('',*,*,#2516,.T.);
#1660=ORIENTED_EDGE('',*,*,#2513,.T.);
#1661=ORIENTED_EDGE('',*,*,#2182,.F.);
#1662=ORIENTED_EDGE('',*,*,#2517,.F.);
#1663=ORIENTED_EDGE('',*,*,#2518,.T.);
#1664=ORIENTED_EDGE('',*,*,#2515,.T.);
#1665=ORIENTED_EDGE('',*,*,#2181,.F.);
#1666=ORIENTED_EDGE('',*,*,#2519,.F.);
#1667=ORIENTED_EDGE('',*,*,#2520,.T.);
#1668=ORIENTED_EDGE('',*,*,#2517,.T.);
#1669=ORIENTED_EDGE('',*,*,#2180,.F.);
#1670=ORIENTED_EDGE('',*,*,#2521,.F.);
#1671=ORIENTED_EDGE('',*,*,#2522,.T.);
#1672=ORIENTED_EDGE('',*,*,#2519,.T.);
#1673=ORIENTED_EDGE('',*,*,#2179,.F.);
#1674=ORIENTED_EDGE('',*,*,#2523,.F.);
#1675=ORIENTED_EDGE('',*,*,#2524,.T.);
#1676=ORIENTED_EDGE('',*,*,#2521,.T.);
#1677=ORIENTED_EDGE('',*,*,#2178,.F.);
#1678=ORIENTED_EDGE('',*,*,#2525,.F.);
#1679=ORIENTED_EDGE('',*,*,#2526,.T.);
#1680=ORIENTED_EDGE('',*,*,#2523,.T.);
#1681=ORIENTED_EDGE('',*,*,#2177,.F.);
#1682=ORIENTED_EDGE('',*,*,#2527,.F.);
#1683=ORIENTED_EDGE('',*,*,#2528,.T.);
#1684=ORIENTED_EDGE('',*,*,#2525,.T.);
#1685=ORIENTED_EDGE('',*,*,#2176,.F.);
#1686=ORIENTED_EDGE('',*,*,#2502,.F.);
#1687=ORIENTED_EDGE('',*,*,#2529,.T.);
#1688=ORIENTED_EDGE('',*,*,#2527,.T.);
#1689=ORIENTED_EDGE('',*,*,#2530,.F.);
#1690=ORIENTED_EDGE('',*,*,#2469,.F.);
#1691=ORIENTED_EDGE('',*,*,#2531,.T.);
#1692=ORIENTED_EDGE('',*,*,#2498,.T.);
#1693=ORIENTED_EDGE('',*,*,#2501,.F.);
#1694=ORIENTED_EDGE('',*,*,#2504,.F.);
#1695=ORIENTED_EDGE('',*,*,#2506,.F.);
#1696=ORIENTED_EDGE('',*,*,#2508,.F.);
#1697=ORIENTED_EDGE('',*,*,#2510,.F.);
#1698=ORIENTED_EDGE('',*,*,#2512,.F.);
#1699=ORIENTED_EDGE('',*,*,#2514,.F.);
#1700=ORIENTED_EDGE('',*,*,#2516,.F.);
#1701=ORIENTED_EDGE('',*,*,#2518,.F.);
#1702=ORIENTED_EDGE('',*,*,#2520,.F.);
#1703=ORIENTED_EDGE('',*,*,#2522,.F.);
#1704=ORIENTED_EDGE('',*,*,#2524,.F.);
#1705=ORIENTED_EDGE('',*,*,#2526,.F.);
#1706=ORIENTED_EDGE('',*,*,#2528,.F.);
#1707=ORIENTED_EDGE('',*,*,#2529,.F.);
#1708=ORIENTED_EDGE('',*,*,#2468,.F.);
#1709=ORIENTED_EDGE('',*,*,#2472,.F.);
#1710=ORIENTED_EDGE('',*,*,#2475,.F.);
#1711=ORIENTED_EDGE('',*,*,#2478,.F.);
#1712=ORIENTED_EDGE('',*,*,#2481,.F.);
#1713=ORIENTED_EDGE('',*,*,#2484,.F.);
#1714=ORIENTED_EDGE('',*,*,#2487,.F.);
#1715=ORIENTED_EDGE('',*,*,#2490,.F.);
#1716=ORIENTED_EDGE('',*,*,#2493,.F.);
#1717=ORIENTED_EDGE('',*,*,#2496,.F.);
#1718=ORIENTED_EDGE('',*,*,#2499,.F.);
#1719=ORIENTED_EDGE('',*,*,#2531,.F.);
#1720=ORIENTED_EDGE('',*,*,#2532,.F.);
#1721=ORIENTED_EDGE('',*,*,#2533,.F.);
#1722=ORIENTED_EDGE('',*,*,#2534,.T.);
#1723=ORIENTED_EDGE('',*,*,#2535,.T.);
#1724=ORIENTED_EDGE('',*,*,#2536,.F.);
#1725=ORIENTED_EDGE('',*,*,#2537,.F.);
#1726=ORIENTED_EDGE('',*,*,#2538,.T.);
#1727=ORIENTED_EDGE('',*,*,#2533,.T.);
#1728=ORIENTED_EDGE('',*,*,#2539,.F.);
#1729=ORIENTED_EDGE('',*,*,#2540,.F.);
#1730=ORIENTED_EDGE('',*,*,#2541,.T.);
#1731=ORIENTED_EDGE('',*,*,#2537,.T.);
#1732=ORIENTED_EDGE('',*,*,#2542,.F.);
#1733=ORIENTED_EDGE('',*,*,#2543,.F.);
#1734=ORIENTED_EDGE('',*,*,#2544,.T.);
#1735=ORIENTED_EDGE('',*,*,#2540,.T.);
#1736=ORIENTED_EDGE('',*,*,#2545,.F.);
#1737=ORIENTED_EDGE('',*,*,#2546,.F.);
#1738=ORIENTED_EDGE('',*,*,#2547,.T.);
#1739=ORIENTED_EDGE('',*,*,#2543,.T.);
#1740=ORIENTED_EDGE('',*,*,#2110,.F.);
#1741=ORIENTED_EDGE('',*,*,#2548,.F.);
#1742=ORIENTED_EDGE('',*,*,#2549,.T.);
#1743=ORIENTED_EDGE('',*,*,#2550,.T.);
#1744=ORIENTED_EDGE('',*,*,#2109,.F.);
#1745=ORIENTED_EDGE('',*,*,#2551,.F.);
#1746=ORIENTED_EDGE('',*,*,#2552,.T.);
#1747=ORIENTED_EDGE('',*,*,#2548,.T.);
#1748=ORIENTED_EDGE('',*,*,#2126,.F.);
#1749=ORIENTED_EDGE('',*,*,#2553,.F.);
#1750=ORIENTED_EDGE('',*,*,#2554,.T.);
#1751=ORIENTED_EDGE('',*,*,#2551,.T.);
#1752=ORIENTED_EDGE('',*,*,#2125,.F.);
#1753=ORIENTED_EDGE('',*,*,#2555,.F.);
#1754=ORIENTED_EDGE('',*,*,#2556,.T.);
#1755=ORIENTED_EDGE('',*,*,#2553,.T.);
#1756=ORIENTED_EDGE('',*,*,#2124,.F.);
#1757=ORIENTED_EDGE('',*,*,#2557,.F.);
#1758=ORIENTED_EDGE('',*,*,#2558,.T.);
#1759=ORIENTED_EDGE('',*,*,#2555,.T.);
#1760=ORIENTED_EDGE('',*,*,#2123,.F.);
#1761=ORIENTED_EDGE('',*,*,#2559,.F.);
#1762=ORIENTED_EDGE('',*,*,#2560,.T.);
#1763=ORIENTED_EDGE('',*,*,#2557,.T.);
#1764=ORIENTED_EDGE('',*,*,#2122,.F.);
#1765=ORIENTED_EDGE('',*,*,#2561,.F.);
#1766=ORIENTED_EDGE('',*,*,#2562,.T.);
#1767=ORIENTED_EDGE('',*,*,#2559,.T.);
#1768=ORIENTED_EDGE('',*,*,#2121,.F.);
#1769=ORIENTED_EDGE('',*,*,#2563,.F.);
#1770=ORIENTED_EDGE('',*,*,#2564,.T.);
#1771=ORIENTED_EDGE('',*,*,#2561,.T.);
#1772=ORIENTED_EDGE('',*,*,#2120,.F.);
#1773=ORIENTED_EDGE('',*,*,#2565,.F.);
#1774=ORIENTED_EDGE('',*,*,#2566,.T.);
#1775=ORIENTED_EDGE('',*,*,#2563,.T.);
#1776=ORIENTED_EDGE('',*,*,#2119,.F.);
#1777=ORIENTED_EDGE('',*,*,#2567,.F.);
#1778=ORIENTED_EDGE('',*,*,#2568,.T.);
#1779=ORIENTED_EDGE('',*,*,#2565,.T.);
#1780=ORIENTED_EDGE('',*,*,#2118,.F.);
#1781=ORIENTED_EDGE('',*,*,#2569,.F.);
#1782=ORIENTED_EDGE('',*,*,#2570,.T.);
#1783=ORIENTED_EDGE('',*,*,#2567,.T.);
#1784=ORIENTED_EDGE('',*,*,#2117,.F.);
#1785=ORIENTED_EDGE('',*,*,#2571,.F.);
#1786=ORIENTED_EDGE('',*,*,#2572,.T.);
#1787=ORIENTED_EDGE('',*,*,#2569,.T.);
#1788=ORIENTED_EDGE('',*,*,#2116,.F.);
#1789=ORIENTED_EDGE('',*,*,#2573,.F.);
#1790=ORIENTED_EDGE('',*,*,#2574,.T.);
#1791=ORIENTED_EDGE('',*,*,#2571,.T.);
#1792=ORIENTED_EDGE('',*,*,#2115,.F.);
#1793=ORIENTED_EDGE('',*,*,#2575,.F.);
#1794=ORIENTED_EDGE('',*,*,#2576,.T.);
#1795=ORIENTED_EDGE('',*,*,#2573,.T.);
#1796=ORIENTED_EDGE('',*,*,#2114,.F.);
#1797=ORIENTED_EDGE('',*,*,#2577,.F.);
#1798=ORIENTED_EDGE('',*,*,#2578,.T.);
#1799=ORIENTED_EDGE('',*,*,#2575,.T.);
#1800=ORIENTED_EDGE('',*,*,#2113,.F.);
#1801=ORIENTED_EDGE('',*,*,#2579,.F.);
#1802=ORIENTED_EDGE('',*,*,#2580,.T.);
#1803=ORIENTED_EDGE('',*,*,#2577,.T.);
#1804=ORIENTED_EDGE('',*,*,#2112,.F.);
#1805=ORIENTED_EDGE('',*,*,#2581,.F.);
#1806=ORIENTED_EDGE('',*,*,#2582,.T.);
#1807=ORIENTED_EDGE('',*,*,#2579,.T.);
#1808=ORIENTED_EDGE('',*,*,#2111,.F.);
#1809=ORIENTED_EDGE('',*,*,#2550,.F.);
#1810=ORIENTED_EDGE('',*,*,#2583,.T.);
#1811=ORIENTED_EDGE('',*,*,#2581,.T.);
#1812=ORIENTED_EDGE('',*,*,#2584,.F.);
#1813=ORIENTED_EDGE('',*,*,#2535,.F.);
#1814=ORIENTED_EDGE('',*,*,#2585,.T.);
#1815=ORIENTED_EDGE('',*,*,#2546,.T.);
#1816=ORIENTED_EDGE('',*,*,#2549,.F.);
#1817=ORIENTED_EDGE('',*,*,#2552,.F.);
#1818=ORIENTED_EDGE('',*,*,#2554,.F.);
#1819=ORIENTED_EDGE('',*,*,#2556,.F.);
#1820=ORIENTED_EDGE('',*,*,#2558,.F.);
#1821=ORIENTED_EDGE('',*,*,#2560,.F.);
#1822=ORIENTED_EDGE('',*,*,#2562,.F.);
#1823=ORIENTED_EDGE('',*,*,#2564,.F.);
#1824=ORIENTED_EDGE('',*,*,#2566,.F.);
#1825=ORIENTED_EDGE('',*,*,#2568,.F.);
#1826=ORIENTED_EDGE('',*,*,#2570,.F.);
#1827=ORIENTED_EDGE('',*,*,#2572,.F.);
#1828=ORIENTED_EDGE('',*,*,#2574,.F.);
#1829=ORIENTED_EDGE('',*,*,#2576,.F.);
#1830=ORIENTED_EDGE('',*,*,#2578,.F.);
#1831=ORIENTED_EDGE('',*,*,#2580,.F.);
#1832=ORIENTED_EDGE('',*,*,#2582,.F.);
#1833=ORIENTED_EDGE('',*,*,#2583,.F.);
#1834=ORIENTED_EDGE('',*,*,#2534,.F.);
#1835=ORIENTED_EDGE('',*,*,#2538,.F.);
#1836=ORIENTED_EDGE('',*,*,#2541,.F.);
#1837=ORIENTED_EDGE('',*,*,#2544,.F.);
#1838=ORIENTED_EDGE('',*,*,#2547,.F.);
#1839=ORIENTED_EDGE('',*,*,#2585,.F.);
#1840=ORIENTED_EDGE('',*,*,#2586,.F.);
#1841=ORIENTED_EDGE('',*,*,#2587,.F.);
#1842=ORIENTED_EDGE('',*,*,#2588,.T.);
#1843=ORIENTED_EDGE('',*,*,#2589,.T.);
#1844=ORIENTED_EDGE('',*,*,#2590,.F.);
#1845=ORIENTED_EDGE('',*,*,#2591,.F.);
#1846=ORIENTED_EDGE('',*,*,#2592,.T.);
#1847=ORIENTED_EDGE('',*,*,#2587,.T.);
#1848=ORIENTED_EDGE('',*,*,#2593,.F.);
#1849=ORIENTED_EDGE('',*,*,#2594,.F.);
#1850=ORIENTED_EDGE('',*,*,#2595,.T.);
#1851=ORIENTED_EDGE('',*,*,#2591,.T.);
#1852=ORIENTED_EDGE('',*,*,#2596,.F.);
#1853=ORIENTED_EDGE('',*,*,#2597,.F.);
#1854=ORIENTED_EDGE('',*,*,#2598,.T.);
#1855=ORIENTED_EDGE('',*,*,#2594,.T.);
#1856=ORIENTED_EDGE('',*,*,#2599,.F.);
#1857=ORIENTED_EDGE('',*,*,#2600,.F.);
#1858=ORIENTED_EDGE('',*,*,#2601,.T.);
#1859=ORIENTED_EDGE('',*,*,#2597,.T.);
#1860=ORIENTED_EDGE('',*,*,#2602,.F.);
#1861=ORIENTED_EDGE('',*,*,#2603,.F.);
#1862=ORIENTED_EDGE('',*,*,#2604,.T.);
#1863=ORIENTED_EDGE('',*,*,#2600,.T.);
#1864=ORIENTED_EDGE('',*,*,#2605,.F.);
#1865=ORIENTED_EDGE('',*,*,#2606,.F.);
#1866=ORIENTED_EDGE('',*,*,#2607,.T.);
#1867=ORIENTED_EDGE('',*,*,#2603,.T.);
#1868=ORIENTED_EDGE('',*,*,#2608,.F.);
#1869=ORIENTED_EDGE('',*,*,#2609,.F.);
#1870=ORIENTED_EDGE('',*,*,#2610,.T.);
#1871=ORIENTED_EDGE('',*,*,#2606,.T.);
#1872=ORIENTED_EDGE('',*,*,#2611,.F.);
#1873=ORIENTED_EDGE('',*,*,#2612,.F.);
#1874=ORIENTED_EDGE('',*,*,#2613,.T.);
#1875=ORIENTED_EDGE('',*,*,#2609,.T.);
#1876=ORIENTED_EDGE('',*,*,#2614,.F.);
#1877=ORIENTED_EDGE('',*,*,#2615,.F.);
#1878=ORIENTED_EDGE('',*,*,#2616,.T.);
#1879=ORIENTED_EDGE('',*,*,#2612,.T.);
#1880=ORIENTED_EDGE('',*,*,#2617,.F.);
#1881=ORIENTED_EDGE('',*,*,#2618,.F.);
#1882=ORIENTED_EDGE('',*,*,#2619,.T.);
#1883=ORIENTED_EDGE('',*,*,#2615,.T.);
#1884=ORIENTED_EDGE('',*,*,#2190,.F.);
#1885=ORIENTED_EDGE('',*,*,#2620,.F.);
#1886=ORIENTED_EDGE('',*,*,#2621,.T.);
#1887=ORIENTED_EDGE('',*,*,#2622,.T.);
#1888=ORIENTED_EDGE('',*,*,#2189,.F.);
#1889=ORIENTED_EDGE('',*,*,#2623,.F.);
#1890=ORIENTED_EDGE('',*,*,#2624,.T.);
#1891=ORIENTED_EDGE('',*,*,#2620,.T.);
#1892=ORIENTED_EDGE('',*,*,#2203,.F.);
#1893=ORIENTED_EDGE('',*,*,#2625,.F.);
#1894=ORIENTED_EDGE('',*,*,#2626,.T.);
#1895=ORIENTED_EDGE('',*,*,#2623,.T.);
#1896=ORIENTED_EDGE('',*,*,#2202,.F.);
#1897=ORIENTED_EDGE('',*,*,#2627,.F.);
#1898=ORIENTED_EDGE('',*,*,#2628,.T.);
#1899=ORIENTED_EDGE('',*,*,#2625,.T.);
#1900=ORIENTED_EDGE('',*,*,#2201,.F.);
#1901=ORIENTED_EDGE('',*,*,#2629,.F.);
#1902=ORIENTED_EDGE('',*,*,#2630,.T.);
#1903=ORIENTED_EDGE('',*,*,#2627,.T.);
#1904=ORIENTED_EDGE('',*,*,#2200,.F.);
#1905=ORIENTED_EDGE('',*,*,#2631,.F.);
#1906=ORIENTED_EDGE('',*,*,#2632,.T.);
#1907=ORIENTED_EDGE('',*,*,#2629,.T.);
#1908=ORIENTED_EDGE('',*,*,#2199,.F.);
#1909=ORIENTED_EDGE('',*,*,#2633,.F.);
#1910=ORIENTED_EDGE('',*,*,#2634,.T.);
#1911=ORIENTED_EDGE('',*,*,#2631,.T.);
#1912=ORIENTED_EDGE('',*,*,#2198,.F.);
#1913=ORIENTED_EDGE('',*,*,#2635,.F.);
#1914=ORIENTED_EDGE('',*,*,#2636,.T.);
#1915=ORIENTED_EDGE('',*,*,#2633,.T.);
#1916=ORIENTED_EDGE('',*,*,#2197,.F.);
#1917=ORIENTED_EDGE('',*,*,#2637,.F.);
#1918=ORIENTED_EDGE('',*,*,#2638,.T.);
#1919=ORIENTED_EDGE('',*,*,#2635,.T.);
#1920=ORIENTED_EDGE('',*,*,#2196,.F.);
#1921=ORIENTED_EDGE('',*,*,#2639,.F.);
#1922=ORIENTED_EDGE('',*,*,#2640,.T.);
#1923=ORIENTED_EDGE('',*,*,#2637,.T.);
#1924=ORIENTED_EDGE('',*,*,#2195,.F.);
#1925=ORIENTED_EDGE('',*,*,#2641,.F.);
#1926=ORIENTED_EDGE('',*,*,#2642,.T.);
#1927=ORIENTED_EDGE('',*,*,#2639,.T.);
#1928=ORIENTED_EDGE('',*,*,#2194,.F.);
#1929=ORIENTED_EDGE('',*,*,#2643,.F.);
#1930=ORIENTED_EDGE('',*,*,#2644,.T.);
#1931=ORIENTED_EDGE('',*,*,#2641,.T.);
#1932=ORIENTED_EDGE('',*,*,#2193,.F.);
#1933=ORIENTED_EDGE('',*,*,#2645,.F.);
#1934=ORIENTED_EDGE('',*,*,#2646,.T.);
#1935=ORIENTED_EDGE('',*,*,#2643,.T.);
#1936=ORIENTED_EDGE('',*,*,#2192,.F.);
#1937=ORIENTED_EDGE('',*,*,#2647,.F.);
#1938=ORIENTED_EDGE('',*,*,#2648,.T.);
#1939=ORIENTED_EDGE('',*,*,#2645,.T.);
#1940=ORIENTED_EDGE('',*,*,#2191,.F.);
#1941=ORIENTED_EDGE('',*,*,#2622,.F.);
#1942=ORIENTED_EDGE('',*,*,#2649,.T.);
#1943=ORIENTED_EDGE('',*,*,#2647,.T.);
#1944=ORIENTED_EDGE('',*,*,#2650,.F.);
#1945=ORIENTED_EDGE('',*,*,#2589,.F.);
#1946=ORIENTED_EDGE('',*,*,#2651,.T.);
#1947=ORIENTED_EDGE('',*,*,#2618,.T.);
#1948=ORIENTED_EDGE('',*,*,#2621,.F.);
#1949=ORIENTED_EDGE('',*,*,#2624,.F.);
#1950=ORIENTED_EDGE('',*,*,#2626,.F.);
#1951=ORIENTED_EDGE('',*,*,#2628,.F.);
#1952=ORIENTED_EDGE('',*,*,#2630,.F.);
#1953=ORIENTED_EDGE('',*,*,#2632,.F.);
#1954=ORIENTED_EDGE('',*,*,#2634,.F.);
#1955=ORIENTED_EDGE('',*,*,#2636,.F.);
#1956=ORIENTED_EDGE('',*,*,#2638,.F.);
#1957=ORIENTED_EDGE('',*,*,#2640,.F.);
#1958=ORIENTED_EDGE('',*,*,#2642,.F.);
#1959=ORIENTED_EDGE('',*,*,#2644,.F.);
#1960=ORIENTED_EDGE('',*,*,#2646,.F.);
#1961=ORIENTED_EDGE('',*,*,#2648,.F.);
#1962=ORIENTED_EDGE('',*,*,#2649,.F.);
#1963=ORIENTED_EDGE('',*,*,#2588,.F.);
#1964=ORIENTED_EDGE('',*,*,#2592,.F.);
#1965=ORIENTED_EDGE('',*,*,#2595,.F.);
#1966=ORIENTED_EDGE('',*,*,#2598,.F.);
#1967=ORIENTED_EDGE('',*,*,#2601,.F.);
#1968=ORIENTED_EDGE('',*,*,#2604,.F.);
#1969=ORIENTED_EDGE('',*,*,#2607,.F.);
#1970=ORIENTED_EDGE('',*,*,#2610,.F.);
#1971=ORIENTED_EDGE('',*,*,#2613,.F.);
#1972=ORIENTED_EDGE('',*,*,#2616,.F.);
#1973=ORIENTED_EDGE('',*,*,#2619,.F.);
#1974=ORIENTED_EDGE('',*,*,#2651,.F.);
#1975=ORIENTED_EDGE('',*,*,#2205,.F.);
#1976=ORIENTED_EDGE('',*,*,#2652,.F.);
#1977=ORIENTED_EDGE('',*,*,#2653,.T.);
#1978=ORIENTED_EDGE('',*,*,#2654,.T.);
#1979=ORIENTED_EDGE('',*,*,#2204,.F.);
#1980=ORIENTED_EDGE('',*,*,#2655,.F.);
#1981=ORIENTED_EDGE('',*,*,#2656,.T.);
#1982=ORIENTED_EDGE('',*,*,#2652,.T.);
#1983=ORIENTED_EDGE('',*,*,#2216,.F.);
#1984=ORIENTED_EDGE('',*,*,#2657,.F.);
#1985=ORIENTED_EDGE('',*,*,#2658,.T.);
#1986=ORIENTED_EDGE('',*,*,#2655,.T.);
#1987=ORIENTED_EDGE('',*,*,#2215,.F.);
#1988=ORIENTED_EDGE('',*,*,#2659,.F.);
#1989=ORIENTED_EDGE('',*,*,#2660,.T.);
#1990=ORIENTED_EDGE('',*,*,#2657,.T.);
#1991=ORIENTED_EDGE('',*,*,#2214,.F.);
#1992=ORIENTED_EDGE('',*,*,#2661,.F.);
#1993=ORIENTED_EDGE('',*,*,#2662,.T.);
#1994=ORIENTED_EDGE('',*,*,#2659,.T.);
#1995=ORIENTED_EDGE('',*,*,#2213,.F.);
#1996=ORIENTED_EDGE('',*,*,#2663,.F.);
#1997=ORIENTED_EDGE('',*,*,#2664,.T.);
#1998=ORIENTED_EDGE('',*,*,#2661,.T.);
#1999=ORIENTED_EDGE('',*,*,#2212,.F.);
#2000=ORIENTED_EDGE('',*,*,#2665,.F.);
#2001=ORIENTED_EDGE('',*,*,#2666,.T.);
#2002=ORIENTED_EDGE('',*,*,#2663,.T.);
#2003=ORIENTED_EDGE('',*,*,#2211,.F.);
#2004=ORIENTED_EDGE('',*,*,#2667,.F.);
#2005=ORIENTED_EDGE('',*,*,#2668,.T.);
#2006=ORIENTED_EDGE('',*,*,#2665,.T.);
#2007=ORIENTED_EDGE('',*,*,#2210,.F.);
#2008=ORIENTED_EDGE('',*,*,#2669,.F.);
#2009=ORIENTED_EDGE('',*,*,#2670,.T.);
#2010=ORIENTED_EDGE('',*,*,#2667,.T.);
#2011=ORIENTED_EDGE('',*,*,#2209,.F.);
#2012=ORIENTED_EDGE('',*,*,#2671,.F.);
#2013=ORIENTED_EDGE('',*,*,#2672,.T.);
#2014=ORIENTED_EDGE('',*,*,#2669,.T.);
#2015=ORIENTED_EDGE('',*,*,#2208,.F.);
#2016=ORIENTED_EDGE('',*,*,#2673,.F.);
#2017=ORIENTED_EDGE('',*,*,#2674,.T.);
#2018=ORIENTED_EDGE('',*,*,#2671,.T.);
#2019=ORIENTED_EDGE('',*,*,#2207,.F.);
#2020=ORIENTED_EDGE('',*,*,#2675,.F.);
#2021=ORIENTED_EDGE('',*,*,#2676,.T.);
#2022=ORIENTED_EDGE('',*,*,#2673,.T.);
#2023=ORIENTED_EDGE('',*,*,#2206,.F.);
#2024=ORIENTED_EDGE('',*,*,#2654,.F.);
#2025=ORIENTED_EDGE('',*,*,#2677,.T.);
#2026=ORIENTED_EDGE('',*,*,#2675,.T.);
#2027=ORIENTED_EDGE('',*,*,#2653,.F.);
#2028=ORIENTED_EDGE('',*,*,#2656,.F.);
#2029=ORIENTED_EDGE('',*,*,#2658,.F.);
#2030=ORIENTED_EDGE('',*,*,#2660,.F.);
#2031=ORIENTED_EDGE('',*,*,#2662,.F.);
#2032=ORIENTED_EDGE('',*,*,#2664,.F.);
#2033=ORIENTED_EDGE('',*,*,#2666,.F.);
#2034=ORIENTED_EDGE('',*,*,#2668,.F.);
#2035=ORIENTED_EDGE('',*,*,#2670,.F.);
#2036=ORIENTED_EDGE('',*,*,#2672,.F.);
#2037=ORIENTED_EDGE('',*,*,#2674,.F.);
#2038=ORIENTED_EDGE('',*,*,#2676,.F.);
#2039=ORIENTED_EDGE('',*,*,#2677,.F.);
#2040=ORIENTED_EDGE('',*,*,#2470,.T.);
#2041=ORIENTED_EDGE('',*,*,#2466,.T.);
#2042=ORIENTED_EDGE('',*,*,#2530,.T.);
#2043=ORIENTED_EDGE('',*,*,#2497,.T.);
#2044=ORIENTED_EDGE('',*,*,#2494,.T.);
#2045=ORIENTED_EDGE('',*,*,#2491,.T.);
#2046=ORIENTED_EDGE('',*,*,#2488,.T.);
#2047=ORIENTED_EDGE('',*,*,#2485,.T.);
#2048=ORIENTED_EDGE('',*,*,#2482,.T.);
#2049=ORIENTED_EDGE('',*,*,#2479,.T.);
#2050=ORIENTED_EDGE('',*,*,#2476,.T.);
#2051=ORIENTED_EDGE('',*,*,#2473,.T.);
#2052=ORIENTED_EDGE('',*,*,#2536,.T.);
#2053=ORIENTED_EDGE('',*,*,#2532,.T.);
#2054=ORIENTED_EDGE('',*,*,#2584,.T.);
#2055=ORIENTED_EDGE('',*,*,#2545,.T.);
#2056=ORIENTED_EDGE('',*,*,#2542,.T.);
#2057=ORIENTED_EDGE('',*,*,#2539,.T.);
#2058=ORIENTED_EDGE('',*,*,#2590,.T.);
#2059=ORIENTED_EDGE('',*,*,#2586,.T.);
#2060=ORIENTED_EDGE('',*,*,#2650,.T.);
#2061=ORIENTED_EDGE('',*,*,#2617,.T.);
#2062=ORIENTED_EDGE('',*,*,#2614,.T.);
#2063=ORIENTED_EDGE('',*,*,#2611,.T.);
#2064=ORIENTED_EDGE('',*,*,#2608,.T.);
#2065=ORIENTED_EDGE('',*,*,#2605,.T.);
#2066=ORIENTED_EDGE('',*,*,#2602,.T.);
#2067=ORIENTED_EDGE('',*,*,#2599,.T.);
#2068=ORIENTED_EDGE('',*,*,#2596,.T.);
#2069=ORIENTED_EDGE('',*,*,#2593,.T.);
#2070=ORIENTED_EDGE('',*,*,#2335,.F.);
#2071=ORIENTED_EDGE('',*,*,#2329,.F.);
#2072=ORIENTED_EDGE('',*,*,#2222,.F.);
#2073=ORIENTED_EDGE('',*,*,#2333,.F.);
#2074=ORIENTED_EDGE('',*,*,#2336,.F.);
#2075=ORIENTED_EDGE('',*,*,#2334,.F.);
#2076=ORIENTED_EDGE('',*,*,#2227,.F.);
#2077=ORIENTED_EDGE('',*,*,#2282,.F.);
#2078=ORIENTED_EDGE('',*,*,#2338,.F.);
#2079=ORIENTED_EDGE('',*,*,#2171,.F.);
#2080=ORIENTED_EDGE('',*,*,#2224,.F.);
#2081=ORIENTED_EDGE('',*,*,#2331,.F.);
#2082=ORIENTED_EDGE('',*,*,#2337,.F.);
#2083=ORIENTED_EDGE('',*,*,#2283,.F.);
#2084=ORIENTED_EDGE('',*,*,#2225,.F.);
#2085=ORIENTED_EDGE('',*,*,#2173,.F.);
#2086=ORIENTED_EDGE('',*,*,#2389,.F.);
#2087=ORIENTED_EDGE('',*,*,#2392,.F.);
#2088=ORIENTED_EDGE('',*,*,#2394,.F.);
#2089=ORIENTED_EDGE('',*,*,#2396,.F.);
#2090=ORIENTED_EDGE('',*,*,#2398,.F.);
#2091=ORIENTED_EDGE('',*,*,#2400,.F.);
#2092=ORIENTED_EDGE('',*,*,#2402,.F.);
#2093=ORIENTED_EDGE('',*,*,#2404,.F.);
#2094=ORIENTED_EDGE('',*,*,#2406,.F.);
#2095=ORIENTED_EDGE('',*,*,#2408,.F.);
#2096=ORIENTED_EDGE('',*,*,#2409,.F.);
#2097=ORIENTED_EDGE('',*,*,#2251,.F.);
#2098=ORIENTED_EDGE('',*,*,#2242,.F.);
#2099=ORIENTED_EDGE('',*,*,#2678,.F.);
#2100=ORIENTED_EDGE('',*,*,#2168,.F.);
#2101=ORIENTED_EDGE('',*,*,#2678,.T.);
#2102=ORIENTED_EDGE('',*,*,#2239,.F.);
#2103=ORIENTED_EDGE('',*,*,#2679,.F.);
#2104=ORIENTED_EDGE('',*,*,#2169,.F.);
#2105=ORIENTED_EDGE('',*,*,#2252,.F.);
#2106=ORIENTED_EDGE('',*,*,#2166,.F.);
#2107=ORIENTED_EDGE('',*,*,#2679,.T.);
#2108=ORIENTED_EDGE('',*,*,#2254,.F.);
#2109=EDGE_CURVE('',#2680,#2681,#3065,.T.);
#2110=EDGE_CURVE('',#2681,#2682,#877,.F.);
#2111=EDGE_CURVE('',#2682,#2683,#115,.T.);
#2112=EDGE_CURVE('',#2683,#2684,#3066,.T.);
#2113=EDGE_CURVE('',#2684,#2685,#3067,.T.);
#2114=EDGE_CURVE('',#2685,#2686,#3068,.T.);
#2115=EDGE_CURVE('',#2686,#2687,#878,.T.);
#2116=EDGE_CURVE('',#2687,#2688,#116,.T.);
#2117=EDGE_CURVE('',#2688,#2689,#879,.F.);
#2118=EDGE_CURVE('',#2689,#2690,#3069,.T.);
#2119=EDGE_CURVE('',#2690,#2691,#3070,.T.);
#2120=EDGE_CURVE('',#2691,#2692,#880,.F.);
#2121=EDGE_CURVE('',#2692,#2693,#3071,.T.);
#2122=EDGE_CURVE('',#2693,#2694,#3072,.T.);
#2123=EDGE_CURVE('',#2694,#2695,#881,.F.);
#2124=EDGE_CURVE('',#2695,#2696,#3073,.T.);
#2125=EDGE_CURVE('',#2696,#2697,#3074,.T.);
#2126=EDGE_CURVE('',#2697,#2680,#882,.F.);
#2127=EDGE_CURVE('',#2698,#2699,#883,.F.);
#2128=EDGE_CURVE('',#2699,#2700,#884,.F.);
#2129=EDGE_CURVE('',#2700,#2701,#885,.F.);
#2130=EDGE_CURVE('',#2701,#2702,#886,.F.);
#2131=EDGE_CURVE('',#2702,#2703,#887,.F.);
#2132=EDGE_CURVE('',#2703,#2704,#888,.F.);
#2133=EDGE_CURVE('',#2704,#2705,#889,.F.);
#2134=EDGE_CURVE('',#2705,#2698,#890,.F.);
#2135=EDGE_CURVE('',#2706,#2707,#117,.T.);
#2136=EDGE_CURVE('',#2707,#2708,#118,.T.);
#2137=EDGE_CURVE('',#2708,#2709,#119,.T.);
#2138=EDGE_CURVE('',#2709,#2706,#120,.T.);
#2139=EDGE_CURVE('',#2710,#2711,#121,.T.);
#2140=EDGE_CURVE('',#2711,#2712,#122,.T.);
#2141=EDGE_CURVE('',#2712,#2713,#3075,.T.);
#2142=EDGE_CURVE('',#2713,#2714,#3076,.T.);
#2143=EDGE_CURVE('',#2714,#2715,#3077,.T.);
#2144=EDGE_CURVE('',#2715,#2716,#3078,.T.);
#2145=EDGE_CURVE('',#2716,#2717,#123,.T.);
#2146=EDGE_CURVE('',#2717,#2718,#124,.T.);
#2147=EDGE_CURVE('',#2718,#2719,#125,.T.);
#2148=EDGE_CURVE('',#2719,#2720,#3079,.T.);
#2149=EDGE_CURVE('',#2720,#2721,#891,.F.);
#2150=EDGE_CURVE('',#2721,#2722,#3080,.T.);
#2151=EDGE_CURVE('',#2722,#2723,#3081,.T.);
#2152=EDGE_CURVE('',#2723,#2724,#892,.F.);
#2153=EDGE_CURVE('',#2724,#2725,#3082,.T.);
#2154=EDGE_CURVE('',#2725,#2710,#126,.T.);
#2155=EDGE_CURVE('',#2726,#2727,#127,.T.);
#2156=EDGE_CURVE('',#2727,#2728,#128,.T.);
#2157=EDGE_CURVE('',#2728,#2729,#129,.T.);
#2158=EDGE_CURVE('',#2729,#2730,#130,.T.);
#2159=EDGE_CURVE('',#2730,#2731,#131,.T.);
#2160=EDGE_CURVE('',#2731,#2732,#132,.T.);
#2161=EDGE_CURVE('',#2732,#2733,#133,.T.);
#2162=EDGE_CURVE('',#2733,#2734,#134,.T.);
#2163=EDGE_CURVE('',#2734,#2735,#135,.T.);
#2164=EDGE_CURVE('',#2735,#2736,#136,.T.);
#2165=EDGE_CURVE('',#2736,#2726,#137,.T.);
#2166=EDGE_CURVE('',#2737,#2738,#138,.T.);
#2167=EDGE_CURVE('',#2739,#2738,#139,.T.);
#2168=EDGE_CURVE('',#2739,#2740,#140,.T.);
#2169=EDGE_CURVE('',#2740,#2737,#141,.T.);
#2170=EDGE_CURVE('',#2741,#2742,#142,.T.);
#2171=EDGE_CURVE('',#2741,#2743,#143,.F.);
#2172=EDGE_CURVE('',#2743,#2744,#144,.T.);
#2173=EDGE_CURVE('',#2744,#2742,#145,.T.);
#2174=EDGE_CURVE('',#2745,#2746,#3083,.T.);
#2175=EDGE_CURVE('',#2746,#2747,#3084,.T.);
#2176=EDGE_CURVE('',#2747,#2748,#893,.F.);
#2177=EDGE_CURVE('',#2748,#2749,#3085,.T.);
#2178=EDGE_CURVE('',#2749,#2750,#3086,.T.);
#2179=EDGE_CURVE('',#2750,#2751,#3087,.T.);
#2180=EDGE_CURVE('',#2751,#2752,#146,.T.);
#2181=EDGE_CURVE('',#2752,#2753,#147,.T.);
#2182=EDGE_CURVE('',#2753,#2754,#148,.T.);
#2183=EDGE_CURVE('',#2754,#2755,#149,.T.);
#2184=EDGE_CURVE('',#2755,#2756,#150,.T.);
#2185=EDGE_CURVE('',#2756,#2757,#3088,.T.);
#2186=EDGE_CURVE('',#2757,#2758,#3089,.T.);
#2187=EDGE_CURVE('',#2758,#2759,#3090,.T.);
#2188=EDGE_CURVE('',#2759,#2745,#3091,.T.);
#2189=EDGE_CURVE('',#2760,#2761,#151,.T.);
#2190=EDGE_CURVE('',#2761,#2762,#3092,.T.);
#2191=EDGE_CURVE('',#2762,#2763,#3093,.T.);
#2192=EDGE_CURVE('',#2763,#2764,#3094,.T.);
#2193=EDGE_CURVE('',#2764,#2765,#894,.F.);
#2194=EDGE_CURVE('',#2765,#2766,#3095,.T.);
#2195=EDGE_CURVE('',#2766,#2767,#3096,.T.);
#2196=EDGE_CURVE('',#2767,#2768,#3097,.T.);
#2197=EDGE_CURVE('',#2768,#2769,#895,.F.);
#2198=EDGE_CURVE('',#2769,#2770,#3098,.T.);
#2199=EDGE_CURVE('',#2770,#2771,#3099,.T.);
#2200=EDGE_CURVE('',#2771,#2772,#152,.T.);
#2201=EDGE_CURVE('',#2772,#2773,#153,.T.);
#2202=EDGE_CURVE('',#2773,#2774,#154,.T.);
#2203=EDGE_CURVE('',#2774,#2760,#155,.T.);
#2204=EDGE_CURVE('',#2775,#2776,#156,.T.);
#2205=EDGE_CURVE('',#2776,#2777,#157,.T.);
#2206=EDGE_CURVE('',#2777,#2778,#158,.T.);
#2207=EDGE_CURVE('',#2778,#2779,#159,.T.);
#2208=EDGE_CURVE('',#2779,#2780,#160,.T.);
#2209=EDGE_CURVE('',#2780,#2781,#161,.T.);
#2210=EDGE_CURVE('',#2781,#2782,#162,.T.);
#2211=EDGE_CURVE('',#2782,#2783,#163,.T.);
#2212=EDGE_CURVE('',#2783,#2784,#164,.T.);
#2213=EDGE_CURVE('',#2784,#2785,#165,.T.);
#2214=EDGE_CURVE('',#2785,#2786,#166,.T.);
#2215=EDGE_CURVE('',#2786,#2787,#167,.T.);
#2216=EDGE_CURVE('',#2787,#2775,#168,.T.);
#2217=EDGE_CURVE('',#2788,#2788,#896,.T.);
#2218=EDGE_CURVE('',#2789,#2789,#897,.T.);
#2219=EDGE_CURVE('',#2790,#2790,#898,.T.);
#2220=EDGE_CURVE('',#2791,#2791,#899,.T.);
#2221=EDGE_CURVE('',#2792,#2793,#169,.T.);
#2222=EDGE_CURVE('',#2792,#2794,#900,.F.);
#2223=EDGE_CURVE('',#2795,#2794,#170,.T.);
#2224=EDGE_CURVE('',#2795,#2741,#901,.F.);
#2225=EDGE_CURVE('',#2742,#2796,#902,.F.);
#2226=EDGE_CURVE('',#2796,#2797,#171,.T.);
#2227=EDGE_CURVE('',#2797,#2793,#903,.F.);
#2228=EDGE_CURVE('',#2798,#2799,#172,.T.);
#2229=EDGE_CURVE('',#2799,#2800,#173,.T.);
#2230=EDGE_CURVE('',#2800,#2801,#174,.T.);
#2231=EDGE_CURVE('',#2801,#2802,#175,.T.);
#2232=EDGE_CURVE('',#2803,#2802,#176,.T.);
#2233=EDGE_CURVE('',#2803,#2804,#177,.T.);
#2234=EDGE_CURVE('',#2804,#2805,#178,.T.);
#2235=EDGE_CURVE('',#2806,#2805,#179,.T.);
#2236=EDGE_CURVE('',#2807,#2806,#180,.T.);
#2237=EDGE_CURVE('',#2798,#2807,#181,.T.);
#2238=EDGE_CURVE('',#2808,#2809,#182,.T.);
#2239=EDGE_CURVE('',#2809,#2810,#183,.T.);
#2240=EDGE_CURVE('',#2811,#2810,#184,.T.);
#2241=EDGE_CURVE('',#2811,#2808,#185,.T.);
#2242=EDGE_CURVE('',#2810,#2812,#186,.T.);
#2243=EDGE_CURVE('',#2813,#2812,#187,.T.);
#2244=EDGE_CURVE('',#2813,#2811,#188,.T.);
#2245=EDGE_CURVE('',#2814,#2815,#189,.T.);
#2246=EDGE_CURVE('',#2815,#2816,#190,.T.);
#2247=EDGE_CURVE('',#2817,#2816,#191,.T.);
#2248=EDGE_CURVE('',#2818,#2817,#192,.T.);
#2249=EDGE_CURVE('',#2814,#2818,#193,.T.);
#2250=EDGE_CURVE('',#2813,#2819,#194,.T.);
#2251=EDGE_CURVE('',#2812,#2739,#195,.F.);
#2252=EDGE_CURVE('',#2738,#2820,#196,.T.);
#2253=EDGE_CURVE('',#2819,#2820,#197,.T.);
#2254=EDGE_CURVE('',#2820,#2809,#198,.T.);
#2255=EDGE_CURVE('',#2819,#2808,#199,.T.);
#2256=EDGE_CURVE('',#2821,#2822,#200,.T.);
#2257=EDGE_CURVE('',#2821,#2823,#201,.T.);
#2258=EDGE_CURVE('',#2824,#2823,#202,.T.);
#2259=EDGE_CURVE('',#2824,#2822,#203,.T.);
#2260=EDGE_CURVE('',#2825,#2826,#204,.T.);
#2261=EDGE_CURVE('',#2825,#2806,#205,.T.);
#2262=EDGE_CURVE('',#2805,#2827,#206,.T.);
#2263=EDGE_CURVE('',#2828,#2827,#207,.T.);
#2264=EDGE_CURVE('',#2828,#2829,#208,.T.);
#2265=EDGE_CURVE('',#2830,#2829,#209,.T.);
#2266=EDGE_CURVE('',#2831,#2830,#210,.T.);
#2267=EDGE_CURVE('',#2832,#2831,#211,.T.);
#2268=EDGE_CURVE('',#2832,#2826,#212,.T.);
#2269=EDGE_CURVE('',#2833,#2834,#213,.T.);
#2270=EDGE_CURVE('',#2833,#2835,#214,.T.);
#2271=EDGE_CURVE('',#2836,#2835,#215,.T.);
#2272=EDGE_CURVE('',#2836,#2834,#216,.T.);
#2273=EDGE_CURVE('',#2837,#2838,#217,.T.);
#2274=EDGE_CURVE('',#2837,#2839,#218,.T.);
#2275=EDGE_CURVE('',#2840,#2839,#219,.T.);
#2276=EDGE_CURVE('',#2840,#2838,#220,.T.);
#2277=EDGE_CURVE('',#2841,#2842,#221,.T.);
#2278=EDGE_CURVE('',#2841,#2843,#222,.T.);
#2279=EDGE_CURVE('',#2844,#2843,#223,.T.);
#2280=EDGE_CURVE('',#2844,#2842,#224,.T.);
#2281=EDGE_CURVE('',#2845,#2846,#225,.T.);
#2282=EDGE_CURVE('',#2846,#2797,#226,.T.);
#2283=EDGE_CURVE('',#2796,#2845,#227,.F.);
#2284=EDGE_CURVE('',#2847,#2848,#228,.T.);
#2285=EDGE_CURVE('',#2847,#2849,#229,.T.);
#2286=EDGE_CURVE('',#2850,#2849,#230,.T.);
#2287=EDGE_CURVE('',#2850,#2848,#231,.T.);
#2288=EDGE_CURVE('',#2851,#2852,#232,.T.);
#2289=EDGE_CURVE('',#2851,#2853,#233,.T.);
#2290=EDGE_CURVE('',#2854,#2853,#234,.T.);
#2291=EDGE_CURVE('',#2854,#2852,#235,.T.);
#2292=EDGE_CURVE('',#2816,#2855,#236,.T.);
#2293=EDGE_CURVE('',#2856,#2815,#237,.T.);
#2294=EDGE_CURVE('',#2856,#2857,#238,.T.);
#2295=EDGE_CURVE('',#2857,#2798,#239,.T.);
#2296=EDGE_CURVE('',#2858,#2807,#240,.T.);
#2297=EDGE_CURVE('',#2858,#2859,#241,.T.);
#2298=EDGE_CURVE('',#2860,#2859,#242,.T.);
#2299=EDGE_CURVE('',#2855,#2860,#243,.T.);
#2300=EDGE_CURVE('',#2861,#2799,#244,.T.);
#2301=EDGE_CURVE('',#2862,#2861,#245,.T.);
#2302=EDGE_CURVE('',#2862,#2814,#246,.T.);
#2303=EDGE_CURVE('',#2818,#2800,#247,.T.);
#2304=EDGE_CURVE('',#2817,#2801,#248,.T.);
#2305=EDGE_CURVE('',#2863,#2864,#249,.T.);
#2306=EDGE_CURVE('',#2864,#2865,#250,.T.);
#2307=EDGE_CURVE('',#2866,#2865,#251,.T.);
#2308=EDGE_CURVE('',#2866,#2867,#252,.T.);
#2309=EDGE_CURVE('',#2867,#2868,#253,.T.);
#2310=EDGE_CURVE('',#2869,#2868,#254,.T.);
#2311=EDGE_CURVE('',#2870,#2869,#255,.T.);
#2312=EDGE_CURVE('',#2870,#2871,#256,.T.);
#2313=EDGE_CURVE('',#2872,#2871,#257,.T.);
#2314=EDGE_CURVE('',#2872,#2855,#258,.T.);
#2315=EDGE_CURVE('',#2873,#2860,#259,.T.);
#2316=EDGE_CURVE('',#2873,#2874,#260,.T.);
#2317=EDGE_CURVE('',#2874,#2832,#261,.T.);
#2318=EDGE_CURVE('',#2875,#2831,#262,.T.);
#2319=EDGE_CURVE('',#2876,#2875,#263,.T.);
#2320=EDGE_CURVE('',#2828,#2876,#264,.T.);
#2321=EDGE_CURVE('',#2863,#2827,#265,.T.);
#2322=EDGE_CURVE('',#2865,#2877,#266,.T.);
#2323=EDGE_CURVE('',#2877,#2878,#267,.T.);
#2324=EDGE_CURVE('',#2804,#2878,#268,.T.);
#2325=EDGE_CURVE('',#2870,#2803,#269,.T.);
#2326=EDGE_CURVE('',#2879,#2869,#270,.T.);
#2327=EDGE_CURVE('',#2879,#2880,#271,.T.);
#2328=EDGE_CURVE('',#2880,#2866,#272,.T.);
#2329=EDGE_CURVE('',#2794,#2881,#273,.F.);
#2330=EDGE_CURVE('',#2882,#2881,#274,.T.);
#2331=EDGE_CURVE('',#2882,#2795,#275,.T.);
#2332=EDGE_CURVE('',#2883,#2884,#276,.T.);
#2333=EDGE_CURVE('',#2883,#2792,#277,.T.);
#2334=EDGE_CURVE('',#2793,#2884,#278,.F.);
#2335=EDGE_CURVE('',#2881,#2883,#904,.T.);
#2336=EDGE_CURVE('',#2884,#2846,#905,.T.);
#2337=EDGE_CURVE('',#2845,#2744,#906,.T.);
#2338=EDGE_CURVE('',#2743,#2882,#907,.T.);
#2339=EDGE_CURVE('',#2878,#2885,#279,.T.);
#2340=EDGE_CURVE('',#2885,#2863,#280,.T.);
#2341=EDGE_CURVE('',#2871,#2802,#281,.T.);
#2342=EDGE_CURVE('',#2872,#2817,#282,.T.);
#2343=EDGE_CURVE('',#2825,#2858,#283,.T.);
#2344=EDGE_CURVE('',#2874,#2886,#284,.T.);
#2345=EDGE_CURVE('',#2826,#2886,#285,.T.);
#2346=EDGE_CURVE('',#2887,#2887,#908,.T.);
#2347=EDGE_CURVE('',#2888,#2888,#909,.T.);
#2348=EDGE_CURVE('',#2873,#2889,#286,.T.);
#2349=EDGE_CURVE('',#2886,#2889,#287,.T.);
#2350=EDGE_CURVE('',#2859,#2889,#288,.T.);
#2351=EDGE_CURVE('',#2876,#2890,#289,.T.);
#2352=EDGE_CURVE('',#2890,#2829,#290,.T.);
#2353=EDGE_CURVE('',#2875,#2891,#291,.T.);
#2354=EDGE_CURVE('',#2891,#2890,#292,.T.);
#2355=EDGE_CURVE('',#2830,#2891,#293,.T.);
#2356=EDGE_CURVE('',#2892,#2892,#910,.T.);
#2357=EDGE_CURVE('',#2893,#2893,#911,.T.);
#2358=EDGE_CURVE('',#2822,#2841,#294,.T.);
#2359=EDGE_CURVE('',#2821,#2842,#295,.T.);
#2360=EDGE_CURVE('',#2823,#2844,#296,.T.);
#2361=EDGE_CURVE('',#2824,#2843,#297,.T.);
#2362=EDGE_CURVE('',#2833,#2849,#298,.T.);
#2363=EDGE_CURVE('',#2835,#2847,#299,.T.);
#2364=EDGE_CURVE('',#2836,#2848,#300,.T.);
#2365=EDGE_CURVE('',#2834,#2850,#301,.T.);
#2366=EDGE_CURVE('',#2837,#2853,#302,.T.);
#2367=EDGE_CURVE('',#2839,#2851,#303,.T.);
#2368=EDGE_CURVE('',#2840,#2852,#304,.T.);
#2369=EDGE_CURVE('',#2838,#2854,#305,.T.);
#2370=EDGE_CURVE('',#2862,#2856,#306,.T.);
#2371=EDGE_CURVE('',#2857,#2861,#307,.T.);
#2372=EDGE_CURVE('',#2894,#2894,#912,.T.);
#2373=EDGE_CURVE('',#2895,#2895,#913,.T.);
#2374=EDGE_CURVE('',#2896,#2896,#914,.T.);
#2375=EDGE_CURVE('',#2897,#2897,#915,.T.);
#2376=EDGE_CURVE('',#2898,#2898,#916,.T.);
#2377=EDGE_CURVE('',#2899,#2899,#917,.T.);
#2378=EDGE_CURVE('',#2864,#2900,#308,.T.);
#2379=EDGE_CURVE('',#2877,#2900,#309,.T.);
#2380=EDGE_CURVE('',#2900,#2885,#310,.T.);
#2381=EDGE_CURVE('',#2901,#2901,#918,.T.);
#2382=EDGE_CURVE('',#2902,#2902,#919,.T.);
#2383=EDGE_CURVE('',#2867,#2903,#311,.T.);
#2384=EDGE_CURVE('',#2904,#2903,#312,.T.);
#2385=EDGE_CURVE('',#2868,#2904,#313,.T.);
#2386=EDGE_CURVE('',#2903,#2880,#314,.T.);
#2387=EDGE_CURVE('',#2904,#2879,#315,.T.);
#2388=EDGE_CURVE('',#2905,#2727,#316,.T.);
#2389=EDGE_CURVE('',#2905,#2906,#317,.T.);
#2390=EDGE_CURVE('',#2906,#2728,#318,.T.);
#2391=EDGE_CURVE('',#2907,#2726,#319,.T.);
#2392=EDGE_CURVE('',#2907,#2905,#320,.T.);
#2393=EDGE_CURVE('',#2908,#2736,#321,.T.);
#2394=EDGE_CURVE('',#2908,#2907,#322,.T.);
#2395=EDGE_CURVE('',#2909,#2735,#323,.T.);
#2396=EDGE_CURVE('',#2909,#2908,#324,.T.);
#2397=EDGE_CURVE('',#2910,#2734,#325,.T.);
#2398=EDGE_CURVE('',#2910,#2909,#326,.T.);
#2399=EDGE_CURVE('',#2911,#2733,#327,.T.);
#2400=EDGE_CURVE('',#2911,#2910,#328,.T.);
#2401=EDGE_CURVE('',#2912,#2732,#329,.T.);
#2402=EDGE_CURVE('',#2912,#2911,#330,.T.);
#2403=EDGE_CURVE('',#2913,#2731,#331,.T.);
#2404=EDGE_CURVE('',#2913,#2912,#332,.T.);
#2405=EDGE_CURVE('',#2914,#2730,#333,.T.);
#2406=EDGE_CURVE('',#2914,#2913,#334,.T.);
#2407=EDGE_CURVE('',#2915,#2729,#335,.T.);
#2408=EDGE_CURVE('',#2915,#2914,#336,.T.);
#2409=EDGE_CURVE('',#2906,#2915,#337,.T.);
#2410=EDGE_CURVE('',#2916,#2711,#338,.T.);
#2411=EDGE_CURVE('',#2916,#2917,#339,.T.);
#2412=EDGE_CURVE('',#2917,#2712,#340,.T.);
#2413=EDGE_CURVE('',#2918,#2710,#341,.T.);
#2414=EDGE_CURVE('',#2918,#2916,#342,.T.);
#2415=EDGE_CURVE('',#2919,#2725,#343,.T.);
#2416=EDGE_CURVE('',#2919,#2918,#344,.T.);
#2417=EDGE_CURVE('',#2920,#2724,#345,.T.);
#2418=EDGE_CURVE('',#2920,#2919,#3100,.T.);
#2419=EDGE_CURVE('',#2921,#2723,#346,.T.);
#2420=EDGE_CURVE('',#2921,#2920,#920,.F.);
#2421=EDGE_CURVE('',#2922,#2722,#347,.T.);
#2422=EDGE_CURVE('',#2922,#2921,#3101,.T.);
#2423=EDGE_CURVE('',#2923,#2721,#348,.T.);
#2424=EDGE_CURVE('',#2923,#2922,#3102,.T.);
#2425=EDGE_CURVE('',#2924,#2720,#349,.T.);
#2426=EDGE_CURVE('',#2924,#2923,#921,.F.);
#2427=EDGE_CURVE('',#2925,#2719,#350,.T.);
#2428=EDGE_CURVE('',#2925,#2924,#3103,.T.);
#2429=EDGE_CURVE('',#2926,#2718,#351,.T.);
#2430=EDGE_CURVE('',#2926,#2925,#352,.T.);
#2431=EDGE_CURVE('',#2927,#2717,#353,.T.);
#2432=EDGE_CURVE('',#2927,#2926,#354,.T.);
#2433=EDGE_CURVE('',#2928,#2716,#355,.T.);
#2434=EDGE_CURVE('',#2928,#2927,#356,.T.);
#2435=EDGE_CURVE('',#2929,#2715,#357,.T.);
#2436=EDGE_CURVE('',#2929,#2928,#3104,.T.);
#2437=EDGE_CURVE('',#2930,#2714,#358,.T.);
#2438=EDGE_CURVE('',#2930,#2929,#3105,.T.);
#2439=EDGE_CURVE('',#2931,#2713,#359,.T.);
#2440=EDGE_CURVE('',#2931,#2930,#3106,.T.);
#2441=EDGE_CURVE('',#2917,#2931,#3107,.T.);
#2442=EDGE_CURVE('',#2932,#2707,#360,.T.);
#2443=EDGE_CURVE('',#2932,#2933,#361,.T.);
#2444=EDGE_CURVE('',#2933,#2708,#362,.T.);
#2445=EDGE_CURVE('',#2934,#2706,#363,.T.);
#2446=EDGE_CURVE('',#2934,#2932,#364,.T.);
#2447=EDGE_CURVE('',#2935,#2709,#365,.T.);
#2448=EDGE_CURVE('',#2935,#2934,#366,.T.);
#2449=EDGE_CURVE('',#2933,#2935,#367,.T.);
#2450=EDGE_CURVE('',#2936,#2699,#368,.T.);
#2451=EDGE_CURVE('',#2936,#2937,#922,.F.);
#2452=EDGE_CURVE('',#2937,#2700,#369,.T.);
#2453=EDGE_CURVE('',#2938,#2698,#370,.T.);
#2454=EDGE_CURVE('',#2938,#2936,#923,.F.);
#2455=EDGE_CURVE('',#2939,#2705,#371,.T.);
#2456=EDGE_CURVE('',#2939,#2938,#924,.F.);
#2457=EDGE_CURVE('',#2940,#2704,#372,.T.);
#2458=EDGE_CURVE('',#2940,#2939,#925,.F.);
#2459=EDGE_CURVE('',#2941,#2703,#373,.T.);
#2460=EDGE_CURVE('',#2941,#2940,#926,.F.);
#2461=EDGE_CURVE('',#2942,#2702,#374,.T.);
#2462=EDGE_CURVE('',#2942,#2941,#927,.F.);
#2463=EDGE_CURVE('',#2943,#2701,#375,.T.);
#2464=EDGE_CURVE('',#2943,#2942,#928,.F.);
#2465=EDGE_CURVE('',#2937,#2943,#929,.F.);
#2466=EDGE_CURVE('',#2944,#2945,#3108,.T.);
#2467=EDGE_CURVE('',#2946,#2944,#376,.T.);
#2468=EDGE_CURVE('',#2946,#2947,#3109,.T.);
#2469=EDGE_CURVE('',#2947,#2945,#377,.T.);
#2470=EDGE_CURVE('',#2948,#2944,#3110,.T.);
#2471=EDGE_CURVE('',#2949,#2948,#378,.T.);
#2472=EDGE_CURVE('',#2949,#2946,#3111,.T.);
#2473=EDGE_CURVE('',#2950,#2948,#930,.T.);
#2474=EDGE_CURVE('',#2951,#2950,#379,.T.);
#2475=EDGE_CURVE('',#2951,#2949,#931,.T.);
#2476=EDGE_CURVE('',#2952,#2950,#932,.T.);
#2477=EDGE_CURVE('',#2953,#2952,#380,.T.);
#2478=EDGE_CURVE('',#2953,#2951,#933,.T.);
#2479=EDGE_CURVE('',#2954,#2952,#934,.T.);
#2480=EDGE_CURVE('',#2955,#2954,#381,.T.);
#2481=EDGE_CURVE('',#2955,#2953,#935,.T.);
#2482=EDGE_CURVE('',#2956,#2954,#3112,.T.);
#2483=EDGE_CURVE('',#2957,#2956,#382,.T.);
#2484=EDGE_CURVE('',#2957,#2955,#3113,.T.);
#2485=EDGE_CURVE('',#2958,#2956,#3114,.T.);
#2486=EDGE_CURVE('',#2959,#2958,#383,.T.);
#2487=EDGE_CURVE('',#2959,#2957,#3115,.T.);
#2488=EDGE_CURVE('',#2960,#2958,#3116,.T.);
#2489=EDGE_CURVE('',#2961,#2960,#384,.T.);
#2490=EDGE_CURVE('',#2961,#2959,#3117,.T.);
#2491=EDGE_CURVE('',#2962,#2960,#3118,.T.);
#2492=EDGE_CURVE('',#2963,#2962,#385,.T.);
#2493=EDGE_CURVE('',#2963,#2961,#3119,.T.);
#2494=EDGE_CURVE('',#2964,#2962,#936,.T.);
#2495=EDGE_CURVE('',#2965,#2964,#386,.T.);
#2496=EDGE_CURVE('',#2965,#2963,#937,.T.);
#2497=EDGE_CURVE('',#2966,#2964,#938,.T.);
#2498=EDGE_CURVE('',#2967,#2966,#387,.T.);
#2499=EDGE_CURVE('',#2967,#2965,#939,.T.);
#2500=EDGE_CURVE('',#2968,#2746,#388,.T.);
#2501=EDGE_CURVE('',#2968,#2969,#3120,.T.);
#2502=EDGE_CURVE('',#2969,#2747,#389,.T.);
#2503=EDGE_CURVE('',#2970,#2745,#390,.T.);
#2504=EDGE_CURVE('',#2970,#2968,#3121,.T.);
#2505=EDGE_CURVE('',#2971,#2759,#391,.T.);
#2506=EDGE_CURVE('',#2971,#2970,#3122,.T.);
#2507=EDGE_CURVE('',#2972,#2758,#392,.T.);
#2508=EDGE_CURVE('',#2972,#2971,#3123,.T.);
#2509=EDGE_CURVE('',#2973,#2757,#393,.T.);
#2510=EDGE_CURVE('',#2973,#2972,#3124,.T.);
#2511=EDGE_CURVE('',#2974,#2756,#394,.T.);
#2512=EDGE_CURVE('',#2974,#2973,#3125,.T.);
#2513=EDGE_CURVE('',#2975,#2755,#395,.T.);
#2514=EDGE_CURVE('',#2975,#2974,#396,.T.);
#2515=EDGE_CURVE('',#2976,#2754,#397,.T.);
#2516=EDGE_CURVE('',#2976,#2975,#398,.T.);
#2517=EDGE_CURVE('',#2977,#2753,#399,.T.);
#2518=EDGE_CURVE('',#2977,#2976,#400,.T.);
#2519=EDGE_CURVE('',#2978,#2752,#401,.T.);
#2520=EDGE_CURVE('',#2978,#2977,#402,.T.);
#2521=EDGE_CURVE('',#2979,#2751,#403,.T.);
#2522=EDGE_CURVE('',#2979,#2978,#404,.T.);
#2523=EDGE_CURVE('',#2980,#2750,#405,.T.);
#2524=EDGE_CURVE('',#2980,#2979,#3126,.T.);
#2525=EDGE_CURVE('',#2981,#2749,#406,.T.);
#2526=EDGE_CURVE('',#2981,#2980,#3127,.T.);
#2527=EDGE_CURVE('',#2982,#2748,#407,.T.);
#2528=EDGE_CURVE('',#2982,#2981,#3128,.T.);
#2529=EDGE_CURVE('',#2969,#2982,#940,.F.);
#2530=EDGE_CURVE('',#2945,#2966,#941,.T.);
#2531=EDGE_CURVE('',#2947,#2967,#942,.T.);
#2532=EDGE_CURVE('',#2983,#2984,#3129,.T.);
#2533=EDGE_CURVE('',#2985,#2983,#408,.T.);
#2534=EDGE_CURVE('',#2985,#2986,#3130,.T.);
#2535=EDGE_CURVE('',#2986,#2984,#409,.T.);
#2536=EDGE_CURVE('',#2987,#2983,#410,.T.);
#2537=EDGE_CURVE('',#2988,#2987,#411,.T.);
#2538=EDGE_CURVE('',#2988,#2985,#412,.T.);
#2539=EDGE_CURVE('',#2989,#2987,#3131,.T.);
#2540=EDGE_CURVE('',#2990,#2989,#413,.T.);
#2541=EDGE_CURVE('',#2990,#2988,#3132,.T.);
#2542=EDGE_CURVE('',#2991,#2989,#3133,.T.);
#2543=EDGE_CURVE('',#2992,#2991,#414,.T.);
#2544=EDGE_CURVE('',#2992,#2990,#3134,.T.);
#2545=EDGE_CURVE('',#2993,#2991,#943,.T.);
#2546=EDGE_CURVE('',#2994,#2993,#415,.T.);
#2547=EDGE_CURVE('',#2994,#2992,#944,.T.);
#2548=EDGE_CURVE('',#2995,#2681,#416,.T.);
#2549=EDGE_CURVE('',#2995,#2996,#945,.F.);
#2550=EDGE_CURVE('',#2996,#2682,#417,.T.);
#2551=EDGE_CURVE('',#2997,#2680,#418,.T.);
#2552=EDGE_CURVE('',#2997,#2995,#3135,.T.);
#2553=EDGE_CURVE('',#2998,#2697,#419,.T.);
#2554=EDGE_CURVE('',#2998,#2997,#946,.F.);
#2555=EDGE_CURVE('',#2999,#2696,#420,.T.);
#2556=EDGE_CURVE('',#2999,#2998,#3136,.T.);
#2557=EDGE_CURVE('',#3000,#2695,#421,.T.);
#2558=EDGE_CURVE('',#3000,#2999,#3137,.T.);
#2559=EDGE_CURVE('',#3001,#2694,#422,.T.);
#2560=EDGE_CURVE('',#3001,#3000,#947,.F.);
#2561=EDGE_CURVE('',#3002,#2693,#423,.T.);
#2562=EDGE_CURVE('',#3002,#3001,#3138,.T.);
#2563=EDGE_CURVE('',#3003,#2692,#424,.T.);
#2564=EDGE_CURVE('',#3003,#3002,#3139,.T.);
#2565=EDGE_CURVE('',#3004,#2691,#425,.T.);
#2566=EDGE_CURVE('',#3004,#3003,#948,.F.);
#2567=EDGE_CURVE('',#3005,#2690,#426,.T.);
#2568=EDGE_CURVE('',#3005,#3004,#3140,.T.);
#2569=EDGE_CURVE('',#3006,#2689,#427,.T.);
#2570=EDGE_CURVE('',#3006,#3005,#3141,.T.);
#2571=EDGE_CURVE('',#3007,#2688,#428,.T.);
#2572=EDGE_CURVE('',#3007,#3006,#949,.F.);
#2573=EDGE_CURVE('',#3008,#2687,#429,.T.);
#2574=EDGE_CURVE('',#3008,#3007,#430,.T.);
#2575=EDGE_CURVE('',#3009,#2686,#431,.T.);
#2576=EDGE_CURVE('',#3009,#3008,#950,.T.);
#2577=EDGE_CURVE('',#3010,#2685,#432,.T.);
#2578=EDGE_CURVE('',#3010,#3009,#3142,.T.);
#2579=EDGE_CURVE('',#3011,#2684,#433,.T.);
#2580=EDGE_CURVE('',#3011,#3010,#3143,.T.);
#2581=EDGE_CURVE('',#3012,#2683,#434,.T.);
#2582=EDGE_CURVE('',#3012,#3011,#3144,.T.);
#2583=EDGE_CURVE('',#2996,#3012,#435,.T.);
#2584=EDGE_CURVE('',#2984,#2993,#951,.T.);
#2585=EDGE_CURVE('',#2986,#2994,#952,.T.);
#2586=EDGE_CURVE('',#3013,#3014,#3145,.T.);
#2587=EDGE_CURVE('',#3015,#3013,#436,.T.);
#2588=EDGE_CURVE('',#3015,#3016,#3146,.T.);
#2589=EDGE_CURVE('',#3016,#3014,#437,.T.);
#2590=EDGE_CURVE('',#3017,#3013,#3147,.T.);
#2591=EDGE_CURVE('',#3018,#3017,#438,.T.);
#2592=EDGE_CURVE('',#3018,#3015,#3148,.T.);
#2593=EDGE_CURVE('',#3019,#3017,#953,.T.);
#2594=EDGE_CURVE('',#3020,#3019,#439,.T.);
#2595=EDGE_CURVE('',#3020,#3018,#954,.T.);
#2596=EDGE_CURVE('',#3021,#3019,#955,.T.);
#2597=EDGE_CURVE('',#3022,#3021,#440,.T.);
#2598=EDGE_CURVE('',#3022,#3020,#956,.T.);
#2599=EDGE_CURVE('',#3023,#3021,#957,.T.);
#2600=EDGE_CURVE('',#3024,#3023,#441,.T.);
#2601=EDGE_CURVE('',#3024,#3022,#958,.T.);
#2602=EDGE_CURVE('',#3025,#3023,#3149,.T.);
#2603=EDGE_CURVE('',#3026,#3025,#442,.T.);
#2604=EDGE_CURVE('',#3026,#3024,#3150,.T.);
#2605=EDGE_CURVE('',#3027,#3025,#3151,.T.);
#2606=EDGE_CURVE('',#3028,#3027,#443,.T.);
#2607=EDGE_CURVE('',#3028,#3026,#3152,.T.);
#2608=EDGE_CURVE('',#3029,#3027,#3153,.T.);
#2609=EDGE_CURVE('',#3030,#3029,#444,.T.);
#2610=EDGE_CURVE('',#3030,#3028,#3154,.T.);
#2611=EDGE_CURVE('',#3031,#3029,#3155,.T.);
#2612=EDGE_CURVE('',#3032,#3031,#445,.T.);
#2613=EDGE_CURVE('',#3032,#3030,#3156,.T.);
#2614=EDGE_CURVE('',#3033,#3031,#959,.T.);
#2615=EDGE_CURVE('',#3034,#3033,#446,.T.);
#2616=EDGE_CURVE('',#3034,#3032,#960,.T.);
#2617=EDGE_CURVE('',#3035,#3033,#961,.T.);
#2618=EDGE_CURVE('',#3036,#3035,#447,.T.);
#2619=EDGE_CURVE('',#3036,#3034,#962,.T.);
#2620=EDGE_CURVE('',#3037,#2761,#448,.T.);
#2621=EDGE_CURVE('',#3037,#3038,#3157,.T.);
#2622=EDGE_CURVE('',#3038,#2762,#449,.T.);
#2623=EDGE_CURVE('',#3039,#2760,#450,.T.);
#2624=EDGE_CURVE('',#3039,#3037,#451,.T.);
#2625=EDGE_CURVE('',#3040,#2774,#452,.T.);
#2626=EDGE_CURVE('',#3040,#3039,#453,.T.);
#2627=EDGE_CURVE('',#3041,#2773,#454,.T.);
#2628=EDGE_CURVE('',#3041,#3040,#455,.T.);
#2629=EDGE_CURVE('',#3042,#2772,#456,.T.);
#2630=EDGE_CURVE('',#3042,#3041,#457,.T.);
#2631=EDGE_CURVE('',#3043,#2771,#458,.T.);
#2632=EDGE_CURVE('',#3043,#3042,#459,.T.);
#2633=EDGE_CURVE('',#3044,#2770,#460,.T.);
#2634=EDGE_CURVE('',#3044,#3043,#3158,.T.);
#2635=EDGE_CURVE('',#3045,#2769,#461,.T.);
#2636=EDGE_CURVE('',#3045,#3044,#3159,.T.);
#2637=EDGE_CURVE('',#3046,#2768,#462,.T.);
#2638=EDGE_CURVE('',#3046,#3045,#963,.F.);
#2639=EDGE_CURVE('',#3047,#2767,#463,.T.);
#2640=EDGE_CURVE('',#3047,#3046,#3160,.T.);
#2641=EDGE_CURVE('',#3048,#2766,#464,.T.);
#2642=EDGE_CURVE('',#3048,#3047,#3161,.T.);
#2643=EDGE_CURVE('',#3049,#2765,#465,.T.);
#2644=EDGE_CURVE('',#3049,#3048,#3162,.T.);
#2645=EDGE_CURVE('',#3050,#2764,#466,.T.);
#2646=EDGE_CURVE('',#3050,#3049,#964,.F.);
#2647=EDGE_CURVE('',#3051,#2763,#467,.T.);
#2648=EDGE_CURVE('',#3051,#3050,#3163,.T.);
#2649=EDGE_CURVE('',#3038,#3051,#3164,.T.);
#2650=EDGE_CURVE('',#3014,#3035,#965,.T.);
#2651=EDGE_CURVE('',#3016,#3036,#966,.T.);
#2652=EDGE_CURVE('',#3052,#2776,#468,.T.);
#2653=EDGE_CURVE('',#3052,#3053,#469,.T.);
#2654=EDGE_CURVE('',#3053,#2777,#470,.T.);
#2655=EDGE_CURVE('',#3054,#2775,#471,.T.);
#2656=EDGE_CURVE('',#3054,#3052,#472,.T.);
#2657=EDGE_CURVE('',#3055,#2787,#473,.T.);
#2658=EDGE_CURVE('',#3055,#3054,#474,.T.);
#2659=EDGE_CURVE('',#3056,#2786,#475,.T.);
#2660=EDGE_CURVE('',#3056,#3055,#476,.T.);
#2661=EDGE_CURVE('',#3057,#2785,#477,.T.);
#2662=EDGE_CURVE('',#3057,#3056,#478,.T.);
#2663=EDGE_CURVE('',#3058,#2784,#479,.T.);
#2664=EDGE_CURVE('',#3058,#3057,#480,.T.);
#2665=EDGE_CURVE('',#3059,#2783,#481,.T.);
#2666=EDGE_CURVE('',#3059,#3058,#482,.T.);
#2667=EDGE_CURVE('',#3060,#2782,#483,.T.);
#2668=EDGE_CURVE('',#3060,#3059,#484,.T.);
#2669=EDGE_CURVE('',#3061,#2781,#485,.T.);
#2670=EDGE_CURVE('',#3061,#3060,#486,.T.);
#2671=EDGE_CURVE('',#3062,#2780,#487,.T.);
#2672=EDGE_CURVE('',#3062,#3061,#488,.T.);
#2673=EDGE_CURVE('',#3063,#2779,#489,.T.);
#2674=EDGE_CURVE('',#3063,#3062,#490,.T.);
#2675=EDGE_CURVE('',#3064,#2778,#491,.T.);
#2676=EDGE_CURVE('',#3064,#3063,#492,.T.);
#2677=EDGE_CURVE('',#3053,#3064,#493,.T.);
#2678=EDGE_CURVE('',#2740,#2810,#494,.F.);
#2679=EDGE_CURVE('',#2737,#2809,#495,.T.);
#2680=VERTEX_POINT('',#5224);
#2681=VERTEX_POINT('',#5225);
#2682=VERTEX_POINT('',#5227);
#2683=VERTEX_POINT('',#5229);
#2684=VERTEX_POINT('',#5233);
#2685=VERTEX_POINT('',#5237);
#2686=VERTEX_POINT('',#5241);
#2687=VERTEX_POINT('',#5243);
#2688=VERTEX_POINT('',#5245);
#2689=VERTEX_POINT('',#5247);
#2690=VERTEX_POINT('',#5251);
#2691=VERTEX_POINT('',#5255);
#2692=VERTEX_POINT('',#5257);
#2693=VERTEX_POINT('',#5261);
#2694=VERTEX_POINT('',#5265);
#2695=VERTEX_POINT('',#5267);
#2696=VERTEX_POINT('',#5271);
#2697=VERTEX_POINT('',#5275);
#2698=VERTEX_POINT('',#5278);
#2699=VERTEX_POINT('',#5279);
#2700=VERTEX_POINT('',#5281);
#2701=VERTEX_POINT('',#5283);
#2702=VERTEX_POINT('',#5285);
#2703=VERTEX_POINT('',#5287);
#2704=VERTEX_POINT('',#5289);
#2705=VERTEX_POINT('',#5291);
#2706=VERTEX_POINT('',#5294);
#2707=VERTEX_POINT('',#5295);
#2708=VERTEX_POINT('',#5297);
#2709=VERTEX_POINT('',#5299);
#2710=VERTEX_POINT('',#5302);
#2711=VERTEX_POINT('',#5303);
#2712=VERTEX_POINT('',#5305);
#2713=VERTEX_POINT('',#5309);
#2714=VERTEX_POINT('',#5313);
#2715=VERTEX_POINT('',#5317);
#2716=VERTEX_POINT('',#5321);
#2717=VERTEX_POINT('',#5323);
#2718=VERTEX_POINT('',#5325);
#2719=VERTEX_POINT('',#5327);
#2720=VERTEX_POINT('',#5331);
#2721=VERTEX_POINT('',#5333);
#2722=VERTEX_POINT('',#5337);
#2723=VERTEX_POINT('',#5341);
#2724=VERTEX_POINT('',#5343);
#2725=VERTEX_POINT('',#5347);
#2726=VERTEX_POINT('',#5350);
#2727=VERTEX_POINT('',#5351);
#2728=VERTEX_POINT('',#5353);
#2729=VERTEX_POINT('',#5355);
#2730=VERTEX_POINT('',#5357);
#2731=VERTEX_POINT('',#5359);
#2732=VERTEX_POINT('',#5361);
#2733=VERTEX_POINT('',#5363);
#2734=VERTEX_POINT('',#5365);
#2735=VERTEX_POINT('',#5367);
#2736=VERTEX_POINT('',#5369);
#2737=VERTEX_POINT('',#5372);
#2738=VERTEX_POINT('',#5373);
#2739=VERTEX_POINT('',#5375);
#2740=VERTEX_POINT('',#5377);
#2741=VERTEX_POINT('',#5380);
#2742=VERTEX_POINT('',#5381);
#2743=VERTEX_POINT('',#5383);
#2744=VERTEX_POINT('',#5385);
#2745=VERTEX_POINT('',#5390);
#2746=VERTEX_POINT('',#5391);
#2747=VERTEX_POINT('',#5395);
#2748=VERTEX_POINT('',#5397);
#2749=VERTEX_POINT('',#5401);
#2750=VERTEX_POINT('',#5405);
#2751=VERTEX_POINT('',#5409);
#2752=VERTEX_POINT('',#5411);
#2753=VERTEX_POINT('',#5413);
#2754=VERTEX_POINT('',#5415);
#2755=VERTEX_POINT('',#5417);
#2756=VERTEX_POINT('',#5419);
#2757=VERTEX_POINT('',#5423);
#2758=VERTEX_POINT('',#5427);
#2759=VERTEX_POINT('',#5431);
#2760=VERTEX_POINT('',#5436);
#2761=VERTEX_POINT('',#5437);
#2762=VERTEX_POINT('',#5441);
#2763=VERTEX_POINT('',#5445);
#2764=VERTEX_POINT('',#5449);
#2765=VERTEX_POINT('',#5451);
#2766=VERTEX_POINT('',#5455);
#2767=VERTEX_POINT('',#5459);
#2768=VERTEX_POINT('',#5463);
#2769=VERTEX_POINT('',#5465);
#2770=VERTEX_POINT('',#5469);
#2771=VERTEX_POINT('',#5473);
#2772=VERTEX_POINT('',#5475);
#2773=VERTEX_POINT('',#5477);
#2774=VERTEX_POINT('',#5479);
#2775=VERTEX_POINT('',#5482);
#2776=VERTEX_POINT('',#5483);
#2777=VERTEX_POINT('',#5485);
#2778=VERTEX_POINT('',#5487);
#2779=VERTEX_POINT('',#5489);
#2780=VERTEX_POINT('',#5491);
#2781=VERTEX_POINT('',#5493);
#2782=VERTEX_POINT('',#5495);
#2783=VERTEX_POINT('',#5497);
#2784=VERTEX_POINT('',#5499);
#2785=VERTEX_POINT('',#5501);
#2786=VERTEX_POINT('',#5503);
#2787=VERTEX_POINT('',#5505);
#2788=VERTEX_POINT('',#5509);
#2789=VERTEX_POINT('',#5511);
#2790=VERTEX_POINT('',#5513);
#2791=VERTEX_POINT('',#5515);
#2792=VERTEX_POINT('',#5517);
#2793=VERTEX_POINT('',#5518);
#2794=VERTEX_POINT('',#5520);
#2795=VERTEX_POINT('',#5522);
#2796=VERTEX_POINT('',#5525);
#2797=VERTEX_POINT('',#5527);
#2798=VERTEX_POINT('',#5530);
#2799=VERTEX_POINT('',#5531);
#2800=VERTEX_POINT('',#5533);
#2801=VERTEX_POINT('',#5535);
#2802=VERTEX_POINT('',#5537);
#2803=VERTEX_POINT('',#5539);
#2804=VERTEX_POINT('',#5541);
#2805=VERTEX_POINT('',#5543);
#2806=VERTEX_POINT('',#5545);
#2807=VERTEX_POINT('',#5547);
#2808=VERTEX_POINT('',#5551);
#2809=VERTEX_POINT('',#5552);
#2810=VERTEX_POINT('',#5554);
#2811=VERTEX_POINT('',#5556);
#2812=VERTEX_POINT('',#5560);
#2813=VERTEX_POINT('',#5562);
#2814=VERTEX_POINT('',#5566);
#2815=VERTEX_POINT('',#5567);
#2816=VERTEX_POINT('',#5569);
#2817=VERTEX_POINT('',#5571);
#2818=VERTEX_POINT('',#5573);
#2819=VERTEX_POINT('',#5577);
#2820=VERTEX_POINT('',#5580);
#2821=VERTEX_POINT('',#5587);
#2822=VERTEX_POINT('',#5588);
#2823=VERTEX_POINT('',#5590);
#2824=VERTEX_POINT('',#5592);
#2825=VERTEX_POINT('',#5595);
#2826=VERTEX_POINT('',#5596);
#2827=VERTEX_POINT('',#5599);
#2828=VERTEX_POINT('',#5601);
#2829=VERTEX_POINT('',#5603);
#2830=VERTEX_POINT('',#5605);
#2831=VERTEX_POINT('',#5607);
#2832=VERTEX_POINT('',#5609);
#2833=VERTEX_POINT('',#5612);
#2834=VERTEX_POINT('',#5613);
#2835=VERTEX_POINT('',#5615);
#2836=VERTEX_POINT('',#5617);
#2837=VERTEX_POINT('',#5620);
#2838=VERTEX_POINT('',#5621);
#2839=VERTEX_POINT('',#5623);
#2840=VERTEX_POINT('',#5625);
#2841=VERTEX_POINT('',#5629);
#2842=VERTEX_POINT('',#5630);
#2843=VERTEX_POINT('',#5632);
#2844=VERTEX_POINT('',#5634);
#2845=VERTEX_POINT('',#5637);
#2846=VERTEX_POINT('',#5638);
#2847=VERTEX_POINT('',#5642);
#2848=VERTEX_POINT('',#5643);
#2849=VERTEX_POINT('',#5645);
#2850=VERTEX_POINT('',#5647);
#2851=VERTEX_POINT('',#5650);
#2852=VERTEX_POINT('',#5651);
#2853=VERTEX_POINT('',#5653);
#2854=VERTEX_POINT('',#5655);
#2855=VERTEX_POINT('',#5659);
#2856=VERTEX_POINT('',#5661);
#2857=VERTEX_POINT('',#5663);
#2858=VERTEX_POINT('',#5666);
#2859=VERTEX_POINT('',#5668);
#2860=VERTEX_POINT('',#5670);
#2861=VERTEX_POINT('',#5674);
#2862=VERTEX_POINT('',#5676);
#2863=VERTEX_POINT('',#5683);
#2864=VERTEX_POINT('',#5684);
#2865=VERTEX_POINT('',#5686);
#2866=VERTEX_POINT('',#5688);
#2867=VERTEX_POINT('',#5690);
#2868=VERTEX_POINT('',#5692);
#2869=VERTEX_POINT('',#5694);
#2870=VERTEX_POINT('',#5696);
#2871=VERTEX_POINT('',#5698);
#2872=VERTEX_POINT('',#5700);
#2873=VERTEX_POINT('',#5703);
#2874=VERTEX_POINT('',#5705);
#2875=VERTEX_POINT('',#5708);
#2876=VERTEX_POINT('',#5710);
#2877=VERTEX_POINT('',#5715);
#2878=VERTEX_POINT('',#5717);
#2879=VERTEX_POINT('',#5721);
#2880=VERTEX_POINT('',#5723);
#2881=VERTEX_POINT('',#5727);
#2882=VERTEX_POINT('',#5729);
#2883=VERTEX_POINT('',#5733);
#2884=VERTEX_POINT('',#5734);
#2885=VERTEX_POINT('',#5744);
#2886=VERTEX_POINT('',#5754);
#2887=VERTEX_POINT('',#5758);
#2888=VERTEX_POINT('',#5760);
#2889=VERTEX_POINT('',#5763);
#2890=VERTEX_POINT('',#5770);
#2891=VERTEX_POINT('',#5774);
#2892=VERTEX_POINT('',#5780);
#2893=VERTEX_POINT('',#5782);
#2894=VERTEX_POINT('',#5818);
#2895=VERTEX_POINT('',#5822);
#2896=VERTEX_POINT('',#5826);
#2897=VERTEX_POINT('',#5830);
#2898=VERTEX_POINT('',#5834);
#2899=VERTEX_POINT('',#5836);
#2900=VERTEX_POINT('',#5839);
#2901=VERTEX_POINT('',#5846);
#2902=VERTEX_POINT('',#5848);
#2903=VERTEX_POINT('',#5851);
#2904=VERTEX_POINT('',#5853);
#2905=VERTEX_POINT('',#5864);
#2906=VERTEX_POINT('',#5866);
#2907=VERTEX_POINT('',#5870);
#2908=VERTEX_POINT('',#5874);
#2909=VERTEX_POINT('',#5878);
#2910=VERTEX_POINT('',#5882);
#2911=VERTEX_POINT('',#5886);
#2912=VERTEX_POINT('',#5890);
#2913=VERTEX_POINT('',#5894);
#2914=VERTEX_POINT('',#5898);
#2915=VERTEX_POINT('',#5902);
#2916=VERTEX_POINT('',#5908);
#2917=VERTEX_POINT('',#5910);
#2918=VERTEX_POINT('',#5914);
#2919=VERTEX_POINT('',#5918);
#2920=VERTEX_POINT('',#5929);
#2921=VERTEX_POINT('',#5935);
#2922=VERTEX_POINT('',#5946);
#2923=VERTEX_POINT('',#5959);
#2924=VERTEX_POINT('',#5965);
#2925=VERTEX_POINT('',#5976);
#2926=VERTEX_POINT('',#5982);
#2927=VERTEX_POINT('',#5986);
#2928=VERTEX_POINT('',#5990);
#2929=VERTEX_POINT('',#6001);
#2930=VERTEX_POINT('',#6014);
#2931=VERTEX_POINT('',#6027);
#2932=VERTEX_POINT('',#6045);
#2933=VERTEX_POINT('',#6047);
#2934=VERTEX_POINT('',#6051);
#2935=VERTEX_POINT('',#6055);
#2936=VERTEX_POINT('',#6062);
#2937=VERTEX_POINT('',#6064);
#2938=VERTEX_POINT('',#6068);
#2939=VERTEX_POINT('',#6072);
#2940=VERTEX_POINT('',#6076);
#2941=VERTEX_POINT('',#6080);
#2942=VERTEX_POINT('',#6084);
#2943=VERTEX_POINT('',#6088);
#2944=VERTEX_POINT('',#6104);
#2945=VERTEX_POINT('',#6105);
#2946=VERTEX_POINT('',#6107);
#2947=VERTEX_POINT('',#6111);
#2948=VERTEX_POINT('',#6124);
#2949=VERTEX_POINT('',#6126);
#2950=VERTEX_POINT('',#6132);
#2951=VERTEX_POINT('',#6134);
#2952=VERTEX_POINT('',#6138);
#2953=VERTEX_POINT('',#6140);
#2954=VERTEX_POINT('',#6144);
#2955=VERTEX_POINT('',#6146);
#2956=VERTEX_POINT('',#6159);
#2957=VERTEX_POINT('',#6161);
#2958=VERTEX_POINT('',#6176);
#2959=VERTEX_POINT('',#6178);
#2960=VERTEX_POINT('',#6193);
#2961=VERTEX_POINT('',#6195);
#2962=VERTEX_POINT('',#6210);
#2963=VERTEX_POINT('',#6212);
#2964=VERTEX_POINT('',#6218);
#2965=VERTEX_POINT('',#6220);
#2966=VERTEX_POINT('',#6224);
#2967=VERTEX_POINT('',#6226);
#2968=VERTEX_POINT('',#6237);
#2969=VERTEX_POINT('',#6241);
#2970=VERTEX_POINT('',#6252);
#2971=VERTEX_POINT('',#6265);
#2972=VERTEX_POINT('',#6278);
#2973=VERTEX_POINT('',#6291);
#2974=VERTEX_POINT('',#6304);
#2975=VERTEX_POINT('',#6310);
#2976=VERTEX_POINT('',#6314);
#2977=VERTEX_POINT('',#6318);
#2978=VERTEX_POINT('',#6322);
#2979=VERTEX_POINT('',#6326);
#2980=VERTEX_POINT('',#6337);
#2981=VERTEX_POINT('',#6350);
#2982=VERTEX_POINT('',#6363);
#2983=VERTEX_POINT('',#6384);
#2984=VERTEX_POINT('',#6385);
#2985=VERTEX_POINT('',#6387);
#2986=VERTEX_POINT('',#6391);
#2987=VERTEX_POINT('',#6395);
#2988=VERTEX_POINT('',#6397);
#2989=VERTEX_POINT('',#6410);
#2990=VERTEX_POINT('',#6412);
#2991=VERTEX_POINT('',#6427);
#2992=VERTEX_POINT('',#6429);
#2993=VERTEX_POINT('',#6435);
#2994=VERTEX_POINT('',#6437);
#2995=VERTEX_POINT('',#6441);
#2996=VERTEX_POINT('',#6443);
#2997=VERTEX_POINT('',#6454);
#2998=VERTEX_POINT('',#6460);
#2999=VERTEX_POINT('',#6471);
#3000=VERTEX_POINT('',#6484);
#3001=VERTEX_POINT('',#6490);
#3002=VERTEX_POINT('',#6501);
#3003=VERTEX_POINT('',#6514);
#3004=VERTEX_POINT('',#6520);
#3005=VERTEX_POINT('',#6531);
#3006=VERTEX_POINT('',#6544);
#3007=VERTEX_POINT('',#6550);
#3008=VERTEX_POINT('',#6554);
#3009=VERTEX_POINT('',#6558);
#3010=VERTEX_POINT('',#6569);
#3011=VERTEX_POINT('',#6582);
#3012=VERTEX_POINT('',#6595);
#3013=VERTEX_POINT('',#6616);
#3014=VERTEX_POINT('',#6617);
#3015=VERTEX_POINT('',#6619);
#3016=VERTEX_POINT('',#6623);
#3017=VERTEX_POINT('',#6636);
#3018=VERTEX_POINT('',#6638);
#3019=VERTEX_POINT('',#6644);
#3020=VERTEX_POINT('',#6646);
#3021=VERTEX_POINT('',#6650);
#3022=VERTEX_POINT('',#6652);
#3023=VERTEX_POINT('',#6656);
#3024=VERTEX_POINT('',#6658);
#3025=VERTEX_POINT('',#6671);
#3026=VERTEX_POINT('',#6673);
#3027=VERTEX_POINT('',#6688);
#3028=VERTEX_POINT('',#6690);
#3029=VERTEX_POINT('',#6705);
#3030=VERTEX_POINT('',#6707);
#3031=VERTEX_POINT('',#6722);
#3032=VERTEX_POINT('',#6724);
#3033=VERTEX_POINT('',#6730);
#3034=VERTEX_POINT('',#6732);
#3035=VERTEX_POINT('',#6736);
#3036=VERTEX_POINT('',#6738);
#3037=VERTEX_POINT('',#6749);
#3038=VERTEX_POINT('',#6753);
#3039=VERTEX_POINT('',#6757);
#3040=VERTEX_POINT('',#6761);
#3041=VERTEX_POINT('',#6765);
#3042=VERTEX_POINT('',#6769);
#3043=VERTEX_POINT('',#6773);
#3044=VERTEX_POINT('',#6784);
#3045=VERTEX_POINT('',#6797);
#3046=VERTEX_POINT('',#6803);
#3047=VERTEX_POINT('',#6814);
#3048=VERTEX_POINT('',#6827);
#3049=VERTEX_POINT('',#6840);
#3050=VERTEX_POINT('',#6846);
#3051=VERTEX_POINT('',#6857);
#3052=VERTEX_POINT('',#6878);
#3053=VERTEX_POINT('',#6880);
#3054=VERTEX_POINT('',#6884);
#3055=VERTEX_POINT('',#6888);
#3056=VERTEX_POINT('',#6892);
#3057=VERTEX_POINT('',#6896);
#3058=VERTEX_POINT('',#6900);
#3059=VERTEX_POINT('',#6904);
#3060=VERTEX_POINT('',#6908);
#3061=VERTEX_POINT('',#6912);
#3062=VERTEX_POINT('',#6916);
#3063=VERTEX_POINT('',#6920);
#3064=VERTEX_POINT('',#6924);
#3065=B_SPLINE_CURVE_WITH_KNOTS('',2,(#5221,#5222,#5223),.UNSPECIFIED.,
 .F.,.F.,(3,3),(0.,1.),.PIECEWISE_BEZIER_KNOTS.);
#3066=B_SPLINE_CURVE_WITH_KNOTS('',2,(#5230,#5231,#5232),.UNSPECIFIED.,
 .F.,.F.,(3,3),(0.,1.),.PIECEWISE_BEZIER_KNOTS.);
#3067=B_SPLINE_CURVE_WITH_KNOTS('',2,(#5234,#5235,#5236),.UNSPECIFIED.,
 .F.,.F.,(3,3),(0.,1.),.PIECEWISE_BEZIER_KNOTS.);
#3068=B_SPLINE_CURVE_WITH_KNOTS('',2,(#5238,#5239,#5240),.UNSPECIFIED.,
 .F.,.F.,(3,3),(0.,1.),.PIECEWISE_BEZIER_KNOTS.);
#3069=B_SPLINE_CURVE_WITH_KNOTS('',2,(#5248,#5249,#5250),.UNSPECIFIED.,
 .F.,.F.,(3,3),(0.,1.),.PIECEWISE_BEZIER_KNOTS.);
#3070=B_SPLINE_CURVE_WITH_KNOTS('',2,(#5252,#5253,#5254),.UNSPECIFIED.,
 .F.,.F.,(3,3),(0.,1.),.PIECEWISE_BEZIER_KNOTS.);
#3071=B_SPLINE_CURVE_WITH_KNOTS('',2,(#5258,#5259,#5260),.UNSPECIFIED.,
 .F.,.F.,(3,3),(0.,1.),.PIECEWISE_BEZIER_KNOTS.);
#3072=B_SPLINE_CURVE_WITH_KNOTS('',2,(#5262,#5263,#5264),.UNSPECIFIED.,
 .F.,.F.,(3,3),(0.,1.),.PIECEWISE_BEZIER_KNOTS.);
#3073=B_SPLINE_CURVE_WITH_KNOTS('',2,(#5268,#5269,#5270),.UNSPECIFIED.,
 .F.,.F.,(3,3),(0.,1.),.PIECEWISE_BEZIER_KNOTS.);
#3074=B_SPLINE_CURVE_WITH_KNOTS('',2,(#5272,#5273,#5274),.UNSPECIFIED.,
 .F.,.F.,(3,3),(0.,1.),.PIECEWISE_BEZIER_KNOTS.);
#3075=B_SPLINE_CURVE_WITH_KNOTS('',2,(#5306,#5307,#5308),.UNSPECIFIED.,
 .F.,.F.,(3,3),(0.,1.),.PIECEWISE_BEZIER_KNOTS.);
#3076=B_SPLINE_CURVE_WITH_KNOTS('',2,(#5310,#5311,#5312),.UNSPECIFIED.,
 .F.,.F.,(3,3),(0.,1.),.PIECEWISE_BEZIER_KNOTS.);
#3077=B_SPLINE_CURVE_WITH_KNOTS('',2,(#5314,#5315,#5316),.UNSPECIFIED.,
 .F.,.F.,(3,3),(0.,1.),.PIECEWISE_BEZIER_KNOTS.);
#3078=B_SPLINE_CURVE_WITH_KNOTS('',2,(#5318,#5319,#5320),.UNSPECIFIED.,
 .F.,.F.,(3,3),(0.,1.),.PIECEWISE_BEZIER_KNOTS.);
#3079=B_SPLINE_CURVE_WITH_KNOTS('',2,(#5328,#5329,#5330),.UNSPECIFIED.,
 .F.,.F.,(3,3),(0.,1.),.PIECEWISE_BEZIER_KNOTS.);
#3080=B_SPLINE_CURVE_WITH_KNOTS('',2,(#5334,#5335,#5336),.UNSPECIFIED.,
 .F.,.F.,(3,3),(0.,1.),.PIECEWISE_BEZIER_KNOTS.);
#3081=B_SPLINE_CURVE_WITH_KNOTS('',2,(#5338,#5339,#5340),.UNSPECIFIED.,
 .F.,.F.,(3,3),(0.,1.),.PIECEWISE_BEZIER_KNOTS.);
#3082=B_SPLINE_CURVE_WITH_KNOTS('',2,(#5344,#5345,#5346),.UNSPECIFIED.,
 .F.,.F.,(3,3),(0.,1.),.PIECEWISE_BEZIER_KNOTS.);
#3083=B_SPLINE_CURVE_WITH_KNOTS('',2,(#5387,#5388,#5389),.UNSPECIFIED.,
 .F.,.F.,(3,3),(0.,1.),.PIECEWISE_BEZIER_KNOTS.);
#3084=B_SPLINE_CURVE_WITH_KNOTS('',2,(#5392,#5393,#5394),.UNSPECIFIED.,
 .F.,.F.,(3,3),(0.,1.),.PIECEWISE_BEZIER_KNOTS.);
#3085=B_SPLINE_CURVE_WITH_KNOTS('',2,(#5398,#5399,#5400),.UNSPECIFIED.,
 .F.,.F.,(3,3),(0.,1.),.PIECEWISE_BEZIER_KNOTS.);
#3086=B_SPLINE_CURVE_WITH_KNOTS('',2,(#5402,#5403,#5404),.UNSPECIFIED.,
 .F.,.F.,(3,3),(0.,1.),.PIECEWISE_BEZIER_KNOTS.);
#3087=B_SPLINE_CURVE_WITH_KNOTS('',2,(#5406,#5407,#5408),.UNSPECIFIED.,
 .F.,.F.,(3,3),(0.,1.),.PIECEWISE_BEZIER_KNOTS.);
#3088=B_SPLINE_CURVE_WITH_KNOTS('',2,(#5420,#5421,#5422),.UNSPECIFIED.,
 .F.,.F.,(3,3),(0.,1.),.PIECEWISE_BEZIER_KNOTS.);
#3089=B_SPLINE_CURVE_WITH_KNOTS('',2,(#5424,#5425,#5426),.UNSPECIFIED.,
 .F.,.F.,(3,3),(0.,1.),.PIECEWISE_BEZIER_KNOTS.);
#3090=B_SPLINE_CURVE_WITH_KNOTS('',2,(#5428,#5429,#5430),.UNSPECIFIED.,
 .F.,.F.,(3,3),(0.,1.),.PIECEWISE_BEZIER_KNOTS.);
#3091=B_SPLINE_CURVE_WITH_KNOTS('',2,(#5432,#5433,#5434),.UNSPECIFIED.,
 .F.,.F.,(3,3),(0.,1.),.PIECEWISE_BEZIER_KNOTS.);
#3092=B_SPLINE_CURVE_WITH_KNOTS('',2,(#5438,#5439,#5440),.UNSPECIFIED.,
 .F.,.F.,(3,3),(0.,1.),.PIECEWISE_BEZIER_KNOTS.);
#3093=B_SPLINE_CURVE_WITH_KNOTS('',2,(#5442,#5443,#5444),.UNSPECIFIED.,
 .F.,.F.,(3,3),(0.,1.),.PIECEWISE_BEZIER_KNOTS.);
#3094=B_SPLINE_CURVE_WITH_KNOTS('',2,(#5446,#5447,#5448),.UNSPECIFIED.,
 .F.,.F.,(3,3),(0.,1.),.PIECEWISE_BEZIER_KNOTS.);
#3095=B_SPLINE_CURVE_WITH_KNOTS('',2,(#5452,#5453,#5454),.UNSPECIFIED.,
 .F.,.F.,(3,3),(0.,1.),.PIECEWISE_BEZIER_KNOTS.);
#3096=B_SPLINE_CURVE_WITH_KNOTS('',2,(#5456,#5457,#5458),.UNSPECIFIED.,
 .F.,.F.,(3,3),(0.,1.),.PIECEWISE_BEZIER_KNOTS.);
#3097=B_SPLINE_CURVE_WITH_KNOTS('',2,(#5460,#5461,#5462),.UNSPECIFIED.,
 .F.,.F.,(3,3),(0.,1.),.PIECEWISE_BEZIER_KNOTS.);
#3098=B_SPLINE_CURVE_WITH_KNOTS('',2,(#5466,#5467,#5468),.UNSPECIFIED.,
 .F.,.F.,(3,3),(0.,1.),.PIECEWISE_BEZIER_KNOTS.);
#3099=B_SPLINE_CURVE_WITH_KNOTS('',2,(#5470,#5471,#5472),.UNSPECIFIED.,
 .F.,.F.,(3,3),(0.,1.),.PIECEWISE_BEZIER_KNOTS.);
#3100=B_SPLINE_CURVE_WITH_KNOTS('',2,(#5930,#5931,#5932),.UNSPECIFIED.,
 .F.,.F.,(3,3),(0.,1.),.PIECEWISE_BEZIER_KNOTS.);
#3101=B_SPLINE_CURVE_WITH_KNOTS('',2,(#5947,#5948,#5949),.UNSPECIFIED.,
 .F.,.F.,(3,3),(0.,1.),.PIECEWISE_BEZIER_KNOTS.);
#3102=B_SPLINE_CURVE_WITH_KNOTS('',2,(#5960,#5961,#5962),.UNSPECIFIED.,
 .F.,.F.,(3,3),(0.,1.),.PIECEWISE_BEZIER_KNOTS.);
#3103=B_SPLINE_CURVE_WITH_KNOTS('',2,(#5977,#5978,#5979),.UNSPECIFIED.,
 .F.,.F.,(3,3),(0.,1.),.PIECEWISE_BEZIER_KNOTS.);
#3104=B_SPLINE_CURVE_WITH_KNOTS('',2,(#6002,#6003,#6004),.UNSPECIFIED.,
 .F.,.F.,(3,3),(0.,1.),.PIECEWISE_BEZIER_KNOTS.);
#3105=B_SPLINE_CURVE_WITH_KNOTS('',2,(#6015,#6016,#6017),.UNSPECIFIED.,
 .F.,.F.,(3,3),(0.,1.),.PIECEWISE_BEZIER_KNOTS.);
#3106=B_SPLINE_CURVE_WITH_KNOTS('',2,(#6028,#6029,#6030),.UNSPECIFIED.,
 .F.,.F.,(3,3),(0.,1.),.PIECEWISE_BEZIER_KNOTS.);
#3107=B_SPLINE_CURVE_WITH_KNOTS('',2,(#6039,#6040,#6041),.UNSPECIFIED.,
 .F.,.F.,(3,3),(0.,1.),.PIECEWISE_BEZIER_KNOTS.);
#3108=B_SPLINE_CURVE_WITH_KNOTS('',2,(#6101,#6102,#6103),.UNSPECIFIED.,
 .F.,.F.,(3,3),(0.,1.),.PIECEWISE_BEZIER_KNOTS.);
#3109=B_SPLINE_CURVE_WITH_KNOTS('',2,(#6108,#6109,#6110),.UNSPECIFIED.,
 .F.,.F.,(3,3),(0.,1.),.PIECEWISE_BEZIER_KNOTS.);
#3110=B_SPLINE_CURVE_WITH_KNOTS('',2,(#6121,#6122,#6123),.UNSPECIFIED.,
 .F.,.F.,(3,3),(0.,1.),.PIECEWISE_BEZIER_KNOTS.);
#3111=B_SPLINE_CURVE_WITH_KNOTS('',2,(#6127,#6128,#6129),.UNSPECIFIED.,
 .F.,.F.,(3,3),(0.,1.),.PIECEWISE_BEZIER_KNOTS.);
#3112=B_SPLINE_CURVE_WITH_KNOTS('',2,(#6156,#6157,#6158),.UNSPECIFIED.,
 .F.,.F.,(3,3),(0.,1.),.PIECEWISE_BEZIER_KNOTS.);
#3113=B_SPLINE_CURVE_WITH_KNOTS('',2,(#6162,#6163,#6164),.UNSPECIFIED.,
 .F.,.F.,(3,3),(0.,1.),.PIECEWISE_BEZIER_KNOTS.);
#3114=B_SPLINE_CURVE_WITH_KNOTS('',2,(#6173,#6174,#6175),.UNSPECIFIED.,
 .F.,.F.,(3,3),(0.,1.),.PIECEWISE_BEZIER_KNOTS.);
#3115=B_SPLINE_CURVE_WITH_KNOTS('',2,(#6179,#6180,#6181),.UNSPECIFIED.,
 .F.,.F.,(3,3),(0.,1.),.PIECEWISE_BEZIER_KNOTS.);
#3116=B_SPLINE_CURVE_WITH_KNOTS('',2,(#6190,#6191,#6192),.UNSPECIFIED.,
 .F.,.F.,(3,3),(0.,1.),.PIECEWISE_BEZIER_KNOTS.);
#3117=B_SPLINE_CURVE_WITH_KNOTS('',2,(#6196,#6197,#6198),.UNSPECIFIED.,
 .F.,.F.,(3,3),(0.,1.),.PIECEWISE_BEZIER_KNOTS.);
#3118=B_SPLINE_CURVE_WITH_KNOTS('',2,(#6207,#6208,#6209),.UNSPECIFIED.,
 .F.,.F.,(3,3),(0.,1.),.PIECEWISE_BEZIER_KNOTS.);
#3119=B_SPLINE_CURVE_WITH_KNOTS('',2,(#6213,#6214,#6215),.UNSPECIFIED.,
 .F.,.F.,(3,3),(0.,1.),.PIECEWISE_BEZIER_KNOTS.);
#3120=B_SPLINE_CURVE_WITH_KNOTS('',2,(#6238,#6239,#6240),.UNSPECIFIED.,
 .F.,.F.,(3,3),(0.,1.),.PIECEWISE_BEZIER_KNOTS.);
#3121=B_SPLINE_CURVE_WITH_KNOTS('',2,(#6253,#6254,#6255),.UNSPECIFIED.,
 .F.,.F.,(3,3),(0.,1.),.PIECEWISE_BEZIER_KNOTS.);
#3122=B_SPLINE_CURVE_WITH_KNOTS('',2,(#6266,#6267,#6268),.UNSPECIFIED.,
 .F.,.F.,(3,3),(0.,1.),.PIECEWISE_BEZIER_KNOTS.);
#3123=B_SPLINE_CURVE_WITH_KNOTS('',2,(#6279,#6280,#6281),.UNSPECIFIED.,
 .F.,.F.,(3,3),(0.,1.),.PIECEWISE_BEZIER_KNOTS.);
#3124=B_SPLINE_CURVE_WITH_KNOTS('',2,(#6292,#6293,#6294),.UNSPECIFIED.,
 .F.,.F.,(3,3),(0.,1.),.PIECEWISE_BEZIER_KNOTS.);
#3125=B_SPLINE_CURVE_WITH_KNOTS('',2,(#6305,#6306,#6307),.UNSPECIFIED.,
 .F.,.F.,(3,3),(0.,1.),.PIECEWISE_BEZIER_KNOTS.);
#3126=B_SPLINE_CURVE_WITH_KNOTS('',2,(#6338,#6339,#6340),.UNSPECIFIED.,
 .F.,.F.,(3,3),(0.,1.),.PIECEWISE_BEZIER_KNOTS.);
#3127=B_SPLINE_CURVE_WITH_KNOTS('',2,(#6351,#6352,#6353),.UNSPECIFIED.,
 .F.,.F.,(3,3),(0.,1.),.PIECEWISE_BEZIER_KNOTS.);
#3128=B_SPLINE_CURVE_WITH_KNOTS('',2,(#6364,#6365,#6366),.UNSPECIFIED.,
 .F.,.F.,(3,3),(0.,1.),.PIECEWISE_BEZIER_KNOTS.);
#3129=B_SPLINE_CURVE_WITH_KNOTS('',2,(#6381,#6382,#6383),.UNSPECIFIED.,
 .F.,.F.,(3,3),(0.,1.),.PIECEWISE_BEZIER_KNOTS.);
#3130=B_SPLINE_CURVE_WITH_KNOTS('',2,(#6388,#6389,#6390),.UNSPECIFIED.,
 .F.,.F.,(3,3),(0.,1.),.PIECEWISE_BEZIER_KNOTS.);
#3131=B_SPLINE_CURVE_WITH_KNOTS('',2,(#6407,#6408,#6409),.UNSPECIFIED.,
 .F.,.F.,(3,3),(0.,1.),.PIECEWISE_BEZIER_KNOTS.);
#3132=B_SPLINE_CURVE_WITH_KNOTS('',2,(#6413,#6414,#6415),.UNSPECIFIED.,
 .F.,.F.,(3,3),(0.,1.),.PIECEWISE_BEZIER_KNOTS.);
#3133=B_SPLINE_CURVE_WITH_KNOTS('',2,(#6424,#6425,#6426),.UNSPECIFIED.,
 .F.,.F.,(3,3),(0.,1.),.PIECEWISE_BEZIER_KNOTS.);
#3134=B_SPLINE_CURVE_WITH_KNOTS('',2,(#6430,#6431,#6432),.UNSPECIFIED.,
 .F.,.F.,(3,3),(0.,1.),.PIECEWISE_BEZIER_KNOTS.);
#3135=B_SPLINE_CURVE_WITH_KNOTS('',2,(#6455,#6456,#6457),.UNSPECIFIED.,
 .F.,.F.,(3,3),(0.,1.),.PIECEWISE_BEZIER_KNOTS.);
#3136=B_SPLINE_CURVE_WITH_KNOTS('',2,(#6472,#6473,#6474),.UNSPECIFIED.,
 .F.,.F.,(3,3),(0.,1.),.PIECEWISE_BEZIER_KNOTS.);
#3137=B_SPLINE_CURVE_WITH_KNOTS('',2,(#6485,#6486,#6487),.UNSPECIFIED.,
 .F.,.F.,(3,3),(0.,1.),.PIECEWISE_BEZIER_KNOTS.);
#3138=B_SPLINE_CURVE_WITH_KNOTS('',2,(#6502,#6503,#6504),.UNSPECIFIED.,
 .F.,.F.,(3,3),(0.,1.),.PIECEWISE_BEZIER_KNOTS.);
#3139=B_SPLINE_CURVE_WITH_KNOTS('',2,(#6515,#6516,#6517),.UNSPECIFIED.,
 .F.,.F.,(3,3),(0.,1.),.PIECEWISE_BEZIER_KNOTS.);
#3140=B_SPLINE_CURVE_WITH_KNOTS('',2,(#6532,#6533,#6534),.UNSPECIFIED.,
 .F.,.F.,(3,3),(0.,1.),.PIECEWISE_BEZIER_KNOTS.);
#3141=B_SPLINE_CURVE_WITH_KNOTS('',2,(#6545,#6546,#6547),.UNSPECIFIED.,
 .F.,.F.,(3,3),(0.,1.),.PIECEWISE_BEZIER_KNOTS.);
#3142=B_SPLINE_CURVE_WITH_KNOTS('',2,(#6570,#6571,#6572),.UNSPECIFIED.,
 .F.,.F.,(3,3),(0.,1.),.PIECEWISE_BEZIER_KNOTS.);
#3143=B_SPLINE_CURVE_WITH_KNOTS('',2,(#6583,#6584,#6585),.UNSPECIFIED.,
 .F.,.F.,(3,3),(0.,1.),.PIECEWISE_BEZIER_KNOTS.);
#3144=B_SPLINE_CURVE_WITH_KNOTS('',2,(#6596,#6597,#6598),.UNSPECIFIED.,
 .F.,.F.,(3,3),(0.,1.),.PIECEWISE_BEZIER_KNOTS.);
#3145=B_SPLINE_CURVE_WITH_KNOTS('',2,(#6613,#6614,#6615),.UNSPECIFIED.,
 .F.,.F.,(3,3),(0.,1.),.PIECEWISE_BEZIER_KNOTS.);
#3146=B_SPLINE_CURVE_WITH_KNOTS('',2,(#6620,#6621,#6622),.UNSPECIFIED.,
 .F.,.F.,(3,3),(0.,1.),.PIECEWISE_BEZIER_KNOTS.);
#3147=B_SPLINE_CURVE_WITH_KNOTS('',2,(#6633,#6634,#6635),.UNSPECIFIED.,
 .F.,.F.,(3,3),(0.,1.),.PIECEWISE_BEZIER_KNOTS.);
#3148=B_SPLINE_CURVE_WITH_KNOTS('',2,(#6639,#6640,#6641),.UNSPECIFIED.,
 .F.,.F.,(3,3),(0.,1.),.PIECEWISE_BEZIER_KNOTS.);
#3149=B_SPLINE_CURVE_WITH_KNOTS('',2,(#6668,#6669,#6670),.UNSPECIFIED.,
 .F.,.F.,(3,3),(0.,1.),.PIECEWISE_BEZIER_KNOTS.);
#3150=B_SPLINE_CURVE_WITH_KNOTS('',2,(#6674,#6675,#6676),.UNSPECIFIED.,
 .F.,.F.,(3,3),(0.,1.),.PIECEWISE_BEZIER_KNOTS.);
#3151=B_SPLINE_CURVE_WITH_KNOTS('',2,(#6685,#6686,#6687),.UNSPECIFIED.,
 .F.,.F.,(3,3),(0.,1.),.PIECEWISE_BEZIER_KNOTS.);
#3152=B_SPLINE_CURVE_WITH_KNOTS('',2,(#6691,#6692,#6693),.UNSPECIFIED.,
 .F.,.F.,(3,3),(0.,1.),.PIECEWISE_BEZIER_KNOTS.);
#3153=B_SPLINE_CURVE_WITH_KNOTS('',2,(#6702,#6703,#6704),.UNSPECIFIED.,
 .F.,.F.,(3,3),(0.,1.),.PIECEWISE_BEZIER_KNOTS.);
#3154=B_SPLINE_CURVE_WITH_KNOTS('',2,(#6708,#6709,#6710),.UNSPECIFIED.,
 .F.,.F.,(3,3),(0.,1.),.PIECEWISE_BEZIER_KNOTS.);
#3155=B_SPLINE_CURVE_WITH_KNOTS('',2,(#6719,#6720,#6721),.UNSPECIFIED.,
 .F.,.F.,(3,3),(0.,1.),.PIECEWISE_BEZIER_KNOTS.);
#3156=B_SPLINE_CURVE_WITH_KNOTS('',2,(#6725,#6726,#6727),.UNSPECIFIED.,
 .F.,.F.,(3,3),(0.,1.),.PIECEWISE_BEZIER_KNOTS.);
#3157=B_SPLINE_CURVE_WITH_KNOTS('',2,(#6750,#6751,#6752),.UNSPECIFIED.,
 .F.,.F.,(3,3),(0.,1.),.PIECEWISE_BEZIER_KNOTS.);
#3158=B_SPLINE_CURVE_WITH_KNOTS('',2,(#6785,#6786,#6787),.UNSPECIFIED.,
 .F.,.F.,(3,3),(0.,1.),.PIECEWISE_BEZIER_KNOTS.);
#3159=B_SPLINE_CURVE_WITH_KNOTS('',2,(#6798,#6799,#6800),.UNSPECIFIED.,
 .F.,.F.,(3,3),(0.,1.),.PIECEWISE_BEZIER_KNOTS.);
#3160=B_SPLINE_CURVE_WITH_KNOTS('',2,(#6815,#6816,#6817),.UNSPECIFIED.,
 .F.,.F.,(3,3),(0.,1.),.PIECEWISE_BEZIER_KNOTS.);
#3161=B_SPLINE_CURVE_WITH_KNOTS('',2,(#6828,#6829,#6830),.UNSPECIFIED.,
 .F.,.F.,(3,3),(0.,1.),.PIECEWISE_BEZIER_KNOTS.);
#3162=B_SPLINE_CURVE_WITH_KNOTS('',2,(#6841,#6842,#6843),.UNSPECIFIED.,
 .F.,.F.,(3,3),(0.,1.),.PIECEWISE_BEZIER_KNOTS.);
#3163=B_SPLINE_CURVE_WITH_KNOTS('',2,(#6858,#6859,#6860),.UNSPECIFIED.,
 .F.,.F.,(3,3),(0.,1.),.PIECEWISE_BEZIER_KNOTS.);
#3164=B_SPLINE_CURVE_WITH_KNOTS('',2,(#6869,#6870,#6871),.UNSPECIFIED.,
 .F.,.F.,(3,3),(0.,1.),.PIECEWISE_BEZIER_KNOTS.);
#3165=EDGE_LOOP('',(#967,#968,#969,#970,#971,#972,#973,#974,#975,#976,#977,
#978,#979,#980,#981,#982,#983,#984));
#3166=EDGE_LOOP('',(#985,#986,#987,#988,#989,#990,#991,#992));
#3167=EDGE_LOOP('',(#993,#994,#995,#996));
#3168=EDGE_LOOP('',(#997,#998,#999,#1000,#1001,#1002,#1003,#1004,#1005,
#1006,#1007,#1008,#1009,#1010,#1011,#1012));
#3169=EDGE_LOOP('',(#1013,#1014,#1015,#1016,#1017,#1018,#1019,#1020,#1021,
#1022,#1023));
#3170=EDGE_LOOP('',(#1024,#1025,#1026,#1027));
#3171=EDGE_LOOP('',(#1028,#1029,#1030,#1031));
#3172=EDGE_LOOP('',(#1032,#1033,#1034,#1035,#1036,#1037,#1038,#1039,#1040,
#1041,#1042,#1043,#1044,#1045,#1046));
#3173=EDGE_LOOP('',(#1047,#1048,#1049,#1050,#1051,#1052,#1053,#1054,#1055,
#1056,#1057,#1058,#1059,#1060,#1061));
#3174=EDGE_LOOP('',(#1062,#1063,#1064,#1065,#1066,#1067,#1068,#1069,#1070,
#1071,#1072,#1073,#1074));
#3175=EDGE_LOOP('',(#1075));
#3176=EDGE_LOOP('',(#1076));
#3177=EDGE_LOOP('',(#1077));
#3178=EDGE_LOOP('',(#1078));
#3179=EDGE_LOOP('',(#1079,#1080,#1081,#1082,#1083,#1084,#1085,#1086));
#3180=EDGE_LOOP('',(#1087,#1088,#1089,#1090,#1091,#1092,#1093,#1094,#1095,
#1096));
#3181=EDGE_LOOP('',(#1097,#1098,#1099,#1100));
#3182=EDGE_LOOP('',(#1101,#1102,#1103,#1104));
#3183=EDGE_LOOP('',(#1105,#1106,#1107,#1108,#1109));
#3184=EDGE_LOOP('',(#1110,#1111,#1112,#1113,#1114,#1115));
#3185=EDGE_LOOP('',(#1116,#1117,#1118,#1119));
#3186=EDGE_LOOP('',(#1120,#1121,#1122,#1123));
#3187=EDGE_LOOP('',(#1124,#1125,#1126,#1127,#1128,#1129,#1130,#1131,#1132,
#1133));
#3188=EDGE_LOOP('',(#1134,#1135,#1136,#1137));
#3189=EDGE_LOOP('',(#1138,#1139,#1140,#1141));
#3190=EDGE_LOOP('',(#1142,#1143,#1144,#1145));
#3191=EDGE_LOOP('',(#1146,#1147,#1148,#1149));
#3192=EDGE_LOOP('',(#1150,#1151,#1152,#1153));
#3193=EDGE_LOOP('',(#1154,#1155,#1156,#1157));
#3194=EDGE_LOOP('',(#1158,#1159,#1160,#1161,#1162,#1163,#1164,#1165,#1166,
#1167));
#3195=EDGE_LOOP('',(#1168,#1169,#1170,#1171,#1172,#1173));
#3196=EDGE_LOOP('',(#1174,#1175,#1176,#1177));
#3197=EDGE_LOOP('',(#1178,#1179,#1180,#1181,#1182,#1183,#1184,#1185,#1186,
#1187,#1188,#1189,#1190,#1191,#1192,#1193,#1194,#1195,#1196,#1197));
#3198=EDGE_LOOP('',(#1198,#1199,#1200,#1201,#1202,#1203,#1204,#1205,#1206,
#1207));
#3199=EDGE_LOOP('',(#1208,#1209,#1210,#1211));
#3200=EDGE_LOOP('',(#1212,#1213,#1214,#1215));
#3201=EDGE_LOOP('',(#1216,#1217,#1218,#1219,#1220,#1221,#1222,#1223));
#3202=EDGE_LOOP('',(#1224,#1225,#1226,#1227,#1228,#1229));
#3203=EDGE_LOOP('',(#1230,#1231,#1232,#1233));
#3204=EDGE_LOOP('',(#1234,#1235,#1236,#1237,#1238));
#3205=EDGE_LOOP('',(#1239,#1240,#1241,#1242));
#3206=EDGE_LOOP('',(#1243,#1244,#1245,#1246));
#3207=EDGE_LOOP('',(#1247));
#3208=EDGE_LOOP('',(#1248));
#3209=EDGE_LOOP('',(#1249,#1250,#1251,#1252));
#3210=EDGE_LOOP('',(#1253,#1254,#1255,#1256));
#3211=EDGE_LOOP('',(#1257));
#3212=EDGE_LOOP('',(#1258,#1259,#1260,#1261,#1262,#1263));
#3213=EDGE_LOOP('',(#1264,#1265,#1266,#1267));
#3214=EDGE_LOOP('',(#1268,#1269,#1270,#1271));
#3215=EDGE_LOOP('',(#1272,#1273,#1274,#1275));
#3216=EDGE_LOOP('',(#1276));
#3217=EDGE_LOOP('',(#1277));
#3218=EDGE_LOOP('',(#1278,#1279,#1280,#1281));
#3219=EDGE_LOOP('',(#1282));
#3220=EDGE_LOOP('',(#1283));
#3221=EDGE_LOOP('',(#1284));
#3222=EDGE_LOOP('',(#1285,#1286,#1287,#1288));
#3223=EDGE_LOOP('',(#1289,#1290,#1291,#1292));
#3224=EDGE_LOOP('',(#1293,#1294,#1295,#1296));
#3225=EDGE_LOOP('',(#1297,#1298,#1299,#1300));
#3226=EDGE_LOOP('',(#1301,#1302,#1303,#1304));
#3227=EDGE_LOOP('',(#1305,#1306,#1307,#1308));
#3228=EDGE_LOOP('',(#1309,#1310,#1311,#1312));
#3229=EDGE_LOOP('',(#1313,#1314,#1315,#1316));
#3230=EDGE_LOOP('',(#1317,#1318,#1319,#1320));
#3231=EDGE_LOOP('',(#1321,#1322,#1323,#1324));
#3232=EDGE_LOOP('',(#1325,#1326,#1327,#1328));
#3233=EDGE_LOOP('',(#1329,#1330,#1331,#1332));
#3234=EDGE_LOOP('',(#1333,#1334,#1335,#1336));
#3235=EDGE_LOOP('',(#1337,#1338,#1339,#1340));
#3236=EDGE_LOOP('',(#1341,#1342,#1343,#1344));
#3237=EDGE_LOOP('',(#1345,#1346,#1347,#1348));
#3238=EDGE_LOOP('',(#1349,#1350,#1351,#1352));
#3239=EDGE_LOOP('',(#1353));
#3240=EDGE_LOOP('',(#1354));
#3241=EDGE_LOOP('',(#1355));
#3242=EDGE_LOOP('',(#1356));
#3243=EDGE_LOOP('',(#1357));
#3244=EDGE_LOOP('',(#1358));
#3245=EDGE_LOOP('',(#1359));
#3246=EDGE_LOOP('',(#1360));
#3247=EDGE_LOOP('',(#1361));
#3248=EDGE_LOOP('',(#1362));
#3249=EDGE_LOOP('',(#1363));
#3250=EDGE_LOOP('',(#1364));
#3251=EDGE_LOOP('',(#1365));
#3252=EDGE_LOOP('',(#1366));
#3253=EDGE_LOOP('',(#1367,#1368,#1369,#1370));
#3254=EDGE_LOOP('',(#1371,#1372,#1373,#1374));
#3255=EDGE_LOOP('',(#1375));
#3256=EDGE_LOOP('',(#1376,#1377,#1378,#1379));
#3257=EDGE_LOOP('',(#1380));
#3258=EDGE_LOOP('',(#1381));
#3259=EDGE_LOOP('',(#1382,#1383,#1384,#1385));
#3260=EDGE_LOOP('',(#1386,#1387,#1388,#1389));
#3261=EDGE_LOOP('',(#1390,#1391,#1392,#1393));
#3262=EDGE_LOOP('',(#1394));
#3263=EDGE_LOOP('',(#1395,#1396,#1397,#1398));
#3264=EDGE_LOOP('',(#1399));
#3265=EDGE_LOOP('',(#1400));
#3266=EDGE_LOOP('',(#1401,#1402,#1403,#1404));
#3267=EDGE_LOOP('',(#1405,#1406,#1407,#1408));
#3268=EDGE_LOOP('',(#1409,#1410,#1411,#1412));
#3269=EDGE_LOOP('',(#1413,#1414,#1415,#1416));
#3270=EDGE_LOOP('',(#1417,#1418,#1419,#1420));
#3271=EDGE_LOOP('',(#1421,#1422,#1423,#1424));
#3272=EDGE_LOOP('',(#1425,#1426,#1427,#1428));
#3273=EDGE_LOOP('',(#1429,#1430,#1431,#1432));
#3274=EDGE_LOOP('',(#1433,#1434,#1435,#1436));
#3275=EDGE_LOOP('',(#1437,#1438,#1439,#1440));
#3276=EDGE_LOOP('',(#1441,#1442,#1443,#1444));
#3277=EDGE_LOOP('',(#1445,#1446,#1447,#1448));
#3278=EDGE_LOOP('',(#1449,#1450,#1451,#1452));
#3279=EDGE_LOOP('',(#1453,#1454,#1455,#1456));
#3280=EDGE_LOOP('',(#1457,#1458,#1459,#1460));
#3281=EDGE_LOOP('',(#1461,#1462,#1463,#1464));
#3282=EDGE_LOOP('',(#1465,#1466,#1467,#1468));
#3283=EDGE_LOOP('',(#1469,#1470,#1471,#1472));
#3284=EDGE_LOOP('',(#1473,#1474,#1475,#1476));
#3285=EDGE_LOOP('',(#1477,#1478,#1479,#1480));
#3286=EDGE_LOOP('',(#1481,#1482,#1483,#1484));
#3287=EDGE_LOOP('',(#1485,#1486,#1487,#1488));
#3288=EDGE_LOOP('',(#1489,#1490,#1491,#1492));
#3289=EDGE_LOOP('',(#1493,#1494,#1495,#1496));
#3290=EDGE_LOOP('',(#1497,#1498,#1499,#1500));
#3291=EDGE_LOOP('',(#1501,#1502,#1503,#1504));
#3292=EDGE_LOOP('',(#1505,#1506,#1507,#1508));
#3293=EDGE_LOOP('',(#1509,#1510,#1511,#1512,#1513,#1514,#1515,#1516,#1517,
#1518,#1519,#1520,#1521,#1522,#1523,#1524));
#3294=EDGE_LOOP('',(#1525,#1526,#1527,#1528));
#3295=EDGE_LOOP('',(#1529,#1530,#1531,#1532));
#3296=EDGE_LOOP('',(#1533,#1534,#1535,#1536));
#3297=EDGE_LOOP('',(#1537,#1538,#1539,#1540));
#3298=EDGE_LOOP('',(#1541,#1542,#1543,#1544));
#3299=EDGE_LOOP('',(#1545,#1546,#1547,#1548));
#3300=EDGE_LOOP('',(#1549,#1550,#1551,#1552));
#3301=EDGE_LOOP('',(#1553,#1554,#1555,#1556));
#3302=EDGE_LOOP('',(#1557,#1558,#1559,#1560));
#3303=EDGE_LOOP('',(#1561,#1562,#1563,#1564));
#3304=EDGE_LOOP('',(#1565,#1566,#1567,#1568));
#3305=EDGE_LOOP('',(#1569,#1570,#1571,#1572));
#3306=EDGE_LOOP('',(#1573,#1574,#1575,#1576));
#3307=EDGE_LOOP('',(#1577,#1578,#1579,#1580,#1581,#1582,#1583,#1584));
#3308=EDGE_LOOP('',(#1585,#1586,#1587,#1588));
#3309=EDGE_LOOP('',(#1589,#1590,#1591,#1592));
#3310=EDGE_LOOP('',(#1593,#1594,#1595,#1596));
#3311=EDGE_LOOP('',(#1597,#1598,#1599,#1600));
#3312=EDGE_LOOP('',(#1601,#1602,#1603,#1604));
#3313=EDGE_LOOP('',(#1605,#1606,#1607,#1608));
#3314=EDGE_LOOP('',(#1609,#1610,#1611,#1612));
#3315=EDGE_LOOP('',(#1613,#1614,#1615,#1616));
#3316=EDGE_LOOP('',(#1617,#1618,#1619,#1620));
#3317=EDGE_LOOP('',(#1621,#1622,#1623,#1624));
#3318=EDGE_LOOP('',(#1625,#1626,#1627,#1628));
#3319=EDGE_LOOP('',(#1629,#1630,#1631,#1632));
#3320=EDGE_LOOP('',(#1633,#1634,#1635,#1636));
#3321=EDGE_LOOP('',(#1637,#1638,#1639,#1640));
#3322=EDGE_LOOP('',(#1641,#1642,#1643,#1644));
#3323=EDGE_LOOP('',(#1645,#1646,#1647,#1648));
#3324=EDGE_LOOP('',(#1649,#1650,#1651,#1652));
#3325=EDGE_LOOP('',(#1653,#1654,#1655,#1656));
#3326=EDGE_LOOP('',(#1657,#1658,#1659,#1660));
#3327=EDGE_LOOP('',(#1661,#1662,#1663,#1664));
#3328=EDGE_LOOP('',(#1665,#1666,#1667,#1668));
#3329=EDGE_LOOP('',(#1669,#1670,#1671,#1672));
#3330=EDGE_LOOP('',(#1673,#1674,#1675,#1676));
#3331=EDGE_LOOP('',(#1677,#1678,#1679,#1680));
#3332=EDGE_LOOP('',(#1681,#1682,#1683,#1684));
#3333=EDGE_LOOP('',(#1685,#1686,#1687,#1688));
#3334=EDGE_LOOP('',(#1689,#1690,#1691,#1692));
#3335=EDGE_LOOP('',(#1693,#1694,#1695,#1696,#1697,#1698,#1699,#1700,#1701,
#1702,#1703,#1704,#1705,#1706,#1707));
#3336=EDGE_LOOP('',(#1708,#1709,#1710,#1711,#1712,#1713,#1714,#1715,#1716,
#1717,#1718,#1719));
#3337=EDGE_LOOP('',(#1720,#1721,#1722,#1723));
#3338=EDGE_LOOP('',(#1724,#1725,#1726,#1727));
#3339=EDGE_LOOP('',(#1728,#1729,#1730,#1731));
#3340=EDGE_LOOP('',(#1732,#1733,#1734,#1735));
#3341=EDGE_LOOP('',(#1736,#1737,#1738,#1739));
#3342=EDGE_LOOP('',(#1740,#1741,#1742,#1743));
#3343=EDGE_LOOP('',(#1744,#1745,#1746,#1747));
#3344=EDGE_LOOP('',(#1748,#1749,#1750,#1751));
#3345=EDGE_LOOP('',(#1752,#1753,#1754,#1755));
#3346=EDGE_LOOP('',(#1756,#1757,#1758,#1759));
#3347=EDGE_LOOP('',(#1760,#1761,#1762,#1763));
#3348=EDGE_LOOP('',(#1764,#1765,#1766,#1767));
#3349=EDGE_LOOP('',(#1768,#1769,#1770,#1771));
#3350=EDGE_LOOP('',(#1772,#1773,#1774,#1775));
#3351=EDGE_LOOP('',(#1776,#1777,#1778,#1779));
#3352=EDGE_LOOP('',(#1780,#1781,#1782,#1783));
#3353=EDGE_LOOP('',(#1784,#1785,#1786,#1787));
#3354=EDGE_LOOP('',(#1788,#1789,#1790,#1791));
#3355=EDGE_LOOP('',(#1792,#1793,#1794,#1795));
#3356=EDGE_LOOP('',(#1796,#1797,#1798,#1799));
#3357=EDGE_LOOP('',(#1800,#1801,#1802,#1803));
#3358=EDGE_LOOP('',(#1804,#1805,#1806,#1807));
#3359=EDGE_LOOP('',(#1808,#1809,#1810,#1811));
#3360=EDGE_LOOP('',(#1812,#1813,#1814,#1815));
#3361=EDGE_LOOP('',(#1816,#1817,#1818,#1819,#1820,#1821,#1822,#1823,#1824,
#1825,#1826,#1827,#1828,#1829,#1830,#1831,#1832,#1833));
#3362=EDGE_LOOP('',(#1834,#1835,#1836,#1837,#1838,#1839));
#3363=EDGE_LOOP('',(#1840,#1841,#1842,#1843));
#3364=EDGE_LOOP('',(#1844,#1845,#1846,#1847));
#3365=EDGE_LOOP('',(#1848,#1849,#1850,#1851));
#3366=EDGE_LOOP('',(#1852,#1853,#1854,#1855));
#3367=EDGE_LOOP('',(#1856,#1857,#1858,#1859));
#3368=EDGE_LOOP('',(#1860,#1861,#1862,#1863));
#3369=EDGE_LOOP('',(#1864,#1865,#1866,#1867));
#3370=EDGE_LOOP('',(#1868,#1869,#1870,#1871));
#3371=EDGE_LOOP('',(#1872,#1873,#1874,#1875));
#3372=EDGE_LOOP('',(#1876,#1877,#1878,#1879));
#3373=EDGE_LOOP('',(#1880,#1881,#1882,#1883));
#3374=EDGE_LOOP('',(#1884,#1885,#1886,#1887));
#3375=EDGE_LOOP('',(#1888,#1889,#1890,#1891));
#3376=EDGE_LOOP('',(#1892,#1893,#1894,#1895));
#3377=EDGE_LOOP('',(#1896,#1897,#1898,#1899));
#3378=EDGE_LOOP('',(#1900,#1901,#1902,#1903));
#3379=EDGE_LOOP('',(#1904,#1905,#1906,#1907));
#3380=EDGE_LOOP('',(#1908,#1909,#1910,#1911));
#3381=EDGE_LOOP('',(#1912,#1913,#1914,#1915));
#3382=EDGE_LOOP('',(#1916,#1917,#1918,#1919));
#3383=EDGE_LOOP('',(#1920,#1921,#1922,#1923));
#3384=EDGE_LOOP('',(#1924,#1925,#1926,#1927));
#3385=EDGE_LOOP('',(#1928,#1929,#1930,#1931));
#3386=EDGE_LOOP('',(#1932,#1933,#1934,#1935));
#3387=EDGE_LOOP('',(#1936,#1937,#1938,#1939));
#3388=EDGE_LOOP('',(#1940,#1941,#1942,#1943));
#3389=EDGE_LOOP('',(#1944,#1945,#1946,#1947));
#3390=EDGE_LOOP('',(#1948,#1949,#1950,#1951,#1952,#1953,#1954,#1955,#1956,
#1957,#1958,#1959,#1960,#1961,#1962));
#3391=EDGE_LOOP('',(#1963,#1964,#1965,#1966,#1967,#1968,#1969,#1970,#1971,
#1972,#1973,#1974));
#3392=EDGE_LOOP('',(#1975,#1976,#1977,#1978));
#3393=EDGE_LOOP('',(#1979,#1980,#1981,#1982));
#3394=EDGE_LOOP('',(#1983,#1984,#1985,#1986));
#3395=EDGE_LOOP('',(#1987,#1988,#1989,#1990));
#3396=EDGE_LOOP('',(#1991,#1992,#1993,#1994));
#3397=EDGE_LOOP('',(#1995,#1996,#1997,#1998));
#3398=EDGE_LOOP('',(#1999,#2000,#2001,#2002));
#3399=EDGE_LOOP('',(#2003,#2004,#2005,#2006));
#3400=EDGE_LOOP('',(#2007,#2008,#2009,#2010));
#3401=EDGE_LOOP('',(#2011,#2012,#2013,#2014));
#3402=EDGE_LOOP('',(#2015,#2016,#2017,#2018));
#3403=EDGE_LOOP('',(#2019,#2020,#2021,#2022));
#3404=EDGE_LOOP('',(#2023,#2024,#2025,#2026));
#3405=EDGE_LOOP('',(#2027,#2028,#2029,#2030,#2031,#2032,#2033,#2034,#2035,
#2036,#2037,#2038,#2039));
#3406=EDGE_LOOP('',(#2040,#2041,#2042,#2043,#2044,#2045,#2046,#2047,#2048,
#2049,#2050,#2051));
#3407=EDGE_LOOP('',(#2052,#2053,#2054,#2055,#2056,#2057));
#3408=EDGE_LOOP('',(#2058,#2059,#2060,#2061,#2062,#2063,#2064,#2065,#2066,
#2067,#2068,#2069));
#3409=EDGE_LOOP('',(#2070,#2071,#2072,#2073));
#3410=EDGE_LOOP('',(#2074,#2075,#2076,#2077));
#3411=EDGE_LOOP('',(#2078,#2079,#2080,#2081));
#3412=EDGE_LOOP('',(#2082,#2083,#2084,#2085));
#3413=EDGE_LOOP('',(#2086,#2087,#2088,#2089,#2090,#2091,#2092,#2093,#2094,
#2095,#2096));
#3414=EDGE_LOOP('',(#2097,#2098,#2099,#2100));
#3415=EDGE_LOOP('',(#2101,#2102,#2103,#2104));
#3416=EDGE_LOOP('',(#2105,#2106,#2107,#2108));
#3417=FACE_BOUND('',#3165,.T.);
#3418=FACE_BOUND('',#3166,.T.);
#3419=FACE_BOUND('',#3167,.T.);
#3420=FACE_BOUND('',#3168,.T.);
#3421=FACE_BOUND('',#3169,.T.);
#3422=FACE_BOUND('',#3170,.T.);
#3423=FACE_BOUND('',#3171,.T.);
#3424=FACE_BOUND('',#3172,.T.);
#3425=FACE_BOUND('',#3173,.T.);
#3426=FACE_BOUND('',#3174,.T.);
#3427=FACE_BOUND('',#3175,.T.);
#3428=FACE_BOUND('',#3176,.T.);
#3429=FACE_BOUND('',#3177,.T.);
#3430=FACE_BOUND('',#3178,.T.);
#3431=FACE_BOUND('',#3179,.T.);
#3432=FACE_BOUND('',#3180,.T.);
#3433=FACE_BOUND('',#3181,.T.);
#3434=FACE_BOUND('',#3182,.T.);
#3435=FACE_BOUND('',#3183,.T.);
#3436=FACE_BOUND('',#3184,.T.);
#3437=FACE_BOUND('',#3185,.T.);
#3438=FACE_BOUND('',#3186,.T.);
#3439=FACE_BOUND('',#3187,.T.);
#3440=FACE_BOUND('',#3188,.T.);
#3441=FACE_BOUND('',#3189,.T.);
#3442=FACE_BOUND('',#3190,.T.);
#3443=FACE_BOUND('',#3191,.T.);
#3444=FACE_BOUND('',#3192,.T.);
#3445=FACE_BOUND('',#3193,.T.);
#3446=FACE_BOUND('',#3194,.T.);
#3447=FACE_BOUND('',#3195,.T.);
#3448=FACE_BOUND('',#3196,.T.);
#3449=FACE_BOUND('',#3197,.T.);
#3450=FACE_BOUND('',#3198,.T.);
#3451=FACE_BOUND('',#3199,.T.);
#3452=FACE_BOUND('',#3200,.T.);
#3453=FACE_BOUND('',#3201,.T.);
#3454=FACE_BOUND('',#3202,.T.);
#3455=FACE_BOUND('',#3203,.T.);
#3456=FACE_BOUND('',#3204,.T.);
#3457=FACE_BOUND('',#3205,.T.);
#3458=FACE_BOUND('',#3206,.T.);
#3459=FACE_BOUND('',#3207,.T.);
#3460=FACE_BOUND('',#3208,.T.);
#3461=FACE_BOUND('',#3209,.T.);
#3462=FACE_BOUND('',#3210,.T.);
#3463=FACE_BOUND('',#3211,.T.);
#3464=FACE_BOUND('',#3212,.T.);
#3465=FACE_BOUND('',#3213,.T.);
#3466=FACE_BOUND('',#3214,.T.);
#3467=FACE_BOUND('',#3215,.T.);
#3468=FACE_BOUND('',#3216,.T.);
#3469=FACE_BOUND('',#3217,.T.);
#3470=FACE_BOUND('',#3218,.T.);
#3471=FACE_BOUND('',#3219,.T.);
#3472=FACE_BOUND('',#3220,.T.);
#3473=FACE_BOUND('',#3221,.T.);
#3474=FACE_BOUND('',#3222,.T.);
#3475=FACE_BOUND('',#3223,.T.);
#3476=FACE_BOUND('',#3224,.T.);
#3477=FACE_BOUND('',#3225,.T.);
#3478=FACE_BOUND('',#3226,.T.);
#3479=FACE_BOUND('',#3227,.T.);
#3480=FACE_BOUND('',#3228,.T.);
#3481=FACE_BOUND('',#3229,.T.);
#3482=FACE_BOUND('',#3230,.T.);
#3483=FACE_BOUND('',#3231,.T.);
#3484=FACE_BOUND('',#3232,.T.);
#3485=FACE_BOUND('',#3233,.T.);
#3486=FACE_BOUND('',#3234,.T.);
#3487=FACE_BOUND('',#3235,.T.);
#3488=FACE_BOUND('',#3236,.T.);
#3489=FACE_BOUND('',#3237,.T.);
#3490=FACE_BOUND('',#3238,.T.);
#3491=FACE_BOUND('',#3239,.T.);
#3492=FACE_BOUND('',#3240,.T.);
#3493=FACE_BOUND('',#3241,.T.);
#3494=FACE_BOUND('',#3242,.T.);
#3495=FACE_BOUND('',#3243,.T.);
#3496=FACE_BOUND('',#3244,.T.);
#3497=FACE_BOUND('',#3245,.T.);
#3498=FACE_BOUND('',#3246,.T.);
#3499=FACE_BOUND('',#3247,.T.);
#3500=FACE_BOUND('',#3248,.T.);
#3501=FACE_BOUND('',#3249,.T.);
#3502=FACE_BOUND('',#3250,.T.);
#3503=FACE_BOUND('',#3251,.T.);
#3504=FACE_BOUND('',#3252,.T.);
#3505=FACE_BOUND('',#3253,.T.);
#3506=FACE_BOUND('',#3254,.T.);
#3507=FACE_BOUND('',#3255,.T.);
#3508=FACE_BOUND('',#3256,.T.);
#3509=FACE_BOUND('',#3257,.T.);
#3510=FACE_BOUND('',#3258,.T.);
#3511=FACE_BOUND('',#3259,.T.);
#3512=FACE_BOUND('',#3260,.T.);
#3513=FACE_BOUND('',#3261,.T.);
#3514=FACE_BOUND('',#3262,.T.);
#3515=FACE_BOUND('',#3263,.T.);
#3516=FACE_BOUND('',#3264,.T.);
#3517=FACE_BOUND('',#3265,.T.);
#3518=FACE_BOUND('',#3266,.T.);
#3519=FACE_BOUND('',#3267,.T.);
#3520=FACE_BOUND('',#3268,.T.);
#3521=FACE_BOUND('',#3269,.T.);
#3522=FACE_BOUND('',#3270,.T.);
#3523=FACE_BOUND('',#3271,.T.);
#3524=FACE_BOUND('',#3272,.T.);
#3525=FACE_BOUND('',#3273,.T.);
#3526=FACE_BOUND('',#3274,.T.);
#3527=FACE_BOUND('',#3275,.T.);
#3528=FACE_BOUND('',#3276,.T.);
#3529=FACE_BOUND('',#3277,.T.);
#3530=FACE_BOUND('',#3278,.T.);
#3531=FACE_BOUND('',#3279,.T.);
#3532=FACE_BOUND('',#3280,.T.);
#3533=FACE_BOUND('',#3281,.T.);
#3534=FACE_BOUND('',#3282,.T.);
#3535=FACE_BOUND('',#3283,.T.);
#3536=FACE_BOUND('',#3284,.T.);
#3537=FACE_BOUND('',#3285,.T.);
#3538=FACE_BOUND('',#3286,.T.);
#3539=FACE_BOUND('',#3287,.T.);
#3540=FACE_BOUND('',#3288,.T.);
#3541=FACE_BOUND('',#3289,.T.);
#3542=FACE_BOUND('',#3290,.T.);
#3543=FACE_BOUND('',#3291,.T.);
#3544=FACE_BOUND('',#3292,.T.);
#3545=FACE_BOUND('',#3293,.T.);
#3546=FACE_BOUND('',#3294,.T.);
#3547=FACE_BOUND('',#3295,.T.);
#3548=FACE_BOUND('',#3296,.T.);
#3549=FACE_BOUND('',#3297,.T.);
#3550=FACE_BOUND('',#3298,.T.);
#3551=FACE_BOUND('',#3299,.T.);
#3552=FACE_BOUND('',#3300,.T.);
#3553=FACE_BOUND('',#3301,.T.);
#3554=FACE_BOUND('',#3302,.T.);
#3555=FACE_BOUND('',#3303,.T.);
#3556=FACE_BOUND('',#3304,.T.);
#3557=FACE_BOUND('',#3305,.T.);
#3558=FACE_BOUND('',#3306,.T.);
#3559=FACE_BOUND('',#3307,.T.);
#3560=FACE_BOUND('',#3308,.T.);
#3561=FACE_BOUND('',#3309,.T.);
#3562=FACE_BOUND('',#3310,.T.);
#3563=FACE_BOUND('',#3311,.T.);
#3564=FACE_BOUND('',#3312,.T.);
#3565=FACE_BOUND('',#3313,.T.);
#3566=FACE_BOUND('',#3314,.T.);
#3567=FACE_BOUND('',#3315,.T.);
#3568=FACE_BOUND('',#3316,.T.);
#3569=FACE_BOUND('',#3317,.T.);
#3570=FACE_BOUND('',#3318,.T.);
#3571=FACE_BOUND('',#3319,.T.);
#3572=FACE_BOUND('',#3320,.T.);
#3573=FACE_BOUND('',#3321,.T.);
#3574=FACE_BOUND('',#3322,.T.);
#3575=FACE_BOUND('',#3323,.T.);
#3576=FACE_BOUND('',#3324,.T.);
#3577=FACE_BOUND('',#3325,.T.);
#3578=FACE_BOUND('',#3326,.T.);
#3579=FACE_BOUND('',#3327,.T.);
#3580=FACE_BOUND('',#3328,.T.);
#3581=FACE_BOUND('',#3329,.T.);
#3582=FACE_BOUND('',#3330,.T.);
#3583=FACE_BOUND('',#3331,.T.);
#3584=FACE_BOUND('',#3332,.T.);
#3585=FACE_BOUND('',#3333,.T.);
#3586=FACE_BOUND('',#3334,.T.);
#3587=FACE_BOUND('',#3335,.T.);
#3588=FACE_BOUND('',#3336,.T.);
#3589=FACE_BOUND('',#3337,.T.);
#3590=FACE_BOUND('',#3338,.T.);
#3591=FACE_BOUND('',#3339,.T.);
#3592=FACE_BOUND('',#3340,.T.);
#3593=FACE_BOUND('',#3341,.T.);
#3594=FACE_BOUND('',#3342,.T.);
#3595=FACE_BOUND('',#3343,.T.);
#3596=FACE_BOUND('',#3344,.T.);
#3597=FACE_BOUND('',#3345,.T.);
#3598=FACE_BOUND('',#3346,.T.);
#3599=FACE_BOUND('',#3347,.T.);
#3600=FACE_BOUND('',#3348,.T.);
#3601=FACE_BOUND('',#3349,.T.);
#3602=FACE_BOUND('',#3350,.T.);
#3603=FACE_BOUND('',#3351,.T.);
#3604=FACE_BOUND('',#3352,.T.);
#3605=FACE_BOUND('',#3353,.T.);
#3606=FACE_BOUND('',#3354,.T.);
#3607=FACE_BOUND('',#3355,.T.);
#3608=FACE_BOUND('',#3356,.T.);
#3609=FACE_BOUND('',#3357,.T.);
#3610=FACE_BOUND('',#3358,.T.);
#3611=FACE_BOUND('',#3359,.T.);
#3612=FACE_BOUND('',#3360,.T.);
#3613=FACE_BOUND('',#3361,.T.);
#3614=FACE_BOUND('',#3362,.T.);
#3615=FACE_BOUND('',#3363,.T.);
#3616=FACE_BOUND('',#3364,.T.);
#3617=FACE_BOUND('',#3365,.T.);
#3618=FACE_BOUND('',#3366,.T.);
#3619=FACE_BOUND('',#3367,.T.);
#3620=FACE_BOUND('',#3368,.T.);
#3621=FACE_BOUND('',#3369,.T.);
#3622=FACE_BOUND('',#3370,.T.);
#3623=FACE_BOUND('',#3371,.T.);
#3624=FACE_BOUND('',#3372,.T.);
#3625=FACE_BOUND('',#3373,.T.);
#3626=FACE_BOUND('',#3374,.T.);
#3627=FACE_BOUND('',#3375,.T.);
#3628=FACE_BOUND('',#3376,.T.);
#3629=FACE_BOUND('',#3377,.T.);
#3630=FACE_BOUND('',#3378,.T.);
#3631=FACE_BOUND('',#3379,.T.);
#3632=FACE_BOUND('',#3380,.T.);
#3633=FACE_BOUND('',#3381,.T.);
#3634=FACE_BOUND('',#3382,.T.);
#3635=FACE_BOUND('',#3383,.T.);
#3636=FACE_BOUND('',#3384,.T.);
#3637=FACE_BOUND('',#3385,.T.);
#3638=FACE_BOUND('',#3386,.T.);
#3639=FACE_BOUND('',#3387,.T.);
#3640=FACE_BOUND('',#3388,.T.);
#3641=FACE_BOUND('',#3389,.T.);
#3642=FACE_BOUND('',#3390,.T.);
#3643=FACE_BOUND('',#3391,.T.);
#3644=FACE_BOUND('',#3392,.T.);
#3645=FACE_BOUND('',#3393,.T.);
#3646=FACE_BOUND('',#3394,.T.);
#3647=FACE_BOUND('',#3395,.T.);
#3648=FACE_BOUND('',#3396,.T.);
#3649=FACE_BOUND('',#3397,.T.);
#3650=FACE_BOUND('',#3398,.T.);
#3651=FACE_BOUND('',#3399,.T.);
#3652=FACE_BOUND('',#3400,.T.);
#3653=FACE_BOUND('',#3401,.T.);
#3654=FACE_BOUND('',#3402,.T.);
#3655=FACE_BOUND('',#3403,.T.);
#3656=FACE_BOUND('',#3404,.T.);
#3657=FACE_BOUND('',#3405,.T.);
#3658=FACE_BOUND('',#3406,.T.);
#3659=FACE_BOUND('',#3407,.T.);
#3660=FACE_BOUND('',#3408,.T.);
#3661=FACE_BOUND('',#3409,.T.);
#3662=FACE_BOUND('',#3410,.T.);
#3663=FACE_BOUND('',#3411,.T.);
#3664=FACE_BOUND('',#3412,.T.);
#3665=FACE_BOUND('',#3413,.T.);
#3666=FACE_BOUND('',#3414,.T.);
#3667=FACE_BOUND('',#3415,.T.);
#3668=FACE_BOUND('',#3416,.T.);
#3669=PLANE('',#4068);
#3670=PLANE('',#4088);
#3671=PLANE('',#4097);
#3672=PLANE('',#4098);
#3673=PLANE('',#4099);
#3674=PLANE('',#4100);
#3675=PLANE('',#4101);
#3676=PLANE('',#4102);
#3677=PLANE('',#4103);
#3678=PLANE('',#4104);
#3679=PLANE('',#4105);
#3680=PLANE('',#4106);
#3681=PLANE('',#4107);
#3682=PLANE('',#4108);
#3683=PLANE('',#4109);
#3684=PLANE('',#4110);
#3685=PLANE('',#4111);
#3686=PLANE('',#4116);
#3687=PLANE('',#4117);
#3688=PLANE('',#4118);
#3689=PLANE('',#4119);
#3690=PLANE('',#4120);
#3691=PLANE('',#4124);
#3692=PLANE('',#4125);
#3693=PLANE('',#4126);
#3694=PLANE('',#4127);
#3695=PLANE('',#4128);
#3696=PLANE('',#4129);
#3697=PLANE('',#4133);
#3698=PLANE('',#4134);
#3699=PLANE('',#4135);
#3700=PLANE('',#4136);
#3701=PLANE('',#4137);
#3702=PLANE('',#4138);
#3703=PLANE('',#4139);
#3704=PLANE('',#4140);
#3705=PLANE('',#4141);
#3706=PLANE('',#4142);
#3707=PLANE('',#4143);
#3708=PLANE('',#4144);
#3709=PLANE('',#4145);
#3710=PLANE('',#4146);
#3711=PLANE('',#4147);
#3712=PLANE('',#4148);
#3713=PLANE('',#4149);
#3714=PLANE('',#4150);
#3715=PLANE('',#4151);
#3716=PLANE('',#4154);
#3717=PLANE('',#4157);
#3718=PLANE('',#4160);
#3719=PLANE('',#4163);
#3720=PLANE('',#4167);
#3721=PLANE('',#4168);
#3722=PLANE('',#4169);
#3723=PLANE('',#4173);
#3724=PLANE('',#4174);
#3725=PLANE('',#4175);
#3726=PLANE('',#4176);
#3727=PLANE('',#4177);
#3728=PLANE('',#4178);
#3729=PLANE('',#4179);
#3730=PLANE('',#4180);
#3731=PLANE('',#4181);
#3732=PLANE('',#4182);
#3733=PLANE('',#4183);
#3734=PLANE('',#4184);
#3735=PLANE('',#4185);
#3736=PLANE('',#4186);
#3737=PLANE('',#4187);
#3738=PLANE('',#4188);
#3739=PLANE('',#4189);
#3740=PLANE('',#4190);
#3741=PLANE('',#4191);
#3742=PLANE('',#4192);
#3743=PLANE('',#4197);
#3744=PLANE('',#4198);
#3745=PLANE('',#4199);
#3746=PLANE('',#4200);
#3747=PLANE('',#4201);
#3748=PLANE('',#4202);
#3749=PLANE('',#4203);
#3750=PLANE('',#4204);
#3751=PLANE('',#4205);
#3752=PLANE('',#4222);
#3753=PLANE('',#4238);
#3754=PLANE('',#4239);
#3755=PLANE('',#4240);
#3756=PLANE('',#4241);
#3757=PLANE('',#4242);
#3758=PLANE('',#4248);
#3759=PLANE('',#4249);
#3760=PLANE('',#4263);
#3761=PLANE('',#4266);
#3762=PLANE('',#4270);
#3763=PLANE('',#4286);
#3764=PLANE('',#4287);
#3765=PLANE('',#4288);
#3766=PLANE('',#4289);
#3767=PLANE('',#4290);
#3768=PLANE('',#4298);
#3769=PLANE('',#4299);
#3770=PLANE('',#4300);
#3771=PLANE('',#4301);
#3772=PLANE('',#4302);
#3773=PLANE('',#4303);
#3774=PLANE('',#4304);
#3775=PLANE('',#4305);
#3776=PLANE('',#4306);
#3777=PLANE('',#4307);
#3778=PLANE('',#4308);
#3779=PLANE('',#4309);
#3780=PLANE('',#4310);
#3781=PLANE('',#4311);
#3782=PLANE('',#4312);
#3783=PLANE('',#4313);
#3784=PLANE('',#4314);
#3785=PLANE('',#4315);
#3786=PLANE('',#4320);
#3787=PLANE('',#4321);
#3788=PLANE('',#4322);
#3789=PLANE('',#4323);
#3790=ADVANCED_FACE('',(#3417,#3418,#3419,#3420,#3421,#3422,#3423,#3424,
#3425,#3426),#3669,.T.);
#3791=ADVANCED_FACE('',(#3427,#3428,#3429,#3430,#3431,#3432),#3670,.F.);
#3792=ADVANCED_FACE('',(#3433),#3671,.T.);
#3793=ADVANCED_FACE('',(#3434),#3672,.T.);
#3794=ADVANCED_FACE('',(#3435),#3673,.F.);
#3795=ADVANCED_FACE('',(#3436),#3674,.F.);
#3796=ADVANCED_FACE('',(#3437),#3675,.F.);
#3797=ADVANCED_FACE('',(#3438,#3439,#3440,#3441),#3676,.T.);
#3798=ADVANCED_FACE('',(#3442,#3443,#3444,#3445),#3677,.T.);
#3799=ADVANCED_FACE('',(#3446),#3678,.F.);
#3800=ADVANCED_FACE('',(#3447),#3679,.T.);
#3801=ADVANCED_FACE('',(#3448),#3680,.T.);
#3802=ADVANCED_FACE('',(#3449),#3681,.F.);
#3803=ADVANCED_FACE('',(#3450),#3682,.F.);
#3804=ADVANCED_FACE('',(#3451),#3683,.F.);
#3805=ADVANCED_FACE('',(#3452),#3684,.F.);
#3806=ADVANCED_FACE('',(#3453),#3685,.T.);
#3807=ADVANCED_FACE('',(#3454),#3686,.F.);
#3808=ADVANCED_FACE('',(#3455),#3687,.F.);
#3809=ADVANCED_FACE('',(#3456),#3688,.T.);
#3810=ADVANCED_FACE('',(#3457),#3689,.F.);
#3811=ADVANCED_FACE('',(#3458),#3690,.T.);
#3812=ADVANCED_FACE('',(#3459,#3460),#70,.F.);
#3813=ADVANCED_FACE('',(#3461),#3691,.T.);
#3814=ADVANCED_FACE('',(#3462),#3692,.F.);
#3815=ADVANCED_FACE('',(#3463,#3464),#3693,.T.);
#3816=ADVANCED_FACE('',(#3465),#3694,.F.);
#3817=ADVANCED_FACE('',(#3466),#3695,.F.);
#3818=ADVANCED_FACE('',(#3467),#3696,.F.);
#3819=ADVANCED_FACE('',(#3468,#3469),#71,.F.);
#3820=ADVANCED_FACE('',(#3470,#3471),#3697,.T.);
#3821=ADVANCED_FACE('',(#3472),#3698,.F.);
#3822=ADVANCED_FACE('',(#3473),#3699,.F.);
#3823=ADVANCED_FACE('',(#3474),#3700,.T.);
#3824=ADVANCED_FACE('',(#3475),#3701,.F.);
#3825=ADVANCED_FACE('',(#3476),#3702,.T.);
#3826=ADVANCED_FACE('',(#3477),#3703,.F.);
#3827=ADVANCED_FACE('',(#3478),#3704,.T.);
#3828=ADVANCED_FACE('',(#3479),#3705,.T.);
#3829=ADVANCED_FACE('',(#3480),#3706,.F.);
#3830=ADVANCED_FACE('',(#3481),#3707,.T.);
#3831=ADVANCED_FACE('',(#3482),#3708,.F.);
#3832=ADVANCED_FACE('',(#3483),#3709,.T.);
#3833=ADVANCED_FACE('',(#3484),#3710,.F.);
#3834=ADVANCED_FACE('',(#3485),#3711,.T.);
#3835=ADVANCED_FACE('',(#3486),#3712,.F.);
#3836=ADVANCED_FACE('',(#3487),#3713,.T.);
#3837=ADVANCED_FACE('',(#3488,#3489),#3714,.T.);
#3838=ADVANCED_FACE('',(#3490),#3715,.T.);
#3839=ADVANCED_FACE('',(#3491,#3492),#72,.F.);
#3840=ADVANCED_FACE('',(#3493),#3716,.T.);
#3841=ADVANCED_FACE('',(#3494,#3495),#73,.F.);
#3842=ADVANCED_FACE('',(#3496),#3717,.T.);
#3843=ADVANCED_FACE('',(#3497,#3498),#74,.F.);
#3844=ADVANCED_FACE('',(#3499),#3718,.T.);
#3845=ADVANCED_FACE('',(#3500,#3501),#75,.F.);
#3846=ADVANCED_FACE('',(#3502),#3719,.T.);
#3847=ADVANCED_FACE('',(#3503,#3504),#76,.F.);
#3848=ADVANCED_FACE('',(#3505),#3720,.T.);
#3849=ADVANCED_FACE('',(#3506),#3721,.T.);
#3850=ADVANCED_FACE('',(#3507,#3508),#3722,.T.);
#3851=ADVANCED_FACE('',(#3509,#3510),#77,.F.);
#3852=ADVANCED_FACE('',(#3511),#3723,.T.);
#3853=ADVANCED_FACE('',(#3512),#3724,.T.);
#3854=ADVANCED_FACE('',(#3513),#3725,.F.);
#3855=ADVANCED_FACE('',(#3514,#3515),#3726,.T.);
#3856=ADVANCED_FACE('',(#3516),#3727,.F.);
#3857=ADVANCED_FACE('',(#3517),#3728,.F.);
#3858=ADVANCED_FACE('',(#3518),#3729,.T.);
#3859=ADVANCED_FACE('',(#3519),#3730,.T.);
#3860=ADVANCED_FACE('',(#3520),#3731,.T.);
#3861=ADVANCED_FACE('',(#3521),#3732,.T.);
#3862=ADVANCED_FACE('',(#3522),#3733,.T.);
#3863=ADVANCED_FACE('',(#3523),#3734,.T.);
#3864=ADVANCED_FACE('',(#3524),#3735,.T.);
#3865=ADVANCED_FACE('',(#3525),#3736,.T.);
#3866=ADVANCED_FACE('',(#3526),#3737,.T.);
#3867=ADVANCED_FACE('',(#3527),#3738,.T.);
#3868=ADVANCED_FACE('',(#3528),#3739,.T.);
#3869=ADVANCED_FACE('',(#3529),#3740,.T.);
#3870=ADVANCED_FACE('',(#3530),#3741,.T.);
#3871=ADVANCED_FACE('',(#3531),#3742,.T.);
#3872=ADVANCED_FACE('',(#3532),#20,.T.);
#3873=ADVANCED_FACE('',(#3533),#78,.F.);
#3874=ADVANCED_FACE('',(#3534),#21,.T.);
#3875=ADVANCED_FACE('',(#3535),#22,.T.);
#3876=ADVANCED_FACE('',(#3536),#79,.F.);
#3877=ADVANCED_FACE('',(#3537),#23,.T.);
#3878=ADVANCED_FACE('',(#3538),#3743,.T.);
#3879=ADVANCED_FACE('',(#3539),#3744,.T.);
#3880=ADVANCED_FACE('',(#3540),#3745,.T.);
#3881=ADVANCED_FACE('',(#3541),#24,.T.);
#3882=ADVANCED_FACE('',(#3542),#25,.T.);
#3883=ADVANCED_FACE('',(#3543),#26,.T.);
#3884=ADVANCED_FACE('',(#3544),#27,.T.);
#3885=ADVANCED_FACE('Face appearance 2',(#3545),#3746,.T.);
#3886=ADVANCED_FACE('',(#3546),#3747,.T.);
#3887=ADVANCED_FACE('',(#3547),#3748,.T.);
#3888=ADVANCED_FACE('',(#3548),#3749,.T.);
#3889=ADVANCED_FACE('',(#3549),#3750,.T.);
#3890=ADVANCED_FACE('Face appearance 2',(#3550),#3751,.T.);
#3891=ADVANCED_FACE('',(#3551),#80,.F.);
#3892=ADVANCED_FACE('',(#3552),#81,.F.);
#3893=ADVANCED_FACE('',(#3553),#82,.F.);
#3894=ADVANCED_FACE('',(#3554),#83,.F.);
#3895=ADVANCED_FACE('',(#3555),#84,.F.);
#3896=ADVANCED_FACE('',(#3556),#85,.F.);
#3897=ADVANCED_FACE('',(#3557),#86,.F.);
#3898=ADVANCED_FACE('',(#3558),#87,.F.);
#3899=ADVANCED_FACE('Face appearance 2',(#3559),#3752,.T.);
#3900=ADVANCED_FACE('',(#3560),#28,.T.);
#3901=ADVANCED_FACE('',(#3561),#29,.T.);
#3902=ADVANCED_FACE('',(#3562),#88,.T.);
#3903=ADVANCED_FACE('',(#3563),#89,.T.);
#3904=ADVANCED_FACE('',(#3564),#90,.T.);
#3905=ADVANCED_FACE('',(#3565),#30,.T.);
#3906=ADVANCED_FACE('',(#3566),#31,.T.);
#3907=ADVANCED_FACE('',(#3567),#32,.T.);
#3908=ADVANCED_FACE('',(#3568),#33,.T.);
#3909=ADVANCED_FACE('',(#3569),#91,.T.);
#3910=ADVANCED_FACE('',(#3570),#92,.T.);
#3911=ADVANCED_FACE('',(#3571),#34,.T.);
#3912=ADVANCED_FACE('',(#3572),#35,.T.);
#3913=ADVANCED_FACE('',(#3573),#36,.T.);
#3914=ADVANCED_FACE('',(#3574),#37,.T.);
#3915=ADVANCED_FACE('',(#3575),#38,.T.);
#3916=ADVANCED_FACE('',(#3576),#39,.T.);
#3917=ADVANCED_FACE('',(#3577),#3753,.T.);
#3918=ADVANCED_FACE('',(#3578),#3754,.T.);
#3919=ADVANCED_FACE('',(#3579),#3755,.T.);
#3920=ADVANCED_FACE('',(#3580),#3756,.T.);
#3921=ADVANCED_FACE('',(#3581),#3757,.T.);
#3922=ADVANCED_FACE('',(#3582),#40,.T.);
#3923=ADVANCED_FACE('',(#3583),#41,.T.);
#3924=ADVANCED_FACE('',(#3584),#42,.T.);
#3925=ADVANCED_FACE('',(#3585),#93,.F.);
#3926=ADVANCED_FACE('',(#3586),#94,.T.);
#3927=ADVANCED_FACE('Face appearance 2',(#3587,#3588),#3758,.T.);
#3928=ADVANCED_FACE('',(#3589),#43,.T.);
#3929=ADVANCED_FACE('',(#3590),#3759,.T.);
#3930=ADVANCED_FACE('',(#3591),#44,.T.);
#3931=ADVANCED_FACE('',(#3592),#45,.T.);
#3932=ADVANCED_FACE('',(#3593),#95,.T.);
#3933=ADVANCED_FACE('',(#3594),#96,.F.);
#3934=ADVANCED_FACE('',(#3595),#46,.T.);
#3935=ADVANCED_FACE('',(#3596),#97,.F.);
#3936=ADVANCED_FACE('',(#3597),#47,.T.);
#3937=ADVANCED_FACE('',(#3598),#48,.T.);
#3938=ADVANCED_FACE('',(#3599),#98,.F.);
#3939=ADVANCED_FACE('',(#3600),#49,.T.);
#3940=ADVANCED_FACE('',(#3601),#50,.T.);
#3941=ADVANCED_FACE('',(#3602),#99,.F.);
#3942=ADVANCED_FACE('',(#3603),#51,.T.);
#3943=ADVANCED_FACE('',(#3604),#52,.T.);
#3944=ADVANCED_FACE('',(#3605),#100,.F.);
#3945=ADVANCED_FACE('',(#3606),#3760,.T.);
#3946=ADVANCED_FACE('',(#3607),#101,.T.);
#3947=ADVANCED_FACE('',(#3608),#53,.T.);
#3948=ADVANCED_FACE('',(#3609),#54,.T.);
#3949=ADVANCED_FACE('',(#3610),#55,.T.);
#3950=ADVANCED_FACE('',(#3611),#3761,.T.);
#3951=ADVANCED_FACE('',(#3612),#102,.T.);
#3952=ADVANCED_FACE('Face appearance 2',(#3613,#3614),#3762,.T.);
#3953=ADVANCED_FACE('',(#3615),#56,.T.);
#3954=ADVANCED_FACE('',(#3616),#57,.T.);
#3955=ADVANCED_FACE('',(#3617),#103,.T.);
#3956=ADVANCED_FACE('',(#3618),#104,.T.);
#3957=ADVANCED_FACE('',(#3619),#105,.T.);
#3958=ADVANCED_FACE('',(#3620),#58,.T.);
#3959=ADVANCED_FACE('',(#3621),#59,.T.);
#3960=ADVANCED_FACE('',(#3622),#60,.T.);
#3961=ADVANCED_FACE('',(#3623),#61,.T.);
#3962=ADVANCED_FACE('',(#3624),#106,.T.);
#3963=ADVANCED_FACE('',(#3625),#107,.T.);
#3964=ADVANCED_FACE('',(#3626),#62,.T.);
#3965=ADVANCED_FACE('',(#3627),#3763,.T.);
#3966=ADVANCED_FACE('',(#3628),#3764,.T.);
#3967=ADVANCED_FACE('',(#3629),#3765,.T.);
#3968=ADVANCED_FACE('',(#3630),#3766,.T.);
#3969=ADVANCED_FACE('',(#3631),#3767,.T.);
#3970=ADVANCED_FACE('',(#3632),#63,.T.);
#3971=ADVANCED_FACE('',(#3633),#64,.T.);
#3972=ADVANCED_FACE('',(#3634),#108,.F.);
#3973=ADVANCED_FACE('',(#3635),#65,.T.);
#3974=ADVANCED_FACE('',(#3636),#66,.T.);
#3975=ADVANCED_FACE('',(#3637),#67,.T.);
#3976=ADVANCED_FACE('',(#3638),#109,.F.);
#3977=ADVANCED_FACE('',(#3639),#68,.T.);
#3978=ADVANCED_FACE('',(#3640),#69,.T.);
#3979=ADVANCED_FACE('',(#3641),#110,.T.);
#3980=ADVANCED_FACE('Face appearance 2',(#3642,#3643),#3768,.T.);
#3981=ADVANCED_FACE('',(#3644),#3769,.T.);
#3982=ADVANCED_FACE('',(#3645),#3770,.T.);
#3983=ADVANCED_FACE('',(#3646),#3771,.T.);
#3984=ADVANCED_FACE('',(#3647),#3772,.T.);
#3985=ADVANCED_FACE('',(#3648),#3773,.T.);
#3986=ADVANCED_FACE('',(#3649),#3774,.T.);
#3987=ADVANCED_FACE('',(#3650),#3775,.T.);
#3988=ADVANCED_FACE('',(#3651),#3776,.T.);
#3989=ADVANCED_FACE('',(#3652),#3777,.T.);
#3990=ADVANCED_FACE('',(#3653),#3778,.T.);
#3991=ADVANCED_FACE('',(#3654),#3779,.T.);
#3992=ADVANCED_FACE('',(#3655),#3780,.T.);
#3993=ADVANCED_FACE('',(#3656),#3781,.T.);
#3994=ADVANCED_FACE('Face appearance 2',(#3657),#3782,.T.);
#3995=ADVANCED_FACE('',(#3658),#3783,.T.);
#3996=ADVANCED_FACE('',(#3659),#3784,.T.);
#3997=ADVANCED_FACE('',(#3660),#3785,.T.);
#3998=ADVANCED_FACE('',(#3661),#111,.T.);
#3999=ADVANCED_FACE('',(#3662),#112,.T.);
#4000=ADVANCED_FACE('',(#3663),#113,.T.);
#4001=ADVANCED_FACE('',(#3664),#114,.T.);
#4002=ADVANCED_FACE('Face appearance 2',(#3665),#3786,.T.);
#4003=ADVANCED_FACE('',(#3666),#3787,.F.);
#4004=ADVANCED_FACE('',(#3667),#3788,.F.);
#4005=ADVANCED_FACE('',(#3668),#3789,.T.);
#4006=CLOSED_SHELL('',(#3790,#3791,#3792,#3793,#3794,#3795,#3796,#3797,
#3798,#3799,#3800,#3801,#3802,#3803,#3804,#3805,#3806,#3807,#3808,#3809,
#3810,#3811,#3812,#3813,#3814,#3815,#3816,#3817,#3818,#3819,#3820,#3821,
#3822,#3823,#3824,#3825,#3826,#3827,#3828,#3829,#3830,#3831,#3832,#3833,
#3834,#3835,#3836,#3837,#3838,#3839,#3840,#3841,#3842,#3843,#3844,#3845,
#3846,#3847,#3848,#3849,#3850,#3851,#3852,#3853,#3854,#3855,#3856,#3857,
#3858,#3859,#3860,#3861,#3862,#3863,#3864,#3865,#3866,#3867,#3868,#3869,
#3870,#3871,#3872,#3873,#3874,#3875,#3876,#3877,#3878,#3879,#3880,#3881,
#3882,#3883,#3884,#3885,#3886,#3887,#3888,#3889,#3890,#3891,#3892,#3893,
#3894,#3895,#3896,#3897,#3898,#3899,#3900,#3901,#3902,#3903,#3904,#3905,
#3906,#3907,#3908,#3909,#3910,#3911,#3912,#3913,#3914,#3915,#3916,#3917,
#3918,#3919,#3920,#3921,#3922,#3923,#3924,#3925,#3926,#3927,#3928,#3929,
#3930,#3931,#3932,#3933,#3934,#3935,#3936,#3937,#3938,#3939,#3940,#3941,
#3942,#3943,#3944,#3945,#3946,#3947,#3948,#3949,#3950,#3951,#3952,#3953,
#3954,#3955,#3956,#3957,#3958,#3959,#3960,#3961,#3962,#3963,#3964,#3965,
#3966,#3967,#3968,#3969,#3970,#3971,#3972,#3973,#3974,#3975,#3976,#3977,
#3978,#3979,#3980,#3981,#3982,#3983,#3984,#3985,#3986,#3987,#3988,#3989,
#3990,#3991,#3992,#3993,#3994,#3995,#3996,#3997,#3998,#3999,#4000,#4001,
#4002,#4003,#4004,#4005));
#4007=STYLED_ITEM('',(#4008),#4064);
#4008=PRESENTATION_STYLE_ASSIGNMENT((#4017));
#4009=PRESENTATION_STYLE_ASSIGNMENT((#4018));
#4010=PRESENTATION_STYLE_ASSIGNMENT((#4019));
#4011=PRESENTATION_STYLE_ASSIGNMENT((#4020));
#4012=PRESENTATION_STYLE_ASSIGNMENT((#4021));
#4013=PRESENTATION_STYLE_ASSIGNMENT((#4022));
#4014=PRESENTATION_STYLE_ASSIGNMENT((#4023));
#4015=PRESENTATION_STYLE_ASSIGNMENT((#4024));
#4016=PRESENTATION_STYLE_ASSIGNMENT((#4025));
#4017=SURFACE_STYLE_USAGE(.BOTH.,#4026);
#4018=SURFACE_STYLE_USAGE(.BOTH.,#4027);
#4019=SURFACE_STYLE_USAGE(.BOTH.,#4028);
#4020=SURFACE_STYLE_USAGE(.BOTH.,#4029);
#4021=SURFACE_STYLE_USAGE(.BOTH.,#4030);
#4022=SURFACE_STYLE_USAGE(.BOTH.,#4031);
#4023=SURFACE_STYLE_USAGE(.BOTH.,#4032);
#4024=SURFACE_STYLE_USAGE(.BOTH.,#4033);
#4025=SURFACE_STYLE_USAGE(.BOTH.,#4034);
#4026=SURFACE_SIDE_STYLE('',(#4035));
#4027=SURFACE_SIDE_STYLE('',(#4036));
#4028=SURFACE_SIDE_STYLE('',(#4037));
#4029=SURFACE_SIDE_STYLE('',(#4038));
#4030=SURFACE_SIDE_STYLE('',(#4039));
#4031=SURFACE_SIDE_STYLE('',(#4040));
#4032=SURFACE_SIDE_STYLE('',(#4041));
#4033=SURFACE_SIDE_STYLE('',(#4042));
#4034=SURFACE_SIDE_STYLE('',(#4043));
#4035=SURFACE_STYLE_FILL_AREA(#4044);
#4036=SURFACE_STYLE_FILL_AREA(#4045);
#4037=SURFACE_STYLE_FILL_AREA(#4046);
#4038=SURFACE_STYLE_FILL_AREA(#4047);
#4039=SURFACE_STYLE_FILL_AREA(#4048);
#4040=SURFACE_STYLE_FILL_AREA(#4049);
#4041=SURFACE_STYLE_FILL_AREA(#4050);
#4042=SURFACE_STYLE_FILL_AREA(#4051);
#4043=SURFACE_STYLE_FILL_AREA(#4052);
#4044=FILL_AREA_STYLE('',(#4053));
#4045=FILL_AREA_STYLE('',(#4054));
#4046=FILL_AREA_STYLE('',(#4055));
#4047=FILL_AREA_STYLE('',(#4056));
#4048=FILL_AREA_STYLE('',(#4057));
#4049=FILL_AREA_STYLE('',(#4058));
#4050=FILL_AREA_STYLE('',(#4059));
#4051=FILL_AREA_STYLE('',(#4060));
#4052=FILL_AREA_STYLE('',(#4061));
#4053=FILL_AREA_STYLE_COLOUR('',#4062);
#4054=FILL_AREA_STYLE_COLOUR('',#4063);
#4055=FILL_AREA_STYLE_COLOUR('',#4063);
#4056=FILL_AREA_STYLE_COLOUR('',#4063);
#4057=FILL_AREA_STYLE_COLOUR('',#4063);
#4058=FILL_AREA_STYLE_COLOUR('',#4063);
#4059=FILL_AREA_STYLE_COLOUR('',#4063);
#4060=FILL_AREA_STYLE_COLOUR('',#4063);
#4061=FILL_AREA_STYLE_COLOUR('',#4063);
#4062=COLOUR_RGB('',0.901960784313726,0.901960784313726,0.901960784313726);
#4063=COLOUR_RGB('',0.262745098039216,0.282352941176471,0.301960784313725);
#4064=MANIFOLD_SOLID_BREP('Part 1',#4006);
#4065=SHAPE_DEFINITION_REPRESENTATION(#6948,#4066);
#4066=SHAPE_REPRESENTATION('Part 1',(#4067),#6943);
#4067=AXIS2_PLACEMENT_3D('',#5219,#4324,#4325);
#4068=AXIS2_PLACEMENT_3D('',#5220,#4326,#4327);
#4069=AXIS2_PLACEMENT_3D('',#5226,#4328,#4329);
#4070=AXIS2_PLACEMENT_3D('',#5242,#4331,#4332);
#4071=AXIS2_PLACEMENT_3D('',#5246,#4334,#4335);
#4072=AXIS2_PLACEMENT_3D('',#5256,#4336,#4337);
#4073=AXIS2_PLACEMENT_3D('',#5266,#4338,#4339);
#4074=AXIS2_PLACEMENT_3D('',#5276,#4340,#4341);
#4075=AXIS2_PLACEMENT_3D('',#5277,#4342,#4343);
#4076=AXIS2_PLACEMENT_3D('',#5280,#4344,#4345);
#4077=AXIS2_PLACEMENT_3D('',#5282,#4346,#4347);
#4078=AXIS2_PLACEMENT_3D('',#5284,#4348,#4349);
#4079=AXIS2_PLACEMENT_3D('',#5286,#4350,#4351);
#4080=AXIS2_PLACEMENT_3D('',#5288,#4352,#4353);
#4081=AXIS2_PLACEMENT_3D('',#5290,#4354,#4355);
#4082=AXIS2_PLACEMENT_3D('',#5292,#4356,#4357);
#4083=AXIS2_PLACEMENT_3D('',#5332,#4367,#4368);
#4084=AXIS2_PLACEMENT_3D('',#5342,#4369,#4370);
#4085=AXIS2_PLACEMENT_3D('',#5396,#4391,#4392);
#4086=AXIS2_PLACEMENT_3D('',#5450,#4399,#4400);
#4087=AXIS2_PLACEMENT_3D('',#5464,#4401,#4402);
#4088=AXIS2_PLACEMENT_3D('',#5507,#4420,#4421);
#4089=AXIS2_PLACEMENT_3D('',#5508,#4422,#4423);
#4090=AXIS2_PLACEMENT_3D('',#5510,#4424,#4425);
#4091=AXIS2_PLACEMENT_3D('',#5512,#4426,#4427);
#4092=AXIS2_PLACEMENT_3D('',#5514,#4428,#4429);
#4093=AXIS2_PLACEMENT_3D('',#5519,#4431,#4432);
#4094=AXIS2_PLACEMENT_3D('',#5523,#4434,#4435);
#4095=AXIS2_PLACEMENT_3D('',#5524,#4436,#4437);
#4096=AXIS2_PLACEMENT_3D('',#5528,#4439,#4440);
#4097=AXIS2_PLACEMENT_3D('',#5549,#4451,#4452);
#4098=AXIS2_PLACEMENT_3D('',#5558,#4457,#4458);
#4099=AXIS2_PLACEMENT_3D('',#5564,#4462,#4463);
#4100=AXIS2_PLACEMENT_3D('',#5575,#4469,#4470);
#4101=AXIS2_PLACEMENT_3D('',#5582,#4475,#4476);
#4102=AXIS2_PLACEMENT_3D('',#5585,#4479,#4480);
#4103=AXIS2_PLACEMENT_3D('',#5627,#4502,#4503);
#4104=AXIS2_PLACEMENT_3D('',#5657,#4519,#4520);
#4105=AXIS2_PLACEMENT_3D('',#5672,#4529,#4530);
#4106=AXIS2_PLACEMENT_3D('',#5679,#4535,#4536);
#4107=AXIS2_PLACEMENT_3D('',#5681,#4538,#4539);
#4108=AXIS2_PLACEMENT_3D('',#5713,#4557,#4558);
#4109=AXIS2_PLACEMENT_3D('',#5725,#4566,#4567);
#4110=AXIS2_PLACEMENT_3D('',#5731,#4571,#4572);
#4111=AXIS2_PLACEMENT_3D('',#5737,#4576,#4577);
#4112=AXIS2_PLACEMENT_3D('',#5738,#4578,#4579);
#4113=AXIS2_PLACEMENT_3D('',#5739,#4580,#4581);
#4114=AXIS2_PLACEMENT_3D('',#5740,#4582,#4583);
#4115=AXIS2_PLACEMENT_3D('',#5741,#4584,#4585);
#4116=AXIS2_PLACEMENT_3D('',#5742,#4586,#4587);
#4117=AXIS2_PLACEMENT_3D('',#5746,#4590,#4591);
#4118=AXIS2_PLACEMENT_3D('',#5748,#4593,#4594);
#4119=AXIS2_PLACEMENT_3D('',#5750,#4596,#4597);
#4120=AXIS2_PLACEMENT_3D('',#5752,#4599,#4600);
#4121=AXIS2_PLACEMENT_3D('',#5756,#4603,#4604);
#4122=AXIS2_PLACEMENT_3D('',#5757,#4605,#4606);
#4123=AXIS2_PLACEMENT_3D('',#5759,#4607,#4608);
#4124=AXIS2_PLACEMENT_3D('',#5761,#4609,#4610);
#4125=AXIS2_PLACEMENT_3D('',#5765,#4613,#4614);
#4126=AXIS2_PLACEMENT_3D('',#5767,#4616,#4617);
#4127=AXIS2_PLACEMENT_3D('',#5768,#4618,#4619);
#4128=AXIS2_PLACEMENT_3D('',#5772,#4622,#4623);
#4129=AXIS2_PLACEMENT_3D('',#5776,#4626,#4627);
#4130=AXIS2_PLACEMENT_3D('',#5778,#4629,#4630);
#4131=AXIS2_PLACEMENT_3D('',#5779,#4631,#4632);
#4132=AXIS2_PLACEMENT_3D('',#5781,#4633,#4634);
#4133=AXIS2_PLACEMENT_3D('',#5783,#4635,#4636);
#4134=AXIS2_PLACEMENT_3D('',#5784,#4637,#4638);
#4135=AXIS2_PLACEMENT_3D('',#5785,#4639,#4640);
#4136=AXIS2_PLACEMENT_3D('',#5786,#4641,#4642);
#4137=AXIS2_PLACEMENT_3D('',#5787,#4643,#4644);
#4138=AXIS2_PLACEMENT_3D('',#5790,#4647,#4648);
#4139=AXIS2_PLACEMENT_3D('',#5792,#4650,#4651);
#4140=AXIS2_PLACEMENT_3D('',#5794,#4653,#4654);
#4141=AXIS2_PLACEMENT_3D('',#5795,#4655,#4656);
#4142=AXIS2_PLACEMENT_3D('',#5798,#4659,#4660);
#4143=AXIS2_PLACEMENT_3D('',#5800,#4662,#4663);
#4144=AXIS2_PLACEMENT_3D('',#5802,#4665,#4666);
#4145=AXIS2_PLACEMENT_3D('',#5803,#4667,#4668);
#4146=AXIS2_PLACEMENT_3D('',#5806,#4671,#4672);
#4147=AXIS2_PLACEMENT_3D('',#5808,#4674,#4675);
#4148=AXIS2_PLACEMENT_3D('',#5810,#4677,#4678);
#4149=AXIS2_PLACEMENT_3D('',#5811,#4679,#4680);
#4150=AXIS2_PLACEMENT_3D('',#5813,#4682,#4683);
#4151=AXIS2_PLACEMENT_3D('',#5815,#4685,#4686);
#4152=AXIS2_PLACEMENT_3D('',#5816,#4687,#4688);
#4153=AXIS2_PLACEMENT_3D('',#5817,#4689,#4690);
#4154=AXIS2_PLACEMENT_3D('',#5819,#4691,#4692);
#4155=AXIS2_PLACEMENT_3D('',#5820,#4693,#4694);
#4156=AXIS2_PLACEMENT_3D('',#5821,#4695,#4696);
#4157=AXIS2_PLACEMENT_3D('',#5823,#4697,#4698);
#4158=AXIS2_PLACEMENT_3D('',#5824,#4699,#4700);
#4159=AXIS2_PLACEMENT_3D('',#5825,#4701,#4702);
#4160=AXIS2_PLACEMENT_3D('',#5827,#4703,#4704);
#4161=AXIS2_PLACEMENT_3D('',#5828,#4705,#4706);
#4162=AXIS2_PLACEMENT_3D('',#5829,#4707,#4708);
#4163=AXIS2_PLACEMENT_3D('',#5831,#4709,#4710);
#4164=AXIS2_PLACEMENT_3D('',#5832,#4711,#4712);
#4165=AXIS2_PLACEMENT_3D('',#5833,#4713,#4714);
#4166=AXIS2_PLACEMENT_3D('',#5835,#4715,#4716);
#4167=AXIS2_PLACEMENT_3D('',#5837,#4717,#4718);
#4168=AXIS2_PLACEMENT_3D('',#5841,#4721,#4722);
#4169=AXIS2_PLACEMENT_3D('',#5843,#4724,#4725);
#4170=AXIS2_PLACEMENT_3D('',#5844,#4726,#4727);
#4171=AXIS2_PLACEMENT_3D('',#5845,#4728,#4729);
#4172=AXIS2_PLACEMENT_3D('',#5847,#4730,#4731);
#4173=AXIS2_PLACEMENT_3D('',#5849,#4732,#4733);
#4174=AXIS2_PLACEMENT_3D('',#5855,#4737,#4738);
#4175=AXIS2_PLACEMENT_3D('',#5857,#4740,#4741);
#4176=AXIS2_PLACEMENT_3D('',#5859,#4743,#4744);
#4177=AXIS2_PLACEMENT_3D('',#5860,#4745,#4746);
#4178=AXIS2_PLACEMENT_3D('',#5861,#4747,#4748);
#4179=AXIS2_PLACEMENT_3D('',#5862,#4749,#4750);
#4180=AXIS2_PLACEMENT_3D('',#5868,#4754,#4755);
#4181=AXIS2_PLACEMENT_3D('',#5872,#4758,#4759);
#4182=AXIS2_PLACEMENT_3D('',#5876,#4762,#4763);
#4183=AXIS2_PLACEMENT_3D('',#5880,#4766,#4767);
#4184=AXIS2_PLACEMENT_3D('',#5884,#4770,#4771);
#4185=AXIS2_PLACEMENT_3D('',#5888,#4774,#4775);
#4186=AXIS2_PLACEMENT_3D('',#5892,#4778,#4779);
#4187=AXIS2_PLACEMENT_3D('',#5896,#4782,#4783);
#4188=AXIS2_PLACEMENT_3D('',#5900,#4786,#4787);
#4189=AXIS2_PLACEMENT_3D('',#5904,#4790,#4791);
#4190=AXIS2_PLACEMENT_3D('',#5906,#4793,#4794);
#4191=AXIS2_PLACEMENT_3D('',#5912,#4798,#4799);
#4192=AXIS2_PLACEMENT_3D('',#5916,#4802,#4803);
#4193=AXIS2_PLACEMENT_3D('',#5933,#4807,#4808);
#4194=AXIS2_PLACEMENT_3D('',#5936,#4810,#4811);
#4195=AXIS2_PLACEMENT_3D('',#5963,#4814,#4815);
#4196=AXIS2_PLACEMENT_3D('',#5966,#4817,#4818);
#4197=AXIS2_PLACEMENT_3D('',#5980,#4820,#4821);
#4198=AXIS2_PLACEMENT_3D('',#5984,#4824,#4825);
#4199=AXIS2_PLACEMENT_3D('',#5988,#4828,#4829);
#4200=AXIS2_PLACEMENT_3D('',#6042,#4835,#4836);
#4201=AXIS2_PLACEMENT_3D('',#6043,#4837,#4838);
#4202=AXIS2_PLACEMENT_3D('',#6049,#4842,#4843);
#4203=AXIS2_PLACEMENT_3D('',#6053,#4846,#4847);
#4204=AXIS2_PLACEMENT_3D('',#6057,#4850,#4851);
#4205=AXIS2_PLACEMENT_3D('',#6059,#4853,#4854);
#4206=AXIS2_PLACEMENT_3D('',#6060,#4855,#4856);
#4207=AXIS2_PLACEMENT_3D('',#6063,#4858,#4859);
#4208=AXIS2_PLACEMENT_3D('',#6066,#4861,#4862);
#4209=AXIS2_PLACEMENT_3D('',#6069,#4864,#4865);
#4210=AXIS2_PLACEMENT_3D('',#6070,#4866,#4867);
#4211=AXIS2_PLACEMENT_3D('',#6073,#4869,#4870);
#4212=AXIS2_PLACEMENT_3D('',#6074,#4871,#4872);
#4213=AXIS2_PLACEMENT_3D('',#6077,#4874,#4875);
#4214=AXIS2_PLACEMENT_3D('',#6078,#4876,#4877);
#4215=AXIS2_PLACEMENT_3D('',#6081,#4879,#4880);
#4216=AXIS2_PLACEMENT_3D('',#6082,#4881,#4882);
#4217=AXIS2_PLACEMENT_3D('',#6085,#4884,#4885);
#4218=AXIS2_PLACEMENT_3D('',#6086,#4886,#4887);
#4219=AXIS2_PLACEMENT_3D('',#6089,#4889,#4890);
#4220=AXIS2_PLACEMENT_3D('',#6090,#4891,#4892);
#4221=AXIS2_PLACEMENT_3D('',#6091,#4893,#4894);
#4222=AXIS2_PLACEMENT_3D('',#6092,#4895,#4896);
#4223=AXIS2_PLACEMENT_3D('',#6130,#4900,#4901);
#4224=AXIS2_PLACEMENT_3D('',#6131,#4902,#4903);
#4225=AXIS2_PLACEMENT_3D('',#6135,#4905,#4906);
#4226=AXIS2_PLACEMENT_3D('',#6136,#4907,#4908);
#4227=AXIS2_PLACEMENT_3D('',#6137,#4909,#4910);
#4228=AXIS2_PLACEMENT_3D('',#6141,#4912,#4913);
#4229=AXIS2_PLACEMENT_3D('',#6142,#4914,#4915);
#4230=AXIS2_PLACEMENT_3D('',#6143,#4916,#4917);
#4231=AXIS2_PLACEMENT_3D('',#6147,#4919,#4920);
#4232=AXIS2_PLACEMENT_3D('',#6216,#4925,#4926);
#4233=AXIS2_PLACEMENT_3D('',#6217,#4927,#4928);
#4234=AXIS2_PLACEMENT_3D('',#6221,#4930,#4931);
#4235=AXIS2_PLACEMENT_3D('',#6222,#4932,#4933);
#4236=AXIS2_PLACEMENT_3D('',#6223,#4934,#4935);
#4237=AXIS2_PLACEMENT_3D('',#6227,#4937,#4938);
#4238=AXIS2_PLACEMENT_3D('',#6308,#4946,#4947);
#4239=AXIS2_PLACEMENT_3D('',#6312,#4950,#4951);
#4240=AXIS2_PLACEMENT_3D('',#6316,#4954,#4955);
#4241=AXIS2_PLACEMENT_3D('',#6320,#4958,#4959);
#4242=AXIS2_PLACEMENT_3D('',#6324,#4962,#4963);
#4243=AXIS2_PLACEMENT_3D('',#6367,#4969,#4970);
#4244=AXIS2_PLACEMENT_3D('',#6368,#4971,#4972);
#4245=AXIS2_PLACEMENT_3D('',#6369,#4973,#4974);
#4246=AXIS2_PLACEMENT_3D('',#6370,#4975,#4976);
#4247=AXIS2_PLACEMENT_3D('',#6371,#4977,#4978);
#4248=AXIS2_PLACEMENT_3D('',#6372,#4979,#4980);
#4249=AXIS2_PLACEMENT_3D('',#6393,#4983,#4984);
#4250=AXIS2_PLACEMENT_3D('',#6433,#4990,#4991);
#4251=AXIS2_PLACEMENT_3D('',#6434,#4992,#4993);
#4252=AXIS2_PLACEMENT_3D('',#6438,#4995,#4996);
#4253=AXIS2_PLACEMENT_3D('',#6439,#4997,#4998);
#4254=AXIS2_PLACEMENT_3D('',#6442,#5000,#5001);
#4255=AXIS2_PLACEMENT_3D('',#6458,#5004,#5005);
#4256=AXIS2_PLACEMENT_3D('',#6461,#5007,#5008);
#4257=AXIS2_PLACEMENT_3D('',#6488,#5011,#5012);
#4258=AXIS2_PLACEMENT_3D('',#6491,#5014,#5015);
#4259=AXIS2_PLACEMENT_3D('',#6518,#5018,#5019);
#4260=AXIS2_PLACEMENT_3D('',#6521,#5021,#5022);
#4261=AXIS2_PLACEMENT_3D('',#6548,#5025,#5026);
#4262=AXIS2_PLACEMENT_3D('',#6551,#5028,#5029);
#4263=AXIS2_PLACEMENT_3D('',#6552,#5030,#5031);
#4264=AXIS2_PLACEMENT_3D('',#6556,#5034,#5035);
#4265=AXIS2_PLACEMENT_3D('',#6559,#5037,#5038);
#4266=AXIS2_PLACEMENT_3D('',#6599,#5042,#5043);
#4267=AXIS2_PLACEMENT_3D('',#6601,#5045,#5046);
#4268=AXIS2_PLACEMENT_3D('',#6602,#5047,#5048);
#4269=AXIS2_PLACEMENT_3D('',#6603,#5049,#5050);
#4270=AXIS2_PLACEMENT_3D('',#6604,#5051,#5052);
#4271=AXIS2_PLACEMENT_3D('',#6642,#5056,#5057);
#4272=AXIS2_PLACEMENT_3D('',#6643,#5058,#5059);
#4273=AXIS2_PLACEMENT_3D('',#6647,#5061,#5062);
#4274=AXIS2_PLACEMENT_3D('',#6648,#5063,#5064);
#4275=AXIS2_PLACEMENT_3D('',#6649,#5065,#5066);
#4276=AXIS2_PLACEMENT_3D('',#6653,#5068,#5069);
#4277=AXIS2_PLACEMENT_3D('',#6654,#5070,#5071);
#4278=AXIS2_PLACEMENT_3D('',#6655,#5072,#5073);
#4279=AXIS2_PLACEMENT_3D('',#6659,#5075,#5076);
#4280=AXIS2_PLACEMENT_3D('',#6728,#5081,#5082);
#4281=AXIS2_PLACEMENT_3D('',#6729,#5083,#5084);
#4282=AXIS2_PLACEMENT_3D('',#6733,#5086,#5087);
#4283=AXIS2_PLACEMENT_3D('',#6734,#5088,#5089);
#4284=AXIS2_PLACEMENT_3D('',#6735,#5090,#5091);
#4285=AXIS2_PLACEMENT_3D('',#6739,#5093,#5094);
#4286=AXIS2_PLACEMENT_3D('',#6755,#5097,#5098);
#4287=AXIS2_PLACEMENT_3D('',#6759,#5101,#5102);
#4288=AXIS2_PLACEMENT_3D('',#6763,#5105,#5106);
#4289=AXIS2_PLACEMENT_3D('',#6767,#5109,#5110);
#4290=AXIS2_PLACEMENT_3D('',#6771,#5113,#5114);
#4291=AXIS2_PLACEMENT_3D('',#6801,#5119,#5120);
#4292=AXIS2_PLACEMENT_3D('',#6804,#5122,#5123);
#4293=AXIS2_PLACEMENT_3D('',#6844,#5127,#5128);
#4294=AXIS2_PLACEMENT_3D('',#6847,#5130,#5131);
#4295=AXIS2_PLACEMENT_3D('',#6872,#5133,#5134);
#4296=AXIS2_PLACEMENT_3D('',#6873,#5135,#5136);
#4297=AXIS2_PLACEMENT_3D('',#6874,#5137,#5138);
#4298=AXIS2_PLACEMENT_3D('',#6875,#5139,#5140);
#4299=AXIS2_PLACEMENT_3D('',#6876,#5141,#5142);
#4300=AXIS2_PLACEMENT_3D('',#6882,#5146,#5147);
#4301=AXIS2_PLACEMENT_3D('',#6886,#5150,#5151);
#4302=AXIS2_PLACEMENT_3D('',#6890,#5154,#5155);
#4303=AXIS2_PLACEMENT_3D('',#6894,#5158,#5159);
#4304=AXIS2_PLACEMENT_3D('',#6898,#5162,#5163);
#4305=AXIS2_PLACEMENT_3D('',#6902,#5166,#5167);
#4306=AXIS2_PLACEMENT_3D('',#6906,#5170,#5171);
#4307=AXIS2_PLACEMENT_3D('',#6910,#5174,#5175);
#4308=AXIS2_PLACEMENT_3D('',#6914,#5178,#5179);
#4309=AXIS2_PLACEMENT_3D('',#6918,#5182,#5183);
#4310=AXIS2_PLACEMENT_3D('',#6922,#5186,#5187);
#4311=AXIS2_PLACEMENT_3D('',#6926,#5190,#5191);
#4312=AXIS2_PLACEMENT_3D('',#6928,#5193,#5194);
#4313=AXIS2_PLACEMENT_3D('',#6929,#5195,#5196);
#4314=AXIS2_PLACEMENT_3D('',#6930,#5197,#5198);
#4315=AXIS2_PLACEMENT_3D('',#6931,#5199,#5200);
#4316=AXIS2_PLACEMENT_3D('',#6932,#5201,#5202);
#4317=AXIS2_PLACEMENT_3D('',#6933,#5203,#5204);
#4318=AXIS2_PLACEMENT_3D('',#6934,#5205,#5206);
#4319=AXIS2_PLACEMENT_3D('',#6935,#5207,#5208);
#4320=AXIS2_PLACEMENT_3D('',#6936,#5209,#5210);
#4321=AXIS2_PLACEMENT_3D('',#6937,#5211,#5212);
#4322=AXIS2_PLACEMENT_3D('',#6939,#5214,#5215);
#4323=AXIS2_PLACEMENT_3D('',#6941,#5217,#5218);
#4324=DIRECTION('',(0.,0.,1.));
#4325=DIRECTION('',(1.,0.,0.));
#4326=DIRECTION('',(0.,-1.,-8.04911692853238E-16));
#4327=DIRECTION('',(0.,8.04911692853238E-16,-1.));
#4328=DIRECTION('',(0.,-1.,-8.04911692853238E-16));
#4329=DIRECTION('',(0.,8.04911692853238E-16,-1.));
#4330=DIRECTION('',(-0.998820546163857,3.90818949007238E-17,-0.0485542640860228));
#4331=DIRECTION('',(0.,-1.,-8.04911692853238E-16));
#4332=DIRECTION('',(0.,8.04911692853238E-16,-1.));
#4333=DIRECTION('',(0.998820546163857,-3.90818949007238E-17,0.0485542640860229));
#4334=DIRECTION('',(0.,-1.,-8.04911692853238E-16));
#4335=DIRECTION('',(0.,8.04911692853238E-16,-1.));
#4336=DIRECTION('',(0.,-1.,-8.04911692853238E-16));
#4337=DIRECTION('',(0.,8.04911692853238E-16,-1.));
#4338=DIRECTION('',(0.,-1.,-8.04911692853238E-16));
#4339=DIRECTION('',(0.,8.04911692853238E-16,-1.));
#4340=DIRECTION('',(0.,-1.,-8.04911692853238E-16));
#4341=DIRECTION('',(0.,8.04911692853238E-16,-1.));
#4342=DIRECTION('',(0.,-1.,-8.04911692853238E-16));
#4343=DIRECTION('',(0.,8.04911692853238E-16,-1.));
#4344=DIRECTION('',(0.,-1.,-8.04911692853238E-16));
#4345=DIRECTION('',(0.,8.04911692853238E-16,-1.));
#4346=DIRECTION('',(0.,-1.,-8.04911692853238E-16));
#4347=DIRECTION('',(0.,8.04911692853238E-16,-1.));
#4348=DIRECTION('',(0.,-1.,-8.04911692853238E-16));
#4349=DIRECTION('',(0.,8.04911692853238E-16,-1.));
#4350=DIRECTION('',(0.,-1.,-8.04911692853238E-16));
#4351=DIRECTION('',(0.,8.04911692853238E-16,-1.));
#4352=DIRECTION('',(0.,-1.,-8.04911692853238E-16));
#4353=DIRECTION('',(0.,8.04911692853238E-16,-1.));
#4354=DIRECTION('',(0.,-1.,-8.04911692853238E-16));
#4355=DIRECTION('',(0.,8.04911692853238E-16,-1.));
#4356=DIRECTION('',(0.,-1.,-8.04911692853238E-16));
#4357=DIRECTION('',(0.,8.04911692853238E-16,-1.));
#4358=DIRECTION('',(0.998820546163857,-3.90818949007236E-17,0.0485542640860226));
#4359=DIRECTION('',(0.0266986775354957,8.04624763384111E-16,-0.999643526772347));
#4360=DIRECTION('',(-0.998820546163857,3.90818949007236E-17,-0.0485542640860226));
#4361=DIRECTION('',(-0.0703866249975663,-8.02915339426326E-16,0.997519785779436));
#4362=DIRECTION('',(0.998820546163857,-3.90818949007234E-17,0.0485542640860223));
#4363=DIRECTION('',(0.048554264086024,8.03962336669346E-16,-0.998820546163857));
#4364=DIRECTION('',(-0.048554264086024,-8.03962336669346E-16,0.998820546163857));
#4365=DIRECTION('',(0.998820546163857,-3.90818949007239E-17,0.048554264086023));
#4366=DIRECTION('',(0.0485542640860219,8.03962336669346E-16,-0.998820546163857));
#4367=DIRECTION('',(0.,-1.,-8.04911692853238E-16));
#4368=DIRECTION('',(0.,8.04911692853238E-16,-1.));
#4369=DIRECTION('',(0.,-1.,-8.04911692853238E-16));
#4370=DIRECTION('',(0.,8.04911692853238E-16,-1.));
#4371=DIRECTION('',(-0.0485542640860219,-8.03962336669346E-16,0.998820546163857));
#4372=DIRECTION('',(-0.998820546163857,3.90818949007238E-17,-0.0485542640860229));
#4373=DIRECTION('',(-0.699641092166737,-5.7510495027899E-16,0.714494466144935));
#4374=DIRECTION('',(0.0485542640860251,8.03962336669346E-16,-0.998820546163857));
#4375=DIRECTION('',(-0.998820546163857,3.90818949007238E-17,-0.0485542640860228));
#4376=DIRECTION('',(-0.0485542640860225,-8.03962336669346E-16,0.998820546163857));
#4377=DIRECTION('',(0.998820546163857,-3.90818949007234E-17,0.0485542640860223));
#4378=DIRECTION('',(0.0485542640860238,8.03962336669346E-16,-0.998820546163857));
#4379=DIRECTION('',(0.618427581196595,-6.32533249552096E-16,0.785841795029591));
#4380=DIRECTION('',(0.998820546163857,-3.90818949007235E-17,0.0485542640860225));
#4381=DIRECTION('',(-0.650756545010333,6.11158544995778E-16,-0.759286453933043));
#4382=DIRECTION('',(0.720233167720617,5.58393054367984E-16,-0.693732069400807));
#4383=DIRECTION('',(0.,8.04911692853238E-16,-1.));
#4384=DIRECTION('',(1.,0.,0.));
#4385=DIRECTION('',(-2.31296463463574E-16,-8.04911692853238E-16,1.));
#4386=DIRECTION('',(1.,0.,0.));
#4387=DIRECTION('',(1.,0.,0.));
#4388=DIRECTION('',(1.09476442525376E-47,-8.04911692853238E-16,1.));
#4389=DIRECTION('',(1.,0.,0.));
#4390=DIRECTION('',(0.,-8.04911692853238E-16,1.));
#4391=DIRECTION('',(0.,-1.,-8.04911692853238E-16));
#4392=DIRECTION('',(0.,8.04911692853238E-16,-1.));
#4393=DIRECTION('',(-0.0485542640860233,-8.03962336669346E-16,0.998820546163857));
#4394=DIRECTION('',(0.998820546163857,-3.90818949007237E-17,0.0485542640860227));
#4395=DIRECTION('',(0.0485542640860228,8.03962336669346E-16,-0.998820546163857));
#4396=DIRECTION('',(-0.998820546163857,3.90818949007237E-17,-0.0485542640860227));
#4397=DIRECTION('',(-0.0485542640860261,-8.03962336669346E-16,0.998820546163857));
#4398=DIRECTION('',(0.0485542640860246,8.03962336669346E-16,-0.998820546163857));
#4399=DIRECTION('',(0.,-1.,-8.04911692853238E-16));
#4400=DIRECTION('',(0.,8.04911692853238E-16,-1.));
#4401=DIRECTION('',(0.,-1.,-8.04911692853238E-16));
#4402=DIRECTION('',(0.,8.04911692853238E-16,-1.));
#4403=DIRECTION('',(0.0485542640860211,8.03962336669346E-16,-0.998820546163857));
#4404=DIRECTION('',(-0.998820546163857,3.90818949007234E-17,-0.0485542640860223));
#4405=DIRECTION('',(-0.0485542640860237,-8.03962336669346E-16,0.998820546163857));
#4406=DIRECTION('',(0.998820546163857,-3.90818949007234E-17,0.0485542640860223));
#4407=DIRECTION('',(0.998820546163857,-3.90818949007233E-17,0.0485542640860222));
#4408=DIRECTION('',(-0.231424208409928,7.8306070389349E-16,-0.972852936348469));
#4409=DIRECTION('',(-0.998820546163857,3.9081894900724E-17,-0.0485542640860231));
#4410=DIRECTION('',(-0.323832050832011,-7.61538690077855E-16,0.946114582306992));
#4411=DIRECTION('',(-0.240006212074954,7.81385212436751E-16,-0.970771352155301));
#4412=DIRECTION('',(-0.998327348074195,4.65354952056503E-17,-0.0578144107221154));
#4413=DIRECTION('',(-0.315524205499319,-7.63794814179205E-16,0.948917528420686));
#4414=DIRECTION('',(0.998820546163857,-3.90818949007238E-17,0.0485542640860229));
#4415=DIRECTION('',(0.295825905412255,7.68885352134658E-16,-0.955241871824628));
#4416=DIRECTION('',(0.226316393825461,-7.84027328039282E-16,0.974053843422343));
#4417=DIRECTION('',(0.998820546163857,-3.90818949007235E-17,0.0485542640860224));
#4418=DIRECTION('',(0.308668328926232,7.65607640717114E-16,-0.951169733916028));
#4419=DIRECTION('',(0.204053263606659,-7.87976179820413E-16,0.978959787535459));
#4420=DIRECTION('',(0.,8.04911692853238E-16,-1.));
#4421=DIRECTION('',(1.,0.,0.));
#4422=DIRECTION('',(0.,-8.04911692853238E-16,1.));
#4423=DIRECTION('',(0.,-1.,-8.04911692853238E-16));
#4424=DIRECTION('',(0.,-8.04911692853238E-16,1.));
#4425=DIRECTION('',(0.,-1.,-8.04911692853238E-16));
#4426=DIRECTION('',(0.,-8.04911692853238E-16,1.));
#4427=DIRECTION('',(0.,-1.,-8.04911692853238E-16));
#4428=DIRECTION('',(0.,-8.04911692853238E-16,1.));
#4429=DIRECTION('',(0.,-1.,-8.04911692853238E-16));
#4430=DIRECTION('',(1.,0.,0.));
#4431=DIRECTION('',(0.,8.04911692853238E-16,-1.));
#4432=DIRECTION('',(0.,1.,8.04911692853238E-16));
#4433=DIRECTION('',(9.77309000550314E-17,1.,8.04911692853238E-16));
#4434=DIRECTION('',(0.,8.04911692853238E-16,-1.));
#4435=DIRECTION('',(0.,1.,8.04911692853238E-16));
#4436=DIRECTION('',(0.,8.04911692853238E-16,-1.));
#4437=DIRECTION('',(0.,1.,8.04911692853238E-16));
#4438=DIRECTION('',(0.,1.,8.04911692853238E-16));
#4439=DIRECTION('',(0.,8.04911692853238E-16,-1.));
#4440=DIRECTION('',(0.,1.,8.04911692853238E-16));
#4441=DIRECTION('',(-1.,0.,0.));
#4442=DIRECTION('',(0.,1.,8.04911692853238E-16));
#4443=DIRECTION('',(1.,3.05881441828546E-16,2.46207549154605E-31));
#4444=DIRECTION('',(0.,1.,8.04911692853238E-16));
#4445=DIRECTION('',(1.,0.,0.));
#4446=DIRECTION('',(6.42490176287706E-17,1.,8.04911692853238E-16));
#4447=DIRECTION('',(1.,0.,0.));
#4448=DIRECTION('',(0.,1.,8.04911692853238E-16));
#4449=DIRECTION('',(1.,0.,0.));
#4450=DIRECTION('',(0.,1.,8.04911692853238E-16));
#4451=DIRECTION('',(0.,8.04911692853238E-16,-1.));
#4452=DIRECTION('',(0.,1.,8.04911692853238E-16));
#4453=DIRECTION('',(0.,-1.,-8.04911692853238E-16));
#4454=DIRECTION('',(-1.,0.,0.));
#4455=DIRECTION('',(0.,-1.,-8.04911692853238E-16));
#4456=DIRECTION('',(1.,0.,0.));
#4457=DIRECTION('',(1.,-1.86173227957433E-31,2.31296463463574E-16));
#4458=DIRECTION('',(2.31296463463574E-16,0.,-1.));
#4459=DIRECTION('',(2.31296463463574E-16,8.04911692853238E-16,-1.));
#4460=DIRECTION('',(0.,-1.,-8.04911692853238E-16));
#4461=DIRECTION('',(-2.31296463463574E-16,-8.04911692853238E-16,1.));
#4462=DIRECTION('',(0.,8.04911692853238E-16,-1.));
#4463=DIRECTION('',(0.,1.,8.04911692853238E-16));
#4464=DIRECTION('',(1.,0.,0.));
#4465=DIRECTION('',(0.,1.,8.04911692853238E-16));
#4466=DIRECTION('',(1.,0.,0.));
#4467=DIRECTION('',(1.,0.,0.));
#4468=DIRECTION('',(0.,1.,8.04911692853238E-16));
#4469=DIRECTION('',(0.,8.04911692853238E-16,-1.));
#4470=DIRECTION('',(0.,1.,8.04911692853238E-16));
#4471=DIRECTION('',(1.,0.,0.));
#4472=DIRECTION('',(0.707106781186547,0.707106781186548,5.69158516272869E-16));
#4473=DIRECTION('',(-0.707106781186548,0.707106781186547,5.69158516272868E-16));
#4474=DIRECTION('',(0.,-1.,-8.04911692853238E-16));
#4475=DIRECTION('',(1.,0.,0.));
#4476=DIRECTION('',(0.,0.,-1.));
#4477=DIRECTION('',(0.,-8.04911692853238E-16,1.));
#4478=DIRECTION('',(0.,-8.04911692853238E-16,1.));
#4479=DIRECTION('',(-1.,0.,0.));
#4480=DIRECTION('',(0.,0.,1.));
#4481=DIRECTION('',(0.,-0.107989387793127,-0.994152046783622));
#4482=DIRECTION('',(0.,-1.,0.));
#4483=DIRECTION('',(0.,0.107989387793125,0.994152046783623));
#4484=DIRECTION('',(0.,1.,0.));
#4485=DIRECTION('',(0.,1.,0.));
#4486=DIRECTION('',(0.,-8.04911692853238E-16,1.));
#4487=DIRECTION('',(0.,8.04911692853238E-16,-1.));
#4488=DIRECTION('',(0.,1.,8.04911692853238E-16));
#4489=DIRECTION('',(0.,0.,1.));
#4490=DIRECTION('',(0.,1.,0.));
#4491=DIRECTION('',(0.,0.,1.));
#4492=DIRECTION('',(0.,1.,8.04911692853238E-16));
#4493=DIRECTION('',(0.,0.,1.));
#4494=DIRECTION('',(0.,-0.107989387793126,-0.994152046783623));
#4495=DIRECTION('',(0.,-1.,0.));
#4496=DIRECTION('',(0.,0.107989387793129,0.994152046783622));
#4497=DIRECTION('',(0.,1.,0.));
#4498=DIRECTION('',(0.,0.107989387793126,0.994152046783623));
#4499=DIRECTION('',(0.,1.,0.));
#4500=DIRECTION('',(0.,-0.107989387793127,-0.994152046783622));
#4501=DIRECTION('',(0.,-1.,0.));
#4502=DIRECTION('',(1.,0.,0.));
#4503=DIRECTION('',(0.,0.,-1.));
#4504=DIRECTION('',(0.,0.107989387793127,0.994152046783622));
#4505=DIRECTION('',(0.,-1.,0.));
#4506=DIRECTION('',(0.,-0.107989387793125,-0.994152046783623));
#4507=DIRECTION('',(0.,1.,0.));
#4508=DIRECTION('',(0.,1.,8.04911692853238E-16));
#4509=DIRECTION('',(0.,-8.04911692853238E-16,1.));
#4510=DIRECTION('',(0.,-8.04911692853238E-16,1.));
#4511=DIRECTION('',(0.,-0.107989387793129,-0.994152046783622));
#4512=DIRECTION('',(0.,1.,0.));
#4513=DIRECTION('',(0.,0.107989387793126,0.994152046783622));
#4514=DIRECTION('',(0.,-1.,0.));
#4515=DIRECTION('',(0.,0.107989387793127,0.994152046783622));
#4516=DIRECTION('',(0.,-1.,0.));
#4517=DIRECTION('',(0.,-0.107989387793126,-0.994152046783623));
#4518=DIRECTION('',(0.,1.,0.));
#4519=DIRECTION('',(1.,0.,0.));
#4520=DIRECTION('',(0.,0.,-1.));
#4521=DIRECTION('',(0.,8.04911692853238E-16,-1.));
#4522=DIRECTION('',(0.,-8.04911692853238E-16,1.));
#4523=DIRECTION('',(0.,-1.,-8.04911692853238E-16));
#4524=DIRECTION('',(0.,-8.04911692853238E-16,1.));
#4525=DIRECTION('',(0.,-8.04911692853238E-16,1.));
#4526=DIRECTION('',(0.,-1.,0.));
#4527=DIRECTION('',(0.,0.,1.));
#4528=DIRECTION('',(0.,1.,8.04911692853238E-16));
#4529=DIRECTION('',(1.,0.,0.));
#4530=DIRECTION('',(0.,0.,-1.));
#4531=DIRECTION('',(0.,-8.04911692853238E-16,1.));
#4532=DIRECTION('',(0.,-1.,-8.04911692853238E-16));
#4533=DIRECTION('',(0.,-8.04911692853238E-16,1.));
#4534=DIRECTION('',(0.,-8.04911692853238E-16,1.));
#4535=DIRECTION('',(3.05881441828546E-16,-1.,-8.04911692853238E-16));
#4536=DIRECTION('',(0.,8.04911692853238E-16,-1.));
#4537=DIRECTION('',(0.,-8.04911692853238E-16,1.));
#4538=DIRECTION('',(0.,8.04911692853238E-16,-1.));
#4539=DIRECTION('',(1.,0.,0.));
#4540=DIRECTION('',(0.,-1.,-8.04911692853238E-16));
#4541=DIRECTION('',(-1.,0.,0.));
#4542=DIRECTION('',(6.42490176287706E-17,1.,8.04911692853238E-16));
#4543=DIRECTION('',(1.,0.,0.));
#4544=DIRECTION('',(0.,-1.,-8.04911692853238E-16));
#4545=DIRECTION('',(1.,0.,0.));
#4546=DIRECTION('',(6.42490176287706E-17,1.,8.04911692853238E-16));
#4547=DIRECTION('',(1.,0.,0.));
#4548=DIRECTION('',(0.,1.,8.04911692853238E-16));
#4549=DIRECTION('',(1.,0.,0.));
#4550=DIRECTION('',(1.,0.,0.));
#4551=DIRECTION('',(0.,1.,8.04911692853238E-16));
#4552=DIRECTION('',(1.,0.,0.));
#4553=DIRECTION('',(1.,0.,0.));
#4554=DIRECTION('',(0.,-1.,-8.04911692853238E-16));
#4555=DIRECTION('',(-1.,0.,0.));
#4556=DIRECTION('',(1.,0.,0.));
#4557=DIRECTION('',(-1.,6.42490176287706E-17,5.17147855437313E-32));
#4558=DIRECTION('',(-6.42490176287706E-17,-1.,0.));
#4559=DIRECTION('',(5.17147855437313E-32,0.,1.));
#4560=DIRECTION('',(6.42490176287706E-17,1.,0.));
#4561=DIRECTION('',(0.,8.04911692853238E-16,-1.));
#4562=DIRECTION('',(0.,-8.04911692853238E-16,1.));
#4563=DIRECTION('',(-5.17147855437313E-32,0.,-1.));
#4564=DIRECTION('',(6.42490176287706E-17,1.,0.));
#4565=DIRECTION('',(-5.17147855437313E-32,0.,-1.));
#4566=DIRECTION('',(1.,-9.77309000550314E-17,-7.8664744207366E-32));
#4567=DIRECTION('',(9.77309000550314E-17,1.,0.));
#4568=DIRECTION('',(1.09476442525376E-47,-8.04911692853238E-16,1.));
#4569=DIRECTION('',(9.77309000550314E-17,1.,8.04911692853238E-16));
#4570=DIRECTION('',(1.09476442525376E-47,-8.04911692853238E-16,1.));
#4571=DIRECTION('',(0.,-1.,-8.04911692853238E-16));
#4572=DIRECTION('',(0.,8.04911692853238E-16,-1.));
#4573=DIRECTION('',(1.,0.,0.));
#4574=DIRECTION('',(1.09476442525376E-47,-8.04911692853238E-16,1.));
#4575=DIRECTION('',(0.,-8.04911692853238E-16,1.));
#4576=DIRECTION('',(0.,8.04911692853238E-16,-1.));
#4577=DIRECTION('',(1.,0.,0.));
#4578=DIRECTION('',(0.,8.04911692853238E-16,-1.));
#4579=DIRECTION('',(0.,1.,8.04911692853238E-16));
#4580=DIRECTION('',(0.,8.04911692853238E-16,-1.));
#4581=DIRECTION('',(0.,1.,8.04911692853238E-16));
#4582=DIRECTION('',(0.,8.04911692853238E-16,-1.));
#4583=DIRECTION('',(0.,1.,8.04911692853238E-16));
#4584=DIRECTION('',(0.,8.04911692853238E-16,-1.));
#4585=DIRECTION('',(0.,1.,8.04911692853238E-16));
#4586=DIRECTION('',(0.,1.,8.04911692853238E-16));
#4587=DIRECTION('',(0.,-8.04911692853238E-16,1.));
#4588=DIRECTION('',(1.,0.,0.));
#4589=DIRECTION('',(0.,8.04911692853238E-16,-1.));
#4590=DIRECTION('',(0.,-1.,-8.04911692853238E-16));
#4591=DIRECTION('',(0.,8.04911692853238E-16,-1.));
#4592=DIRECTION('',(0.,-8.04911692853238E-16,1.));
#4593=DIRECTION('',(1.,0.,0.));
#4594=DIRECTION('',(0.,0.,-1.));
#4595=DIRECTION('',(0.,-8.04911692853238E-16,1.));
#4596=DIRECTION('',(0.,-1.,-8.04911692853238E-16));
#4597=DIRECTION('',(0.,8.04911692853238E-16,-1.));
#4598=DIRECTION('',(-1.,0.,0.));
#4599=DIRECTION('',(0.,1.,0.));
#4600=DIRECTION('',(0.,0.,1.));
#4601=DIRECTION('',(0.,0.,1.));
#4602=DIRECTION('',(-1.,0.,0.));
#4603=DIRECTION('',(0.,0.,1.));
#4604=DIRECTION('',(1.,0.,0.));
#4605=DIRECTION('',(0.,0.,1.));
#4606=DIRECTION('',(1.,0.,0.));
#4607=DIRECTION('',(0.,8.04911692853238E-16,-1.));
#4608=DIRECTION('',(0.,1.,8.04911692853238E-16));
#4609=DIRECTION('',(-1.,0.,0.));
#4610=DIRECTION('',(0.,0.,1.));
#4611=DIRECTION('',(0.,0.,1.));
#4612=DIRECTION('',(0.,-1.,0.));
#4613=DIRECTION('',(0.,1.,0.));
#4614=DIRECTION('',(0.,0.,1.));
#4615=DIRECTION('',(-1.,0.,0.));
#4616=DIRECTION('',(0.,0.,1.));
#4617=DIRECTION('',(1.,0.,0.));
#4618=DIRECTION('',(0.,-1.,0.));
#4619=DIRECTION('',(0.,0.,-1.));
#4620=DIRECTION('',(0.,0.,1.));
#4621=DIRECTION('',(1.,0.,0.));
#4622=DIRECTION('',(1.,0.,0.));
#4623=DIRECTION('',(0.,0.,-1.));
#4624=DIRECTION('',(0.,0.,1.));
#4625=DIRECTION('',(0.,1.,0.));
#4626=DIRECTION('',(0.,1.,0.));
#4627=DIRECTION('',(0.,0.,1.));
#4628=DIRECTION('',(-1.,0.,0.));
#4629=DIRECTION('',(0.,0.,1.));
#4630=DIRECTION('',(1.,0.,0.));
#4631=DIRECTION('',(0.,0.,1.));
#4632=DIRECTION('',(1.,0.,0.));
#4633=DIRECTION('',(0.,8.04911692853238E-16,-1.));
#4634=DIRECTION('',(0.,1.,8.04911692853238E-16));
#4635=DIRECTION('',(0.,0.,1.));
#4636=DIRECTION('',(1.,0.,0.));
#4637=DIRECTION('',(0.,8.04911692853238E-16,-1.));
#4638=DIRECTION('',(1.,0.,0.));
#4639=DIRECTION('',(0.,8.04911692853238E-16,-1.));
#4640=DIRECTION('',(1.,0.,0.));
#4641=DIRECTION('',(0.,1.,8.04911692853238E-16));
#4642=DIRECTION('',(0.,-8.04911692853238E-16,1.));
#4643=DIRECTION('',(0.,0.994152046783622,-0.107989387793127));
#4644=DIRECTION('',(0.,0.107989387793127,0.994152046783622));
#4645=DIRECTION('',(1.,0.,0.));
#4646=DIRECTION('',(1.,0.,0.));
#4647=DIRECTION('',(0.,0.,-1.));
#4648=DIRECTION('',(-1.,0.,0.));
#4649=DIRECTION('',(1.,0.,0.));
#4650=DIRECTION('',(0.,-0.994152046783623,0.107989387793125));
#4651=DIRECTION('',(0.,-0.107989387793125,-0.994152046783623));
#4652=DIRECTION('',(1.,0.,0.));
#4653=DIRECTION('',(0.,0.,1.));
#4654=DIRECTION('',(1.,0.,0.));
#4655=DIRECTION('',(0.,0.,-1.));
#4656=DIRECTION('',(-1.,0.,0.));
#4657=DIRECTION('',(1.,0.,0.));
#4658=DIRECTION('',(1.,0.,0.));
#4659=DIRECTION('',(0.,-0.994152046783622,0.107989387793129));
#4660=DIRECTION('',(0.,-0.107989387793129,-0.994152046783622));
#4661=DIRECTION('',(1.,0.,0.));
#4662=DIRECTION('',(0.,0.,1.));
#4663=DIRECTION('',(1.,0.,0.));
#4664=DIRECTION('',(1.,0.,0.));
#4665=DIRECTION('',(0.,0.994152046783623,-0.107989387793126));
#4666=DIRECTION('',(0.,0.107989387793126,0.994152046783623));
#4667=DIRECTION('',(0.,0.,1.));
#4668=DIRECTION('',(1.,0.,0.));
#4669=DIRECTION('',(1.,0.,0.));
#4670=DIRECTION('',(1.,0.,0.));
#4671=DIRECTION('',(0.,0.994152046783622,-0.107989387793127));
#4672=DIRECTION('',(0.,0.107989387793127,0.994152046783622));
#4673=DIRECTION('',(1.,0.,0.));
#4674=DIRECTION('',(0.,0.,-1.));
#4675=DIRECTION('',(-1.,0.,0.));
#4676=DIRECTION('',(1.,0.,0.));
#4677=DIRECTION('',(0.,-0.994152046783623,0.107989387793126));
#4678=DIRECTION('',(0.,-0.107989387793126,-0.994152046783623));
#4679=DIRECTION('',(0.,-1.,-8.04911692853238E-16));
#4680=DIRECTION('',(0.,8.04911692853238E-16,-1.));
#4681=DIRECTION('',(1.,0.,0.));
#4682=DIRECTION('',(0.,1.,8.04911692853238E-16));
#4683=DIRECTION('',(0.,-8.04911692853238E-16,1.));
#4684=DIRECTION('',(-1.,0.,0.));
#4685=DIRECTION('',(0.,-8.04911692853238E-16,1.));
#4686=DIRECTION('',(1.,0.,0.));
#4687=DIRECTION('',(0.,-8.04911692853238E-16,1.));
#4688=DIRECTION('',(0.,-1.,-8.04911692853238E-16));
#4689=DIRECTION('',(0.,-8.04911692853238E-16,1.));
#4690=DIRECTION('',(0.,-1.,-8.04911692853238E-16));
#4691=DIRECTION('',(0.,-8.04911692853238E-16,1.));
#4692=DIRECTION('',(1.,0.,0.));
#4693=DIRECTION('',(0.,-8.04911692853238E-16,1.));
#4694=DIRECTION('',(0.,-1.,-8.04911692853238E-16));
#4695=DIRECTION('',(0.,-8.04911692853238E-16,1.));
#4696=DIRECTION('',(0.,-1.,-8.04911692853238E-16));
#4697=DIRECTION('',(0.,-8.04911692853238E-16,1.));
#4698=DIRECTION('',(1.,0.,0.));
#4699=DIRECTION('',(0.,-8.04911692853238E-16,1.));
#4700=DIRECTION('',(0.,-1.,-8.04911692853238E-16));
#4701=DIRECTION('',(0.,-8.04911692853238E-16,1.));
#4702=DIRECTION('',(0.,-1.,-8.04911692853238E-16));
#4703=DIRECTION('',(0.,-8.04911692853238E-16,1.));
#4704=DIRECTION('',(1.,0.,0.));
#4705=DIRECTION('',(0.,-8.04911692853238E-16,1.));
#4706=DIRECTION('',(0.,-1.,-8.04911692853238E-16));
#4707=DIRECTION('',(0.,-8.04911692853238E-16,1.));
#4708=DIRECTION('',(0.,-1.,-8.04911692853238E-16));
#4709=DIRECTION('',(0.,-8.04911692853238E-16,1.));
#4710=DIRECTION('',(1.,0.,0.));
#4711=DIRECTION('',(0.,0.,1.));
#4712=DIRECTION('',(1.,0.,0.));
#4713=DIRECTION('',(0.,0.,1.));
#4714=DIRECTION('',(1.,0.,0.));
#4715=DIRECTION('',(0.,8.04911692853238E-16,-1.));
#4716=DIRECTION('',(0.,1.,8.04911692853238E-16));
#4717=DIRECTION('',(0.,-1.,0.));
#4718=DIRECTION('',(0.,0.,-1.));
#4719=DIRECTION('',(0.,0.,1.));
#4720=DIRECTION('',(1.,0.,0.));
#4721=DIRECTION('',(1.,0.,0.));
#4722=DIRECTION('',(0.,0.,-1.));
#4723=DIRECTION('',(0.,1.,0.));
#4724=DIRECTION('',(0.,0.,1.));
#4725=DIRECTION('',(1.,0.,0.));
#4726=DIRECTION('',(0.,0.,1.));
#4727=DIRECTION('',(1.,0.,0.));
#4728=DIRECTION('',(0.,0.,1.));
#4729=DIRECTION('',(1.,0.,0.));
#4730=DIRECTION('',(0.,8.04911692853238E-16,-1.));
#4731=DIRECTION('',(0.,1.,8.04911692853238E-16));
#4732=DIRECTION('',(1.,0.,0.));
#4733=DIRECTION('',(0.,0.,-1.));
#4734=DIRECTION('',(0.,0.,1.));
#4735=DIRECTION('',(0.,1.,0.));
#4736=DIRECTION('',(0.,0.,1.));
#4737=DIRECTION('',(0.,1.,0.));
#4738=DIRECTION('',(0.,0.,1.));
#4739=DIRECTION('',(-1.,0.,0.));
#4740=DIRECTION('',(0.,1.,0.));
#4741=DIRECTION('',(0.,0.,1.));
#4742=DIRECTION('',(-1.,0.,0.));
#4743=DIRECTION('',(0.,0.,1.));
#4744=DIRECTION('',(1.,0.,0.));
#4745=DIRECTION('',(0.,8.04911692853238E-16,-1.));
#4746=DIRECTION('',(1.,0.,0.));
#4747=DIRECTION('',(0.,8.04911692853238E-16,-1.));
#4748=DIRECTION('',(1.,0.,0.));
#4749=DIRECTION('',(0.714494466144935,-5.63149295885617E-16,0.699641092166737));
#4750=DIRECTION('',(0.699641092166737,0.,-0.714494466144935));
#4751=DIRECTION('',(0.,-1.,-8.04911692853238E-16));
#4752=DIRECTION('',(-0.699641092166737,-5.7510495027899E-16,0.714494466144935));
#4753=DIRECTION('',(0.,-1.,-8.04911692853238E-16));
#4754=DIRECTION('',(-0.0485542640860229,-8.03962336669346E-16,0.998820546163857));
#4755=DIRECTION('',(0.998820546163857,0.,0.0485542640860229));
#4756=DIRECTION('',(0.,-1.,-8.04911692853238E-16));
#4757=DIRECTION('',(-0.998820546163857,3.90818949007238E-17,-0.0485542640860229));
#4758=DIRECTION('',(-0.693732069400807,5.79724098279052E-16,-0.720233167720617));
#4759=DIRECTION('',(-0.720233167720617,0.,0.693732069400807));
#4760=DIRECTION('',(0.,-1.,-8.04911692853238E-16));
#4761=DIRECTION('',(0.720233167720617,5.58393054367984E-16,-0.693732069400807));
#4762=DIRECTION('',(-0.759286453933043,-5.23801552279592E-16,0.650756545010333));
#4763=DIRECTION('',(0.650756545010333,0.,0.759286453933043));
#4764=DIRECTION('',(0.,-1.,-8.04911692853238E-16));
#4765=DIRECTION('',(-0.650756545010333,6.11158544995778E-16,-0.759286453933043));
#4766=DIRECTION('',(0.0485542640860225,8.03962336669346E-16,-0.998820546163857));
#4767=DIRECTION('',(-0.998820546163857,0.,-0.0485542640860225));
#4768=DIRECTION('',(0.,-1.,-8.04911692853238E-16));
#4769=DIRECTION('',(0.998820546163857,-3.90818949007235E-17,0.0485542640860225));
#4770=DIRECTION('',(0.785841795029591,4.97779591288085E-16,-0.618427581196595));
#4771=DIRECTION('',(-0.618427581196595,0.,-0.785841795029591));
#4772=DIRECTION('',(0.,-1.,-8.04911692853238E-16));
#4773=DIRECTION('',(0.618427581196595,-6.32533249552096E-16,0.785841795029591));
#4774=DIRECTION('',(-0.998820546163857,3.90818949007246E-17,-0.0485542640860239));
#4775=DIRECTION('',(-0.0485542640860239,0.,0.998820546163857));
#4776=DIRECTION('',(0.,-1.,-8.04911692853238E-16));
#4777=DIRECTION('',(0.0485542640860238,8.03962336669346E-16,-0.998820546163857));
#4778=DIRECTION('',(0.0485542640860223,8.03962336669346E-16,-0.998820546163857));
#4779=DIRECTION('',(-0.998820546163857,0.,-0.0485542640860223));
#4780=DIRECTION('',(0.,-1.,-8.04911692853238E-16));
#4781=DIRECTION('',(0.998820546163857,-3.90818949007234E-17,0.0485542640860223));
#4782=DIRECTION('',(0.998820546163857,-3.90818949007235E-17,0.0485542640860224));
#4783=DIRECTION('',(0.0485542640860224,0.,-0.998820546163857));
#4784=DIRECTION('',(0.,-1.,-8.04911692853238E-16));
#4785=DIRECTION('',(-0.0485542640860225,-8.03962336669346E-16,0.998820546163857));
#4786=DIRECTION('',(-0.0485542640860228,-8.03962336669346E-16,0.998820546163857));
#4787=DIRECTION('',(0.998820546163857,0.,0.0485542640860228));
#4788=DIRECTION('',(0.,-1.,-8.04911692853238E-16));
#4789=DIRECTION('',(-0.998820546163857,3.90818949007238E-17,-0.0485542640860228));
#4790=DIRECTION('',(-0.998820546163856,3.90818949007256E-17,-0.0485542640860251));
#4791=DIRECTION('',(-0.0485542640860251,0.,0.998820546163857));
#4792=DIRECTION('',(0.0485542640860251,8.03962336669346E-16,-0.998820546163857));
#4793=DIRECTION('',(-0.998820546163857,3.90818949007248E-17,-0.048554264086024));
#4794=DIRECTION('',(-0.048554264086024,0.,0.998820546163857));
#4795=DIRECTION('',(0.,-1.,-8.04911692853238E-16));
#4796=DIRECTION('',(0.048554264086024,8.03962336669346E-16,-0.998820546163857));
#4797=DIRECTION('',(0.,-1.,-8.04911692853238E-16));
#4798=DIRECTION('',(0.0485542640860223,8.03962336669346E-16,-0.998820546163857));
#4799=DIRECTION('',(-0.998820546163857,0.,-0.0485542640860223));
#4800=DIRECTION('',(0.,-1.,-8.04911692853238E-16));
#4801=DIRECTION('',(0.998820546163857,-3.90818949007234E-17,0.0485542640860223));
#4802=DIRECTION('',(0.998820546163857,-3.9081894900723E-17,0.0485542640860219));
#4803=DIRECTION('',(0.0485542640860219,0.,-0.998820546163857));
#4804=DIRECTION('',(0.,-1.,-8.04911692853238E-16));
#4805=DIRECTION('',(-0.0485542640860219,-8.03962336669346E-16,0.998820546163857));
#4806=DIRECTION('',(0.,-1.,-8.04911692853238E-16));
#4807=DIRECTION('',(0.,-1.,-8.04911692853238E-16));
#4808=DIRECTION('',(-0.647829227036225,9.17147784944713E-16,-0.761785594900328));
#4809=DIRECTION('',(0.,-1.,-8.04911692853238E-16));
#4810=DIRECTION('',(0.,-1.,-8.04911692853238E-16));
#4811=DIRECTION('',(0.,8.04911692853238E-16,-1.));
#4812=DIRECTION('',(0.,-1.,-8.04911692853238E-16));
#4813=DIRECTION('',(0.,-1.,-8.04911692853238E-16));
#4814=DIRECTION('',(0.,-1.,-8.04911692853238E-16));
#4815=DIRECTION('',(0.716575399978025,9.05868669099011E-16,-0.697509638747977));
#4816=DIRECTION('',(0.,-1.,-8.04911692853238E-16));
#4817=DIRECTION('',(0.,-1.,-8.04911692853238E-16));
#4818=DIRECTION('',(0.,8.04911692853238E-16,-1.));
#4819=DIRECTION('',(0.,-1.,-8.04911692853238E-16));
#4820=DIRECTION('',(-0.998820546163857,3.9081894900723E-17,-0.0485542640860219));
#4821=DIRECTION('',(-0.0485542640860219,0.,0.998820546163857));
#4822=DIRECTION('',(0.,-1.,-8.04911692853238E-16));
#4823=DIRECTION('',(0.0485542640860219,8.03962336669346E-16,-0.998820546163857));
#4824=DIRECTION('',(0.048554264086023,8.03962336669346E-16,-0.998820546163857));
#4825=DIRECTION('',(-0.998820546163857,0.,-0.048554264086023));
#4826=DIRECTION('',(0.,-1.,-8.04911692853238E-16));
#4827=DIRECTION('',(0.998820546163857,-3.90818949007239E-17,0.048554264086023));
#4828=DIRECTION('',(0.998820546163857,-3.90818949007248E-17,0.048554264086024));
#4829=DIRECTION('',(0.048554264086024,0.,-0.998820546163857));
#4830=DIRECTION('',(0.,-1.,-8.04911692853238E-16));
#4831=DIRECTION('',(-0.048554264086024,-8.03962336669346E-16,0.998820546163857));
#4832=DIRECTION('',(0.,-1.,-8.04911692853238E-16));
#4833=DIRECTION('',(0.,-1.,-8.04911692853238E-16));
#4834=DIRECTION('',(0.,-1.,-8.04911692853238E-16));
#4835=DIRECTION('',(0.,-1.,-8.04911692853238E-16));
#4836=DIRECTION('',(1.,0.,0.));
#4837=DIRECTION('',(-0.999643526772347,2.14900777320385E-17,-0.0266986775354957));
#4838=DIRECTION('',(-0.0266986775354957,0.,0.999643526772347));
#4839=DIRECTION('',(0.,-1.,-8.04911692853238E-16));
#4840=DIRECTION('',(0.0266986775354957,8.04624763384111E-16,-0.999643526772347));
#4841=DIRECTION('',(0.,-1.,-8.04911692853238E-16));
#4842=DIRECTION('',(0.0485542640860226,8.03962336669346E-16,-0.998820546163857));
#4843=DIRECTION('',(-0.998820546163857,0.,-0.0485542640860226));
#4844=DIRECTION('',(0.,-1.,-8.04911692853238E-16));
#4845=DIRECTION('',(0.998820546163857,-3.90818949007236E-17,0.0485542640860226));
#4846=DIRECTION('',(0.997519785779436,-5.66550174810172E-17,0.0703866249975663));
#4847=DIRECTION('',(0.0703866249975663,0.,-0.997519785779436));
#4848=DIRECTION('',(0.,-1.,-8.04911692853238E-16));
#4849=DIRECTION('',(-0.0703866249975663,-8.02915339426326E-16,0.997519785779436));
#4850=DIRECTION('',(-0.0485542640860226,-8.03962336669346E-16,0.998820546163857));
#4851=DIRECTION('',(0.998820546163857,0.,0.0485542640860226));
#4852=DIRECTION('',(-0.998820546163857,3.90818949007236E-17,-0.0485542640860226));
#4853=DIRECTION('',(0.,-1.,-8.04911692853238E-16));
#4854=DIRECTION('',(1.,0.,0.));
#4855=DIRECTION('',(0.,-1.,-8.04911692853238E-16));
#4856=DIRECTION('',(-0.334115048597027,0.,-0.9425322988105));
#4857=DIRECTION('',(0.,-1.,-8.04911692853238E-16));
#4858=DIRECTION('',(0.,-1.,-8.04911692853238E-16));
#4859=DIRECTION('',(0.,8.04911692853238E-16,-1.));
#4860=DIRECTION('',(0.,-1.,-8.04911692853238E-16));
#4861=DIRECTION('',(0.,-1.,-8.04911692853238E-16));
#4862=DIRECTION('',(0.433447547467063,0.,-0.901178796685091));
#4863=DIRECTION('',(0.,-1.,-8.04911692853238E-16));
#4864=DIRECTION('',(0.,-1.,-8.04911692853238E-16));
#4865=DIRECTION('',(0.,8.04911692853238E-16,-1.));
#4866=DIRECTION('',(0.,-1.,-8.04911692853238E-16));
#4867=DIRECTION('',(0.944991220245565,0.,-0.327095694956074));
#4868=DIRECTION('',(0.,-1.,-8.04911692853238E-16));
#4869=DIRECTION('',(0.,-1.,-8.04911692853238E-16));
#4870=DIRECTION('',(0.,8.04911692853238E-16,-1.));
#4871=DIRECTION('',(0.,-1.,-8.04911692853238E-16));
#4872=DIRECTION('',(0.909129710408325,0.,0.416513108620696));
#4873=DIRECTION('',(0.,-1.,-8.04911692853238E-16));
#4874=DIRECTION('',(0.,-1.,-8.04911692853238E-16));
#4875=DIRECTION('',(0.,8.04911692853238E-16,-1.));
#4876=DIRECTION('',(0.,-1.,-8.04911692853238E-16));
#4877=DIRECTION('',(0.343994897895246,0.,0.938971517258132));
#4878=DIRECTION('',(0.,-1.,-8.04911692853238E-16));
#4879=DIRECTION('',(0.,-1.,-8.04911692853238E-16));
#4880=DIRECTION('',(0.,8.04911692853238E-16,-1.));
#4881=DIRECTION('',(0.,-1.,-8.04911692853238E-16));
#4882=DIRECTION('',(-0.423959656407105,0.,0.905681075069568));
#4883=DIRECTION('',(0.,-1.,-8.04911692853238E-16));
#4884=DIRECTION('',(0.,-1.,-8.04911692853238E-16));
#4885=DIRECTION('',(0.,8.04911692853238E-16,-1.));
#4886=DIRECTION('',(0.,-1.,-8.04911692853238E-16));
#4887=DIRECTION('',(-0.942072658255288,0.,0.335408864772258));
#4888=DIRECTION('',(0.,-1.,-8.04911692853238E-16));
#4889=DIRECTION('',(0.,-1.,-8.04911692853238E-16));
#4890=DIRECTION('',(0.,8.04911692853238E-16,-1.));
#4891=DIRECTION('',(0.,-1.,-8.04911692853238E-16));
#4892=DIRECTION('',(-0.904764730098362,0.,-0.425911708186142));
#4893=DIRECTION('',(0.,-1.,-8.04911692853238E-16));
#4894=DIRECTION('',(0.,8.04911692853238E-16,-1.));
#4895=DIRECTION('',(0.,-1.,-8.04911692853238E-16));
#4896=DIRECTION('',(1.,0.,0.));
#4897=DIRECTION('',(0.,-1.,-8.04911692853238E-16));
#4898=DIRECTION('',(0.,-1.,-8.04911692853238E-16));
#4899=DIRECTION('',(0.,-1.,-8.04911692853238E-16));
#4900=DIRECTION('',(0.,-1.,-8.04911692853238E-16));
#4901=DIRECTION('',(0.755047026390321,0.,-0.65567063983309));
#4902=DIRECTION('',(0.,-1.,-8.04911692853238E-16));
#4903=DIRECTION('',(0.,8.04911692853238E-16,-1.));
#4904=DIRECTION('',(0.,-1.,-8.04911692853238E-16));
#4905=DIRECTION('',(0.,-1.,-8.04911692853238E-16));
#4906=DIRECTION('',(0.,8.04911692853238E-16,-1.));
#4907=DIRECTION('',(0.,-1.,-8.04911692853238E-16));
#4908=DIRECTION('',(0.302003103486996,1.08112910180926E-15,-0.953306941904979));
#4909=DIRECTION('',(0.,-1.,-8.04911692853238E-16));
#4910=DIRECTION('',(0.,8.04911692853238E-16,-1.));
#4911=DIRECTION('',(0.,-1.,-8.04911692853238E-16));
#4912=DIRECTION('',(0.,-1.,-8.04911692853238E-16));
#4913=DIRECTION('',(0.,8.04911692853238E-16,-1.));
#4914=DIRECTION('',(0.,-1.,-8.04911692853238E-16));
#4915=DIRECTION('',(-0.209985995878319,1.0979045381337E-15,-0.977704393738205));
#4916=DIRECTION('',(0.,-1.,-8.04911692853238E-16));
#4917=DIRECTION('',(0.,8.04911692853238E-16,-1.));
#4918=DIRECTION('',(0.,-1.,-8.04911692853238E-16));
#4919=DIRECTION('',(0.,-1.,-8.04911692853238E-16));
#4920=DIRECTION('',(0.,8.04911692853238E-16,-1.));
#4921=DIRECTION('',(0.,-1.,-8.04911692853238E-16));
#4922=DIRECTION('',(0.,-1.,-8.04911692853238E-16));
#4923=DIRECTION('',(0.,-1.,-8.04911692853238E-16));
#4924=DIRECTION('',(0.,-1.,-8.04911692853238E-16));
#4925=DIRECTION('',(0.,-1.,-8.04911692853238E-16));
#4926=DIRECTION('',(-0.298779470430604,-1.078741670794E-15,0.954322182519723));
#4927=DIRECTION('',(0.,-1.,-8.04911692853238E-16));
#4928=DIRECTION('',(0.,8.04911692853238E-16,-1.));
#4929=DIRECTION('',(0.,-1.,-8.04911692853238E-16));
#4930=DIRECTION('',(0.,-1.,-8.04911692853238E-16));
#4931=DIRECTION('',(0.,8.04911692853238E-16,-1.));
#4932=DIRECTION('',(0.,-1.,-8.04911692853238E-16));
#4933=DIRECTION('',(0.207380432839558,-1.07844305399323E-15,0.978260372332069));
#4934=DIRECTION('',(0.,-1.,-8.04911692853238E-16));
#4935=DIRECTION('',(0.,8.04911692853238E-16,-1.));
#4936=DIRECTION('',(0.,-1.,-8.04911692853238E-16));
#4937=DIRECTION('',(0.,-1.,-8.04911692853238E-16));
#4938=DIRECTION('',(0.,8.04911692853238E-16,-1.));
#4939=DIRECTION('',(0.,-1.,-8.04911692853238E-16));
#4940=DIRECTION('',(0.,-1.,-8.04911692853238E-16));
#4941=DIRECTION('',(0.,-1.,-8.04911692853238E-16));
#4942=DIRECTION('',(0.,-1.,-8.04911692853238E-16));
#4943=DIRECTION('',(0.,-1.,-8.04911692853238E-16));
#4944=DIRECTION('',(0.,-1.,-8.04911692853238E-16));
#4945=DIRECTION('',(0.,-1.,-8.04911692853238E-16));
#4946=DIRECTION('',(0.998820546163856,-3.90818949007265E-17,0.0485542640860261));
#4947=DIRECTION('',(0.0485542640860261,0.,-0.998820546163857));
#4948=DIRECTION('',(0.,-1.,-8.04911692853238E-16));
#4949=DIRECTION('',(-0.0485542640860261,-8.03962336669346E-16,0.998820546163857));
#4950=DIRECTION('',(-0.0485542640860227,-8.03962336669346E-16,0.998820546163857));
#4951=DIRECTION('',(0.998820546163857,0.,0.0485542640860227));
#4952=DIRECTION('',(0.,-1.,-8.04911692853238E-16));
#4953=DIRECTION('',(-0.998820546163857,3.90818949007237E-17,-0.0485542640860227));
#4954=DIRECTION('',(-0.998820546163857,3.90818949007238E-17,-0.0485542640860228));
#4955=DIRECTION('',(-0.0485542640860228,0.,0.998820546163857));
#4956=DIRECTION('',(0.,-1.,-8.04911692853238E-16));
#4957=DIRECTION('',(0.0485542640860228,8.03962336669346E-16,-0.998820546163857));
#4958=DIRECTION('',(0.0485542640860227,8.03962336669346E-16,-0.998820546163857));
#4959=DIRECTION('',(-0.998820546163857,0.,-0.0485542640860227));
#4960=DIRECTION('',(0.,-1.,-8.04911692853238E-16));
#4961=DIRECTION('',(0.998820546163857,-3.90818949007237E-17,0.0485542640860227));
#4962=DIRECTION('',(0.998820546163857,-3.90818949007242E-17,0.0485542640860233));
#4963=DIRECTION('',(0.0485542640860233,0.,-0.998820546163857));
#4964=DIRECTION('',(0.,-1.,-8.04911692853238E-16));
#4965=DIRECTION('',(-0.0485542640860233,-8.03962336669346E-16,0.998820546163857));
#4966=DIRECTION('',(0.,-1.,-8.04911692853238E-16));
#4967=DIRECTION('',(0.,-1.,-8.04911692853238E-16));
#4968=DIRECTION('',(0.,-1.,-8.04911692853238E-16));
#4969=DIRECTION('',(0.,-1.,-8.04911692853238E-16));
#4970=DIRECTION('',(-0.756488824275681,-8.06599905881249E-16,0.654006619802887));
#4971=DIRECTION('',(0.,-1.,-8.04911692853238E-16));
#4972=DIRECTION('',(0.,8.04911692853238E-16,-1.));
#4973=DIRECTION('',(0.,-1.,-8.04911692853238E-16));
#4974=DIRECTION('',(0.685351827654993,-1.12812303095067E-15,0.72821210669005));
#4975=DIRECTION('',(0.,-1.,-8.04911692853238E-16));
#4976=DIRECTION('',(0.,8.04911692853238E-16,-1.));
#4977=DIRECTION('',(0.,-1.,-8.04911692853238E-16));
#4978=DIRECTION('',(0.,8.04911692853238E-16,-1.));
#4979=DIRECTION('',(0.,-1.,-8.04911692853238E-16));
#4980=DIRECTION('',(1.,0.,0.));
#4981=DIRECTION('',(0.,-1.,-8.04911692853238E-16));
#4982=DIRECTION('',(0.,-1.,-8.04911692853238E-16));
#4983=DIRECTION('',(0.0485542640860228,8.03962336669346E-16,-0.998820546163857));
#4984=DIRECTION('',(-0.998820546163857,0.,-0.0485542640860228));
#4985=DIRECTION('',(0.998820546163857,-3.90818949007238E-17,0.0485542640860228));
#4986=DIRECTION('',(0.,-1.,-8.04911692853238E-16));
#4987=DIRECTION('',(0.998820546163857,-3.90818949007238E-17,0.0485542640860228));
#4988=DIRECTION('',(0.,-1.,-8.04911692853238E-16));
#4989=DIRECTION('',(0.,-1.,-8.04911692853238E-16));
#4990=DIRECTION('',(0.,-1.,-8.04911692853238E-16));
#4991=DIRECTION('',(0.173532953773298,-1.01961419594751E-15,0.984828063143366));
#4992=DIRECTION('',(0.,-1.,-8.04911692853238E-16));
#4993=DIRECTION('',(0.,8.04911692853238E-16,-1.));
#4994=DIRECTION('',(0.,-1.,-8.04911692853238E-16));
#4995=DIRECTION('',(0.,-1.,-8.04911692853238E-16));
#4996=DIRECTION('',(0.,8.04911692853238E-16,-1.));
#4997=DIRECTION('',(0.,-1.,-8.04911692853238E-16));
#4998=DIRECTION('',(0.999990521667061,0.,-0.00435391502442455));
#4999=DIRECTION('',(0.,-1.,-8.04911692853238E-16));
#5000=DIRECTION('',(0.,-1.,-8.04911692853238E-16));
#5001=DIRECTION('',(0.,8.04911692853238E-16,-1.));
#5002=DIRECTION('',(0.,-1.,-8.04911692853238E-16));
#5003=DIRECTION('',(0.,-1.,-8.04911692853238E-16));
#5004=DIRECTION('',(0.,-1.,-8.04911692853238E-16));
#5005=DIRECTION('',(0.676582481900252,-8.45253249447307E-16,0.736366855029268));
#5006=DIRECTION('',(0.,-1.,-8.04911692853238E-16));
#5007=DIRECTION('',(0.,-1.,-8.04911692853238E-16));
#5008=DIRECTION('',(0.,8.04911692853238E-16,-1.));
#5009=DIRECTION('',(0.,-1.,-8.04911692853238E-16));
#5010=DIRECTION('',(0.,-1.,-8.04911692853238E-16));
#5011=DIRECTION('',(0.,-1.,-8.04911692853238E-16));
#5012=DIRECTION('',(-0.749907408678885,-8.33138983964037E-16,0.661542801645155));
#5013=DIRECTION('',(0.,-1.,-8.04911692853238E-16));
#5014=DIRECTION('',(0.,-1.,-8.04911692853238E-16));
#5015=DIRECTION('',(0.,8.04911692853238E-16,-1.));
#5016=DIRECTION('',(0.,-1.,-8.04911692853238E-16));
#5017=DIRECTION('',(0.,-1.,-8.04911692853238E-16));
#5018=DIRECTION('',(0.,-1.,-8.04911692853238E-16));
#5019=DIRECTION('',(-0.682017982904776,8.02645097682617E-16,-0.731335402530536));
#5020=DIRECTION('',(0.,-1.,-8.04911692853238E-16));
#5021=DIRECTION('',(0.,-1.,-8.04911692853238E-16));
#5022=DIRECTION('',(0.,8.04911692853238E-16,-1.));
#5023=DIRECTION('',(0.,-1.,-8.04911692853238E-16));
#5024=DIRECTION('',(0.,-1.,-8.04911692853238E-16));
#5025=DIRECTION('',(0.,-1.,-8.04911692853238E-16));
#5026=DIRECTION('',(0.852208099747181,0.,-0.5232029766021));
#5027=DIRECTION('',(0.,-1.,-8.04911692853238E-16));
#5028=DIRECTION('',(0.,-1.,-8.04911692853238E-16));
#5029=DIRECTION('',(0.,8.04911692853238E-16,-1.));
#5030=DIRECTION('',(0.0485542640860229,8.03962336669346E-16,-0.998820546163857));
#5031=DIRECTION('',(-0.998820546163857,0.,-0.0485542640860229));
#5032=DIRECTION('',(0.,-1.,-8.04911692853238E-16));
#5033=DIRECTION('',(0.998820546163857,-3.90818949007238E-17,0.0485542640860229));
#5034=DIRECTION('',(0.,-1.,-8.04911692853238E-16));
#5035=DIRECTION('',(0.826441003863051,0.,-0.563023327344287));
#5036=DIRECTION('',(0.,-1.,-8.04911692853238E-16));
#5037=DIRECTION('',(0.,-1.,-8.04911692853238E-16));
#5038=DIRECTION('',(0.,8.04911692853238E-16,-1.));
#5039=DIRECTION('',(0.,-1.,-8.04911692853238E-16));
#5040=DIRECTION('',(0.,-1.,-8.04911692853238E-16));
#5041=DIRECTION('',(0.,-1.,-8.04911692853238E-16));
#5042=DIRECTION('',(-0.0485542640860228,-8.03962336669346E-16,0.998820546163857));
#5043=DIRECTION('',(0.998820546163857,0.,0.0485542640860228));
#5044=DIRECTION('',(-0.998820546163857,3.90818949007238E-17,-0.0485542640860228));
#5045=DIRECTION('',(0.,-1.,-8.04911692853238E-16));
#5046=DIRECTION('',(0.637493589649706,0.,0.770455659435072));
#5047=DIRECTION('',(0.,-1.,-8.04911692853238E-16));
#5048=DIRECTION('',(0.,8.04911692853238E-16,-1.));
#5049=DIRECTION('',(0.,-1.,-8.04911692853238E-16));
#5050=DIRECTION('',(0.,8.04911692853238E-16,-1.));
#5051=DIRECTION('',(0.,-1.,-8.04911692853238E-16));
#5052=DIRECTION('',(1.,0.,0.));
#5053=DIRECTION('',(0.,-1.,-8.04911692853238E-16));
#5054=DIRECTION('',(0.,-1.,-8.04911692853238E-16));
#5055=DIRECTION('',(0.,-1.,-8.04911692853238E-16));
#5056=DIRECTION('',(0.,-1.,-8.04911692853238E-16));
#5057=DIRECTION('',(0.75504702639029,0.,-0.655670639833125));
#5058=DIRECTION('',(0.,-1.,-8.04911692853238E-16));
#5059=DIRECTION('',(0.,8.04911692853238E-16,-1.));
#5060=DIRECTION('',(0.,-1.,-8.04911692853238E-16));
#5061=DIRECTION('',(0.,-1.,-8.04911692853238E-16));
#5062=DIRECTION('',(0.,8.04911692853238E-16,-1.));
#5063=DIRECTION('',(0.,-1.,-8.04911692853238E-16));
#5064=DIRECTION('',(0.302258077298621,1.0829001141113E-15,-0.953226129891403));
#5065=DIRECTION('',(0.,-1.,-8.04911692853238E-16));
#5066=DIRECTION('',(0.,8.04911692853238E-16,-1.));
#5067=DIRECTION('',(0.,-1.,-8.04911692853238E-16));
#5068=DIRECTION('',(0.,-1.,-8.04911692853238E-16));
#5069=DIRECTION('',(0.,8.04911692853238E-16,-1.));
#5070=DIRECTION('',(0.,-1.,-8.04911692853238E-16));
#5071=DIRECTION('',(-0.209961804694595,1.09350932774487E-15,-0.977709589075094));
#5072=DIRECTION('',(0.,-1.,-8.04911692853238E-16));
#5073=DIRECTION('',(0.,8.04911692853238E-16,-1.));
#5074=DIRECTION('',(0.,-1.,-8.04911692853238E-16));
#5075=DIRECTION('',(0.,-1.,-8.04911692853238E-16));
#5076=DIRECTION('',(0.,8.04911692853238E-16,-1.));
#5077=DIRECTION('',(0.,-1.,-8.04911692853238E-16));
#5078=DIRECTION('',(0.,-1.,-8.04911692853238E-16));
#5079=DIRECTION('',(0.,-1.,-8.04911692853238E-16));
#5080=DIRECTION('',(0.,-1.,-8.04911692853238E-16));
#5081=DIRECTION('',(0.,-1.,-8.04911692853238E-16));
#5082=DIRECTION('',(-0.30308443617689,-1.09080897239708E-15,0.952963705787023));
#5083=DIRECTION('',(0.,-1.,-8.04911692853238E-16));
#5084=DIRECTION('',(0.,8.04911692853238E-16,-1.));
#5085=DIRECTION('',(0.,-1.,-8.04911692853238E-16));
#5086=DIRECTION('',(0.,-1.,-8.04911692853238E-16));
#5087=DIRECTION('',(0.,8.04911692853238E-16,-1.));
#5088=DIRECTION('',(0.,-1.,-8.04911692853238E-16));
#5089=DIRECTION('',(0.203220609029581,-1.06394955860698E-15,0.979132975680855));
#5090=DIRECTION('',(0.,-1.,-8.04911692853238E-16));
#5091=DIRECTION('',(0.,8.04911692853238E-16,-1.));
#5092=DIRECTION('',(0.,-1.,-8.04911692853238E-16));
#5093=DIRECTION('',(0.,-1.,-8.04911692853238E-16));
#5094=DIRECTION('',(0.,8.04911692853238E-16,-1.));
#5095=DIRECTION('',(0.,-1.,-8.04911692853238E-16));
#5096=DIRECTION('',(0.,-1.,-8.04911692853238E-16));
#5097=DIRECTION('',(-0.998820546163856,3.90818949007252E-17,-0.0485542640860246));
#5098=DIRECTION('',(-0.0485542640860246,0.,0.998820546163857));
#5099=DIRECTION('',(0.,-1.,-8.04911692853238E-16));
#5100=DIRECTION('',(0.0485542640860246,8.03962336669346E-16,-0.998820546163857));
#5101=DIRECTION('',(0.0485542640860223,8.03962336669346E-16,-0.998820546163857));
#5102=DIRECTION('',(-0.998820546163857,0.,-0.0485542640860223));
#5103=DIRECTION('',(0.,-1.,-8.04911692853238E-16));
#5104=DIRECTION('',(0.998820546163857,-3.90818949007234E-17,0.0485542640860223));
#5105=DIRECTION('',(0.998820546163857,-3.90818949007245E-17,0.0485542640860237));
#5106=DIRECTION('',(0.0485542640860237,0.,-0.998820546163857));
#5107=DIRECTION('',(0.,-1.,-8.04911692853238E-16));
#5108=DIRECTION('',(-0.0485542640860237,-8.03962336669346E-16,0.998820546163857));
#5109=DIRECTION('',(-0.0485542640860223,-8.03962336669346E-16,0.998820546163857));
#5110=DIRECTION('',(0.998820546163857,0.,0.0485542640860223));
#5111=DIRECTION('',(0.,-1.,-8.04911692853238E-16));
#5112=DIRECTION('',(-0.998820546163857,3.90818949007234E-17,-0.0485542640860223));
#5113=DIRECTION('',(-0.998820546163857,3.90818949007224E-17,-0.048554264086021));
#5114=DIRECTION('',(-0.0485542640860211,0.,0.998820546163857));
#5115=DIRECTION('',(0.,-1.,-8.04911692853238E-16));
#5116=DIRECTION('',(0.0485542640860211,8.03962336669346E-16,-0.998820546163857));
#5117=DIRECTION('',(0.,-1.,-8.04911692853238E-16));
#5118=DIRECTION('',(0.,-1.,-8.04911692853238E-16));
#5119=DIRECTION('',(0.,-1.,-8.04911692853238E-16));
#5120=DIRECTION('',(0.311048511692452,7.92024287096474E-16,-0.950394035847191));
#5121=DIRECTION('',(0.,-1.,-8.04911692853238E-16));
#5122=DIRECTION('',(0.,-1.,-8.04911692853238E-16));
#5123=DIRECTION('',(0.,8.04911692853238E-16,-1.));
#5124=DIRECTION('',(0.,-1.,-8.04911692853238E-16));
#5125=DIRECTION('',(0.,-1.,-8.04911692853238E-16));
#5126=DIRECTION('',(0.,-1.,-8.04911692853238E-16));
#5127=DIRECTION('',(0.,-1.,-8.04911692853238E-16));
#5128=DIRECTION('',(0.689487240814309,-8.06599905881218E-16,0.724297828765399));
#5129=DIRECTION('',(0.,-1.,-8.04911692853238E-16));
#5130=DIRECTION('',(0.,-1.,-8.04911692853238E-16));
#5131=DIRECTION('',(0.,8.04911692853238E-16,-1.));
#5132=DIRECTION('',(0.,-1.,-8.04911692853238E-16));
#5133=DIRECTION('',(0.,-1.,-8.04911692853238E-16));
#5134=DIRECTION('',(0.68270414889881,-1.14915273096115E-15,0.730694905604488));
#5135=DIRECTION('',(0.,-1.,-8.04911692853238E-16));
#5136=DIRECTION('',(0.,8.04911692853238E-16,-1.));
#5137=DIRECTION('',(0.,-1.,-8.04911692853238E-16));
#5138=DIRECTION('',(0.,8.04911692853238E-16,-1.));
#5139=DIRECTION('',(0.,-1.,-8.04911692853238E-16));
#5140=DIRECTION('',(1.,0.,0.));
#5141=DIRECTION('',(-0.972852936348469,-1.86276051358456E-16,0.231424208409928));
#5142=DIRECTION('',(0.231424208409928,0.,0.972852936348469));
#5143=DIRECTION('',(0.,-1.,-8.04911692853238E-16));
#5144=DIRECTION('',(-0.231424208409928,7.8306070389349E-16,-0.972852936348469));
#5145=DIRECTION('',(0.,-1.,-8.04911692853238E-16));
#5146=DIRECTION('',(0.0485542640860222,8.03962336669346E-16,-0.998820546163857));
#5147=DIRECTION('',(-0.998820546163857,0.,-0.0485542640860222));
#5148=DIRECTION('',(0.,-1.,-8.04911692853238E-16));
#5149=DIRECTION('',(0.998820546163857,-3.90818949007233E-17,0.0485542640860222));
#5150=DIRECTION('',(0.978959787535459,1.64244857841863E-16,-0.204053263606659));
#5151=DIRECTION('',(-0.204053263606659,0.,-0.978959787535459));
#5152=DIRECTION('',(0.,-1.,-8.04911692853238E-16));
#5153=DIRECTION('',(0.204053263606659,-7.87976179820413E-16,0.978959787535459));
#5154=DIRECTION('',(-0.951169733916028,2.48450747166194E-16,-0.308668328926232));
#5155=DIRECTION('',(-0.308668328926232,0.,0.951169733916028));
#5156=DIRECTION('',(0.,-1.,-8.04911692853238E-16));
#5157=DIRECTION('',(0.308668328926232,7.65607640717114E-16,-0.951169733916028));
#5158=DIRECTION('',(0.0485542640860224,8.03962336669346E-16,-0.998820546163857));
#5159=DIRECTION('',(-0.998820546163857,0.,-0.0485542640860224));
#5160=DIRECTION('',(0.,-1.,-8.04911692853238E-16));
#5161=DIRECTION('',(0.998820546163857,-3.90818949007235E-17,0.0485542640860224));
#5162=DIRECTION('',(0.974053843422343,1.82164711674492E-16,-0.226316393825461));
#5163=DIRECTION('',(-0.226316393825461,0.,-0.974053843422343));
#5164=DIRECTION('',(0.,-1.,-8.04911692853238E-16));
#5165=DIRECTION('',(0.226316393825461,-7.84027328039282E-16,0.974053843422343));
#5166=DIRECTION('',(-0.955241871824628,2.3811373031522E-16,-0.295825905412255));
#5167=DIRECTION('',(-0.295825905412255,0.,0.955241871824628));
#5168=DIRECTION('',(0.,-1.,-8.04911692853238E-16));
#5169=DIRECTION('',(0.295825905412255,7.68885352134658E-16,-0.955241871824628));
#5170=DIRECTION('',(0.0485542640860229,8.03962336669346E-16,-0.998820546163857));
#5171=DIRECTION('',(-0.998820546163857,0.,-0.0485542640860229));
#5172=DIRECTION('',(0.,-1.,-8.04911692853238E-16));
#5173=DIRECTION('',(0.998820546163857,-3.90818949007238E-17,0.0485542640860229));
#5174=DIRECTION('',(0.948917528420686,-2.5396912238463E-16,0.315524205499319));
#5175=DIRECTION('',(0.315524205499319,0.,-0.948917528420686));
#5176=DIRECTION('',(0.,-1.,-8.04911692853238E-16));
#5177=DIRECTION('',(-0.315524205499319,-7.63794814179205E-16,0.948917528420686));
#5178=DIRECTION('',(-0.0578144107221154,-8.03565355760084E-16,0.998327348074195));
#5179=DIRECTION('',(0.998327348074195,0.,0.0578144107221154));
#5180=DIRECTION('',(0.,-1.,-8.04911692853238E-16));
#5181=DIRECTION('',(-0.998327348074195,4.65354952056503E-17,-0.0578144107221154));
#5182=DIRECTION('',(-0.970771352155301,-1.93183806456545E-16,0.240006212074954));
#5183=DIRECTION('',(0.240006212074954,0.,0.970771352155301));
#5184=DIRECTION('',(0.,-1.,-8.04911692853238E-16));
#5185=DIRECTION('',(-0.240006212074954,7.81385212436751E-16,-0.970771352155301));
#5186=DIRECTION('',(0.946114582306992,-2.60656204235331E-16,0.323832050832011));
#5187=DIRECTION('',(0.323832050832011,0.,-0.946114582306992));
#5188=DIRECTION('',(0.,-1.,-8.04911692853238E-16));
#5189=DIRECTION('',(-0.323832050832011,-7.61538690077855E-16,0.946114582306992));
#5190=DIRECTION('',(-0.0485542640860231,-8.03962336669346E-16,0.998820546163857));
#5191=DIRECTION('',(0.998820546163857,0.,0.0485542640860231));
#5192=DIRECTION('',(-0.998820546163857,3.9081894900724E-17,-0.0485542640860231));
#5193=DIRECTION('',(0.,-1.,-8.04911692853238E-16));
#5194=DIRECTION('',(1.,0.,0.));
#5195=DIRECTION('',(0.,-1.,-8.04911692853238E-16));
#5196=DIRECTION('',(0.,8.04911692853238E-16,-1.));
#5197=DIRECTION('',(0.,-1.,-8.04911692853238E-16));
#5198=DIRECTION('',(0.,8.04911692853238E-16,-1.));
#5199=DIRECTION('',(0.,-1.,-8.04911692853238E-16));
#5200=DIRECTION('',(0.,8.04911692853238E-16,-1.));
#5201=DIRECTION('',(1.09476442525376E-47,-8.04911692853238E-16,1.));
#5202=DIRECTION('',(0.,-1.,-8.04911692853238E-16));
#5203=DIRECTION('',(0.,8.04911692853238E-16,-1.));
#5204=DIRECTION('',(0.,1.,8.04911692853238E-16));
#5205=DIRECTION('',(-1.09476442525376E-47,8.04911692853238E-16,-1.));
#5206=DIRECTION('',(0.,1.,8.04911692853238E-16));
#5207=DIRECTION('',(0.,-8.04911692853238E-16,1.));
#5208=DIRECTION('',(0.,-1.,-8.04911692853238E-16));
#5209=DIRECTION('',(0.,-1.,-8.04911692853238E-16));
#5210=DIRECTION('',(1.,0.,0.));
#5211=DIRECTION('',(-0.707106781186548,0.707106781186547,4.05607218493308E-16));
#5212=DIRECTION('',(-2.31296463463574E-16,-8.04911692853238E-16,1.));
#5213=DIRECTION('',(-0.577350269189625,-0.577350269189627,0.577350269189626));
#5214=DIRECTION('',(0.,0.707106781186547,0.707106781186548));
#5215=DIRECTION('',(1.,0.,0.));
#5216=DIRECTION('',(-0.577350269189626,0.577350269189626,-0.577350269189625));
#5217=DIRECTION('',(-0.707106781186547,-0.707106781186548,-5.69158516272869E-16));
#5218=DIRECTION('',(0.,8.04911692853238E-16,-1.));
#5219=CARTESIAN_POINT('',(0.,0.,0.));
#5220=CARTESIAN_POINT('',(0.0364464117616154,-0.0109177757327101,-0.0027120165265894));
#5221=CARTESIAN_POINT('',(0.039802547496259,-0.0109177757327101,0.00291138133230249));
#5222=CARTESIAN_POINT('',(0.0401112889151817,-0.0109177757327101,0.00240587093497009));
#5223=CARTESIAN_POINT('',(0.0401430918745709,-0.0109177757327101,0.00175164519672204));
#5224=CARTESIAN_POINT('',(0.039802547496259,-0.0109177757327101,0.00291138133230249));
#5225=CARTESIAN_POINT('',(0.0401430918745709,-0.0109177757327101,0.00175164519672204));
#5226=CARTESIAN_POINT('',(0.0354039925600124,-0.0109177757327101,0.00153891753345338));
#5227=CARTESIAN_POINT('',(0.0401403961878881,-0.0109177757327101,0.00127061488570779));
#5228=CARTESIAN_POINT('',(0.0382296332655178,-0.0109177757327101,0.00117772964431497));
#5229=CARTESIAN_POINT('',(0.0363187489217184,-0.0109177757327101,0.00108483850043228));
#5230=CARTESIAN_POINT('',(0.0363187489217184,-0.0109177757327101,0.00108483850043228));
#5231=CARTESIAN_POINT('',(0.036396684664609,-0.0109177757327101,0.000380940088532208));
#5232=CARTESIAN_POINT('',(0.0368569192249949,-0.0109177757327101,5.06811908034573E-6));
#5233=CARTESIAN_POINT('',(0.0368569192249949,-0.0109177757327101,5.06811908034573E-6));
#5234=CARTESIAN_POINT('',(0.0368569192249949,-0.0109177757327101,5.06811908034573E-6));
#5235=CARTESIAN_POINT('',(0.0373171537853808,-0.0109177757327101,-0.000370803850371516));
#5236=CARTESIAN_POINT('',(0.0379454830881564,-0.0109177757327101,-0.000340259758124785));
#5237=CARTESIAN_POINT('',(0.0379454830881564,-0.0109177757327101,-0.000340259758124785));
#5238=CARTESIAN_POINT('',(0.0379454830881564,-0.0109177757327101,-0.000340259758124785));
#5239=CARTESIAN_POINT('',(0.0384593228867388,-0.0109177757327101,-0.000315281183771167));
#5240=CARTESIAN_POINT('',(0.0387924932844977,-0.0109177757327101,-5.86356032354795E-5));
#5241=CARTESIAN_POINT('',(0.0387924932844977,-0.0109177757327101,-5.86356032354795E-5));
#5242=CARTESIAN_POINT('',(0.0380262186468136,-0.0109177757327101,0.000948672669887452));
#5243=CARTESIAN_POINT('',(0.0392446913315292,-0.0109177757327101,0.000606822478004754));
#5244=CARTESIAN_POINT('',(0.0396724322681362,-0.0109177757327101,0.000627615648986451));
#5245=CARTESIAN_POINT('',(0.0400993084679736,-0.0109177757327101,0.000648366783730872));
#5246=CARTESIAN_POINT('',(0.0380964631056626,-0.0109177757327101,0.00108146089143123));
#5247=CARTESIAN_POINT('',(0.0393875814905395,-0.0109177757327101,-0.000510606683234512));
#5248=CARTESIAN_POINT('',(0.0393875814905395,-0.0109177757327101,-0.000510606683234512));
#5249=CARTESIAN_POINT('',(0.0388327297482823,-0.0109177757327101,-0.000970661494414883));
#5250=CARTESIAN_POINT('',(0.0379781473776959,-0.0109177757327101,-0.00101220411011705));
#5251=CARTESIAN_POINT('',(0.0379781473776959,-0.0109177757327101,-0.00101220411011705));
#5252=CARTESIAN_POINT('',(0.0379781473776959,-0.0109177757327101,-0.00101220411011705));
#5253=CARTESIAN_POINT('',(0.0372966622336874,-0.0109177757327101,-0.00104533219281416));
#5254=CARTESIAN_POINT('',(0.0367454920443046,-0.0109177757327101,-0.000766098649381025));
#5255=CARTESIAN_POINT('',(0.0367454920443046,-0.0109177757327101,-0.000766098649381025));
#5256=CARTESIAN_POINT('',(0.0377229642254935,-0.0109177757327101,0.00116094764204115));
#5257=CARTESIAN_POINT('',(0.0358616527140981,-0.0109177757327101,6.12002419547348E-5));
#5258=CARTESIAN_POINT('',(0.0358616527140981,-0.0109177757327101,6.12002419547348E-5));
#5259=CARTESIAN_POINT('',(0.0355289835732745,-0.0109177757327101,0.000609265589857358));
#5260=CARTESIAN_POINT('',(0.0354929402193001,-0.0109177757327101,0.00135072142653848));
#5261=CARTESIAN_POINT('',(0.0354929402193001,-0.0109177757327101,0.00135072142653848));
#5262=CARTESIAN_POINT('',(0.0354929402193001,-0.0109177757327101,0.00135072142653848));
#5263=CARTESIAN_POINT('',(0.0354568968653256,-0.0109177757327101,0.00209217726321961));
#5264=CARTESIAN_POINT('',(0.0357262110032403,-0.0109177757327101,0.00266472431213572));
#5265=CARTESIAN_POINT('',(0.0357262110032403,-0.0109177757327101,0.00266472431213572));
#5266=CARTESIAN_POINT('',(0.0376202110646635,-0.0109177757327101,0.00179853110139705));
#5267=CARTESIAN_POINT('',(0.0365178928220815,-0.0109177757327101,0.00356459272386885));
#5268=CARTESIAN_POINT('',(0.0365178928220815,-0.0109177757327101,0.00356459272386885));
#5269=CARTESIAN_POINT('',(0.037040260503008,-0.0109177757327101,0.00389191408668588));
#5270=CARTESIAN_POINT('',(0.0377381012904726,-0.0109177757327101,0.00392583724336771));
#5271=CARTESIAN_POINT('',(0.0377381012904726,-0.0109177757327101,0.00392583724336771));
#5272=CARTESIAN_POINT('',(0.0377381012904726,-0.0109177757327101,0.00392583724336771));
#5273=CARTESIAN_POINT('',(0.0384182234641929,-0.0109177757327101,0.00395889906989942));
#5274=CARTESIAN_POINT('',(0.0389560147707647,-0.0109177757327101,0.00368789539976715));
#5275=CARTESIAN_POINT('',(0.0389560147707647,-0.0109177757327101,0.00368789539976715));
#5276=CARTESIAN_POINT('',(0.0380479851875127,-0.0109177757327101,0.0018470104372365));
#5277=CARTESIAN_POINT('',(0.0560516916801371,-0.0109177757327101,0.000391821493090366));
#5278=CARTESIAN_POINT('',(0.0564305123932363,-0.0109177757327101,6.93385640909804E-5));
#5279=CARTESIAN_POINT('',(0.0560675124313591,-0.0109177757327101,-0.000105310582438008));
#5280=CARTESIAN_POINT('',(0.0560312076937506,-0.0109177757327101,0.000416128192714573));
#5281=CARTESIAN_POINT('',(0.055676204819693,-0.0109177757327101,3.2769456202203E-5));
#5282=CARTESIAN_POINT('',(0.0560195013658052,-0.0109177757327101,0.000422099703324149));
#5283=CARTESIAN_POINT('',(0.0555004339739011,-0.0109177757327101,0.000407922619970911));
#5284=CARTESIAN_POINT('',(0.0560200469520578,-0.0109177757327101,0.000445009576127983));
#5285=CARTESIAN_POINT('',(0.0556389786641964,-0.0109177757327101,0.000799871823447246));
#5286=CARTESIAN_POINT('',(0.0560294351842269,-0.0109177757327101,0.000452590879645501));
#5287=CARTESIAN_POINT('',(0.0560149963799022,-0.0109177757327101,0.000975092747841195));
#5288=CARTESIAN_POINT('',(0.0560474649840824,-0.0109177757327101,0.000478769796011233));
#5289=CARTESIAN_POINT('',(0.0563932384953068,-0.0109177757327101,0.000836492316320174));
#5290=CARTESIAN_POINT('',(0.0560350203785608,-0.0109177757327101,0.000447196878617937));
#5291=CARTESIAN_POINT('',(0.0565643786070971,-0.0109177757327101,0.000459632367737386));
#5292=CARTESIAN_POINT('',(0.0560379958739319,-0.0109177757327101,0.000421527546604311));
#5293=CARTESIAN_POINT('',(0.0557346846567816,-0.0109177757327101,0.00602478717249056));
#5294=CARTESIAN_POINT('',(0.0553073934714883,-0.0109177757327101,0.00600401586463947));
#5295=CARTESIAN_POINT('',(0.0561619758420748,-0.0109177757327101,0.00604555848034164));
#5296=CARTESIAN_POINT('',(0.056220281746625,-0.0109177757327101,0.00386248705372601));
#5297=CARTESIAN_POINT('',(0.0562785876511751,-0.0109177757327101,0.00167941562711037));
#5298=CARTESIAN_POINT('',(0.0559467043860431,-0.0109177757327101,0.00166328225083688));
#5299=CARTESIAN_POINT('',(0.055614821120911,-0.0109177757327101,0.00164714887456339));
#5300=CARTESIAN_POINT('',(0.0554611072961996,-0.0109177757327101,0.00382558236960144));
#5301=CARTESIAN_POINT('',(0.0437275979044978,-0.0109177757327101,0.00544110348345025));
#5302=CARTESIAN_POINT('',(0.043330973550685,-0.0109177757327101,0.00542182293932054));
#5303=CARTESIAN_POINT('',(0.0441242222583107,-0.0109177757327101,0.00546038402757997));
#5304=CARTESIAN_POINT('',(0.0442177428357646,-0.0109177757327101,0.00353655146604429));
#5305=CARTESIAN_POINT('',(0.0443112634132186,-0.0109177757327101,0.00161271890450862));
#5306=CARTESIAN_POINT('',(0.0443112634132186,-0.0109177757327101,0.00161271890450862));
#5307=CARTESIAN_POINT('',(0.0443506858316281,-0.0109177757327101,0.000801751583138639));
#5308=CARTESIAN_POINT('',(0.0447670734462186,-0.0109177757327101,0.000428529812402221));
#5309=CARTESIAN_POINT('',(0.0447670734462186,-0.0109177757327101,0.000428529812402221));
#5310=CARTESIAN_POINT('',(0.0447670734462186,-0.0109177757327101,0.000428529812402221));
#5311=CARTESIAN_POINT('',(0.045183461060809,-0.0109177757327101,5.53080416658026E-5));
#5312=CARTESIAN_POINT('',(0.0458894796700016,-0.0109177757327101,8.96287353400041E-5));
#5313=CARTESIAN_POINT('',(0.0458894796700016,-0.0109177757327101,8.96287353400041E-5));
#5314=CARTESIAN_POINT('',(0.0458894796700016,-0.0109177757327101,8.96287353400041E-5));
#5315=CARTESIAN_POINT('',(0.0465873204574662,-0.0109177757327101,0.00012355189202184));
#5316=CARTESIAN_POINT('',(0.0469655445207896,-0.0109177757327101,0.000535401007183084));
#5317=CARTESIAN_POINT('',(0.0469655445207896,-0.0109177757327101,0.000535401007183084));
#5318=CARTESIAN_POINT('',(0.0469655445207896,-0.0109177757327101,0.000535401007183084));
#5319=CARTESIAN_POINT('',(0.047343768584113,-0.0109177757327101,0.000947250122344327));
#5320=CARTESIAN_POINT('',(0.0473043461657034,-0.0109177757327101,0.0017582174437143));
#5321=CARTESIAN_POINT('',(0.0473043461657034,-0.0109177757327101,0.0017582174437143));
#5322=CARTESIAN_POINT('',(0.0472108255882495,-0.0109177757327101,0.00368205000524998));
#5323=CARTESIAN_POINT('',(0.0471173050107955,-0.0109177757327101,0.00560588256678566));
#5324=CARTESIAN_POINT('',(0.0475139293646084,-0.0109177757327101,0.00562516311091537));
#5325=CARTESIAN_POINT('',(0.0479105537184213,-0.0109177757327101,0.00564444365504509));
#5326=CARTESIAN_POINT('',(0.0480038423992963,-0.0109177757327101,0.00372538148951747));
#5327=CARTESIAN_POINT('',(0.0480971310801714,-0.0109177757327101,0.00180631932398985));
#5328=CARTESIAN_POINT('',(0.0480971310801714,-0.0109177757327101,0.00180631932398985));
#5329=CARTESIAN_POINT('',(0.048134035764296,-0.0109177757327101,0.00104714487356451));
#5330=CARTESIAN_POINT('',(0.0478539740187954,-0.0109177757327101,0.000513011812781819));
#5331=CARTESIAN_POINT('',(0.0478539740187954,-0.0109177757327101,0.000513011812781819));
#5332=CARTESIAN_POINT('',(0.0461449474140508,-0.0109177757327101,0.00137861275917199));
#5333=CARTESIAN_POINT('',(0.0470669111122411,-0.0109177757327101,-0.000299195835443181));
#5334=CARTESIAN_POINT('',(0.0470669111122411,-0.0109177757327101,-0.000299195835443181));
#5335=CARTESIAN_POINT('',(0.0465599099511873,-0.0109177757327101,-0.000577270422885487));
#5336=CARTESIAN_POINT('',(0.0459152250049554,-0.0109177757327101,-0.000608609589116949));
#5337=CARTESIAN_POINT('',(0.0459152250049554,-0.0109177757327101,-0.000608609589116949));
#5338=CARTESIAN_POINT('',(0.0459152250049554,-0.0109177757327101,-0.000608609589116949));
#5339=CARTESIAN_POINT('',(0.0452691770884354,-0.0109177757327101,-0.000640015011513805));
#5340=CARTESIAN_POINT('',(0.0447382763751644,-0.0109177757327101,-0.000412394494019191));
#5341=CARTESIAN_POINT('',(0.0447382763751644,-0.0109177757327101,-0.000412394494019191));
#5342=CARTESIAN_POINT('',(0.0454838113324831,-0.0109177757327101,0.00132534948236397));
#5343=CARTESIAN_POINT('',(0.0438809156292265,-0.0109177757327101,0.000319875090657693));
#5344=CARTESIAN_POINT('',(0.0438809156292265,-0.0109177757327101,0.000319875090657693));
#5345=CARTESIAN_POINT('',(0.0435544555965596,-0.0109177757327101,0.000824524157839962));
#5346=CARTESIAN_POINT('',(0.0435175509124351,-0.0109177757327101,0.00158369860826531));
#5347=CARTESIAN_POINT('',(0.0435175509124351,-0.0109177757327101,0.00158369860826531));
#5348=CARTESIAN_POINT('',(0.04342426223156,-0.0109177757327101,0.00350276077379292));
#5349=CARTESIAN_POINT('',(0.0346241235521577,-0.0109177757327101,-0.00109600948795105));
#5350=CARTESIAN_POINT('',(0.0351652227565004,-0.0109177757327101,-0.00106970579028955));
#5351=CARTESIAN_POINT('',(0.0340830243478151,-0.0109177757327101,-0.00112231318561255));
#5352=CARTESIAN_POINT('',(0.0330939853895617,-0.0109177757327101,-0.000112276939334781));
#5353=CARTESIAN_POINT('',(0.0321049464313084,-0.0109177757327101,0.000897759306942993));
#5354=CARTESIAN_POINT('',(0.0321562618314062,-0.0109177757327101,-0.000157861181125999));
#5355=CARTESIAN_POINT('',(0.032207577231504,-0.0109177757327101,-0.00121348166919499));
#5356=CARTESIAN_POINT('',(0.0318109528776911,-0.0109177757327101,-0.0012327622133247));
#5357=CARTESIAN_POINT('',(0.0314143285238782,-0.0109177757327101,-0.00125204275745442));
#5358=CARTESIAN_POINT('',(0.0312574339242247,-0.0109177757327101,0.0019754708845693));
#5359=CARTESIAN_POINT('',(0.0311005393245713,-0.0109177757327101,0.00520298452659302));
#5360=CARTESIAN_POINT('',(0.0314971636783841,-0.0109177757327101,0.00522226507072273));
#5361=CARTESIAN_POINT('',(0.031893788032197,-0.0109177757327101,0.00524154561485245));
#5362=CARTESIAN_POINT('',(0.0319860166144258,-0.0109177757327101,0.0033442909739331));
#5363=CARTESIAN_POINT('',(0.0320782451966545,-0.0109177757327101,0.00144703633301375));
#5364=CARTESIAN_POINT('',(0.0329474174576158,-0.0109177757327101,0.00255150177167058));
#5365=CARTESIAN_POINT('',(0.0338165897185771,-0.0109177757327101,0.00365596721032742));
#5366=CARTESIAN_POINT('',(0.034369955655512,-0.0109177757327101,0.00368286721347746));
#5367=CARTESIAN_POINT('',(0.0349233215924468,-0.0109177757327101,0.00370976721662752));
#5368=CARTESIAN_POINT('',(0.0338560643801608,-0.0109177757327101,0.00246451820551194));
#5369=CARTESIAN_POINT('',(0.0327888071678747,-0.0109177757327101,0.00121926919439636));
#5370=CARTESIAN_POINT('',(0.0339770149621876,-0.0109177757327101,7.47817020534053E-5));
#5371=CARTESIAN_POINT('',(0.0695214117616154,-0.0109177757327101,0.0062879834734106));
#5372=CARTESIAN_POINT('',(0.0695214117616154,-0.0109177757327101,0.0242879834734106));
#5373=CARTESIAN_POINT('',(0.0695214117616154,-0.0109177757327101,0.0062879834734106));
#5374=CARTESIAN_POINT('',(0.0364464117616154,-0.0109177757327101,0.0062879834734106));
#5375=CARTESIAN_POINT('',(0.0033714117616154,-0.0109177757327101,0.0062879834734106));
#5376=CARTESIAN_POINT('',(0.0033714117616154,-0.0109177757327101,-0.00271201652658941));
#5377=CARTESIAN_POINT('',(0.00337141176161539,-0.0109177757327101,0.0242879834734106));
#5378=CARTESIAN_POINT('',(0.0364464117616154,-0.0109177757327101,0.0242879834734106));
#5379=CARTESIAN_POINT('',(0.0364464117616154,-0.0109177757327101,0.0302879834734106));
#5380=CARTESIAN_POINT('',(-0.0136285882383846,-0.0109177757327101,0.0302879834734106));
#5381=CARTESIAN_POINT('',(0.0865214117616154,-0.0109177757327101,0.0302879834734106));
#5382=CARTESIAN_POINT('',(-0.0136285882383846,-0.0109177757327101,-0.0027120165265894));
#5383=CARTESIAN_POINT('',(-0.0136285882383846,-0.0109177757327101,-0.0027120165265894));
#5384=CARTESIAN_POINT('',(0.0364464117616154,-0.0109177757327101,-0.0027120165265894));
#5385=CARTESIAN_POINT('',(0.0865214117616154,-0.0109177757327101,-0.0027120165265894));
#5386=CARTESIAN_POINT('',(0.0865214117616154,-0.0109177757327101,-0.0027120165265894));
#5387=CARTESIAN_POINT('',(0.0254631737733158,-0.0109177757327101,-0.000422427391146739));
#5388=CARTESIAN_POINT('',(0.0251391651708682,-0.0109177757327101,0.000130157532694998));
#5389=CARTESIAN_POINT('',(0.0251039831470439,-0.0109177757327101,0.000853894755631905));
#5390=CARTESIAN_POINT('',(0.0254631737733158,-0.0109177757327101,-0.000422427391146739));
#5391=CARTESIAN_POINT('',(0.0251039831470439,-0.0109177757327101,0.000853894755631905));
#5392=CARTESIAN_POINT('',(0.0251039831470439,-0.0109177757327101,0.000853894755631905));
#5393=CARTESIAN_POINT('',(0.0250683373300618,-0.0109177757327101,0.00158717277058493));
#5394=CARTESIAN_POINT('',(0.0253378502364727,-0.0109177757327101,0.00215563090863698));
#5395=CARTESIAN_POINT('',(0.0253378502364727,-0.0109177757327101,0.00215563090863698));
#5396=CARTESIAN_POINT('',(0.0272930489860078,-0.0109177757327101,0.00125806479889097));
#5397=CARTESIAN_POINT('',(0.0261118134415696,-0.0109177757327101,0.00305463799022));
#5398=CARTESIAN_POINT('',(0.0261118134415696,-0.0109177757327101,0.00305463799022));
#5399=CARTESIAN_POINT('',(0.0266162637402558,-0.0109177757327101,0.00338518693375095));
#5400=CARTESIAN_POINT('',(0.0272527708647595,-0.0109177757327101,0.00341612856299004));
#5401=CARTESIAN_POINT('',(0.0272527708647595,-0.0109177757327101,0.00341612856299004));
#5402=CARTESIAN_POINT('',(0.0272527708647595,-0.0109177757327101,0.00341612856299004));
#5403=CARTESIAN_POINT('',(0.0278811001675353,-0.0109177757327101,0.00344667265523678));
#5404=CARTESIAN_POINT('',(0.0283562989440037,-0.0109177757327101,0.00319858389313408));
#5405=CARTESIAN_POINT('',(0.0283562989440037,-0.0109177757327101,0.00319858389313408));
#5406=CARTESIAN_POINT('',(0.0283562989440037,-0.0109177757327101,0.00319858389313408));
#5407=CARTESIAN_POINT('',(0.0288314977204721,-0.0109177757327101,0.00295049513103139));
#5408=CARTESIAN_POINT('',(0.0290790568643546,-0.0109177757327101,0.00255130585395918));
#5409=CARTESIAN_POINT('',(0.0290790568643546,-0.0109177757327101,0.00255130585395918));
#5410=CARTESIAN_POINT('',(0.0290578548914285,-0.0109177757327101,0.00298745634612454));
#5411=CARTESIAN_POINT('',(0.0290366529185024,-0.0109177757327101,0.00342360683828992));
#5412=CARTESIAN_POINT('',(0.0294380476683232,-0.0109177757327101,0.00344311927899851));
#5413=CARTESIAN_POINT('',(0.0298394424181442,-0.0109177757327101,0.0034626317197071));
#5414=CARTESIAN_POINT('',(0.029955622604163,-0.0109177757327101,0.00107266331966969));
#5415=CARTESIAN_POINT('',(0.0300718027901817,-0.0109177757327101,-0.00131730508036772));
#5416=CARTESIAN_POINT('',(0.0296704080403607,-0.0109177757327101,-0.00133681752107631));
#5417=CARTESIAN_POINT('',(0.0292690132905398,-0.0109177757327101,-0.00135632996178491));
#5418=CARTESIAN_POINT('',(0.0292473806525386,-0.0109177757327101,-0.000911320162747432));
#5419=CARTESIAN_POINT('',(0.0292257480145374,-0.0109177757327101,-0.000466310363709956));
#5420=CARTESIAN_POINT('',(0.0292257480145374,-0.0109177757327101,-0.000466310363709956));
#5421=CARTESIAN_POINT('',(0.0290102947974866,-0.0109177757327101,-0.000896204558744304));
#5422=CARTESIAN_POINT('',(0.0285568612192504,-0.0109177757327101,-0.00119421729357121));
#5423=CARTESIAN_POINT('',(0.0285568612192504,-0.0109177757327101,-0.00119421729357121));
#5424=CARTESIAN_POINT('',(0.0285568612192504,-0.0109177757327101,-0.00119421729357121));
#5425=CARTESIAN_POINT('',(0.0281034276410143,-0.0109177757327101,-0.00149223002839811));
#5426=CARTESIAN_POINT('',(0.0274846391302547,-0.0109177757327101,-0.00152231032748709));
#5427=CARTESIAN_POINT('',(0.0274846391302547,-0.0109177757327101,-0.00152231032748709));
#5428=CARTESIAN_POINT('',(0.0274846391302547,-0.0109177757327101,-0.00152231032748709));
#5429=CARTESIAN_POINT('',(0.0268481320057509,-0.0109177757327101,-0.00155325195672618));
#5430=CARTESIAN_POINT('',(0.0263176571907571,-0.0109177757327101,-0.00126413213585733));
#5431=CARTESIAN_POINT('',(0.0263176571907571,-0.0109177757327101,-0.00126413213585733));
#5432=CARTESIAN_POINT('',(0.0263176571907571,-0.0109177757327101,-0.00126413213585733));
#5433=CARTESIAN_POINT('',(0.0257871823757635,-0.0109177757327101,-0.000975012314988475));
#5434=CARTESIAN_POINT('',(0.0254631737733158,-0.0109177757327101,-0.000422427391146739));
#5435=CARTESIAN_POINT('',(0.0501145816394958,-0.0109177757327101,0.00400695893443567));
#5436=CARTESIAN_POINT('',(0.0500931808980735,-0.0109177757327101,0.00444719833746508));
#5437=CARTESIAN_POINT('',(0.0501359823809181,-0.0109177757327101,0.00356671953140625));
#5438=CARTESIAN_POINT('',(0.0501359823809181,-0.0109177757327101,0.00356671953140625));
#5439=CARTESIAN_POINT('',(0.0503518331349614,-0.0109177757327101,0.0039884359047125));
#5440=CARTESIAN_POINT('',(0.0508052998412802,-0.0109177757327101,0.00428576715439539));
#5441=CARTESIAN_POINT('',(0.0508052998412802,-0.0109177757327101,0.00428576715439539));
#5442=CARTESIAN_POINT('',(0.0508052998412802,-0.0109177757327101,0.00428576715439539));
#5443=CARTESIAN_POINT('',(0.051258766547599,-0.0109177757327101,0.00458309840407829));
#5444=CARTESIAN_POINT('',(0.0518775550583586,-0.0109177757327101,0.00461317870316726));
#5445=CARTESIAN_POINT('',(0.0518775550583586,-0.0109177757327101,0.00461317870316726));
#5446=CARTESIAN_POINT('',(0.0518775550583586,-0.0109177757327101,0.00461317870316726));
#5447=CARTESIAN_POINT('',(0.0525140621828624,-0.0109177757327101,0.00464412033240636));
#5448=CARTESIAN_POINT('',(0.0530481952436451,-0.0109177757327101,0.0043640585869058));
#5449=CARTESIAN_POINT('',(0.0530481952436451,-0.0109177757327101,0.0043640585869058));
#5450=CARTESIAN_POINT('',(0.0520467860717296,-0.0109177757327101,0.00246138354537866));
#5451=CARTESIAN_POINT('',(0.0539057074733042,-0.0109177757327101,0.00354436013529965));
#5452=CARTESIAN_POINT('',(0.0539057074733042,-0.0109177757327101,0.00354436013529965));
#5453=CARTESIAN_POINT('',(0.0542290866421806,-0.0109177757327101,0.00300472342919408));
#5454=CARTESIAN_POINT('',(0.0542647324591627,-0.0109177757327101,0.00227144541424106));
#5455=CARTESIAN_POINT('',(0.0542647324591627,-0.0109177757327101,0.00227144541424106));
#5456=CARTESIAN_POINT('',(0.0542647324591627,-0.0109177757327101,0.00227144541424106));
#5457=CARTESIAN_POINT('',(0.054299914482987,-0.0109177757327101,0.00154770819130415));
#5458=CARTESIAN_POINT('',(0.0540310310101474,-0.0109177757327101,0.000966301835515931));
#5459=CARTESIAN_POINT('',(0.0540310310101474,-0.0109177757327101,0.000966301835515931));
#5460=CARTESIAN_POINT('',(0.0540310310101474,-0.0109177757327101,0.000966301835515931));
#5461=CARTESIAN_POINT('',(0.0537621475373077,-0.0109177757327101,0.000384895479727713));
#5462=CARTESIAN_POINT('',(0.0532581279036967,-0.0109177757327101,4.54872293246519E-5));
#5463=CARTESIAN_POINT('',(0.0532581279036967,-0.0109177757327101,4.54872293246519E-5));
#5464=CARTESIAN_POINT('',(0.0520397154260156,-0.0109177757327101,0.00186478690896556));
#5465=CARTESIAN_POINT('',(0.0521176011455818,-0.0109177757327101,-0.000324862650317506));
#5466=CARTESIAN_POINT('',(0.0521176011455818,-0.0109177757327101,-0.000324862650317506));
#5467=CARTESIAN_POINT('',(0.0515069904565503,-0.0109177757327101,-0.000354545412414112));
#5468=CARTESIAN_POINT('',(0.0510267893874949,-0.0109177757327101,-0.000101918150882241));
#5469=CARTESIAN_POINT('',(0.0510267893874949,-0.0109177757327101,-0.000101918150882241));
#5470=CARTESIAN_POINT('',(0.0510267893874949,-0.0109177757327101,-0.000101918150882241));
#5471=CARTESIAN_POINT('',(0.0505465883184396,-0.0109177757327101,0.000150709110649629));
#5472=CARTESIAN_POINT('',(0.0502827397872663,-0.0109177757327101,0.000547740343449097));
#5473=CARTESIAN_POINT('',(0.0502827397872663,-0.0109177757327101,0.000547740343449097));
#5474=CARTESIAN_POINT('',(0.0503592656582966,-0.0109177757327101,-0.00102649033921028));
#5475=CARTESIAN_POINT('',(0.0504357915293269,-0.0109177757327101,-0.00260072102186965));
#5476=CARTESIAN_POINT('',(0.050039167175514,-0.0109177757327101,-0.00262000156599937));
#5477=CARTESIAN_POINT('',(0.0496425428217012,-0.0109177757327101,-0.00263928211012908));
#5478=CARTESIAN_POINT('',(0.0494712375060744,-0.0109177757327101,0.000884677569538287));
#5479=CARTESIAN_POINT('',(0.0492999321904477,-0.0109177757327101,0.00440863724920566));
#5480=CARTESIAN_POINT('',(0.0496965565442606,-0.0109177757327101,0.00442791779333537));
#5481=CARTESIAN_POINT('',(0.0239229581344701,-0.0109177757327101,0.00447836827218966));
#5482=CARTESIAN_POINT('',(0.0234956669491769,-0.0109177757327101,0.00445759696433858));
#5483=CARTESIAN_POINT('',(0.0243502493197634,-0.0109177757327101,0.00449913958004075));
#5484=CARTESIAN_POINT('',(0.0236168734054723,-0.0109177757327101,0.00141619974169198));
#5485=CARTESIAN_POINT('',(0.0228834974911813,-0.0109177757327101,-0.00166674009665679));
#5486=CARTESIAN_POINT('',(0.0224391691772878,-0.0109177757327101,-0.0016883396065753));
#5487=CARTESIAN_POINT('',(0.0219948408633943,-0.0109177757327101,-0.00170993911649381));
#5488=CARTESIAN_POINT('',(0.021169210952175,-0.0109177757327101,0.000702238728739394));
#5489=CARTESIAN_POINT('',(0.0203435810409557,-0.0109177757327101,0.0031144165739726));
#5490=CARTESIAN_POINT('',(0.0197299143280293,-0.0109177757327101,0.000632272218083108));
#5491=CARTESIAN_POINT('',(0.0191162476151029,-0.0109177757327101,-0.00184987213780639));
#5492=CARTESIAN_POINT('',(0.0186755254954257,-0.0109177757327101,-0.00187539491817546));
#5493=CARTESIAN_POINT('',(0.0182348033757484,-0.0109177757327101,-0.00190091769854455));
#5494=CARTESIAN_POINT('',(0.017236326770618,-0.0109177757327101,0.00110193259253493));
#5495=CARTESIAN_POINT('',(0.0162378501654876,-0.0109177757327101,0.00410478288361441));
#5496=CARTESIAN_POINT('',(0.0166610524399168,-0.0109177757327101,0.00412535542296931));
#5497=CARTESIAN_POINT('',(0.017084254714346,-0.0109177757327101,0.00414592796232421));
#5498=CARTESIAN_POINT('',(0.0178726632963093,-0.0109177757327101,0.00160010328700477));
#5499=CARTESIAN_POINT('',(0.0186610718782725,-0.0109177757327101,-0.000945721388314676));
#5500=CARTESIAN_POINT('',(0.0192683448712384,-0.0109177757327101,0.00166794960036844));
#5501=CARTESIAN_POINT('',(0.0198756178642043,-0.0109177757327101,0.00428162058905155));
#5502=CARTESIAN_POINT('',(0.0203206276632418,-0.0109177757327101,0.00430325322705276));
#5503=CARTESIAN_POINT('',(0.0207656374622792,-0.0109177757327101,0.00432488586505397));
#5504=CARTESIAN_POINT('',(0.0215883711215119,-0.0109177757327101,0.0017896100288242));
#5505=CARTESIAN_POINT('',(0.0224111047807446,-0.0109177757327101,-0.00074566580740559));
#5506=CARTESIAN_POINT('',(0.0229533858649607,-0.0109177757327101,0.00185596557846649));
#5507=CARTESIAN_POINT('',(0.0364464117616154,0.0245822242672898,0.0302879834734106));
#5508=CARTESIAN_POINT('',(-0.0126285882383846,-0.00591777573271015,0.0302879834734106));
#5509=CARTESIAN_POINT('',(-0.0126285882383846,-0.00821777573271015,0.0302879834734106));
#5510=CARTESIAN_POINT('',(0.0855214117616154,-0.00591777573271013,0.0302879834734106));
#5511=CARTESIAN_POINT('',(0.0855214117616154,-0.00821777573271013,0.0302879834734106));
#5512=CARTESIAN_POINT('',(0.0860214117616154,0.0555822242672899,0.0302879834734106));
#5513=CARTESIAN_POINT('',(0.0860214117616154,0.0532822242672899,0.0302879834734106));
#5514=CARTESIAN_POINT('',(-0.0131285882383846,0.0555822242672899,0.0302879834734106));
#5515=CARTESIAN_POINT('',(-0.0131285882383846,0.0532822242672899,0.0302879834734106));
#5516=CARTESIAN_POINT('',(0.0364464117616154,0.0600822242672899,0.0302879834734106));
#5517=CARTESIAN_POINT('',(-0.0136285882383846,0.0600822242672899,0.0302879834734106));
#5518=CARTESIAN_POINT('',(0.0865214117616154,0.0600822242672899,0.0302879834734106));
#5519=CARTESIAN_POINT('',(-0.0136285882383846,0.0560822242672899,0.0302879834734106));
#5520=CARTESIAN_POINT('',(-0.0176285882383846,0.0560822242672899,0.0302879834734106));
#5521=CARTESIAN_POINT('',(-0.0176285882383846,0.0245822242672899,0.0302879834734106));
#5522=CARTESIAN_POINT('',(-0.0176285882383846,-0.00691777573271013,0.0302879834734106));
#5523=CARTESIAN_POINT('',(-0.0136285882383846,-0.00691777573271013,0.0302879834734106));
#5524=CARTESIAN_POINT('',(0.0865214117616154,-0.00691777573271013,0.0302879834734106));
#5525=CARTESIAN_POINT('',(0.0905214117616154,-0.00691777573271013,0.0302879834734106));
#5526=CARTESIAN_POINT('',(0.0905214117616154,0.0245822242672899,0.0302879834734106));
#5527=CARTESIAN_POINT('',(0.0905214117616154,0.0560822242672899,0.0302879834734106));
#5528=CARTESIAN_POINT('',(0.0865214117616154,0.0560822242672899,0.0302879834734106));
#5529=CARTESIAN_POINT('',(0.0364464012260884,-0.00541777573271015,0.0302879834734106));
#5530=CARTESIAN_POINT('',(0.0732714117616154,-0.00541777573271015,0.0302879834734106));
#5531=CARTESIAN_POINT('',(-0.000378609309438615,-0.00541777573271015,0.0302879834734106));
#5532=CARTESIAN_POINT('',(-0.000378609309438616,-0.00166777573271016,0.0302879834734106));
#5533=CARTESIAN_POINT('',(-0.000378609309438615,-0.000417775732710167,0.0302879834734106));
#5534=CARTESIAN_POINT('',(0.0390479787029195,-0.000417775732710156,0.0302879834734106));
#5535=CARTESIAN_POINT('',(0.0707714117616154,-0.000417775732710146,0.0302879834734106));
#5536=CARTESIAN_POINT('',(0.0707714117616154,0.00108222426728985,0.0302879834734106));
#5537=CARTESIAN_POINT('',(0.0707714117616154,0.00258222426728984,0.0302879834734106));
#5538=CARTESIAN_POINT('',(0.0390479787029195,0.00258222426728984,0.0302879834734106));
#5539=CARTESIAN_POINT('',(-0.00962858823838461,0.00258222426728984,0.0302879834734106));
#5540=CARTESIAN_POINT('',(-0.0096285882383846,0.0240822242672898,0.0302879834734106));
#5541=CARTESIAN_POINT('',(-0.00962858823838461,0.0520822242672899,0.0302879834734106));
#5542=CARTESIAN_POINT('',(0.0364464117616154,0.0520822242672899,0.0302879834734106));
#5543=CARTESIAN_POINT('',(0.0825214117616154,0.0520822242672899,0.0302879834734106));
#5544=CARTESIAN_POINT('',(0.0825214117616154,0.0245822242672899,0.0302879834734106));
#5545=CARTESIAN_POINT('',(0.0825214117616154,0.00258222426728985,0.0302879834734106));
#5546=CARTESIAN_POINT('',(0.0778964117616154,0.00258222426728984,0.0302879834734106));
#5547=CARTESIAN_POINT('',(0.0732714117616154,0.00258222426728984,0.0302879834734106));
#5548=CARTESIAN_POINT('',(0.0732714117616154,-0.000167775732710154,0.0302879834734106));
#5549=CARTESIAN_POINT('',(0.0364464117616154,-0.000917775732710121,0.0212879834734106));
#5550=CARTESIAN_POINT('',(0.0665214117616154,-0.000917775732710121,0.0212879834734106));
#5551=CARTESIAN_POINT('',(0.0665214117616154,-0.00541777573271015,0.0212879834734106));
#5552=CARTESIAN_POINT('',(0.0665214117616154,-0.00791777573271013,0.0212879834734106));
#5553=CARTESIAN_POINT('',(0.0364464117616154,-0.00791777573271013,0.0212879834734106));
#5554=CARTESIAN_POINT('',(0.00637141176161539,-0.00791777573271012,0.0212879834734106));
#5555=CARTESIAN_POINT('',(0.00637141176161539,-0.000917775732710121,0.0212879834734106));
#5556=CARTESIAN_POINT('',(0.00637141176161539,-0.00541777573271015,0.0212879834734106));
#5557=CARTESIAN_POINT('',(0.0364464117616154,-0.00541777573271015,0.0212879834734106));
#5558=CARTESIAN_POINT('',(0.00637141176161539,-0.000917775732710116,0.0137879834734106));
#5559=CARTESIAN_POINT('',(0.00637141176161539,-0.00791777573271012,0.0137879834734106));
#5560=CARTESIAN_POINT('',(0.00637141176161539,-0.00791777573271011,0.0062879834734106));
#5561=CARTESIAN_POINT('',(0.00637141176161539,-0.00091777573271011,0.00628798347341061));
#5562=CARTESIAN_POINT('',(0.00637141176161539,-0.00541777573271013,0.00628798347341061));
#5563=CARTESIAN_POINT('',(0.00637141176161539,-0.00541777573271014,0.0137879834734106));
#5564=CARTESIAN_POINT('',(0.0364464117616154,-0.00091777573271011,0.00628798347341061));
#5565=CARTESIAN_POINT('',(-0.0048785882383846,-0.00291777573271011,0.00628798347341061));
#5566=CARTESIAN_POINT('',(-0.000378609309438616,-0.00291777573271011,0.00628798347341061));
#5567=CARTESIAN_POINT('',(0.0732714117616154,-0.00291777573271011,0.00628798347341061));
#5568=CARTESIAN_POINT('',(0.0732714117616154,-0.000167775732710135,0.00628798347341061));
#5569=CARTESIAN_POINT('',(0.0732714117616154,-0.000417775732710148,0.00628798347341061));
#5570=CARTESIAN_POINT('',(0.0364464012260884,-0.000417775732710149,0.00628798347341061));
#5571=CARTESIAN_POINT('',(0.0707714117616154,-0.000417775732710127,0.00628798347341061));
#5572=CARTESIAN_POINT('',(0.0364464012260884,-0.000417775732710149,0.00628798347341061));
#5573=CARTESIAN_POINT('',(-0.000378609309438615,-0.000417775732710148,0.00628798347341061));
#5574=CARTESIAN_POINT('',(-0.000378609309438616,-0.00166777573271014,0.00628798347341061));
#5575=CARTESIAN_POINT('',(0.0364464117616154,-0.00091777573271011,0.00628798347341061));
#5576=CARTESIAN_POINT('',(0.0364464117616154,-0.00541777573271013,0.00628798347341061));
#5577=CARTESIAN_POINT('',(0.0665214117616154,-0.00541777573271014,0.00628798347341061));
#5578=CARTESIAN_POINT('',(0.0249089117616154,0.0106197242672899,0.00628798347341062));
#5579=CARTESIAN_POINT('',(0.0479839117616154,0.0106197242672899,0.00628798347341062));
#5580=CARTESIAN_POINT('',(0.0665214117616154,-0.00791777573271011,0.0062879834734106));
#5581=CARTESIAN_POINT('',(0.0665214117616154,-0.00091777573271011,0.00628798347341061));
#5582=CARTESIAN_POINT('',(0.0665214117616154,-0.000917775732710116,0.0137879834734106));
#5583=CARTESIAN_POINT('',(0.0665214117616154,-0.00791777573271012,0.0212879834734106));
#5584=CARTESIAN_POINT('',(0.0665214117616154,-0.00541777573271014,0.0137879834734106));
#5585=CARTESIAN_POINT('',(0.0825214117616154,0.0245822242672899,0.0302879834734106));
#5586=CARTESIAN_POINT('',(0.0825214117616154,0.0272661710399261,0.0299964407765123));
#5587=CARTESIAN_POINT('',(0.0825214117616154,0.0261029689400943,0.0192879834734106));
#5588=CARTESIAN_POINT('',(0.0825214117616154,0.024908098125748,0.00828798347341065));
#5589=CARTESIAN_POINT('',(0.0825214117616154,0.0245822242672899,0.0192879834734106));
#5590=CARTESIAN_POINT('',(0.0825214117616154,0.0242563504088318,0.0192879834734106));
#5591=CARTESIAN_POINT('',(0.0825214117616154,0.0254410872345334,0.0301946898104032));
#5592=CARTESIAN_POINT('',(0.0825214117616154,0.0230614795944856,0.00828798347341065));
#5593=CARTESIAN_POINT('',(0.0825214117616154,0.0245822242672899,0.00828798347341065));
#5594=CARTESIAN_POINT('',(0.0825214117616154,0.0245822242672899,0.0210716553646582));
#5595=CARTESIAN_POINT('',(0.0825214117616154,0.00258222426728985,0.0210716553646582));
#5596=CARTESIAN_POINT('',(0.0825214117616154,0.0124565240348809,0.0210716553646582));
#5597=CARTESIAN_POINT('',(0.0825214117616154,0.00258222426728987,0.000287983473410612));
#5598=CARTESIAN_POINT('',(0.0825214117616154,0.0520822242672899,0.0302879834734106));
#5599=CARTESIAN_POINT('',(0.0825214117616154,0.0520822242672899,0.00028798347341065));
#5600=CARTESIAN_POINT('',(0.0825214117616154,0.0245822242672899,0.000287983473410628));
#5601=CARTESIAN_POINT('',(0.0825214117616154,0.0520565240348809,0.00028798347341065));
#5602=CARTESIAN_POINT('',(0.0825214117616154,0.0520565240348809,0.0302879834734106));
#5603=CARTESIAN_POINT('',(0.0825214117616154,0.0520565240348809,0.0210716553646582));
#5604=CARTESIAN_POINT('',(0.0825214117616154,0.0245822242672899,0.0210716553646582));
#5605=CARTESIAN_POINT('',(0.0825214117616154,0.0430565240348809,0.0210716553646582));
#5606=CARTESIAN_POINT('',(0.0825214117616154,0.0430565240348809,-0.000928344635341798));
#5607=CARTESIAN_POINT('',(0.0825214117616154,0.0430565240348809,0.000287983473410643));
#5608=CARTESIAN_POINT('',(0.0825214117616154,0.0245822242672899,0.000287983473410628));
#5609=CARTESIAN_POINT('',(0.0825214117616154,0.0124565240348809,0.000287983473410618));
#5610=CARTESIAN_POINT('',(0.0825214117616154,0.0124565240348809,0.0302879834734106));
#5611=CARTESIAN_POINT('',(0.0825214117616154,0.0322078625005464,0.029459651421985));
#5612=CARTESIAN_POINT('',(0.0825214117616154,0.0311029689400943,0.0192879834734106));
#5613=CARTESIAN_POINT('',(0.0825214117616154,0.0299080981257479,0.00828798347341065));
#5614=CARTESIAN_POINT('',(0.0825214117616154,0.0245822242672899,0.0192879834734106));
#5615=CARTESIAN_POINT('',(0.0825214117616154,0.0292563504088318,0.0192879834734106));
#5616=CARTESIAN_POINT('',(0.0825214117616154,0.0303827786951539,0.0296579004558759));
#5617=CARTESIAN_POINT('',(0.0825214117616154,0.0280614795944855,0.00828798347341065));
#5618=CARTESIAN_POINT('',(0.0825214117616154,0.0245822242672899,0.00828798347341065));
#5619=CARTESIAN_POINT('',(0.0825214117616154,0.0204993957739132,0.0307314791649304));
#5620=CARTESIAN_POINT('',(0.0825214117616154,0.0180614795944855,0.00828798347341065));
#5621=CARTESIAN_POINT('',(0.0825214117616154,0.0192563504088318,0.0192879834734106));
#5622=CARTESIAN_POINT('',(0.0825214117616154,0.0245822242672899,0.00828798347341065));
#5623=CARTESIAN_POINT('',(0.0825214117616154,0.0201515202600531,0.00828798347341065));
#5624=CARTESIAN_POINT('',(0.0825214117616154,0.02256506299579,0.0305070968489692));
#5625=CARTESIAN_POINT('',(0.0825214117616154,0.0213463910743994,0.0192879834734106));
#5626=CARTESIAN_POINT('',(0.0825214117616154,0.0245822242672899,0.0192879834734106));
#5627=CARTESIAN_POINT('',(0.0905214117616154,0.0245822242672899,-0.00271201652658937));
#5628=CARTESIAN_POINT('',(0.0905214117616154,0.0255055335329211,0.0137879834734106));
#5629=CARTESIAN_POINT('',(0.0905214117616154,0.024908098125748,0.00828798347341065));
#5630=CARTESIAN_POINT('',(0.0905214117616154,0.0261029689400943,0.0192879834734106));
#5631=CARTESIAN_POINT('',(0.0905214117616154,0.0238218519308877,0.00828798347341065));
#5632=CARTESIAN_POINT('',(0.0905214117616154,0.0230614795944856,0.00828798347341065));
#5633=CARTESIAN_POINT('',(0.0905214117616154,0.0236589150016586,0.0137879834734106));
#5634=CARTESIAN_POINT('',(0.0905214117616154,0.0242563504088318,0.0192879834734106));
#5635=CARTESIAN_POINT('',(0.0905214117616154,0.0244192873380608,0.0192879834734106));
#5636=CARTESIAN_POINT('',(0.0905214117616154,0.0245822242672899,-0.00271201652658937));
#5637=CARTESIAN_POINT('',(0.0905214117616154,-0.0069177757327101,-0.0027120165265894));
#5638=CARTESIAN_POINT('',(0.0905214117616154,0.0560822242672899,-0.00271201652658934));
#5639=CARTESIAN_POINT('',(0.0905214117616154,0.0560822242672899,0.0302879834734106));
#5640=CARTESIAN_POINT('',(0.0905214117616154,-0.0069177757327101,-0.0027120165265894));
#5641=CARTESIAN_POINT('',(0.0905214117616154,0.0286589150016586,0.0137879834734106));
#5642=CARTESIAN_POINT('',(0.0905214117616154,0.0292563504088318,0.0192879834734106));
#5643=CARTESIAN_POINT('',(0.0905214117616154,0.0280614795944855,0.00828798347341065));
#5644=CARTESIAN_POINT('',(0.0905214117616154,0.0294192873380608,0.0192879834734106));
#5645=CARTESIAN_POINT('',(0.0905214117616154,0.0311029689400943,0.0192879834734106));
#5646=CARTESIAN_POINT('',(0.0905214117616154,0.0305055335329211,0.0137879834734106));
#5647=CARTESIAN_POINT('',(0.0905214117616154,0.0299080981257479,0.00828798347341065));
#5648=CARTESIAN_POINT('',(0.0905214117616154,0.0288218519308877,0.00828798347341065));
#5649=CARTESIAN_POINT('',(0.0905214117616154,0.0207489556672262,0.0137879834734106));
#5650=CARTESIAN_POINT('',(0.0905214117616154,0.0201515202600531,0.00828798347341065));
#5651=CARTESIAN_POINT('',(0.0905214117616154,0.0213463910743994,0.0192879834734106));
#5652=CARTESIAN_POINT('',(0.0905214117616154,0.0199671049072089,0.00828798347341065));
#5653=CARTESIAN_POINT('',(0.0905214117616154,0.0180614795944855,0.00828798347341065));
#5654=CARTESIAN_POINT('',(0.0905214117616154,0.0186589150016587,0.0137879834734106));
#5655=CARTESIAN_POINT('',(0.0905214117616154,0.0192563504088318,0.0192879834734106));
#5656=CARTESIAN_POINT('',(0.0905214117616154,0.0204857860944598,0.0192879834734106));
#5657=CARTESIAN_POINT('',(0.0732714117616154,-0.00016777573271013,0.000287983473410608));
#5658=CARTESIAN_POINT('',(0.0732714117616154,-0.000417775732710148,0.00628798347341061));
#5659=CARTESIAN_POINT('',(0.0732714117616154,-0.000417775732710143,0.000287983473410607));
#5660=CARTESIAN_POINT('',(0.0732714117616154,-0.00291777573271011,0.0057879834734106));
#5661=CARTESIAN_POINT('',(0.0732714117616154,-0.00291777573271011,0.0057879834734106));
#5662=CARTESIAN_POINT('',(0.0732714117616154,-0.00416777573271012,0.0057879834734106));
#5663=CARTESIAN_POINT('',(0.0732714117616154,-0.00541777573271013,0.0057879834734106));
#5664=CARTESIAN_POINT('',(0.0732714117616154,-0.00541777573271013,0.0057879834734106));
#5665=CARTESIAN_POINT('',(0.0732714117616154,0.00258222426728987,0.000287983473410612));
#5666=CARTESIAN_POINT('',(0.0732714117616154,0.00258222426728987,0.0210716553646582));
#5667=CARTESIAN_POINT('',(0.0732714117616154,-0.00016777573271013,0.0210716553646582));
#5668=CARTESIAN_POINT('',(0.0732714117616154,0.00255652403488087,0.0210716553646582));
#5669=CARTESIAN_POINT('',(0.0732714117616154,0.00255652403488087,0.000287983473410608));
#5670=CARTESIAN_POINT('',(0.0732714117616154,0.00255652403488087,0.000287983473410605));
#5671=CARTESIAN_POINT('',(0.0732714117616154,-0.00016777573271013,0.000287983473410608));
#5672=CARTESIAN_POINT('',(-0.000378609309438616,-0.00166777573271013,0.000287983473410608));
#5673=CARTESIAN_POINT('',(-0.000378609309438615,-0.00541777573271013,0.0057879834734106));
#5674=CARTESIAN_POINT('',(-0.000378609309438615,-0.00541777573271013,0.0057879834734106));
#5675=CARTESIAN_POINT('',(-0.000378609309438616,-0.00416777573271012,0.0057879834734106));
#5676=CARTESIAN_POINT('',(-0.000378609309438616,-0.00291777573271011,0.00578798347341061));
#5677=CARTESIAN_POINT('',(-0.000378609309438616,-0.00291777573271011,0.00578798347341061));
#5678=CARTESIAN_POINT('',(-0.000378609309438615,-0.000417775732710143,0.000287983473410608));
#5679=CARTESIAN_POINT('',(0.0390479787029195,-0.000417775732710132,0.000287983473410608));
#5680=CARTESIAN_POINT('',(0.0707714117616154,-0.000417775732710122,0.000287983473410608));
#5681=CARTESIAN_POINT('',(0.0364464117616154,0.0245822242672899,0.000287983473410628));
#5682=CARTESIAN_POINT('',(9.62947569787542E-5,0.0245822242672899,0.000287983473410628));
#5683=CARTESIAN_POINT('',(9.62947569787542E-5,0.0520822242672899,0.000287983473410653));
#5684=CARTESIAN_POINT('',(9.62947569787542E-5,0.0429303417670727,0.000287983473410647));
#5685=CARTESIAN_POINT('',(0.0364464117616154,0.0429303417670727,0.000287983473410643));
#5686=CARTESIAN_POINT('',(-0.0096285882383846,0.0429303417670727,0.000287983473410612));
#5687=CARTESIAN_POINT('',(-0.0096285882383846,0.0240822242672899,0.000287983473410627));
#5688=CARTESIAN_POINT('',(-0.0096285882383846,0.0120147525417805,0.000287983473410612));
#5689=CARTESIAN_POINT('',(0.0364464117616154,0.0120147525417805,0.000287983473410618));
#5690=CARTESIAN_POINT('',(0.000236952405422926,0.0120147525417805,0.000287983473410614));
#5691=CARTESIAN_POINT('',(0.000236952405422923,0.0245822242672899,0.000287983473410628));
#5692=CARTESIAN_POINT('',(0.000236952405422926,0.00263475254178047,0.000287983473410614));
#5693=CARTESIAN_POINT('',(0.0364464117616154,0.00263475254178047,0.000287983473410611));
#5694=CARTESIAN_POINT('',(-0.00962858823838461,0.00263475254178047,0.000287983473410612));
#5695=CARTESIAN_POINT('',(-0.0096285882383846,0.0240822242672899,0.000287983473410627));
#5696=CARTESIAN_POINT('',(-0.00962858823838461,0.00258222426728987,0.000287983473410612));
#5697=CARTESIAN_POINT('',(0.0390479787029195,0.00258222426728987,0.000287983473410612));
#5698=CARTESIAN_POINT('',(0.0707714117616154,0.00258222426728987,0.000287983473410612));
#5699=CARTESIAN_POINT('',(0.0707714117616154,0.00108222426728987,0.000287983473410612));
#5700=CARTESIAN_POINT('',(0.0707714117616154,-0.000417775732710143,0.000287983473410608));
#5701=CARTESIAN_POINT('',(0.0364464012260884,-0.000417775732710143,0.000287983473410608));
#5702=CARTESIAN_POINT('',(0.0364464117616154,0.00255652403488087,0.000287983473410611));
#5703=CARTESIAN_POINT('',(0.0731153812414687,0.00255652403488087,0.000287983473410615));
#5704=CARTESIAN_POINT('',(0.0731153812414687,0.0245822242672899,0.000287983473410628));
#5705=CARTESIAN_POINT('',(0.0731153812414687,0.0124565240348809,0.000287983473410615));
#5706=CARTESIAN_POINT('',(0.0364464117616154,0.0124565240348809,0.000287983473410618));
#5707=CARTESIAN_POINT('',(0.0364464117616154,0.0430565240348809,0.000287983473410643));
#5708=CARTESIAN_POINT('',(0.0731153812414687,0.0430565240348809,0.000287983473410643));
#5709=CARTESIAN_POINT('',(0.0731153812414687,0.0245822242672899,0.000287983473410628));
#5710=CARTESIAN_POINT('',(0.0731153812414687,0.0520565240348809,0.00028798347341065));
#5711=CARTESIAN_POINT('',(0.0364464117616154,0.0520565240348809,0.00028798347341065));
#5712=CARTESIAN_POINT('',(0.0364464117616154,0.0520822242672899,0.00028798347341065));
#5713=CARTESIAN_POINT('',(-0.0096285882383846,0.0240822242672898,0.0302879834734106));
#5714=CARTESIAN_POINT('',(-0.0096285882383846,0.0429303417670727,0.0302879834734106));
#5715=CARTESIAN_POINT('',(-0.0096285882383846,0.0429303417670727,0.0210716553646582));
#5716=CARTESIAN_POINT('',(-0.0096285882383846,0.0240822242672898,0.0210716553646582));
#5717=CARTESIAN_POINT('',(-0.0096285882383846,0.0520822242672899,0.0210716553646582));
#5718=CARTESIAN_POINT('',(-0.00962858823838461,0.0520822242672899,0.0302879834734106));
#5719=CARTESIAN_POINT('',(-0.00962858823838461,0.00258222426728987,0.000287983473410612));
#5720=CARTESIAN_POINT('',(-0.00962858823838461,0.00263475254178047,0.0302879834734106));
#5721=CARTESIAN_POINT('',(-0.0096285882383846,0.00263475254178047,0.0210716553646582));
#5722=CARTESIAN_POINT('',(-0.0096285882383846,0.0240822242672898,0.0210716553646582));
#5723=CARTESIAN_POINT('',(-0.0096285882383846,0.0120147525417805,0.0210716553646582));
#5724=CARTESIAN_POINT('',(-0.0096285882383846,0.0120147525417805,0.0302879834734106));
#5725=CARTESIAN_POINT('',(-0.0176285882383846,0.0245822242672899,-0.00271201652658937));
#5726=CARTESIAN_POINT('',(-0.0176285882383846,0.0560822242672899,-0.00271201652658934));
#5727=CARTESIAN_POINT('',(-0.0176285882383846,0.0560822242672899,-0.00271201652658934));
#5728=CARTESIAN_POINT('',(-0.0176285882383846,0.0245822242672899,-0.00271201652658937));
#5729=CARTESIAN_POINT('',(-0.0176285882383846,-0.0069177757327101,-0.0027120165265894));
#5730=CARTESIAN_POINT('',(-0.0176285882383846,-0.00691777573271013,0.0302879834734106));
#5731=CARTESIAN_POINT('',(0.0364464117616154,0.0600822242672899,-0.00271201652658934));
#5732=CARTESIAN_POINT('',(0.0364464117616154,0.0600822242672899,-0.00271201652658934));
#5733=CARTESIAN_POINT('',(-0.0136285882383846,0.0600822242672899,-0.00271201652658934));
#5734=CARTESIAN_POINT('',(0.0865214117616154,0.0600822242672899,-0.00271201652658934));
#5735=CARTESIAN_POINT('',(-0.0136285882383846,0.0600822242672899,-0.00271201652658934));
#5736=CARTESIAN_POINT('',(0.0865214117616154,0.0600822242672899,-0.00271201652658934));
#5737=CARTESIAN_POINT('',(0.0364464117616154,0.0245822242672899,-0.00271201652658937));
#5738=CARTESIAN_POINT('',(-0.0136285882383846,0.0560822242672899,-0.00271201652658934));
#5739=CARTESIAN_POINT('',(0.0865214117616154,0.0560822242672899,-0.00271201652658934));
#5740=CARTESIAN_POINT('',(0.0865214117616154,-0.0069177757327101,-0.0027120165265894));
#5741=CARTESIAN_POINT('',(-0.0136285882383846,-0.0069177757327101,-0.0027120165265894));
#5742=CARTESIAN_POINT('',(0.0364464117616154,0.0520822242672899,0.0302879834734106));
#5743=CARTESIAN_POINT('',(0.0364464117616154,0.0520822242672899,0.0210716553646582));
#5744=CARTESIAN_POINT('',(9.62947569787542E-5,0.0520822242672899,0.0210716553646582));
#5745=CARTESIAN_POINT('',(9.62947569787542E-5,0.0520822242672899,0.0302879834734106));
#5746=CARTESIAN_POINT('',(0.0390479787029195,0.00258222426728987,0.000287983473410612));
#5747=CARTESIAN_POINT('',(0.0707714117616154,0.00258222426728987,0.000287983473410612));
#5748=CARTESIAN_POINT('',(0.0707714117616154,0.00108222426728987,0.000287983473410612));
#5749=CARTESIAN_POINT('',(0.0707714117616154,-0.000417775732710122,0.000287983473410608));
#5750=CARTESIAN_POINT('',(0.0778964117616154,0.00258222426728987,0.000287983473410612));
#5751=CARTESIAN_POINT('',(0.0778964117616154,0.00258222426728985,0.0210716553646582));
#5752=CARTESIAN_POINT('',(0.0753653812414687,0.0124565240348809,-0.000928344635341798));
#5753=CARTESIAN_POINT('',(0.0731153812414687,0.0124565240348809,-0.000928344635341798));
#5754=CARTESIAN_POINT('',(0.0731153812414687,0.0124565240348809,0.0210716553646582));
#5755=CARTESIAN_POINT('',(0.0753653812414687,0.0124565240348809,0.0210716553646582));
#5756=CARTESIAN_POINT('',(0.0776153812414687,0.00795652403488087,-0.000928344635341798));
#5757=CARTESIAN_POINT('',(0.0776153812414687,0.00795652403488087,0.0210716553646582));
#5758=CARTESIAN_POINT('',(0.0799153812414687,0.00795652403488087,0.0210716553646582));
#5759=CARTESIAN_POINT('',(0.0776153812414687,0.00795652403488087,0.000287983473410615));
#5760=CARTESIAN_POINT('',(0.0776153812414687,0.0102565240348809,0.000287983473410616));
#5761=CARTESIAN_POINT('',(0.0731153812414687,0.0102065240348809,-0.000928344635341798));
#5762=CARTESIAN_POINT('',(0.0731153812414687,0.00255652403488087,-0.000928344635341798));
#5763=CARTESIAN_POINT('',(0.0731153812414687,0.00255652403488087,0.0210716553646582));
#5764=CARTESIAN_POINT('',(0.0731153812414687,0.0102065240348809,0.0210716553646582));
#5765=CARTESIAN_POINT('',(0.0753653812414687,0.00255652403488087,-0.000928344635341798));
#5766=CARTESIAN_POINT('',(0.0753653812414687,0.00255652403488087,0.0210716553646582));
#5767=CARTESIAN_POINT('',(0.0369753812414687,0.0273065240348809,0.0210716553646582));
#5768=CARTESIAN_POINT('',(0.0753653812414687,0.0520565240348809,-0.000928344635341798));
#5769=CARTESIAN_POINT('',(0.0731153812414687,0.0520565240348809,-0.000928344635341798));
#5770=CARTESIAN_POINT('',(0.0731153812414687,0.0520565240348809,0.0210716553646582));
#5771=CARTESIAN_POINT('',(0.0753653812414687,0.0520565240348809,0.0210716553646582));
#5772=CARTESIAN_POINT('',(0.0731153812414687,0.0453065240348809,-0.000928344635341798));
#5773=CARTESIAN_POINT('',(0.0731153812414687,0.0430565240348809,-0.000928344635341798));
#5774=CARTESIAN_POINT('',(0.0731153812414687,0.0430565240348809,0.0210716553646582));
#5775=CARTESIAN_POINT('',(0.0731153812414687,0.0453065240348809,0.0210716553646582));
#5776=CARTESIAN_POINT('',(0.0753653812414687,0.0430565240348809,-0.000928344635341798));
#5777=CARTESIAN_POINT('',(0.0753653812414687,0.0430565240348809,0.0210716553646582));
#5778=CARTESIAN_POINT('',(0.0776153812414687,0.0475565240348809,-0.000928344635341798));
#5779=CARTESIAN_POINT('',(0.0776153812414687,0.0475565240348809,0.0210716553646582));
#5780=CARTESIAN_POINT('',(0.0799153812414687,0.0475565240348809,0.0210716553646582));
#5781=CARTESIAN_POINT('',(0.0776153812414687,0.0475565240348809,0.000287983473410647));
#5782=CARTESIAN_POINT('',(0.0776153812414687,0.0498565240348809,0.000287983473410648));
#5783=CARTESIAN_POINT('',(0.0369753812414687,0.0273065240348809,0.0210716553646582));
#5784=CARTESIAN_POINT('',(0.0364464117616154,0.0245822242672899,0.000287983473410628));
#5785=CARTESIAN_POINT('',(0.0364464117616154,0.0245822242672899,0.000287983473410628));
#5786=CARTESIAN_POINT('',(0.0364464012260884,-0.000417775732710149,0.00628798347341061));
#5787=CARTESIAN_POINT('',(0.0805214117616154,0.0255055335329211,0.0137879834734106));
#5788=CARTESIAN_POINT('',(0.0805214117616154,0.024908098125748,0.00828798347341065));
#5789=CARTESIAN_POINT('',(0.0805214117616154,0.0261029689400943,0.0192879834734106));
#5790=CARTESIAN_POINT('',(0.0805214117616154,0.0244192873380608,0.0192879834734106));
#5791=CARTESIAN_POINT('',(0.0805214117616154,0.0242563504088318,0.0192879834734106));
#5792=CARTESIAN_POINT('',(0.0805214117616154,0.0236589150016586,0.0137879834734106));
#5793=CARTESIAN_POINT('',(0.0805214117616154,0.0230614795944856,0.00828798347341065));
#5794=CARTESIAN_POINT('',(0.0805214117616154,0.0238218519308877,0.00828798347341065));
#5795=CARTESIAN_POINT('',(0.0805214117616154,0.0294192873380608,0.0192879834734106));
#5796=CARTESIAN_POINT('',(0.0805214117616154,0.0311029689400943,0.0192879834734106));
#5797=CARTESIAN_POINT('',(0.0805214117616154,0.0292563504088318,0.0192879834734106));
#5798=CARTESIAN_POINT('',(0.0805214117616154,0.0286589150016586,0.0137879834734106));
#5799=CARTESIAN_POINT('',(0.0805214117616154,0.0280614795944855,0.00828798347341065));
#5800=CARTESIAN_POINT('',(0.0805214117616154,0.0288218519308877,0.00828798347341065));
#5801=CARTESIAN_POINT('',(0.0805214117616154,0.0299080981257479,0.00828798347341065));
#5802=CARTESIAN_POINT('',(0.0805214117616154,0.0305055335329211,0.0137879834734106));
#5803=CARTESIAN_POINT('',(0.0805214117616154,0.0199671049072089,0.00828798347341065));
#5804=CARTESIAN_POINT('',(0.0805214117616154,0.0180614795944855,0.00828798347341065));
#5805=CARTESIAN_POINT('',(0.0805214117616154,0.0201515202600531,0.00828798347341065));
#5806=CARTESIAN_POINT('',(0.0805214117616154,0.0207489556672262,0.0137879834734106));
#5807=CARTESIAN_POINT('',(0.0805214117616154,0.0213463910743994,0.0192879834734106));
#5808=CARTESIAN_POINT('',(0.0805214117616154,0.0204857860944598,0.0192879834734106));
#5809=CARTESIAN_POINT('',(0.0805214117616154,0.0192563504088318,0.0192879834734106));
#5810=CARTESIAN_POINT('',(0.0805214117616154,0.0186589150016587,0.0137879834734106));
#5811=CARTESIAN_POINT('',(-0.0048785882383846,-0.00291777573271011,0.0057879834734106));
#5812=CARTESIAN_POINT('',(-0.0048785882383846,-0.00291777573271011,0.0057879834734106));
#5813=CARTESIAN_POINT('',(0.0364464012260884,-0.00541777573271013,0.0057879834734106));
#5814=CARTESIAN_POINT('',(0.0364464012260884,-0.00541777573271013,0.0057879834734106));
#5815=CARTESIAN_POINT('',(0.0364464117616154,0.0245822242672899,0.00578798347341063));
#5816=CARTESIAN_POINT('',(-0.0131285882383846,0.0555822242672899,0.00528798347341065));
#5817=CARTESIAN_POINT('',(-0.0131285882383846,0.0555822242672899,0.00528798347341065));
#5818=CARTESIAN_POINT('',(-0.0131285882383846,0.0532822242672899,0.00528798347341065));
#5819=CARTESIAN_POINT('',(0.0364464117616154,0.0245822242672899,0.00528798347341063));
#5820=CARTESIAN_POINT('',(0.0860214117616154,0.0555822242672899,0.00528798347341065));
#5821=CARTESIAN_POINT('',(0.0860214117616154,0.0555822242672899,0.00528798347341065));
#5822=CARTESIAN_POINT('',(0.0860214117616154,0.0532822242672899,0.00528798347341065));
#5823=CARTESIAN_POINT('',(0.0364464117616154,0.0245822242672899,0.00528798347341063));
#5824=CARTESIAN_POINT('',(0.0855214117616154,-0.00591777573271011,0.0052879834734106));
#5825=CARTESIAN_POINT('',(0.0855214117616154,-0.00591777573271011,0.0052879834734106));
#5826=CARTESIAN_POINT('',(0.0855214117616154,-0.00821777573271011,0.0052879834734106));
#5827=CARTESIAN_POINT('',(0.0364464117616154,0.0245822242672899,0.00528798347341063));
#5828=CARTESIAN_POINT('',(-0.0126285882383846,-0.00591777573271013,0.0052879834734106));
#5829=CARTESIAN_POINT('',(-0.0126285882383846,-0.00591777573271013,0.0052879834734106));
#5830=CARTESIAN_POINT('',(-0.0126285882383846,-0.00821777573271013,0.0052879834734106));
#5831=CARTESIAN_POINT('',(0.0364464117616154,0.0245822242672899,0.00528798347341063));
#5832=CARTESIAN_POINT('',(-0.00440370524302126,0.0474303417670727,-0.000928344635341798));
#5833=CARTESIAN_POINT('',(-0.00440370524302126,0.0474303417670727,0.0210716553646582));
#5834=CARTESIAN_POINT('',(-0.00210370524302126,0.0474303417670727,0.0210716553646582));
#5835=CARTESIAN_POINT('',(-0.00440370524302126,0.0474303417670727,0.000287983473410647));
#5836=CARTESIAN_POINT('',(-0.00440370524302126,0.0497303417670727,0.000287983473410648));
#5837=CARTESIAN_POINT('',(-0.00477144554816186,0.0429303417670727,-0.000928344635341798));
#5838=CARTESIAN_POINT('',(9.62947569787542E-5,0.0429303417670727,-0.000928344635341798));
#5839=CARTESIAN_POINT('',(9.62947569787542E-5,0.0429303417670727,0.0210716553646582));
#5840=CARTESIAN_POINT('',(-0.00477144554816186,0.0429303417670727,0.0210716553646582));
#5841=CARTESIAN_POINT('',(9.62947569787542E-5,0.0497653417670727,-0.000928344635341798));
#5842=CARTESIAN_POINT('',(9.62947569787542E-5,0.0497653417670727,0.0210716553646582));
#5843=CARTESIAN_POINT('',(0.0362080976940831,0.0273675471544266,0.0210716553646582));
#5844=CARTESIAN_POINT('',(-0.00426304759457708,0.00751475254178047,-0.000928344635341798));
#5845=CARTESIAN_POINT('',(-0.00426304759457708,0.00751475254178047,0.0210716553646582));
#5846=CARTESIAN_POINT('',(-0.00196304759457708,0.00751475254178047,0.0210716553646582));
#5847=CARTESIAN_POINT('',(-0.00426304759457708,0.00751475254178047,0.000287983473410615));
#5848=CARTESIAN_POINT('',(-0.00426304759457708,0.00981475254178047,0.000287983473410616));
#5849=CARTESIAN_POINT('',(0.000236952405422926,0.00976475254178047,-0.000928344635341798));
#5850=CARTESIAN_POINT('',(0.000236952405422926,0.0120147525417805,-0.000928344635341798));
#5851=CARTESIAN_POINT('',(0.000236952405422926,0.0120147525417805,0.0210716553646582));
#5852=CARTESIAN_POINT('',(0.000236952405422926,0.00976475254178047,0.0210716553646582));
#5853=CARTESIAN_POINT('',(0.000236952405422926,0.00263475254178047,0.0210716553646582));
#5854=CARTESIAN_POINT('',(0.000236952405422926,0.00263475254178047,-0.000928344635341798));
#5855=CARTESIAN_POINT('',(-0.00201304759457707,0.0120147525417805,-0.000928344635341798));
#5856=CARTESIAN_POINT('',(-0.00201304759457707,0.0120147525417805,0.0210716553646582));
#5857=CARTESIAN_POINT('',(-0.00201304759457707,0.00263475254178047,-0.000928344635341798));
#5858=CARTESIAN_POINT('',(-0.00201304759457707,0.00263475254178047,0.0210716553646582));
#5859=CARTESIAN_POINT('',(0.0362080976940831,0.0273675471544266,0.0210716553646582));
#5860=CARTESIAN_POINT('',(0.0364464117616154,0.0245822242672899,0.000287983473410628));
#5861=CARTESIAN_POINT('',(0.0364464117616154,0.0245822242672899,0.000287983473410628));
#5862=CARTESIAN_POINT('',(0.0330939853895617,-0.0099177757327101,-0.00011227693933478));
#5863=CARTESIAN_POINT('',(0.0340830243478151,-0.0099177757327101,-0.00112231318561255));
#5864=CARTESIAN_POINT('',(0.0340830243478151,-0.0089177757327101,-0.00112231318561255));
#5865=CARTESIAN_POINT('',(0.0330939853895617,-0.0089177757327101,-0.000112276939334779));
#5866=CARTESIAN_POINT('',(0.0321049464313084,-0.0089177757327101,0.000897759306942994));
#5867=CARTESIAN_POINT('',(0.0321049464313084,-0.0099177757327101,0.000897759306942994));
#5868=CARTESIAN_POINT('',(0.0346241235521577,-0.0099177757327101,-0.00109600948795105));
#5869=CARTESIAN_POINT('',(0.0351652227565004,-0.0099177757327101,-0.00106970579028955));
#5870=CARTESIAN_POINT('',(0.0351652227565004,-0.0089177757327101,-0.00106970579028955));
#5871=CARTESIAN_POINT('',(0.0346241235521577,-0.0089177757327101,-0.00109600948795105));
#5872=CARTESIAN_POINT('',(0.0339770149621876,-0.0099177757327101,7.47817020534061E-5));
#5873=CARTESIAN_POINT('',(0.0327888071678747,-0.0099177757327101,0.00121926919439636));
#5874=CARTESIAN_POINT('',(0.0327888071678747,-0.0089177757327101,0.00121926919439637));
#5875=CARTESIAN_POINT('',(0.0339770149621876,-0.0089177757327101,7.47817020534069E-5));
#5876=CARTESIAN_POINT('',(0.0338560643801608,-0.00991777573271011,0.00246451820551194));
#5877=CARTESIAN_POINT('',(0.0349233215924468,-0.00991777573271011,0.00370976721662752));
#5878=CARTESIAN_POINT('',(0.0349233215924468,-0.00891777573271011,0.00370976721662752));
#5879=CARTESIAN_POINT('',(0.0338560643801608,-0.00891777573271011,0.00246451820551194));
#5880=CARTESIAN_POINT('',(0.034369955655512,-0.00991777573271011,0.00368286721347746));
#5881=CARTESIAN_POINT('',(0.0338165897185771,-0.00991777573271011,0.00365596721032742));
#5882=CARTESIAN_POINT('',(0.0338165897185771,-0.00891777573271011,0.00365596721032742));
#5883=CARTESIAN_POINT('',(0.034369955655512,-0.00891777573271011,0.00368286721347746));
#5884=CARTESIAN_POINT('',(0.0329474174576158,-0.00991777573271011,0.00255150177167058));
#5885=CARTESIAN_POINT('',(0.0320782451966545,-0.0099177757327101,0.00144703633301375));
#5886=CARTESIAN_POINT('',(0.0320782451966545,-0.0089177757327101,0.00144703633301375));
#5887=CARTESIAN_POINT('',(0.0329474174576158,-0.00891777573271011,0.00255150177167058));
#5888=CARTESIAN_POINT('',(0.0319860166144258,-0.00991777573271011,0.0033442909739331));
#5889=CARTESIAN_POINT('',(0.031893788032197,-0.00991777573271011,0.00524154561485245));
#5890=CARTESIAN_POINT('',(0.031893788032197,-0.00891777573271011,0.00524154561485245));
#5891=CARTESIAN_POINT('',(0.0319860166144258,-0.00891777573271011,0.0033442909739331));
#5892=CARTESIAN_POINT('',(0.0314971636783841,-0.00991777573271011,0.00522226507072273));
#5893=CARTESIAN_POINT('',(0.0311005393245713,-0.00991777573271011,0.00520298452659302));
#5894=CARTESIAN_POINT('',(0.0311005393245713,-0.00891777573271011,0.00520298452659302));
#5895=CARTESIAN_POINT('',(0.0314971636783841,-0.00891777573271011,0.00522226507072273));
#5896=CARTESIAN_POINT('',(0.0312574339242247,-0.00991777573271011,0.0019754708845693));
#5897=CARTESIAN_POINT('',(0.0314143285238782,-0.0099177757327101,-0.00125204275745442));
#5898=CARTESIAN_POINT('',(0.0314143285238782,-0.0089177757327101,-0.00125204275745442));
#5899=CARTESIAN_POINT('',(0.0312574339242247,-0.00891777573271011,0.0019754708845693));
#5900=CARTESIAN_POINT('',(0.0318109528776911,-0.0099177757327101,-0.0012327622133247));
#5901=CARTESIAN_POINT('',(0.032207577231504,-0.0099177757327101,-0.00121348166919499));
#5902=CARTESIAN_POINT('',(0.032207577231504,-0.0089177757327101,-0.00121348166919499));
#5903=CARTESIAN_POINT('',(0.0318109528776911,-0.0089177757327101,-0.0012327622133247));
#5904=CARTESIAN_POINT('',(0.0321562618314062,-0.0099177757327101,-0.000157861181125998));
#5905=CARTESIAN_POINT('',(0.0321562618314062,-0.0089177757327101,-0.000157861181125997));
#5906=CARTESIAN_POINT('',(0.0442177428357646,-0.00991777573271011,0.00353655146604429));
#5907=CARTESIAN_POINT('',(0.0441242222583107,-0.00991777573271011,0.00546038402757997));
#5908=CARTESIAN_POINT('',(0.0441242222583107,-0.00991777573271011,0.00546038402757997));
#5909=CARTESIAN_POINT('',(0.0442177428357646,-0.00991777573271011,0.00353655146604429));
#5910=CARTESIAN_POINT('',(0.0443112634132186,-0.00991777573271011,0.00161271890450862));
#5911=CARTESIAN_POINT('',(0.0443112634132186,-0.00991777573271011,0.00161271890450862));
#5912=CARTESIAN_POINT('',(0.0437275979044978,-0.00991777573271011,0.00544110348345025));
#5913=CARTESIAN_POINT('',(0.043330973550685,-0.00991777573271011,0.00542182293932054));
#5914=CARTESIAN_POINT('',(0.043330973550685,-0.00991777573271011,0.00542182293932054));
#5915=CARTESIAN_POINT('',(0.0437275979044978,-0.00991777573271011,0.00544110348345025));
#5916=CARTESIAN_POINT('',(0.04342426223156,-0.00991777573271011,0.00350276077379292));
#5917=CARTESIAN_POINT('',(0.0435175509124351,-0.0099177757327101,0.00158369860826531));
#5918=CARTESIAN_POINT('',(0.0435175509124351,-0.0099177757327101,0.00158369860826531));
#5919=CARTESIAN_POINT('',(0.04342426223156,-0.00991777573271011,0.00350276077379292));
#5920=CARTESIAN_POINT('',(0.0438809156292265,-0.00991777573271009,0.000319875090657693));
#5921=CARTESIAN_POINT('',(0.0438809156292265,-0.0109177757327101,0.000319875090657693));
#5922=CARTESIAN_POINT('',(0.0436632756074486,-0.00991777573271009,0.00065630780211254));
#5923=CARTESIAN_POINT('',(0.0436632756074486,-0.0109177757327101,0.000656307802112539));
#5924=CARTESIAN_POINT('',(0.0435421540351847,-0.00991777573271009,0.00107758230798174));
#5925=CARTESIAN_POINT('',(0.0435421540351847,-0.0109177757327101,0.00107758230798174));
#5926=CARTESIAN_POINT('',(0.0435175509124351,-0.0099177757327101,0.00158369860826531));
#5927=CARTESIAN_POINT('',(0.0435175509124351,-0.0109177757327101,0.0015836986082653));
#5928=CARTESIAN_POINT('',(0.0438809156292265,-0.0099177757327101,0.000319875090657693));
#5929=CARTESIAN_POINT('',(0.0438809156292265,-0.0099177757327101,0.000319875090657693));
#5930=CARTESIAN_POINT('',(0.0438809156292265,-0.0099177757327101,0.000319875090657693));
#5931=CARTESIAN_POINT('',(0.0435544555965596,-0.0099177757327101,0.000824524157839963));
#5932=CARTESIAN_POINT('',(0.0435175509124351,-0.00991777573271011,0.00158369860826531));
#5933=CARTESIAN_POINT('',(0.0454838113324831,-0.00991777573271011,0.00132534948236397));
#5934=CARTESIAN_POINT('',(0.0447382763751644,-0.0099177757327101,-0.00041239449401919));
#5935=CARTESIAN_POINT('',(0.0447382763751644,-0.0099177757327101,-0.00041239449401919));
#5936=CARTESIAN_POINT('',(0.0454838113324831,-0.0099177757327101,0.00132534948236397));
#5937=CARTESIAN_POINT('',(0.0459152250049554,-0.0099177757327101,-0.000608609589116948));
#5938=CARTESIAN_POINT('',(0.0459152250049554,-0.0109177757327101,-0.000608609589116949));
#5939=CARTESIAN_POINT('',(0.0454845263939421,-0.0099177757327101,-0.000629546537381519));
#5940=CARTESIAN_POINT('',(0.0454845263939421,-0.0109177757327101,-0.000629546537381519));
#5941=CARTESIAN_POINT('',(0.0450922101840117,-0.0099177757327101,-0.000564141505682266));
#5942=CARTESIAN_POINT('',(0.0450922101840117,-0.0109177757327101,-0.000564141505682267));
#5943=CARTESIAN_POINT('',(0.0447382763751644,-0.0099177757327101,-0.00041239449401919));
#5944=CARTESIAN_POINT('',(0.0447382763751644,-0.0109177757327101,-0.000412394494019191));
#5945=CARTESIAN_POINT('',(0.0459152250049554,-0.0099177757327101,-0.000608609589116948));
#5946=CARTESIAN_POINT('',(0.0459152250049554,-0.0099177757327101,-0.000608609589116948));
#5947=CARTESIAN_POINT('',(0.0459152250049554,-0.0099177757327101,-0.000608609589116948));
#5948=CARTESIAN_POINT('',(0.0452691770884354,-0.0099177757327101,-0.000640015011513804));
#5949=CARTESIAN_POINT('',(0.0447382763751644,-0.0099177757327101,-0.00041239449401919));
#5950=CARTESIAN_POINT('',(0.0470669111122411,-0.0099177757327101,-0.00029919583544318));
#5951=CARTESIAN_POINT('',(0.0470669111122411,-0.0109177757327101,-0.000299195835443181));
#5952=CARTESIAN_POINT('',(0.0467289103382052,-0.0099177757327101,-0.000484578893738051));
#5953=CARTESIAN_POINT('',(0.0467289103382052,-0.0109177757327101,-0.000484578893738051));
#5954=CARTESIAN_POINT('',(0.04634501496911,-0.0099177757327101,-0.000587716811629307));
#5955=CARTESIAN_POINT('',(0.04634501496911,-0.0109177757327101,-0.000587716811629307));
#5956=CARTESIAN_POINT('',(0.0459152250049554,-0.0099177757327101,-0.000608609589116948));
#5957=CARTESIAN_POINT('',(0.0459152250049554,-0.0109177757327101,-0.000608609589116949));
#5958=CARTESIAN_POINT('',(0.0470669111122411,-0.0099177757327101,-0.00029919583544318));
#5959=CARTESIAN_POINT('',(0.0470669111122411,-0.0099177757327101,-0.00029919583544318));
#5960=CARTESIAN_POINT('',(0.0470669111122411,-0.0099177757327101,-0.00029919583544318));
#5961=CARTESIAN_POINT('',(0.0465599099511873,-0.0099177757327101,-0.000577270422885486));
#5962=CARTESIAN_POINT('',(0.0459152250049554,-0.0099177757327101,-0.000608609589116948));
#5963=CARTESIAN_POINT('',(0.0461449474140508,-0.00991777573271011,0.00137861275917199));
#5964=CARTESIAN_POINT('',(0.0478539740187954,-0.0099177757327101,0.000513011812781819));
#5965=CARTESIAN_POINT('',(0.0478539740187954,-0.0099177757327101,0.000513011812781819));
#5966=CARTESIAN_POINT('',(0.0461449474140508,-0.0099177757327101,0.00137861275917199));
#5967=CARTESIAN_POINT('',(0.0480971310801714,-0.00991777573271011,0.00180631932398985));
#5968=CARTESIAN_POINT('',(0.0480971310801714,-0.0109177757327101,0.00180631932398985));
#5969=CARTESIAN_POINT('',(0.0481217342029211,-0.0099177757327101,0.00130020302370629));
#5970=CARTESIAN_POINT('',(0.0481217342029211,-0.0109177757327101,0.00130020302370629));
#5971=CARTESIAN_POINT('',(0.0480406818491291,-0.0099177757327101,0.000869100519970281));
#5972=CARTESIAN_POINT('',(0.0480406818491291,-0.0109177757327101,0.00086910051997028));
#5973=CARTESIAN_POINT('',(0.0478539740187954,-0.0099177757327101,0.000513011812781819));
#5974=CARTESIAN_POINT('',(0.0478539740187954,-0.0109177757327101,0.000513011812781818));
#5975=CARTESIAN_POINT('',(0.0480971310801714,-0.00991777573271011,0.00180631932398985));
#5976=CARTESIAN_POINT('',(0.0480971310801714,-0.00991777573271011,0.00180631932398985));
#5977=CARTESIAN_POINT('',(0.0480971310801714,-0.00991777573271011,0.00180631932398985));
#5978=CARTESIAN_POINT('',(0.048134035764296,-0.0099177757327101,0.00104714487356451));
#5979=CARTESIAN_POINT('',(0.0478539740187954,-0.0099177757327101,0.000513011812781819));
#5980=CARTESIAN_POINT('',(0.0480038423992963,-0.00991777573271011,0.00372538148951747));
#5981=CARTESIAN_POINT('',(0.0479105537184213,-0.00991777573271011,0.00564444365504509));
#5982=CARTESIAN_POINT('',(0.0479105537184213,-0.00991777573271011,0.00564444365504509));
#5983=CARTESIAN_POINT('',(0.0480038423992963,-0.00991777573271011,0.00372538148951747));
#5984=CARTESIAN_POINT('',(0.0475139293646084,-0.00991777573271011,0.00562516311091537));
#5985=CARTESIAN_POINT('',(0.0471173050107955,-0.00991777573271011,0.00560588256678566));
#5986=CARTESIAN_POINT('',(0.0471173050107955,-0.00991777573271011,0.00560588256678566));
#5987=CARTESIAN_POINT('',(0.0475139293646084,-0.00991777573271011,0.00562516311091537));
#5988=CARTESIAN_POINT('',(0.0472108255882495,-0.00991777573271011,0.00368205000524998));
#5989=CARTESIAN_POINT('',(0.0473043461657034,-0.0099177757327101,0.00175821744371431));
#5990=CARTESIAN_POINT('',(0.0473043461657034,-0.0099177757327101,0.00175821744371431));
#5991=CARTESIAN_POINT('',(0.0472108255882495,-0.00991777573271011,0.00368205000524998));
#5992=CARTESIAN_POINT('',(0.0469655445207896,-0.0099177757327101,0.000535401007183084));
#5993=CARTESIAN_POINT('',(0.0469655445207896,-0.0109177757327101,0.000535401007183083));
#5994=CARTESIAN_POINT('',(0.0472176938963385,-0.0099177757327101,0.000809967083957246));
#5995=CARTESIAN_POINT('',(0.0472176938963385,-0.0109177757327101,0.000809967083957245));
#5996=CARTESIAN_POINT('',(0.0473306277779765,-0.0099177757327101,0.00121757256280099));
#5997=CARTESIAN_POINT('',(0.0473306277779765,-0.0109177757327101,0.00121757256280099));
#5998=CARTESIAN_POINT('',(0.0473043461657034,-0.00991777573271011,0.00175821744371431));
#5999=CARTESIAN_POINT('',(0.0473043461657034,-0.0109177757327101,0.00175821744371431));
#6000=CARTESIAN_POINT('',(0.0469655445207896,-0.0099177757327101,0.000535401007183084));
#6001=CARTESIAN_POINT('',(0.0469655445207896,-0.0099177757327101,0.000535401007183084));
#6002=CARTESIAN_POINT('',(0.0469655445207896,-0.0099177757327101,0.000535401007183084));
#6003=CARTESIAN_POINT('',(0.047343768584113,-0.0099177757327101,0.000947250122344327));
#6004=CARTESIAN_POINT('',(0.0473043461657034,-0.00991777573271011,0.00175821744371431));
#6005=CARTESIAN_POINT('',(0.0458894796700016,-0.0099177757327101,8.96287353400049E-5));
#6006=CARTESIAN_POINT('',(0.0458894796700016,-0.0109177757327101,8.96287353400041E-5));
#6007=CARTESIAN_POINT('',(0.0463547068616447,-0.0099177757327101,0.000112244173127896));
#6008=CARTESIAN_POINT('',(0.0463547068616447,-0.0109177757327101,0.000112244173127895));
#6009=CARTESIAN_POINT('',(0.0467133951452407,-0.0099177757327101,0.000260834930408922));
#6010=CARTESIAN_POINT('',(0.0467133951452407,-0.0109177757327101,0.000260834930408921));
#6011=CARTESIAN_POINT('',(0.0469655445207896,-0.0099177757327101,0.000535401007183084));
#6012=CARTESIAN_POINT('',(0.0469655445207896,-0.0109177757327101,0.000535401007183083));
#6013=CARTESIAN_POINT('',(0.0458894796700016,-0.0099177757327101,8.96287353400049E-5));
#6014=CARTESIAN_POINT('',(0.0458894796700016,-0.0099177757327101,8.96287353400049E-5));
#6015=CARTESIAN_POINT('',(0.0458894796700016,-0.0099177757327101,8.96287353400049E-5));
#6016=CARTESIAN_POINT('',(0.0465873204574662,-0.0099177757327101,0.000123551892021841));
#6017=CARTESIAN_POINT('',(0.0469655445207896,-0.0099177757327101,0.000535401007183084));
#6018=CARTESIAN_POINT('',(0.0447670734462186,-0.0099177757327101,0.000428529812402221));
#6019=CARTESIAN_POINT('',(0.0447670734462186,-0.0109177757327101,0.000428529812402221));
#6020=CARTESIAN_POINT('',(0.0450446651892789,-0.0099177757327101,0.000179715298577943));
#6021=CARTESIAN_POINT('',(0.0450446651892789,-0.0109177757327101,0.000179715298577942));
#6022=CARTESIAN_POINT('',(0.0454188005972065,-0.0099177757327101,6.67482728905373E-5));
#6023=CARTESIAN_POINT('',(0.0454188005972065,-0.0109177757327101,6.67482728905365E-5));
#6024=CARTESIAN_POINT('',(0.0458894796700016,-0.0099177757327101,8.96287353400049E-5));
#6025=CARTESIAN_POINT('',(0.0458894796700016,-0.0109177757327101,8.96287353400041E-5));
#6026=CARTESIAN_POINT('',(0.0447670734462186,-0.0099177757327101,0.000428529812402221));
#6027=CARTESIAN_POINT('',(0.0447670734462186,-0.0099177757327101,0.000428529812402221));
#6028=CARTESIAN_POINT('',(0.0447670734462186,-0.0099177757327101,0.000428529812402221));
#6029=CARTESIAN_POINT('',(0.045183461060809,-0.0099177757327101,5.53080416658035E-5));
#6030=CARTESIAN_POINT('',(0.0458894796700016,-0.0099177757327101,8.96287353400049E-5));
#6031=CARTESIAN_POINT('',(0.0443112634132186,-0.00991777573271011,0.00161271890450862));
#6032=CARTESIAN_POINT('',(0.0443112634132186,-0.0109177757327101,0.00161271890450862));
#6033=CARTESIAN_POINT('',(0.0443375450254916,-0.0099177757327101,0.0010720740235953));
#6034=CARTESIAN_POINT('',(0.0443375450254916,-0.0109177757327101,0.0010720740235953));
#6035=CARTESIAN_POINT('',(0.0444894817031583,-0.0099177757327101,0.0006773443262265));
#6036=CARTESIAN_POINT('',(0.0444894817031583,-0.0109177757327101,0.000677344326226499));
#6037=CARTESIAN_POINT('',(0.0447670734462186,-0.0099177757327101,0.000428529812402221));
#6038=CARTESIAN_POINT('',(0.0447670734462186,-0.0109177757327101,0.000428529812402221));
#6039=CARTESIAN_POINT('',(0.0443112634132186,-0.00991777573271011,0.00161271890450862));
#6040=CARTESIAN_POINT('',(0.0443506858316281,-0.0099177757327101,0.000801751583138639));
#6041=CARTESIAN_POINT('',(0.0447670734462186,-0.0099177757327101,0.000428529812402221));
#6042=CARTESIAN_POINT('',(0.0364464117616154,-0.00991777573271012,0.0137879834734106));
#6043=CARTESIAN_POINT('',(0.056220281746625,-0.00991777573271011,0.00386248705372601));
#6044=CARTESIAN_POINT('',(0.0561619758420748,-0.00991777573271011,0.00604555848034164));
#6045=CARTESIAN_POINT('',(0.0561619758420748,-0.00991777573271011,0.00604555848034164));
#6046=CARTESIAN_POINT('',(0.056220281746625,-0.00991777573271011,0.00386248705372601));
#6047=CARTESIAN_POINT('',(0.0562785876511751,-0.0099177757327101,0.00167941562711037));
#6048=CARTESIAN_POINT('',(0.0562785876511751,-0.0099177757327101,0.00167941562711037));
#6049=CARTESIAN_POINT('',(0.0557346846567816,-0.00991777573271011,0.00602478717249056));
#6050=CARTESIAN_POINT('',(0.0553073934714883,-0.00991777573271011,0.00600401586463947));
#6051=CARTESIAN_POINT('',(0.0553073934714883,-0.00991777573271011,0.00600401586463947));
#6052=CARTESIAN_POINT('',(0.0557346846567816,-0.00991777573271011,0.00602478717249056));
#6053=CARTESIAN_POINT('',(0.0554611072961996,-0.00991777573271011,0.00382558236960144));
#6054=CARTESIAN_POINT('',(0.055614821120911,-0.0099177757327101,0.00164714887456339));
#6055=CARTESIAN_POINT('',(0.055614821120911,-0.0099177757327101,0.00164714887456339));
#6056=CARTESIAN_POINT('',(0.0554611072961996,-0.00991777573271011,0.00382558236960144));
#6057=CARTESIAN_POINT('',(0.0559467043860431,-0.0099177757327101,0.00166328225083688));
#6058=CARTESIAN_POINT('',(0.0559467043860431,-0.0099177757327101,0.00166328225083688));
#6059=CARTESIAN_POINT('',(0.0364464117616154,-0.00991777573271012,0.0137879834734106));
#6060=CARTESIAN_POINT('',(0.0560312076937506,-0.0099177757327101,0.000416128192714574));
#6061=CARTESIAN_POINT('',(0.0560675268872346,-0.0099177757327101,-0.00010552662107935));
#6062=CARTESIAN_POINT('',(0.0560675124313591,-0.0099177757327101,-0.000105310582438008));
#6063=CARTESIAN_POINT('',(0.0560312076937506,-0.0099177757327101,0.000416128192714574));
#6064=CARTESIAN_POINT('',(0.055676204819693,-0.0099177757327101,3.27694562022038E-5));
#6065=CARTESIAN_POINT('',(0.055676204819693,-0.0099177757327101,3.27694562022038E-5));
#6066=CARTESIAN_POINT('',(0.0560516916801371,-0.0099177757327101,0.000391821493090367));
#6067=CARTESIAN_POINT('',(0.0564306353465548,-0.0099177757327101,6.9236639029804E-5));
#6068=CARTESIAN_POINT('',(0.0564305123932363,-0.0099177757327101,6.93385640909813E-5));
#6069=CARTESIAN_POINT('',(0.0560516916801371,-0.0099177757327101,0.000391821493090367));
#6070=CARTESIAN_POINT('',(0.0560379958739319,-0.0099177757327101,0.000421527546604312));
#6071=CARTESIAN_POINT('',(0.0565646700363369,-0.0099177757327101,0.000459651980486669));
#6072=CARTESIAN_POINT('',(0.0565643786070971,-0.0099177757327101,0.000459632367737387));
#6073=CARTESIAN_POINT('',(0.0560379958739319,-0.0099177757327101,0.000421527546604312));
#6074=CARTESIAN_POINT('',(0.0560350203785608,-0.0099177757327101,0.000447196878617937));
#6075=CARTESIAN_POINT('',(0.0563933331254378,-0.0099177757327101,0.000836588911183247));
#6076=CARTESIAN_POINT('',(0.0563932384953068,-0.0099177757327101,0.000836492316320175));
#6077=CARTESIAN_POINT('',(0.0560350203785608,-0.0099177757327101,0.000447196878617937));
#6078=CARTESIAN_POINT('',(0.0560474649840824,-0.0099177757327101,0.000478769796011233));
#6079=CARTESIAN_POINT('',(0.056014985748077,-0.0099177757327101,0.00097530881731795));
#6080=CARTESIAN_POINT('',(0.0560149963799022,-0.0099177757327101,0.000975092747841195));
#6081=CARTESIAN_POINT('',(0.0560474649840824,-0.0099177757327101,0.000478769796011233));
#6082=CARTESIAN_POINT('',(0.0560294351842269,-0.0099177757327101,0.000452590879645502));
#6083=CARTESIAN_POINT('',(0.0556389290710206,-0.0099177757327101,0.000799916123637551));
#6084=CARTESIAN_POINT('',(0.0556389786641964,-0.0099177757327101,0.000799871823447246));
#6085=CARTESIAN_POINT('',(0.0560294351842269,-0.0099177757327101,0.000452590879645502));
#6086=CARTESIAN_POINT('',(0.0560200469520578,-0.0099177757327101,0.000445009576127984));
#6087=CARTESIAN_POINT('',(0.0555001902413958,-0.0099177757327101,0.00040790591531379));
#6088=CARTESIAN_POINT('',(0.0555004339739011,-0.0099177757327101,0.000407922619970912));
#6089=CARTESIAN_POINT('',(0.0560200469520578,-0.0099177757327101,0.000445009576127984));
#6090=CARTESIAN_POINT('',(0.0560195013658052,-0.0099177757327101,0.00042209970332415));
#6091=CARTESIAN_POINT('',(0.0560195013658052,-0.0099177757327101,0.00042209970332415));
#6092=CARTESIAN_POINT('',(0.0364464117616154,-0.00991777573271012,0.0137879834734106));
#6093=CARTESIAN_POINT('',(0.029152402439446,-0.0099177757327101,0.00104249774512461));
#6094=CARTESIAN_POINT('',(0.029152402439446,-0.0109177757327101,0.00104249774512461));
#6095=CARTESIAN_POINT('',(0.029134866641005,-0.00991777573271011,0.00140323054801972));
#6096=CARTESIAN_POINT('',(0.029134866641005,-0.0109177757327101,0.00140323054801972));
#6097=CARTESIAN_POINT('',(0.0290469028461874,-0.00991777573271011,0.00171386153725323));
#6098=CARTESIAN_POINT('',(0.0290469028461874,-0.0109177757327101,0.00171386153725322));
#6099=CARTESIAN_POINT('',(0.0288885110549932,-0.00991777573271011,0.00197439071282514));
#6100=CARTESIAN_POINT('',(0.0288885110549932,-0.0109177757327101,0.00197439071282513));
#6101=CARTESIAN_POINT('',(0.029152402439446,-0.0109177757327101,0.00104249774512461));
#6102=CARTESIAN_POINT('',(0.0291260987417845,-0.0109177757327101,0.00158359694946727));
#6103=CARTESIAN_POINT('',(0.0288885110549932,-0.0109177757327101,0.00197439071282514));
#6104=CARTESIAN_POINT('',(0.029152402439446,-0.0109177757327101,0.00104249774512461));
#6105=CARTESIAN_POINT('',(0.0288885110549932,-0.0109177757327101,0.00197439071282514));
#6106=CARTESIAN_POINT('',(0.029152402439446,-0.0099177757327101,0.00104249774512461));
#6107=CARTESIAN_POINT('',(0.029152402439446,-0.0099177757327101,0.00104249774512461));
#6108=CARTESIAN_POINT('',(0.029152402439446,-0.0099177757327101,0.00104249774512461));
#6109=CARTESIAN_POINT('',(0.0291260987417845,-0.00991777573271011,0.00158359694946727));
#6110=CARTESIAN_POINT('',(0.0288885110549932,-0.00991777573271011,0.00197439071282514));
#6111=CARTESIAN_POINT('',(0.0288885110549932,-0.00991777573271011,0.00197439071282514));
#6112=CARTESIAN_POINT('',(0.0288885110549932,-0.00991777573271011,0.00197439071282514));
#6113=CARTESIAN_POINT('',(0.0289803421002296,-0.0099177757327101,8.53138936338899E-5));
#6114=CARTESIAN_POINT('',(0.0289803421002296,-0.0109177757327101,8.53138936338891E-5));
#6115=CARTESIAN_POINT('',(0.0291125847914815,-0.0099177757327101,0.000362703658399265));
#6116=CARTESIAN_POINT('',(0.0291125847914815,-0.0109177757327101,0.000362703658399264));
#6117=CARTESIAN_POINT('',(0.029169938237887,-0.0099177757327101,0.000681764942229506));
#6118=CARTESIAN_POINT('',(0.029169938237887,-0.0109177757327101,0.000681764942229505));
#6119=CARTESIAN_POINT('',(0.029152402439446,-0.0099177757327101,0.00104249774512461));
#6120=CARTESIAN_POINT('',(0.029152402439446,-0.0109177757327101,0.00104249774512461));
#6121=CARTESIAN_POINT('',(0.0289803421002296,-0.0109177757327101,8.53138936338891E-5));
#6122=CARTESIAN_POINT('',(0.0291787061371075,-0.0109177757327101,0.000501398540781953));
#6123=CARTESIAN_POINT('',(0.029152402439446,-0.0109177757327101,0.00104249774512461));
#6124=CARTESIAN_POINT('',(0.0289803421002296,-0.0109177757327101,8.53138936338891E-5));
#6125=CARTESIAN_POINT('',(0.0289803421002296,-0.0099177757327101,8.53138936338899E-5));
#6126=CARTESIAN_POINT('',(0.0289803421002296,-0.0099177757327101,8.53138936338899E-5));
#6127=CARTESIAN_POINT('',(0.0289803421002296,-0.0099177757327101,8.53138936338899E-5));
#6128=CARTESIAN_POINT('',(0.0291787061371075,-0.0099177757327101,0.000501398540781953));
#6129=CARTESIAN_POINT('',(0.029152402439446,-0.0099177757327101,0.00104249774512461));
#6130=CARTESIAN_POINT('',(0.0275814867143931,-0.00991777573271011,0.000722574475544074));
#6131=CARTESIAN_POINT('',(0.0275814867143931,-0.0109177757327101,0.000722574475544074));
#6132=CARTESIAN_POINT('',(0.0284218200445649,-0.0109177757327101,-0.000563034986383984));
#6133=CARTESIAN_POINT('',(0.028421652362978,-0.0099177757327101,-0.000562778765720033));
#6134=CARTESIAN_POINT('',(0.0284218200445649,-0.0099177757327101,-0.000563034986383983));
#6135=CARTESIAN_POINT('',(0.0275814867143931,-0.0099177757327101,0.000722574475544074));
#6136=CARTESIAN_POINT('',(0.0275554068082981,-0.00991777573271011,0.000787425475890225));
#6137=CARTESIAN_POINT('',(0.0275554068082981,-0.0109177757327101,0.000787425475890224));
#6138=CARTESIAN_POINT('',(0.0276156223770786,-0.0109177757327101,-0.000816140724470229));
#6139=CARTESIAN_POINT('',(0.0276156353784229,-0.0099177757327101,-0.000816452544009798));
#6140=CARTESIAN_POINT('',(0.0276156223770786,-0.0099177757327101,-0.000816140724470229));
#6141=CARTESIAN_POINT('',(0.0275554068082981,-0.0099177757327101,0.000787425475890225));
#6142=CARTESIAN_POINT('',(0.0275199132714669,-0.00991777573271011,0.0007611921722257));
#6143=CARTESIAN_POINT('',(0.0275199132714669,-0.0109177757327101,0.000761192172225699));
#6144=CARTESIAN_POINT('',(0.026794265839086,-0.0109177757327101,-0.000641888627200722));
#6145=CARTESIAN_POINT('',(0.026794265839086,-0.0099177757327101,-0.000641888627200721));
#6146=CARTESIAN_POINT('',(0.026794265839086,-0.0099177757327101,-0.000641888627200721));
#6147=CARTESIAN_POINT('',(0.0275199132714669,-0.0099177757327101,0.0007611921722257));
#6148=CARTESIAN_POINT('',(0.0261794381583552,-0.0099177757327101,-5.08425262512144E-5));
#6149=CARTESIAN_POINT('',(0.0261794381583552,-0.0109177757327101,-5.08425262512152E-5));
#6150=CARTESIAN_POINT('',(0.0263379624618801,-0.0099177757327101,-0.000314097642399158));
#6151=CARTESIAN_POINT('',(0.0263379624618801,-0.0109177757327101,-0.000314097642399159));
#6152=CARTESIAN_POINT('',(0.0265429050221237,-0.0099177757327101,-0.000511113009382327));
#6153=CARTESIAN_POINT('',(0.0265429050221237,-0.0109177757327101,-0.000511113009382328));
#6154=CARTESIAN_POINT('',(0.026794265839086,-0.0099177757327101,-0.000641888627200721));
#6155=CARTESIAN_POINT('',(0.026794265839086,-0.0109177757327101,-0.000641888627200722));
#6156=CARTESIAN_POINT('',(0.0261794381583552,-0.0109177757327101,-5.08425262512152E-5));
#6157=CARTESIAN_POINT('',(0.0264172246136426,-0.0109177757327101,-0.000445725200473132));
#6158=CARTESIAN_POINT('',(0.026794265839086,-0.0109177757327101,-0.000641888627200722));
#6159=CARTESIAN_POINT('',(0.0261794381583552,-0.0109177757327101,-5.08425262512152E-5));
#6160=CARTESIAN_POINT('',(0.0261794381583552,-0.0099177757327101,-5.08425262512144E-5));
#6161=CARTESIAN_POINT('',(0.0261794381583552,-0.0099177757327101,-5.08425262512144E-5));
#6162=CARTESIAN_POINT('',(0.0261794381583552,-0.0099177757327101,-5.08425262512144E-5));
#6163=CARTESIAN_POINT('',(0.0264172246136426,-0.0099177757327101,-0.000445725200473131));
#6164=CARTESIAN_POINT('',(0.026794265839086,-0.0099177757327101,-0.000641888627200721));
#6165=CARTESIAN_POINT('',(0.0259149504684138,-0.0099177757327101,0.000893317174041461));
#6166=CARTESIAN_POINT('',(0.0259149504684138,-0.0109177757327101,0.00089331717404146));
#6167=CARTESIAN_POINT('',(0.0259327512915164,-0.0099177757327101,0.000527132489994288));
#6168=CARTESIAN_POINT('',(0.0259327512915164,-0.0109177757327101,0.000527132489994287));
#6169=CARTESIAN_POINT('',(0.0260209138548302,-0.0099177757327101,0.00021241258989673));
#6170=CARTESIAN_POINT('',(0.0260209138548302,-0.0109177757327101,0.000212412589896729));
#6171=CARTESIAN_POINT('',(0.0261794381583552,-0.0099177757327101,-5.08425262512144E-5));
#6172=CARTESIAN_POINT('',(0.0261794381583552,-0.0109177757327101,-5.08425262512152E-5));
#6173=CARTESIAN_POINT('',(0.0259149504684138,-0.0109177757327101,0.000893317174041461));
#6174=CARTESIAN_POINT('',(0.0259416517030677,-0.0109177757327101,0.000344040147970701));
#6175=CARTESIAN_POINT('',(0.0261794381583552,-0.0109177757327101,-5.08425262512152E-5));
#6176=CARTESIAN_POINT('',(0.0259149504684138,-0.0109177757327101,0.000893317174041461));
#6177=CARTESIAN_POINT('',(0.0259149504684138,-0.0099177757327101,0.000893317174041461));
#6178=CARTESIAN_POINT('',(0.0259149504684138,-0.0099177757327101,0.000893317174041461));
#6179=CARTESIAN_POINT('',(0.0259149504684138,-0.0099177757327101,0.000893317174041461));
#6180=CARTESIAN_POINT('',(0.0259416517030677,-0.0099177757327101,0.000344040147970702));
#6181=CARTESIAN_POINT('',(0.0261794381583552,-0.0099177757327101,-5.08425262512144E-5));
#6182=CARTESIAN_POINT('',(0.0260872095761264,-0.00991777573271011,0.00184641211466813));
#6183=CARTESIAN_POINT('',(0.0260872095761264,-0.0109177757327101,0.00184641211466813));
#6184=CARTESIAN_POINT('',(0.0259548343725437,-0.00991777573271011,0.00157174829047879));
#6185=CARTESIAN_POINT('',(0.0259548343725437,-0.0109177757327101,0.00157174829047879));
#6186=CARTESIAN_POINT('',(0.0258974146699728,-0.00991777573271011,0.00125404997693657));
#6187=CARTESIAN_POINT('',(0.0258974146699728,-0.0109177757327101,0.00125404997693657));
#6188=CARTESIAN_POINT('',(0.0259149504684138,-0.0099177757327101,0.000893317174041461));
#6189=CARTESIAN_POINT('',(0.0259149504684138,-0.0109177757327101,0.00089331717404146));
#6190=CARTESIAN_POINT('',(0.0260872095761264,-0.0109177757327101,0.00184641211466813));
#6191=CARTESIAN_POINT('',(0.0258886467707523,-0.0109177757327101,0.00143441637838412));
#6192=CARTESIAN_POINT('',(0.0259149504684138,-0.0109177757327101,0.000893317174041461));
#6193=CARTESIAN_POINT('',(0.0260872095761264,-0.0109177757327101,0.00184641211466813));
#6194=CARTESIAN_POINT('',(0.0260872095761264,-0.00991777573271011,0.00184641211466813));
#6195=CARTESIAN_POINT('',(0.0260872095761264,-0.00991777573271011,0.00184641211466813));
#6196=CARTESIAN_POINT('',(0.0260872095761264,-0.00991777573271011,0.00184641211466813));
#6197=CARTESIAN_POINT('',(0.0258886467707523,-0.00991777573271011,0.00143441637838412));
#6198=CARTESIAN_POINT('',(0.0259149504684138,-0.0099177757327101,0.000893317174041461));
#6199=CARTESIAN_POINT('',(0.026642241067589,-0.00991777573271011,0.00248544669865377));
#6200=CARTESIAN_POINT('',(0.026642241067589,-0.0109177757327101,0.00248544669865376));
#6201=CARTESIAN_POINT('',(0.0264045952768633,-0.00991777573271011,0.00233408746685268));
#6202=CARTESIAN_POINT('',(0.0264045952768633,-0.0109177757327101,0.00233408746685268));
#6203=CARTESIAN_POINT('',(0.0262195847797091,-0.00991777573271011,0.00212107593885747));
#6204=CARTESIAN_POINT('',(0.0262195847797091,-0.0109177757327101,0.00212107593885747));
#6205=CARTESIAN_POINT('',(0.0260872095761264,-0.00991777573271011,0.00184641211466813));
#6206=CARTESIAN_POINT('',(0.0260872095761264,-0.0109177757327101,0.00184641211466813));
#6207=CARTESIAN_POINT('',(0.026642241067589,-0.0109177757327101,0.00248544669865377));
#6208=CARTESIAN_POINT('',(0.0262857723815005,-0.0109177757327101,0.00225840785095215));
#6209=CARTESIAN_POINT('',(0.0260872095761264,-0.0109177757327101,0.00184641211466813));
#6210=CARTESIAN_POINT('',(0.026642241067589,-0.0109177757327101,0.00248544669865377));
#6211=CARTESIAN_POINT('',(0.026642241067589,-0.00991777573271011,0.00248544669865377));
#6212=CARTESIAN_POINT('',(0.026642241067589,-0.00991777573271011,0.00248544669865377));
#6213=CARTESIAN_POINT('',(0.026642241067589,-0.00991777573271011,0.00248544669865377));
#6214=CARTESIAN_POINT('',(0.0262857723815005,-0.00991777573271011,0.00225840785095215));
#6215=CARTESIAN_POINT('',(0.0260872095761264,-0.00991777573271011,0.00184641211466813));
#6216=CARTESIAN_POINT('',(0.0275011416487209,-0.0099177757327101,0.00112648109913232));
#6217=CARTESIAN_POINT('',(0.0275011416487209,-0.0109177757327101,0.00112648109913232));
#6218=CARTESIAN_POINT('',(0.0274430503178182,-0.0109177757327101,0.0027337559248227));
#6219=CARTESIAN_POINT('',(0.0274430380675709,-0.00991777573271011,0.0027340850562739));
#6220=CARTESIAN_POINT('',(0.0274430503178182,-0.00991777573271011,0.0027337559248227));
#6221=CARTESIAN_POINT('',(0.0275011416487209,-0.00991777573271011,0.00112648109913232));
#6222=CARTESIAN_POINT('',(0.0275390001602418,-0.0099177757327101,0.0011279383976478));
#6223=CARTESIAN_POINT('',(0.0275390001602418,-0.0109177757327101,0.0011279383976478));
#6224=CARTESIAN_POINT('',(0.0282699476682418,-0.0109177757327101,0.00256070322659987));
#6225=CARTESIAN_POINT('',(0.0282698263599772,-0.00991777573271011,0.00256046764927041));
#6226=CARTESIAN_POINT('',(0.0282699476682418,-0.00991777573271011,0.00256070322659988));
#6227=CARTESIAN_POINT('',(0.0275390001602418,-0.00991777573271011,0.0011279383976478));
#6228=CARTESIAN_POINT('',(0.0251039831470439,-0.0099177757327101,0.000853894755631905));
#6229=CARTESIAN_POINT('',(0.0251039831470439,-0.0109177757327101,0.000853894755631904));
#6230=CARTESIAN_POINT('',(0.0250802192690558,-0.00991777573271011,0.00134274676560059));
#6231=CARTESIAN_POINT('',(0.0250802192690558,-0.0109177757327101,0.00134274676560059));
#6232=CARTESIAN_POINT('',(0.025158174965532,-0.00991777573271011,0.00177665881660228));
#6233=CARTESIAN_POINT('',(0.025158174965532,-0.0109177757327101,0.00177665881660228));
#6234=CARTESIAN_POINT('',(0.0253378502364727,-0.00991777573271011,0.00215563090863699));
#6235=CARTESIAN_POINT('',(0.0253378502364727,-0.0109177757327101,0.00215563090863699));
#6236=CARTESIAN_POINT('',(0.0251039831470439,-0.0099177757327101,0.000853894755631905));
#6237=CARTESIAN_POINT('',(0.0251039831470439,-0.0099177757327101,0.000853894755631905));
#6238=CARTESIAN_POINT('',(0.0251039831470439,-0.0099177757327101,0.000853894755631905));
#6239=CARTESIAN_POINT('',(0.0250683373300618,-0.00991777573271011,0.00158717277058493));
#6240=CARTESIAN_POINT('',(0.0253378502364727,-0.00991777573271011,0.00215563090863699));
#6241=CARTESIAN_POINT('',(0.0253378502364727,-0.00991777573271011,0.00215563090863699));
#6242=CARTESIAN_POINT('',(0.0253378502364727,-0.00991777573271011,0.00215563090863699));
#6243=CARTESIAN_POINT('',(0.0254631737733158,-0.0099177757327101,-0.000422427391146738));
#6244=CARTESIAN_POINT('',(0.0254631737733158,-0.0109177757327101,-0.000422427391146738));
#6245=CARTESIAN_POINT('',(0.0252471680383507,-0.0099177757327101,-5.4037441918913E-5));
#6246=CARTESIAN_POINT('',(0.0252471680383507,-0.0109177757327101,-5.40374419189139E-5));
#6247=CARTESIAN_POINT('',(0.0251274378295934,-0.0099177757327101,0.000371403273673968));
#6248=CARTESIAN_POINT('',(0.0251274378295934,-0.0109177757327101,0.000371403273673967));
#6249=CARTESIAN_POINT('',(0.0251039831470439,-0.0099177757327101,0.000853894755631905));
#6250=CARTESIAN_POINT('',(0.0251039831470439,-0.0109177757327101,0.000853894755631904));
#6251=CARTESIAN_POINT('',(0.0254631737733158,-0.0099177757327101,-0.000422427391146738));
#6252=CARTESIAN_POINT('',(0.0254631737733158,-0.0099177757327101,-0.000422427391146738));
#6253=CARTESIAN_POINT('',(0.0254631737733158,-0.0099177757327101,-0.000422427391146738));
#6254=CARTESIAN_POINT('',(0.0251391651708682,-0.0099177757327101,0.000130157532694999));
#6255=CARTESIAN_POINT('',(0.0251039831470439,-0.0099177757327101,0.000853894755631905));
#6256=CARTESIAN_POINT('',(0.0263176571907571,-0.0099177757327101,-0.00126413213585733));
#6257=CARTESIAN_POINT('',(0.0263176571907571,-0.0109177757327101,-0.00126413213585733));
#6258=CARTESIAN_POINT('',(0.0259640073140947,-0.0099177757327101,-0.00107138558861143));
#6259=CARTESIAN_POINT('',(0.0259640073140947,-0.0109177757327101,-0.00107138558861143));
#6260=CARTESIAN_POINT('',(0.0256791795082809,-0.0099177757327101,-0.000790817340374562));
#6261=CARTESIAN_POINT('',(0.0256791795082809,-0.0109177757327101,-0.000790817340374563));
#6262=CARTESIAN_POINT('',(0.0254631737733158,-0.0099177757327101,-0.000422427391146738));
#6263=CARTESIAN_POINT('',(0.0254631737733158,-0.0109177757327101,-0.000422427391146738));
#6264=CARTESIAN_POINT('',(0.0263176571907571,-0.0099177757327101,-0.00126413213585733));
#6265=CARTESIAN_POINT('',(0.0263176571907571,-0.0099177757327101,-0.00126413213585733));
#6266=CARTESIAN_POINT('',(0.0263176571907571,-0.0099177757327101,-0.00126413213585733));
#6267=CARTESIAN_POINT('',(0.0257871823757635,-0.0099177757327101,-0.000975012314988474));
#6268=CARTESIAN_POINT('',(0.0254631737733158,-0.0099177757327101,-0.000422427391146738));
#6269=CARTESIAN_POINT('',(0.0274846391302547,-0.0099177757327101,-0.00152231032748709));
#6270=CARTESIAN_POINT('',(0.0274846391302547,-0.0109177757327101,-0.00152231032748709));
#6271=CARTESIAN_POINT('',(0.0270603010472521,-0.0099177757327101,-0.00154293808031315));
#6272=CARTESIAN_POINT('',(0.0270603010472521,-0.0109177757327101,-0.00154293808031315));
#6273=CARTESIAN_POINT('',(0.0266713070674196,-0.0099177757327101,-0.00145687868310323));
#6274=CARTESIAN_POINT('',(0.0266713070674196,-0.0109177757327101,-0.00145687868310323));
#6275=CARTESIAN_POINT('',(0.0263176571907571,-0.0099177757327101,-0.00126413213585733));
#6276=CARTESIAN_POINT('',(0.0263176571907571,-0.0109177757327101,-0.00126413213585733));
#6277=CARTESIAN_POINT('',(0.0274846391302547,-0.0099177757327101,-0.00152231032748709));
#6278=CARTESIAN_POINT('',(0.0274846391302547,-0.0099177757327101,-0.00152231032748709));
#6279=CARTESIAN_POINT('',(0.0274846391302547,-0.0099177757327101,-0.00152231032748709));
#6280=CARTESIAN_POINT('',(0.0268481320057509,-0.0099177757327101,-0.00155325195672618));
#6281=CARTESIAN_POINT('',(0.0263176571907571,-0.0099177757327101,-0.00126413213585733));
#6282=CARTESIAN_POINT('',(0.0285568612192504,-0.0099177757327101,-0.00119421729357121));
#6283=CARTESIAN_POINT('',(0.0285568612192504,-0.0109177757327101,-0.00119421729357121));
#6284=CARTESIAN_POINT('',(0.028254572167093,-0.0099177757327101,-0.00139289245012248));
#6285=CARTESIAN_POINT('',(0.028254572167093,-0.0109177757327101,-0.00139289245012248));
#6286=CARTESIAN_POINT('',(0.0278971648040944,-0.0099177757327101,-0.0015022567947611));
#6287=CARTESIAN_POINT('',(0.0278971648040944,-0.0109177757327101,-0.00150225679476111));
#6288=CARTESIAN_POINT('',(0.0274846391302547,-0.0099177757327101,-0.00152231032748709));
#6289=CARTESIAN_POINT('',(0.0274846391302547,-0.0109177757327101,-0.00152231032748709));
#6290=CARTESIAN_POINT('',(0.0285568612192504,-0.0099177757327101,-0.00119421729357121));
#6291=CARTESIAN_POINT('',(0.0285568612192504,-0.0099177757327101,-0.00119421729357121));
#6292=CARTESIAN_POINT('',(0.0285568612192504,-0.0099177757327101,-0.00119421729357121));
#6293=CARTESIAN_POINT('',(0.0281034276410143,-0.0099177757327101,-0.00149223002839811));
#6294=CARTESIAN_POINT('',(0.0274846391302547,-0.0099177757327101,-0.00152231032748709));
#6295=CARTESIAN_POINT('',(0.0292257480145374,-0.0099177757327101,-0.000466310363709955));
#6296=CARTESIAN_POINT('',(0.0292257480145374,-0.0109177757327101,-0.000466310363709956));
#6297=CARTESIAN_POINT('',(0.0290821125365035,-0.0099177757327101,-0.000752906493732854));
#6298=CARTESIAN_POINT('',(0.0290821125365035,-0.0109177757327101,-0.000752906493732854));
#6299=CARTESIAN_POINT('',(0.0288591502714078,-0.0099177757327101,-0.000995542137019938));
#6300=CARTESIAN_POINT('',(0.0288591502714078,-0.0109177757327101,-0.000995542137019939));
#6301=CARTESIAN_POINT('',(0.0285568612192504,-0.0099177757327101,-0.00119421729357121));
#6302=CARTESIAN_POINT('',(0.0285568612192504,-0.0109177757327101,-0.00119421729357121));
#6303=CARTESIAN_POINT('',(0.0292257480145374,-0.0099177757327101,-0.000466310363709955));
#6304=CARTESIAN_POINT('',(0.0292257480145374,-0.0099177757327101,-0.000466310363709955));
#6305=CARTESIAN_POINT('',(0.0292257480145374,-0.0099177757327101,-0.000466310363709955));
#6306=CARTESIAN_POINT('',(0.0290102947974866,-0.0099177757327101,-0.000896204558744303));
#6307=CARTESIAN_POINT('',(0.0285568612192504,-0.0099177757327101,-0.00119421729357121));
#6308=CARTESIAN_POINT('',(0.0292473806525386,-0.0099177757327101,-0.000911320162747431));
#6309=CARTESIAN_POINT('',(0.0292690132905398,-0.0099177757327101,-0.00135632996178491));
#6310=CARTESIAN_POINT('',(0.0292690132905398,-0.0099177757327101,-0.00135632996178491));
#6311=CARTESIAN_POINT('',(0.0292473806525386,-0.0099177757327101,-0.000911320162747431));
#6312=CARTESIAN_POINT('',(0.0296704080403607,-0.0099177757327101,-0.00133681752107631));
#6313=CARTESIAN_POINT('',(0.0300718027901817,-0.0099177757327101,-0.00131730508036772));
#6314=CARTESIAN_POINT('',(0.0300718027901817,-0.0099177757327101,-0.00131730508036772));
#6315=CARTESIAN_POINT('',(0.0296704080403607,-0.0099177757327101,-0.00133681752107631));
#6316=CARTESIAN_POINT('',(0.029955622604163,-0.0099177757327101,0.00107266331966969));
#6317=CARTESIAN_POINT('',(0.0298394424181442,-0.00991777573271011,0.0034626317197071));
#6318=CARTESIAN_POINT('',(0.0298394424181442,-0.00991777573271011,0.0034626317197071));
#6319=CARTESIAN_POINT('',(0.029955622604163,-0.0099177757327101,0.00107266331966969));
#6320=CARTESIAN_POINT('',(0.0294380476683232,-0.00991777573271011,0.00344311927899851));
#6321=CARTESIAN_POINT('',(0.0290366529185024,-0.00991777573271011,0.00342360683828992));
#6322=CARTESIAN_POINT('',(0.0290366529185024,-0.00991777573271011,0.00342360683828992));
#6323=CARTESIAN_POINT('',(0.0294380476683232,-0.00991777573271011,0.00344311927899851));
#6324=CARTESIAN_POINT('',(0.0290578548914285,-0.00991777573271011,0.00298745634612455));
#6325=CARTESIAN_POINT('',(0.0290790568643546,-0.00991777573271011,0.00255130585395918));
#6326=CARTESIAN_POINT('',(0.0290790568643546,-0.00991777573271011,0.00255130585395918));
#6327=CARTESIAN_POINT('',(0.0290578548914285,-0.00991777573271011,0.00298745634612455));
#6328=CARTESIAN_POINT('',(0.0283562989440037,-0.00991777573271011,0.00319858389313408));
#6329=CARTESIAN_POINT('',(0.0283562989440037,-0.0109177757327101,0.00319858389313408));
#6330=CARTESIAN_POINT('',(0.028673098128316,-0.00991777573271011,0.00303319138506562));
#6331=CARTESIAN_POINT('',(0.028673098128316,-0.0109177757327101,0.00303319138506562));
#6332=CARTESIAN_POINT('',(0.0289140174350996,-0.00991777573271011,0.00281743203867399));
#6333=CARTESIAN_POINT('',(0.0289140174350996,-0.0109177757327101,0.00281743203867399));
#6334=CARTESIAN_POINT('',(0.0290790568643546,-0.00991777573271011,0.00255130585395918));
#6335=CARTESIAN_POINT('',(0.0290790568643546,-0.0109177757327101,0.00255130585395918));
#6336=CARTESIAN_POINT('',(0.0283562989440037,-0.00991777573271011,0.00319858389313408));
#6337=CARTESIAN_POINT('',(0.0283562989440037,-0.00991777573271011,0.00319858389313408));
#6338=CARTESIAN_POINT('',(0.0283562989440037,-0.00991777573271011,0.00319858389313408));
#6339=CARTESIAN_POINT('',(0.0288314977204721,-0.00991777573271011,0.00295049513103139));
#6340=CARTESIAN_POINT('',(0.0290790568643546,-0.00991777573271011,0.00255130585395918));
#6341=CARTESIAN_POINT('',(0.0272527708647595,-0.00991777573271011,0.00341612856299004));
#6342=CARTESIAN_POINT('',(0.0272527708647595,-0.0109177757327101,0.00341612856299004));
#6343=CARTESIAN_POINT('',(0.02767165706661,-0.00991777573271011,0.00343649129115454));
#6344=CARTESIAN_POINT('',(0.02767165706661,-0.0109177757327101,0.00343649129115453));
#6345=CARTESIAN_POINT('',(0.0280394997596914,-0.00991777573271011,0.00336397640120255));
#6346=CARTESIAN_POINT('',(0.0280394997596914,-0.0109177757327101,0.00336397640120255));
#6347=CARTESIAN_POINT('',(0.0283562989440037,-0.00991777573271011,0.00319858389313408));
#6348=CARTESIAN_POINT('',(0.0283562989440037,-0.0109177757327101,0.00319858389313408));
#6349=CARTESIAN_POINT('',(0.0272527708647595,-0.00991777573271011,0.00341612856299004));
#6350=CARTESIAN_POINT('',(0.0272527708647595,-0.00991777573271011,0.00341612856299004));
#6351=CARTESIAN_POINT('',(0.0272527708647595,-0.00991777573271011,0.00341612856299004));
#6352=CARTESIAN_POINT('',(0.0278811001675353,-0.00991777573271011,0.00344667265523678));
#6353=CARTESIAN_POINT('',(0.0283562989440037,-0.00991777573271011,0.00319858389313408));
#6354=CARTESIAN_POINT('',(0.0261118134415696,-0.00991777573271011,0.00305463799022));
#6355=CARTESIAN_POINT('',(0.0261118134415696,-0.0109177757327101,0.00305463799022));
#6356=CARTESIAN_POINT('',(0.0264481136406937,-0.00991777573271011,0.00327500395257397));
#6357=CARTESIAN_POINT('',(0.0264481136406937,-0.0109177757327101,0.00327500395257397));
#6358=CARTESIAN_POINT('',(0.026828432781757,-0.00991777573271011,0.00339550081016398));
#6359=CARTESIAN_POINT('',(0.026828432781757,-0.0109177757327101,0.00339550081016398));
#6360=CARTESIAN_POINT('',(0.0272527708647595,-0.00991777573271011,0.00341612856299004));
#6361=CARTESIAN_POINT('',(0.0272527708647595,-0.0109177757327101,0.00341612856299004));
#6362=CARTESIAN_POINT('',(0.0261118134415696,-0.00991777573271011,0.00305463799022));
#6363=CARTESIAN_POINT('',(0.0261118134415696,-0.00991777573271011,0.00305463799022));
#6364=CARTESIAN_POINT('',(0.0261118134415696,-0.00991777573271011,0.00305463799022));
#6365=CARTESIAN_POINT('',(0.0266162637402558,-0.00991777573271011,0.00338518693375095));
#6366=CARTESIAN_POINT('',(0.0272527708647595,-0.00991777573271011,0.00341612856299004));
#6367=CARTESIAN_POINT('',(0.0272930489860078,-0.0099177757327101,0.00125806479889097));
#6368=CARTESIAN_POINT('',(0.0272930489860078,-0.00991777573271011,0.00125806479889097));
#6369=CARTESIAN_POINT('',(0.0275611752523719,-0.0099177757327101,0.00119652946186735));
#6370=CARTESIAN_POINT('',(0.0275611752523719,-0.0109177757327101,0.00119652946186735));
#6371=CARTESIAN_POINT('',(0.0275611752523719,-0.00991777573271011,0.00119652946186735));
#6372=CARTESIAN_POINT('',(0.0364464117616154,-0.00991777573271012,0.0137879834734106));
#6373=CARTESIAN_POINT('',(0.0393145005090067,-0.0099177757327101,0.00187804136029277));
#6374=CARTESIAN_POINT('',(0.0393145005090067,-0.0109177757327101,0.00187804136029277));
#6375=CARTESIAN_POINT('',(0.0392998358110661,-0.0099177757327101,0.00217971211737382));
#6376=CARTESIAN_POINT('',(0.0392998358110661,-0.0109177757327101,0.00217971211737382));
#6377=CARTESIAN_POINT('',(0.0392204174247515,-0.0099177757327101,0.00243633856685137));
#6378=CARTESIAN_POINT('',(0.0392204174247515,-0.0109177757327101,0.00243633856685137));
#6379=CARTESIAN_POINT('',(0.0390762453500628,-0.0099177757327101,0.00264792070872542));
#6380=CARTESIAN_POINT('',(0.0390762453500628,-0.0109177757327101,0.00264792070872542));
#6381=CARTESIAN_POINT('',(0.0393145005090067,-0.0109177757327101,0.00187804136029277));
#6382=CARTESIAN_POINT('',(0.0392925034620958,-0.0109177757327101,0.00233054749591434));
#6383=CARTESIAN_POINT('',(0.0390762453500628,-0.0109177757327101,0.00264792070872542));
#6384=CARTESIAN_POINT('',(0.0393145005090067,-0.0109177757327101,0.00187804136029277));
#6385=CARTESIAN_POINT('',(0.0390762453500628,-0.0109177757327101,0.00264792070872542));
#6386=CARTESIAN_POINT('',(0.0393145005090067,-0.0099177757327101,0.00187804136029277));
#6387=CARTESIAN_POINT('',(0.0393145005090067,-0.0099177757327101,0.00187804136029277));
#6388=CARTESIAN_POINT('',(0.0393145005090067,-0.00991777573271011,0.00187804136029277));
#6389=CARTESIAN_POINT('',(0.0392925034620958,-0.00991777573271011,0.00233054749591434));
#6390=CARTESIAN_POINT('',(0.0390762453500628,-0.00991777573271011,0.00264792070872542));
#6391=CARTESIAN_POINT('',(0.0390762453500628,-0.00991777573271011,0.00264792070872542));
#6392=CARTESIAN_POINT('',(0.0390762453500628,-0.00991777573271011,0.00264792070872542));
#6393=CARTESIAN_POINT('',(0.0378056924001721,-0.0099177757327101,0.00180469578520138));
#6394=CARTESIAN_POINT('',(0.0378056924001721,-0.0109177757327101,0.00180469578520138));
#6395=CARTESIAN_POINT('',(0.0362968842913376,-0.0109177757327101,0.00173135021010999));
#6396=CARTESIAN_POINT('',(0.0362968842913376,-0.0099177757327101,0.00173135021010999));
#6397=CARTESIAN_POINT('',(0.0362968842913376,-0.0099177757327101,0.00173135021010999));
#6398=CARTESIAN_POINT('',(0.0378056924001721,-0.0099177757327101,0.00180469578520138));
#6399=CARTESIAN_POINT('',(0.0367290258064933,-0.00991777573271011,0.00281866945862203));
#6400=CARTESIAN_POINT('',(0.0367290258064933,-0.0109177757327101,0.00281866945862203));
#6401=CARTESIAN_POINT('',(0.0364597793540089,-0.00991777573271011,0.00254919242705608));
#6402=CARTESIAN_POINT('',(0.0364597793540089,-0.0109177757327101,0.00254919242705608));
#6403=CARTESIAN_POINT('',(0.0363157321822903,-0.00991777573271011,0.00218675267755206));
#6404=CARTESIAN_POINT('',(0.0363157321822903,-0.0109177757327101,0.00218675267755206));
#6405=CARTESIAN_POINT('',(0.0362968842913376,-0.00991777573271011,0.00173135021010999));
#6406=CARTESIAN_POINT('',(0.0362968842913376,-0.0109177757327101,0.00173135021010999));
#6407=CARTESIAN_POINT('',(0.0367290258064933,-0.0109177757327101,0.00281866945862203));
#6408=CARTESIAN_POINT('',(0.0363251561277666,-0.0109177757327101,0.0024144539112731));
#6409=CARTESIAN_POINT('',(0.0362968842913376,-0.0109177757327101,0.00173135021010999));
#6410=CARTESIAN_POINT('',(0.0367290258064933,-0.0109177757327101,0.00281866945862203));
#6411=CARTESIAN_POINT('',(0.0367290258064933,-0.00991777573271011,0.00281866945862203));
#6412=CARTESIAN_POINT('',(0.0367290258064933,-0.00991777573271011,0.00281866945862203));
#6413=CARTESIAN_POINT('',(0.0367290258064933,-0.00991777573271011,0.00281866945862203));
#6414=CARTESIAN_POINT('',(0.0363251561277666,-0.00991777573271011,0.0024144539112731));
#6415=CARTESIAN_POINT('',(0.0362968842913376,-0.00991777573271011,0.00173135021010999));
#6416=CARTESIAN_POINT('',(0.0377353283525235,-0.00991777573271011,0.00325217023107519));
#6417=CARTESIAN_POINT('',(0.0377353283525235,-0.0109177757327101,0.00325217023107519));
#6418=CARTESIAN_POINT('',(0.0373337064409879,-0.00991777573271011,0.00323264674767237));
#6419=CARTESIAN_POINT('',(0.0373337064409879,-0.0109177757327101,0.00323264674767237));
#6420=CARTESIAN_POINT('',(0.0369982722589779,-0.00991777573271011,0.00308814649018798));
#6421=CARTESIAN_POINT('',(0.0369982722589779,-0.0109177757327101,0.00308814649018798));
#6422=CARTESIAN_POINT('',(0.0367290258064933,-0.00991777573271011,0.00281866945862203));
#6423=CARTESIAN_POINT('',(0.0367290258064933,-0.0109177757327101,0.00281866945862203));
#6424=CARTESIAN_POINT('',(0.0377353283525235,-0.0109177757327101,0.00325217023107519));
#6425=CARTESIAN_POINT('',(0.0371328954852201,-0.0109177757327101,0.00322288500597096));
#6426=CARTESIAN_POINT('',(0.0367290258064933,-0.0109177757327101,0.00281866945862203));
#6427=CARTESIAN_POINT('',(0.0377353283525235,-0.0109177757327101,0.00325217023107519));
#6428=CARTESIAN_POINT('',(0.0377353283525235,-0.00991777573271011,0.00325217023107519));
#6429=CARTESIAN_POINT('',(0.0377353283525235,-0.00991777573271011,0.00325217023107519));
#6430=CARTESIAN_POINT('',(0.0377353283525235,-0.00991777573271011,0.00325217023107519));
#6431=CARTESIAN_POINT('',(0.0371328954852201,-0.00991777573271011,0.00322288500597096));
#6432=CARTESIAN_POINT('',(0.0367290258064933,-0.00991777573271011,0.00281866945862203));
#6433=CARTESIAN_POINT('',(0.0378421898589359,-0.0099177757327101,0.00155348360288817));
#6434=CARTESIAN_POINT('',(0.0378421898589359,-0.0109177757327101,0.00155348360288817));
#6435=CARTESIAN_POINT('',(0.0385069489476745,-0.0109177757327101,0.0031190810129371));
#6436=CARTESIAN_POINT('',(0.0385068737344871,-0.00991777573271011,0.00311890239769386));
#6437=CARTESIAN_POINT('',(0.0385069489476745,-0.00991777573271011,0.0031190810129371));
#6438=CARTESIAN_POINT('',(0.0378421898589359,-0.00991777573271011,0.00155348360288817));
#6439=CARTESIAN_POINT('',(0.0354039925600124,-0.00991777573271011,0.00153891753345338));
#6440=CARTESIAN_POINT('',(0.0401430918745709,-0.00991777573271011,0.00175164519672204));
#6441=CARTESIAN_POINT('',(0.0401430918745709,-0.00991777573271011,0.00175164519672204));
#6442=CARTESIAN_POINT('',(0.0354039925600124,-0.00991777573271011,0.00153891753345338));
#6443=CARTESIAN_POINT('',(0.0401403961878881,-0.0099177757327101,0.0012706148857078));
#6444=CARTESIAN_POINT('',(0.0401403961878881,-0.0099177757327101,0.0012706148857078));
#6445=CARTESIAN_POINT('',(0.039802547496259,-0.00991777573271011,0.00291138133230249));
#6446=CARTESIAN_POINT('',(0.039802547496259,-0.0109177757327101,0.00291138133230249));
#6447=CARTESIAN_POINT('',(0.0400083751088741,-0.00991777573271011,0.00257437440074756));
#6448=CARTESIAN_POINT('',(0.0400083751088741,-0.0109177757327101,0.00257437440074756));
#6449=CARTESIAN_POINT('',(0.0401218899016448,-0.00991777573271011,0.00218779568888741));
#6450=CARTESIAN_POINT('',(0.0401218899016448,-0.0109177757327101,0.00218779568888741));
#6451=CARTESIAN_POINT('',(0.0401430918745709,-0.00991777573271011,0.00175164519672204));
#6452=CARTESIAN_POINT('',(0.0401430918745709,-0.0109177757327101,0.00175164519672204));
#6453=CARTESIAN_POINT('',(0.039802547496259,-0.00991777573271011,0.00291138133230249));
#6454=CARTESIAN_POINT('',(0.039802547496259,-0.00991777573271011,0.00291138133230249));
#6455=CARTESIAN_POINT('',(0.039802547496259,-0.00991777573271011,0.00291138133230249));
#6456=CARTESIAN_POINT('',(0.0401112889151817,-0.00991777573271011,0.00240587093497009));
#6457=CARTESIAN_POINT('',(0.0401430918745709,-0.00991777573271011,0.00175164519672204));
#6458=CARTESIAN_POINT('',(0.0380479851875127,-0.0099177757327101,0.0018470104372365));
#6459=CARTESIAN_POINT('',(0.0389560147707647,-0.00991777573271011,0.00368789539976715));
#6460=CARTESIAN_POINT('',(0.0389560147707647,-0.00991777573271011,0.00368789539976715));
#6461=CARTESIAN_POINT('',(0.0380479851875127,-0.00991777573271011,0.0018470104372365));
#6462=CARTESIAN_POINT('',(0.0377381012904726,-0.00991777573271011,0.00392583724336771));
#6463=CARTESIAN_POINT('',(0.0377381012904726,-0.0109177757327101,0.00392583724336771));
#6464=CARTESIAN_POINT('',(0.0381915160729528,-0.00991777573271011,0.00394787846105552));
#6465=CARTESIAN_POINT('',(0.0381915160729528,-0.0109177757327101,0.00394787846105552));
#6466=CARTESIAN_POINT('',(0.0385974872330502,-0.00991777573271011,0.00386856451318867));
#6467=CARTESIAN_POINT('',(0.0385974872330502,-0.0109177757327101,0.00386856451318867));
#6468=CARTESIAN_POINT('',(0.0389560147707647,-0.00991777573271011,0.00368789539976715));
#6469=CARTESIAN_POINT('',(0.0389560147707647,-0.0109177757327101,0.00368789539976715));
#6470=CARTESIAN_POINT('',(0.0377381012904726,-0.00991777573271011,0.00392583724336771));
#6471=CARTESIAN_POINT('',(0.0377381012904726,-0.00991777573271011,0.00392583724336771));
#6472=CARTESIAN_POINT('',(0.0377381012904726,-0.00991777573271011,0.00392583724336771));
#6473=CARTESIAN_POINT('',(0.0384182234641929,-0.00991777573271011,0.00395889906989942));
#6474=CARTESIAN_POINT('',(0.0389560147707647,-0.00991777573271011,0.00368789539976715));
#6475=CARTESIAN_POINT('',(0.0365178928220815,-0.00991777573271011,0.00356459272386885));
#6476=CARTESIAN_POINT('',(0.0365178928220815,-0.0109177757327101,0.00356459272386885));
#6477=CARTESIAN_POINT('',(0.0368661379426992,-0.00991777573271011,0.00378280696574687));
#6478=CARTESIAN_POINT('',(0.0368661379426992,-0.0109177757327101,0.00378280696574687));
#6479=CARTESIAN_POINT('',(0.0372728740988295,-0.00991777573271011,0.00390322180557982));
#6480=CARTESIAN_POINT('',(0.0372728740988295,-0.0109177757327101,0.00390322180557982));
#6481=CARTESIAN_POINT('',(0.0377381012904726,-0.00991777573271011,0.00392583724336771));
#6482=CARTESIAN_POINT('',(0.0377381012904726,-0.0109177757327101,0.00392583724336771));
#6483=CARTESIAN_POINT('',(0.0365178928220815,-0.00991777573271011,0.00356459272386885));
#6484=CARTESIAN_POINT('',(0.0365178928220815,-0.00991777573271011,0.00356459272386885));
#6485=CARTESIAN_POINT('',(0.0365178928220815,-0.00991777573271011,0.00356459272386885));
#6486=CARTESIAN_POINT('',(0.037040260503008,-0.00991777573271011,0.00389191408668588));
#6487=CARTESIAN_POINT('',(0.0377381012904726,-0.00991777573271011,0.00392583724336771));
#6488=CARTESIAN_POINT('',(0.0376202110646635,-0.0099177757327101,0.00179853110139705));
#6489=CARTESIAN_POINT('',(0.0357262110032403,-0.00991777573271011,0.00266472431213572));
#6490=CARTESIAN_POINT('',(0.0357262110032403,-0.00991777573271011,0.00266472431213572));
#6491=CARTESIAN_POINT('',(0.0376202110646635,-0.00991777573271011,0.00179853110139705));
#6492=CARTESIAN_POINT('',(0.0354929402193001,-0.00991777573271011,0.00135072142653848));
#6493=CARTESIAN_POINT('',(0.0354929402193001,-0.0109177757327101,0.00135072142653848));
#6494=CARTESIAN_POINT('',(0.0354689113166504,-0.00991777573271011,0.00184502531765923));
#6495=CARTESIAN_POINT('',(0.0354689113166504,-0.0109177757327101,0.00184502531765923));
#6496=CARTESIAN_POINT('',(0.0355466682446305,-0.00991777573271011,0.00228302627952498));
#6497=CARTESIAN_POINT('',(0.0355466682446305,-0.0109177757327101,0.00228302627952498));
#6498=CARTESIAN_POINT('',(0.0357262110032403,-0.00991777573271011,0.00266472431213572));
#6499=CARTESIAN_POINT('',(0.0357262110032403,-0.0109177757327101,0.00266472431213572));
#6500=CARTESIAN_POINT('',(0.0354929402193001,-0.00991777573271011,0.00135072142653848));
#6501=CARTESIAN_POINT('',(0.0354929402193001,-0.00991777573271011,0.00135072142653848));
#6502=CARTESIAN_POINT('',(0.0354929402193001,-0.00991777573271011,0.00135072142653848));
#6503=CARTESIAN_POINT('',(0.0354568968653256,-0.00991777573271011,0.00209217726321961));
#6504=CARTESIAN_POINT('',(0.0357262110032403,-0.00991777573271011,0.00266472431213572));
#6505=CARTESIAN_POINT('',(0.0358616527140981,-0.0099177757327101,6.12002419547356E-5));
#6506=CARTESIAN_POINT('',(0.0358616527140981,-0.0109177757327101,6.12002419547348E-5));
#6507=CARTESIAN_POINT('',(0.0356398732868823,-0.0099177757327101,0.000426577140556485));
#6508=CARTESIAN_POINT('',(0.0356398732868823,-0.0109177757327101,0.000426577140556484));
#6509=CARTESIAN_POINT('',(0.0355169691219497,-0.0099177757327101,0.000856417535417734));
#6510=CARTESIAN_POINT('',(0.0355169691219497,-0.0109177757327101,0.000856417535417733));
#6511=CARTESIAN_POINT('',(0.0354929402193001,-0.00991777573271011,0.00135072142653848));
#6512=CARTESIAN_POINT('',(0.0354929402193001,-0.0109177757327101,0.00135072142653848));
#6513=CARTESIAN_POINT('',(0.0358616527140981,-0.0099177757327101,6.12002419547356E-5));
#6514=CARTESIAN_POINT('',(0.0358616527140981,-0.0099177757327101,6.12002419547356E-5));
#6515=CARTESIAN_POINT('',(0.0358616527140981,-0.0099177757327101,6.12002419547356E-5));
#6516=CARTESIAN_POINT('',(0.0355289835732745,-0.0099177757327101,0.000609265589857359));
#6517=CARTESIAN_POINT('',(0.0354929402193001,-0.00991777573271011,0.00135072142653848));
#6518=CARTESIAN_POINT('',(0.0377229642254935,-0.00991777573271011,0.00116094764204115));
#6519=CARTESIAN_POINT('',(0.0367454920443046,-0.0099177757327101,-0.000766098649381024));
#6520=CARTESIAN_POINT('',(0.0367454920443046,-0.0099177757327101,-0.000766098649381024));
#6521=CARTESIAN_POINT('',(0.0377229642254935,-0.0099177757327101,0.00116094764204115));
#6522=CARTESIAN_POINT('',(0.0379781473776959,-0.0099177757327101,-0.00101220411011705));
#6523=CARTESIAN_POINT('',(0.0379781473776959,-0.0109177757327101,-0.00101220411011705));
#6524=CARTESIAN_POINT('',(0.0375238239483569,-0.0099177757327101,-0.00103428949858179));
#6525=CARTESIAN_POINT('',(0.0375238239483569,-0.0109177757327101,-0.00103428949858179));
#6526=CARTESIAN_POINT('',(0.0371129388372265,-0.0099177757327101,-0.000952254345003115));
#6527=CARTESIAN_POINT('',(0.0371129388372265,-0.0109177757327101,-0.000952254345003115));
#6528=CARTESIAN_POINT('',(0.0367454920443046,-0.0099177757327101,-0.000766098649381024));
#6529=CARTESIAN_POINT('',(0.0367454920443046,-0.0109177757327101,-0.000766098649381025));
#6530=CARTESIAN_POINT('',(0.0379781473776959,-0.0099177757327101,-0.00101220411011705));
#6531=CARTESIAN_POINT('',(0.0379781473776959,-0.0099177757327101,-0.00101220411011705));
#6532=CARTESIAN_POINT('',(0.0379781473776959,-0.0099177757327101,-0.00101220411011705));
#6533=CARTESIAN_POINT('',(0.0372966622336874,-0.0099177757327101,-0.00104533219281416));
#6534=CARTESIAN_POINT('',(0.0367454920443046,-0.0099177757327101,-0.000766098649381024));
#6535=CARTESIAN_POINT('',(0.0393875814905395,-0.0099177757327101,-0.000510606683234511));
#6536=CARTESIAN_POINT('',(0.0393875814905395,-0.0109177757327101,-0.000510606683234512));
#6537=CARTESIAN_POINT('',(0.0390176803290347,-0.0099177757327101,-0.000817309890688092));
#6538=CARTESIAN_POINT('',(0.0390176803290347,-0.0109177757327101,-0.000817309890688093));
#6539=CARTESIAN_POINT('',(0.0385478689580869,-0.0099177757327101,-0.000984509032982272));
#6540=CARTESIAN_POINT('',(0.0385478689580869,-0.0109177757327101,-0.000984509032982273));
#6541=CARTESIAN_POINT('',(0.0379781473776959,-0.0099177757327101,-0.00101220411011705));
#6542=CARTESIAN_POINT('',(0.0379781473776959,-0.0109177757327101,-0.00101220411011705));
#6543=CARTESIAN_POINT('',(0.0393875814905395,-0.0099177757327101,-0.000510606683234511));
#6544=CARTESIAN_POINT('',(0.0393875814905395,-0.0099177757327101,-0.000510606683234511));
#6545=CARTESIAN_POINT('',(0.0393875814905395,-0.0099177757327101,-0.000510606683234511));
#6546=CARTESIAN_POINT('',(0.0388327297482823,-0.0099177757327101,-0.000970661494414882));
#6547=CARTESIAN_POINT('',(0.0379781473776959,-0.0099177757327101,-0.00101220411011705));
#6548=CARTESIAN_POINT('',(0.0380964631056626,-0.00991777573271011,0.00108146089143123));
#6549=CARTESIAN_POINT('',(0.0400993084679736,-0.0099177757327101,0.000648366783730873));
#6550=CARTESIAN_POINT('',(0.0400993084679736,-0.0099177757327101,0.000648366783730873));
#6551=CARTESIAN_POINT('',(0.0380964631056626,-0.0099177757327101,0.00108146089143123));
#6552=CARTESIAN_POINT('',(0.0396724322681362,-0.0099177757327101,0.000627615648986452));
#6553=CARTESIAN_POINT('',(0.0392446913315292,-0.0099177757327101,0.000606822478004754));
#6554=CARTESIAN_POINT('',(0.0392446913315292,-0.0099177757327101,0.000606822478004754));
#6555=CARTESIAN_POINT('',(0.0396724322681362,-0.0099177757327101,0.000627615648986452));
#6556=CARTESIAN_POINT('',(0.0380262186468136,-0.00991777573271011,0.000948672669887453));
#6557=CARTESIAN_POINT('',(0.0387924932844977,-0.0099177757327101,-5.86356032354787E-5));
#6558=CARTESIAN_POINT('',(0.0387924932844977,-0.0099177757327101,-5.86356032354787E-5));
#6559=CARTESIAN_POINT('',(0.0380262186468136,-0.0099177757327101,0.000948672669887453));
#6560=CARTESIAN_POINT('',(0.0379454830881564,-0.0099177757327101,-0.000340259758124784));
#6561=CARTESIAN_POINT('',(0.0379454830881564,-0.0109177757327101,-0.000340259758124785));
#6562=CARTESIAN_POINT('',(0.038288042953878,-0.0099177757327101,-0.000323607375222372));
#6563=CARTESIAN_POINT('',(0.038288042953878,-0.0109177757327101,-0.000323607375222373));
#6564=CARTESIAN_POINT('',(0.0385703796859917,-0.0099177757327101,-0.000229732656925937));
#6565=CARTESIAN_POINT('',(0.0385703796859917,-0.0109177757327101,-0.000229732656925938));
#6566=CARTESIAN_POINT('',(0.0387924932844977,-0.0099177757327101,-5.86356032354787E-5));
#6567=CARTESIAN_POINT('',(0.0387924932844977,-0.0109177757327101,-5.86356032354795E-5));
#6568=CARTESIAN_POINT('',(0.0379454830881564,-0.0099177757327101,-0.000340259758124784));
#6569=CARTESIAN_POINT('',(0.0379454830881564,-0.0099177757327101,-0.000340259758124784));
#6570=CARTESIAN_POINT('',(0.0379454830881564,-0.0099177757327101,-0.000340259758124784));
#6571=CARTESIAN_POINT('',(0.0384593228867388,-0.0099177757327101,-0.000315281183771166));
#6572=CARTESIAN_POINT('',(0.0387924932844977,-0.0099177757327101,-5.86356032354787E-5));
#6573=CARTESIAN_POINT('',(0.0368569192249949,-0.0099177757327101,5.06811908034653E-6));
#6574=CARTESIAN_POINT('',(0.0368569192249949,-0.0109177757327101,5.06811908034573E-6));
#6575=CARTESIAN_POINT('',(0.0371637422652521,-0.0099177757327101,-0.000245513193887561));
#6576=CARTESIAN_POINT('',(0.0371637422652521,-0.0109177757327101,-0.000245513193887562));
#6577=CARTESIAN_POINT('',(0.037526596886306,-0.0099177757327101,-0.000360622486289271));
#6578=CARTESIAN_POINT('',(0.037526596886306,-0.0109177757327101,-0.000360622486289272));
#6579=CARTESIAN_POINT('',(0.0379454830881564,-0.0099177757327101,-0.000340259758124784));
#6580=CARTESIAN_POINT('',(0.0379454830881564,-0.0109177757327101,-0.000340259758124785));
#6581=CARTESIAN_POINT('',(0.0368569192249949,-0.0099177757327101,5.06811908034653E-6));
#6582=CARTESIAN_POINT('',(0.0368569192249949,-0.0099177757327101,5.06811908034653E-6));
#6583=CARTESIAN_POINT('',(0.0368569192249949,-0.0099177757327101,5.06811908034653E-6));
#6584=CARTESIAN_POINT('',(0.0373171537853808,-0.0099177757327101,-0.000370803850371515));
#6585=CARTESIAN_POINT('',(0.0379454830881564,-0.0099177757327101,-0.000340259758124784));
#6586=CARTESIAN_POINT('',(0.0363187489217184,-0.00991777573271011,0.00108483850043228));
#6587=CARTESIAN_POINT('',(0.0363187489217184,-0.0109177757327101,0.00108483850043228));
#6588=CARTESIAN_POINT('',(0.0363707060836455,-0.0099177757327101,0.0006155728924989));
#6589=CARTESIAN_POINT('',(0.0363707060836455,-0.0109177757327101,0.000615572892498899));
#6590=CARTESIAN_POINT('',(0.0365500961847377,-0.0099177757327101,0.000255649432048254));
#6591=CARTESIAN_POINT('',(0.0365500961847377,-0.0109177757327101,0.000255649432048254));
#6592=CARTESIAN_POINT('',(0.0368569192249949,-0.0099177757327101,5.06811908034653E-6));
#6593=CARTESIAN_POINT('',(0.0368569192249949,-0.0109177757327101,5.06811908034573E-6));
#6594=CARTESIAN_POINT('',(0.0363187489217184,-0.00991777573271011,0.00108483850043228));
#6595=CARTESIAN_POINT('',(0.0363187489217184,-0.00991777573271011,0.00108483850043228));
#6596=CARTESIAN_POINT('',(0.0363187489217184,-0.00991777573271011,0.00108483850043228));
#6597=CARTESIAN_POINT('',(0.036396684664609,-0.0099177757327101,0.000380940088532208));
#6598=CARTESIAN_POINT('',(0.0368569192249949,-0.0099177757327101,5.06811908034653E-6));
#6599=CARTESIAN_POINT('',(0.0382296332655178,-0.0099177757327101,0.00117772964431497));
#6600=CARTESIAN_POINT('',(0.0382296332655178,-0.0099177757327101,0.00117772964431497));
#6601=CARTESIAN_POINT('',(0.0379942892019617,-0.0099177757327101,0.00191944585058494));
#6602=CARTESIAN_POINT('',(0.0379942892019617,-0.0109177757327101,0.00191944585058494));
#6603=CARTESIAN_POINT('',(0.0379942892019617,-0.00991777573271011,0.00191944585058494));
#6604=CARTESIAN_POINT('',(0.0364464117616154,-0.00991777573271012,0.0137879834734106));
#6605=CARTESIAN_POINT('',(0.0534537651377927,-0.00991777573271011,0.0022320229958315));
#6606=CARTESIAN_POINT('',(0.0534537651377927,-0.0109177757327101,0.0022320229958315));
#6607=CARTESIAN_POINT('',(0.0534362293393517,-0.00991777573271011,0.00259275579872661));
#6608=CARTESIAN_POINT('',(0.0534362293393517,-0.0109177757327101,0.00259275579872661));
#6609=CARTESIAN_POINT('',(0.0533482655445341,-0.00991777573271011,0.00290338678796011));
#6610=CARTESIAN_POINT('',(0.0533482655445341,-0.0109177757327101,0.00290338678796011));
#6611=CARTESIAN_POINT('',(0.0531898737533399,-0.00991777573271011,0.00316391596353202));
#6612=CARTESIAN_POINT('',(0.0531898737533399,-0.0109177757327101,0.00316391596353202));
#6613=CARTESIAN_POINT('',(0.0534537651377927,-0.0109177757327101,0.0022320229958315));
#6614=CARTESIAN_POINT('',(0.0534274614401312,-0.0109177757327101,0.00277312220017416));
#6615=CARTESIAN_POINT('',(0.0531898737533399,-0.0109177757327101,0.00316391596353202));
#6616=CARTESIAN_POINT('',(0.0534537651377927,-0.0109177757327101,0.0022320229958315));
#6617=CARTESIAN_POINT('',(0.0531898737533399,-0.0109177757327101,0.00316391596353202));
#6618=CARTESIAN_POINT('',(0.0534537651377927,-0.00991777573271011,0.0022320229958315));
#6619=CARTESIAN_POINT('',(0.0534537651377927,-0.00991777573271011,0.0022320229958315));
#6620=CARTESIAN_POINT('',(0.0534537651377927,-0.00991777573271011,0.0022320229958315));
#6621=CARTESIAN_POINT('',(0.0534274614401312,-0.00991777573271011,0.00277312220017416));
#6622=CARTESIAN_POINT('',(0.0531898737533399,-0.00991777573271011,0.00316391596353202));
#6623=CARTESIAN_POINT('',(0.0531898737533399,-0.00991777573271011,0.00316391596353202));
#6624=CARTESIAN_POINT('',(0.0531898737533399,-0.00991777573271011,0.00316391596353202));
#6625=CARTESIAN_POINT('',(0.0532821023355687,-0.00991777573271011,0.00126666132261268));
#6626=CARTESIAN_POINT('',(0.0532821023355687,-0.0109177757327101,0.00126666132261268));
#6627=CARTESIAN_POINT('',(0.0534143450268206,-0.00991777573271011,0.00154405108737805));
#6628=CARTESIAN_POINT('',(0.0534143450268206,-0.0109177757327101,0.00154405108737805));
#6629=CARTESIAN_POINT('',(0.0534715659608953,-0.00991777573271011,0.00186583831178433));
#6630=CARTESIAN_POINT('',(0.0534715659608953,-0.0109177757327101,0.00186583831178433));
#6631=CARTESIAN_POINT('',(0.0534537651377927,-0.00991777573271011,0.0022320229958315));
#6632=CARTESIAN_POINT('',(0.0534537651377927,-0.0109177757327101,0.0022320229958315));
#6633=CARTESIAN_POINT('',(0.0532821023355687,-0.0109177757327101,0.00126666132261268));
#6634=CARTESIAN_POINT('',(0.0534804663724466,-0.0109177757327101,0.00168274596976074));
#6635=CARTESIAN_POINT('',(0.0534537651377927,-0.0109177757327101,0.0022320229958315));
#6636=CARTESIAN_POINT('',(0.0532821023355687,-0.0109177757327101,0.00126666132261268));
#6637=CARTESIAN_POINT('',(0.0532821023355687,-0.00991777573271011,0.00126666132261268));
#6638=CARTESIAN_POINT('',(0.0532821023355687,-0.00991777573271011,0.00126666132261268));
#6639=CARTESIAN_POINT('',(0.0532821023355687,-0.00991777573271011,0.00126666132261268));
#6640=CARTESIAN_POINT('',(0.0534804663724466,-0.00991777573271011,0.00168274596976074));
#6641=CARTESIAN_POINT('',(0.0534537651377927,-0.00991777573271011,0.0022320229958315));
#6642=CARTESIAN_POINT('',(0.0518832469497323,-0.00991777573271016,0.00190392190452282));
#6643=CARTESIAN_POINT('',(0.0518832469497323,-0.0109177757327101,0.00190392190452282));
#6644=CARTESIAN_POINT('',(0.0527235803533685,-0.0109177757327101,0.000618312494693938));
#6645=CARTESIAN_POINT('',(0.0527234125983171,-0.0099177757327101,0.000618568663258755));
#6646=CARTESIAN_POINT('',(0.0527235803533685,-0.0099177757327101,0.000618312494693938));
#6647=CARTESIAN_POINT('',(0.0518832469497323,-0.0099177757327101,0.00190392190452282));
#6648=CARTESIAN_POINT('',(0.0518578918339609,-0.00991777573271011,0.00196615840982232));
#6649=CARTESIAN_POINT('',(0.0518578918339609,-0.0109177757327101,0.00196615840982232));
#6650=CARTESIAN_POINT('',(0.0519187479705187,-0.0109177757327101,0.000365228733364563));
#6651=CARTESIAN_POINT('',(0.05191875858405,-0.0099177757327101,0.000364961141134384));
#6652=CARTESIAN_POINT('',(0.0519187479705187,-0.0099177757327101,0.000365228733364564));
#6653=CARTESIAN_POINT('',(0.0518578918339609,-0.0099177757327101,0.00196615840982232));
#6654=CARTESIAN_POINT('',(0.051829442801133,-0.00991777573271011,0.00194907168500937));
#6655=CARTESIAN_POINT('',(0.051829442801133,-0.0109177757327101,0.00194907168500937));
#6656=CARTESIAN_POINT('',(0.0511014779555771,-0.0109177757327101,0.000539723826439643));
#6657=CARTESIAN_POINT('',(0.0511014779555771,-0.0099177757327101,0.000539723826439644));
#6658=CARTESIAN_POINT('',(0.0511014779555771,-0.0099177757327101,0.000539723826439644));
#6659=CARTESIAN_POINT('',(0.051829442801133,-0.0099177757327101,0.00194907168500937));
#6660=CARTESIAN_POINT('',(0.0504777909679742,-0.00991777573271011,0.00113033926231409));
#6661=CARTESIAN_POINT('',(0.0504777909679742,-0.0109177757327101,0.00113033926231409));
#6662=CARTESIAN_POINT('',(0.0506394955355045,-0.0099177757327101,0.000867238743885397));
#6663=CARTESIAN_POINT('',(0.0506394955355045,-0.0109177757327101,0.000867238743885396));
#6664=CARTESIAN_POINT('',(0.0508473911980388,-0.0099177757327101,0.000670366931927249));
#6665=CARTESIAN_POINT('',(0.0508473911980388,-0.0109177757327101,0.000670366931927248));
#6666=CARTESIAN_POINT('',(0.0511014779555771,-0.0099177757327101,0.000539723826439644));
#6667=CARTESIAN_POINT('',(0.0511014779555771,-0.0109177757327101,0.000539723826439643));
#6668=CARTESIAN_POINT('',(0.0504777909679742,-0.0109177757327101,0.00113033926231409));
#6669=CARTESIAN_POINT('',(0.0507203478192697,-0.0109177757327101,0.000735688484671051));
#6670=CARTESIAN_POINT('',(0.0511014779555771,-0.0109177757327101,0.000539723826439643));
#6671=CARTESIAN_POINT('',(0.0504777909679742,-0.0109177757327101,0.00113033926231409));
#6672=CARTESIAN_POINT('',(0.0504777909679742,-0.00991777573271011,0.00113033926231409));
#6673=CARTESIAN_POINT('',(0.0504777909679742,-0.00991777573271011,0.00113033926231409));
#6674=CARTESIAN_POINT('',(0.0504777909679742,-0.00991777573271011,0.00113033926231409));
#6675=CARTESIAN_POINT('',(0.0507203478192697,-0.0099177757327101,0.000735688484671051));
#6676=CARTESIAN_POINT('',(0.0511014779555771,-0.0099177757327101,0.000539723826439644));
#6677=CARTESIAN_POINT('',(0.0502089304190171,-0.00991777573271011,0.00206608924429978));
#6678=CARTESIAN_POINT('',(0.0502089304190171,-0.0109177757327101,0.00206608924429978));
#6679=CARTESIAN_POINT('',(0.0502264662174581,-0.00991777573271011,0.00170535644140468));
#6680=CARTESIAN_POINT('',(0.0502264662174581,-0.0109177757327101,0.00170535644140468));
#6681=CARTESIAN_POINT('',(0.0503160864004438,-0.00991777573271011,0.00139343978074278));
#6682=CARTESIAN_POINT('',(0.0503160864004438,-0.0109177757327101,0.00139343978074278));
#6683=CARTESIAN_POINT('',(0.0504777909679742,-0.00991777573271011,0.00113033926231409));
#6684=CARTESIAN_POINT('',(0.0504777909679742,-0.0109177757327101,0.00113033926231409));
#6685=CARTESIAN_POINT('',(0.0502089304190171,-0.0109177757327101,0.00206608924429978));
#6686=CARTESIAN_POINT('',(0.0502352341166786,-0.0109177757327101,0.00152499003995713));
#6687=CARTESIAN_POINT('',(0.0504777909679742,-0.0109177757327101,0.00113033926231409));
#6688=CARTESIAN_POINT('',(0.0502089304190171,-0.0109177757327101,0.00206608924429978));
#6689=CARTESIAN_POINT('',(0.0502089304190171,-0.00991777573271011,0.00206608924429978));
#6690=CARTESIAN_POINT('',(0.0502089304190171,-0.00991777573271011,0.00206608924429978));
#6691=CARTESIAN_POINT('',(0.0502089304190171,-0.00991777573271011,0.00206608924429978));
#6692=CARTESIAN_POINT('',(0.0502352341166786,-0.00991777573271011,0.00152499003995713));
#6693=CARTESIAN_POINT('',(0.0504777909679742,-0.00991777573271011,0.00113033926231409));
#6694=CARTESIAN_POINT('',(0.0503861918193167,-0.00991777573271011,0.00301464568549728));
#6695=CARTESIAN_POINT('',(0.0503861918193167,-0.0109177757327101,0.00301464568549727));
#6696=CARTESIAN_POINT('',(0.0502507909494478,-0.00991777573271011,0.00273664699958331));
#6697=CARTESIAN_POINT('',(0.0502507909494478,-0.0109177757327101,0.00273664699958331));
#6698=CARTESIAN_POINT('',(0.0501917038160146,-0.00991777573271011,0.00242046151918414));
#6699=CARTESIAN_POINT('',(0.0501917038160146,-0.0109177757327101,0.00242046151918414));
#6700=CARTESIAN_POINT('',(0.0502089304190171,-0.00991777573271011,0.00206608924429978));
#6701=CARTESIAN_POINT('',(0.0502089304190171,-0.0109177757327101,0.00206608924429978));
#6702=CARTESIAN_POINT('',(0.0503861918193167,-0.0109177757327101,0.00301464568549728));
#6703=CARTESIAN_POINT('',(0.0501830905145134,-0.0109177757327101,0.00259764765662632));
#6704=CARTESIAN_POINT('',(0.0502089304190171,-0.0109177757327101,0.00206608924429978));
#6705=CARTESIAN_POINT('',(0.0503861918193167,-0.0109177757327101,0.00301464568549728));
#6706=CARTESIAN_POINT('',(0.0503861918193167,-0.00991777573271011,0.00301464568549728));
#6707=CARTESIAN_POINT('',(0.0503861918193167,-0.00991777573271011,0.00301464568549728));
#6708=CARTESIAN_POINT('',(0.0503861918193167,-0.00991777573271011,0.00301464568549728));
#6709=CARTESIAN_POINT('',(0.0501830905145134,-0.00991777573271011,0.00259764765662632));
#6710=CARTESIAN_POINT('',(0.0502089304190171,-0.00991777573271011,0.00206608924429978));
#6711=CARTESIAN_POINT('',(0.0509496519525763,-0.00991777573271011,0.00366297024143008));
#6712=CARTESIAN_POINT('',(0.0509496519525763,-0.0109177757327101,0.00366297024143008));
#6713=CARTESIAN_POINT('',(0.0507094127336054,-0.00991777573271011,0.00350875255672218));
#6714=CARTESIAN_POINT('',(0.0507094127336054,-0.0109177757327101,0.00350875255672218));
#6715=CARTESIAN_POINT('',(0.0505215926891855,-0.00991777573271011,0.00329264437141125));
#6716=CARTESIAN_POINT('',(0.0505215926891855,-0.0109177757327101,0.00329264437141124));
#6717=CARTESIAN_POINT('',(0.0503861918193167,-0.00991777573271011,0.00301464568549728));
#6718=CARTESIAN_POINT('',(0.0503861918193167,-0.0109177757327101,0.00301464568549727));
#6719=CARTESIAN_POINT('',(0.0509496519525763,-0.0109177757327101,0.00366297024143008));
#6720=CARTESIAN_POINT('',(0.0505892931241199,-0.0109177757327101,0.00343164371436823));
#6721=CARTESIAN_POINT('',(0.0503861918193167,-0.0109177757327101,0.00301464568549728));
#6722=CARTESIAN_POINT('',(0.0509496519525763,-0.0109177757327101,0.00366297024143008));
#6723=CARTESIAN_POINT('',(0.0509496519525763,-0.00991777573271011,0.00366297024143008));
#6724=CARTESIAN_POINT('',(0.0509496519525763,-0.00991777573271011,0.00366297024143008));
#6725=CARTESIAN_POINT('',(0.0509496519525763,-0.00991777573271011,0.00366297024143008));
#6726=CARTESIAN_POINT('',(0.0505892931241199,-0.00991777573271011,0.00343164371436823));
#6727=CARTESIAN_POINT('',(0.0503861918193167,-0.00991777573271011,0.00301464568549728));
#6728=CARTESIAN_POINT('',(0.0518109566452201,-0.0099177757327101,0.00232625874102051));
#6729=CARTESIAN_POINT('',(0.0518109566452201,-0.0109177757327101,0.00232625874102051));
#6730=CARTESIAN_POINT('',(0.0517461752069387,-0.0109177757327101,0.00391521342674429));
#6731=CARTESIAN_POINT('',(0.051746161273198,-0.00991777573271011,0.00391549874141808));
#6732=CARTESIAN_POINT('',(0.0517461752069387,-0.00991777573271011,0.00391521342674429));
#6733=CARTESIAN_POINT('',(0.0518109566452201,-0.00991777573271011,0.00232625874102051));
#6734=CARTESIAN_POINT('',(0.0518432897051515,-0.0099177757327101,0.00228746608146122));
#6735=CARTESIAN_POINT('',(0.0518432897051515,-0.0109177757327101,0.00228746608146122));
#6736=CARTESIAN_POINT('',(0.0525715196852842,-0.0109177757327101,0.00374616517734002));
#6737=CARTESIAN_POINT('',(0.0525713878268201,-0.00991777573271011,0.00374590398911324));
#6738=CARTESIAN_POINT('',(0.0525715196852842,-0.00991777573271011,0.00374616517734002));
#6739=CARTESIAN_POINT('',(0.0518432897051515,-0.00991777573271011,0.00228746608146122));
#6740=CARTESIAN_POINT('',(0.0501359823809181,-0.00991777573271011,0.00356671953140625));
#6741=CARTESIAN_POINT('',(0.0501359823809181,-0.0109177757327101,0.00356671953140625));
#6742=CARTESIAN_POINT('',(0.0502798828836136,-0.00991777573271011,0.00384786378027708));
#6743=CARTESIAN_POINT('',(0.0502798828836136,-0.0109177757327101,0.00384786378027708));
#6744=CARTESIAN_POINT('',(0.0505029887037343,-0.00991777573271011,0.00408754632127346));
#6745=CARTESIAN_POINT('',(0.0505029887037343,-0.0109177757327101,0.00408754632127346));
#6746=CARTESIAN_POINT('',(0.0508052998412802,-0.00991777573271011,0.00428576715439539));
#6747=CARTESIAN_POINT('',(0.0508052998412802,-0.0109177757327101,0.00428576715439539));
#6748=CARTESIAN_POINT('',(0.0501359823809181,-0.00991777573271011,0.00356671953140625));
#6749=CARTESIAN_POINT('',(0.0501359823809181,-0.00991777573271011,0.00356671953140625));
#6750=CARTESIAN_POINT('',(0.0501359823809181,-0.00991777573271011,0.00356671953140625));
#6751=CARTESIAN_POINT('',(0.0503518331349614,-0.00991777573271011,0.0039884359047125));
#6752=CARTESIAN_POINT('',(0.0508052998412802,-0.00991777573271011,0.00428576715439539));
#6753=CARTESIAN_POINT('',(0.0508052998412802,-0.00991777573271011,0.00428576715439539));
#6754=CARTESIAN_POINT('',(0.0508052998412802,-0.00991777573271011,0.00428576715439539));
#6755=CARTESIAN_POINT('',(0.0501145816394958,-0.00991777573271011,0.00400695893443567));
#6756=CARTESIAN_POINT('',(0.0500931808980735,-0.00991777573271011,0.00444719833746508));
#6757=CARTESIAN_POINT('',(0.0500931808980735,-0.00991777573271011,0.00444719833746508));
#6758=CARTESIAN_POINT('',(0.0501145816394958,-0.00991777573271011,0.00400695893443567));
#6759=CARTESIAN_POINT('',(0.0496965565442606,-0.00991777573271011,0.00442791779333537));
#6760=CARTESIAN_POINT('',(0.0492999321904477,-0.00991777573271011,0.00440863724920566));
#6761=CARTESIAN_POINT('',(0.0492999321904477,-0.00991777573271011,0.00440863724920566));
#6762=CARTESIAN_POINT('',(0.0496965565442606,-0.00991777573271011,0.00442791779333537));
#6763=CARTESIAN_POINT('',(0.0494712375060744,-0.0099177757327101,0.000884677569538288));
#6764=CARTESIAN_POINT('',(0.0496425428217012,-0.0099177757327101,-0.00263928211012908));
#6765=CARTESIAN_POINT('',(0.0496425428217012,-0.0099177757327101,-0.00263928211012908));
#6766=CARTESIAN_POINT('',(0.0494712375060744,-0.0099177757327101,0.000884677569538288));
#6767=CARTESIAN_POINT('',(0.050039167175514,-0.0099177757327101,-0.00262000156599936));
#6768=CARTESIAN_POINT('',(0.0504357915293269,-0.0099177757327101,-0.00260072102186965));
#6769=CARTESIAN_POINT('',(0.0504357915293269,-0.0099177757327101,-0.00260072102186965));
#6770=CARTESIAN_POINT('',(0.050039167175514,-0.0099177757327101,-0.00262000156599936));
#6771=CARTESIAN_POINT('',(0.0503592656582966,-0.0099177757327101,-0.00102649033921027));
#6772=CARTESIAN_POINT('',(0.0502827397872663,-0.0099177757327101,0.000547740343449098));
#6773=CARTESIAN_POINT('',(0.0502827397872663,-0.0099177757327101,0.000547740343449098));
#6774=CARTESIAN_POINT('',(0.0503592656582966,-0.0099177757327101,-0.00102649033921027));
#6775=CARTESIAN_POINT('',(0.0510267893874949,-0.0099177757327101,-0.00010191815088224));
#6776=CARTESIAN_POINT('',(0.0510267893874949,-0.0109177757327101,-0.000101918150882241));
#6777=CARTESIAN_POINT('',(0.050706655341458,-0.0099177757327101,6.65000234723399E-5));
#6778=CARTESIAN_POINT('',(0.050706655341458,-0.0109177757327101,6.65000234723391E-5));
#6779=CARTESIAN_POINT('',(0.0504586388080485,-0.0099177757327101,0.000283052854916119));
#6780=CARTESIAN_POINT('',(0.0504586388080485,-0.0109177757327101,0.000283052854916119));
#6781=CARTESIAN_POINT('',(0.0502827397872663,-0.0099177757327101,0.000547740343449098));
#6782=CARTESIAN_POINT('',(0.0502827397872663,-0.0109177757327101,0.000547740343449097));
#6783=CARTESIAN_POINT('',(0.0510267893874949,-0.0099177757327101,-0.00010191815088224));
#6784=CARTESIAN_POINT('',(0.0510267893874949,-0.0099177757327101,-0.00010191815088224));
#6785=CARTESIAN_POINT('',(0.0510267893874949,-0.0099177757327101,-0.00010191815088224));
#6786=CARTESIAN_POINT('',(0.0505465883184396,-0.0099177757327101,0.00015070911064963));
#6787=CARTESIAN_POINT('',(0.0502827397872663,-0.0099177757327101,0.000547740343449098));
#6788=CARTESIAN_POINT('',(0.0521176011455818,-0.0099177757327101,-0.000324862650317504));
#6789=CARTESIAN_POINT('',(0.0521176011455818,-0.0109177757327101,-0.000324862650317505));
#6790=CARTESIAN_POINT('',(0.0517105273528941,-0.0099177757327101,-0.000344651158381909));
#6791=CARTESIAN_POINT('',(0.0517105273528941,-0.0109177757327101,-0.00034465115838191));
#6792=CARTESIAN_POINT('',(0.0513469234335318,-0.0099177757327101,-0.000270336325236821));
#6793=CARTESIAN_POINT('',(0.0513469234335318,-0.0109177757327101,-0.000270336325236822));
#6794=CARTESIAN_POINT('',(0.0510267893874949,-0.0099177757327101,-0.00010191815088224));
#6795=CARTESIAN_POINT('',(0.0510267893874949,-0.0109177757327101,-0.000101918150882241));
#6796=CARTESIAN_POINT('',(0.0521176011455818,-0.0099177757327101,-0.000324862650317504));
#6797=CARTESIAN_POINT('',(0.0521176011455818,-0.0099177757327101,-0.000324862650317504));
#6798=CARTESIAN_POINT('',(0.0521176011455818,-0.0099177757327101,-0.000324862650317504));
#6799=CARTESIAN_POINT('',(0.0515069904565503,-0.0099177757327101,-0.000354545412414111));
#6800=CARTESIAN_POINT('',(0.0510267893874949,-0.0099177757327101,-0.00010191815088224));
#6801=CARTESIAN_POINT('',(0.0520397154260156,-0.00991777573271011,0.00186478690896556));
#6802=CARTESIAN_POINT('',(0.0532581279036967,-0.0099177757327101,4.54872293246527E-5));
#6803=CARTESIAN_POINT('',(0.0532581279036967,-0.0099177757327101,4.54872293246527E-5));
#6804=CARTESIAN_POINT('',(0.0520397154260156,-0.0099177757327101,0.00186478690896556));
#6805=CARTESIAN_POINT('',(0.0540310310101474,-0.0099177757327101,0.000966301835515932));
#6806=CARTESIAN_POINT('',(0.0540310310101474,-0.0109177757327101,0.000966301835515931));
#6807=CARTESIAN_POINT('',(0.0538517753615876,-0.0099177757327101,0.000578697598323786));
#6808=CARTESIAN_POINT('',(0.0538517753615876,-0.0109177757327101,0.000578697598323786));
#6809=CARTESIAN_POINT('',(0.0535941409927707,-0.0099177757327101,0.000271759396260027));
#6810=CARTESIAN_POINT('',(0.0535941409927707,-0.0109177757327101,0.000271759396260026));
#6811=CARTESIAN_POINT('',(0.0532581279036967,-0.0099177757327101,4.54872293246527E-5));
#6812=CARTESIAN_POINT('',(0.0532581279036967,-0.0109177757327101,4.54872293246519E-5));
#6813=CARTESIAN_POINT('',(0.0540310310101474,-0.0099177757327101,0.000966301835515932));
#6814=CARTESIAN_POINT('',(0.0540310310101474,-0.0099177757327101,0.000966301835515932));
#6815=CARTESIAN_POINT('',(0.0540310310101474,-0.0099177757327101,0.000966301835515932));
#6816=CARTESIAN_POINT('',(0.0537621475373077,-0.0099177757327101,0.000384895479727714));
#6817=CARTESIAN_POINT('',(0.0532581279036967,-0.0099177757327101,4.54872293246527E-5));
#6818=CARTESIAN_POINT('',(0.0542647324591627,-0.00991777573271011,0.00227144541424106));
#6819=CARTESIAN_POINT('',(0.0542647324591627,-0.0109177757327101,0.00227144541424105));
#6820=CARTESIAN_POINT('',(0.0542881871417122,-0.00991777573271011,0.00178895393228312));
#6821=CARTESIAN_POINT('',(0.0542881871417122,-0.0109177757327101,0.00178895393228312));
#6822=CARTESIAN_POINT('',(0.0542102866587071,-0.00991777573271011,0.00135390607270808));
#6823=CARTESIAN_POINT('',(0.0542102866587071,-0.0109177757327101,0.00135390607270808));
#6824=CARTESIAN_POINT('',(0.0540310310101474,-0.0099177757327101,0.000966301835515932));
#6825=CARTESIAN_POINT('',(0.0540310310101474,-0.0109177757327101,0.000966301835515931));
#6826=CARTESIAN_POINT('',(0.0542647324591627,-0.00991777573271011,0.00227144541424106));
#6827=CARTESIAN_POINT('',(0.0542647324591627,-0.00991777573271011,0.00227144541424106));
#6828=CARTESIAN_POINT('',(0.0542647324591627,-0.00991777573271011,0.00227144541424106));
#6829=CARTESIAN_POINT('',(0.054299914482987,-0.00991777573271011,0.00154770819130415));
#6830=CARTESIAN_POINT('',(0.0540310310101474,-0.0099177757327101,0.000966301835515932));
#6831=CARTESIAN_POINT('',(0.0539057074733042,-0.00991777573271011,0.00354436013529966));
#6832=CARTESIAN_POINT('',(0.0539057074733042,-0.0109177757327101,0.00354436013529966));
#6833=CARTESIAN_POINT('',(0.0541212935858885,-0.00991777573271011,0.00318460233122927));
#6834=CARTESIAN_POINT('',(0.0541212935858885,-0.0109177757327101,0.00318460233122927));
#6835=CARTESIAN_POINT('',(0.0542409685811746,-0.00991777573271011,0.00276029742420974));
#6836=CARTESIAN_POINT('',(0.0542409685811746,-0.0109177757327101,0.00276029742420974));
#6837=CARTESIAN_POINT('',(0.0542647324591627,-0.00991777573271011,0.00227144541424106));
#6838=CARTESIAN_POINT('',(0.0542647324591627,-0.0109177757327101,0.00227144541424105));
#6839=CARTESIAN_POINT('',(0.0539057074733042,-0.00991777573271011,0.00354436013529966));
#6840=CARTESIAN_POINT('',(0.0539057074733042,-0.00991777573271011,0.00354436013529966));
#6841=CARTESIAN_POINT('',(0.0539057074733042,-0.00991777573271011,0.00354436013529966));
#6842=CARTESIAN_POINT('',(0.0542290866421806,-0.00991777573271011,0.00300472342919408));
#6843=CARTESIAN_POINT('',(0.0542647324591627,-0.00991777573271011,0.00227144541424106));
#6844=CARTESIAN_POINT('',(0.0520467860717296,-0.0099177757327101,0.00246138354537866));
#6845=CARTESIAN_POINT('',(0.0530481952436451,-0.00991777573271011,0.0043640585869058));
#6846=CARTESIAN_POINT('',(0.0530481952436451,-0.00991777573271011,0.0043640585869058));
#6847=CARTESIAN_POINT('',(0.0520467860717296,-0.00991777573271011,0.00246138354537866));
#6848=CARTESIAN_POINT('',(0.0518775550583586,-0.00991777573271011,0.00461317870316726));
#6849=CARTESIAN_POINT('',(0.0518775550583586,-0.0109177757327101,0.00461317870316726));
#6850=CARTESIAN_POINT('',(0.0523018931413611,-0.00991777573271011,0.00463380645599333));
#6851=CARTESIAN_POINT('',(0.0523018931413611,-0.0109177757327101,0.00463380645599333));
#6852=CARTESIAN_POINT('',(0.0526921065364566,-0.00991777573271011,0.00455076641723951));
#6853=CARTESIAN_POINT('',(0.0526921065364566,-0.0109177757327101,0.0045507664172395));
#6854=CARTESIAN_POINT('',(0.0530481952436451,-0.00991777573271011,0.0043640585869058));
#6855=CARTESIAN_POINT('',(0.0530481952436451,-0.0109177757327101,0.00436405858690579));
#6856=CARTESIAN_POINT('',(0.0518775550583586,-0.00991777573271011,0.00461317870316726));
#6857=CARTESIAN_POINT('',(0.0518775550583586,-0.00991777573271011,0.00461317870316726));
#6858=CARTESIAN_POINT('',(0.0518775550583586,-0.00991777573271011,0.00461317870316726));
#6859=CARTESIAN_POINT('',(0.0525140621828624,-0.00991777573271011,0.00464412033240636));
#6860=CARTESIAN_POINT('',(0.0530481952436451,-0.00991777573271011,0.0043640585869058));
#6861=CARTESIAN_POINT('',(0.0508052998412802,-0.00991777573271011,0.00428576715439539));
#6862=CARTESIAN_POINT('',(0.0508052998412802,-0.0109177757327101,0.00428576715439539));
#6863=CARTESIAN_POINT('',(0.0511076109788261,-0.00991777573271011,0.00448398798751732));
#6864=CARTESIAN_POINT('',(0.0511076109788261,-0.0109177757327101,0.00448398798751732));
#6865=CARTESIAN_POINT('',(0.0514650293845189,-0.00991777573271011,0.00459312517044128));
#6866=CARTESIAN_POINT('',(0.0514650293845189,-0.0109177757327101,0.00459312517044128));
#6867=CARTESIAN_POINT('',(0.0518775550583586,-0.00991777573271011,0.00461317870316726));
#6868=CARTESIAN_POINT('',(0.0518775550583586,-0.0109177757327101,0.00461317870316726));
#6869=CARTESIAN_POINT('',(0.0508052998412802,-0.00991777573271011,0.00428576715439539));
#6870=CARTESIAN_POINT('',(0.051258766547599,-0.00991777573271011,0.00458309840407829));
#6871=CARTESIAN_POINT('',(0.0518775550583586,-0.00991777573271011,0.00461317870316726));
#6872=CARTESIAN_POINT('',(0.0518858705157302,-0.0099177757327101,0.00240177665821292));
#6873=CARTESIAN_POINT('',(0.0518858705157302,-0.0109177757327101,0.00240177665821292));
#6874=CARTESIAN_POINT('',(0.0518858705157302,-0.00991777573271011,0.00240177665821292));
#6875=CARTESIAN_POINT('',(0.0364464117616154,-0.00991777573271012,0.0137879834734106));
#6876=CARTESIAN_POINT('',(0.0236168734054723,-0.0099177757327101,0.00141619974169198));
#6877=CARTESIAN_POINT('',(0.0243502493197634,-0.00991777573271011,0.00449913958004075));
#6878=CARTESIAN_POINT('',(0.0243502493197634,-0.00991777573271011,0.00449913958004075));
#6879=CARTESIAN_POINT('',(0.0236168734054723,-0.0099177757327101,0.00141619974169198));
#6880=CARTESIAN_POINT('',(0.0228834974911813,-0.0099177757327101,-0.00166674009665679));
#6881=CARTESIAN_POINT('',(0.0228834974911813,-0.0099177757327101,-0.00166674009665679));
#6882=CARTESIAN_POINT('',(0.0239229581344701,-0.00991777573271011,0.00447836827218966));
#6883=CARTESIAN_POINT('',(0.0234956669491769,-0.00991777573271011,0.00445759696433858));
#6884=CARTESIAN_POINT('',(0.0234956669491769,-0.00991777573271011,0.00445759696433858));
#6885=CARTESIAN_POINT('',(0.0239229581344701,-0.00991777573271011,0.00447836827218966));
#6886=CARTESIAN_POINT('',(0.0229533858649607,-0.0099177757327101,0.00185596557846649));
#6887=CARTESIAN_POINT('',(0.0224111047807446,-0.0099177757327101,-0.000745665807405589));
#6888=CARTESIAN_POINT('',(0.0224111047807446,-0.0099177757327101,-0.000745665807405589));
#6889=CARTESIAN_POINT('',(0.0229533858649607,-0.0099177757327101,0.00185596557846649));
#6890=CARTESIAN_POINT('',(0.0215883711215119,-0.0099177757327101,0.0017896100288242));
#6891=CARTESIAN_POINT('',(0.0207656374622792,-0.00991777573271011,0.00432488586505397));
#6892=CARTESIAN_POINT('',(0.0207656374622792,-0.00991777573271011,0.00432488586505397));
#6893=CARTESIAN_POINT('',(0.0215883711215119,-0.0099177757327101,0.0017896100288242));
#6894=CARTESIAN_POINT('',(0.0203206276632418,-0.00991777573271011,0.00430325322705276));
#6895=CARTESIAN_POINT('',(0.0198756178642043,-0.00991777573271011,0.00428162058905155));
#6896=CARTESIAN_POINT('',(0.0198756178642043,-0.00991777573271011,0.00428162058905155));
#6897=CARTESIAN_POINT('',(0.0203206276632418,-0.00991777573271011,0.00430325322705276));
#6898=CARTESIAN_POINT('',(0.0192683448712384,-0.0099177757327101,0.00166794960036844));
#6899=CARTESIAN_POINT('',(0.0186610718782725,-0.0099177757327101,-0.000945721388314675));
#6900=CARTESIAN_POINT('',(0.0186610718782725,-0.0099177757327101,-0.000945721388314675));
#6901=CARTESIAN_POINT('',(0.0192683448712384,-0.0099177757327101,0.00166794960036844));
#6902=CARTESIAN_POINT('',(0.0178726632963093,-0.0099177757327101,0.00160010328700477));
#6903=CARTESIAN_POINT('',(0.017084254714346,-0.00991777573271011,0.00414592796232421));
#6904=CARTESIAN_POINT('',(0.017084254714346,-0.00991777573271011,0.00414592796232421));
#6905=CARTESIAN_POINT('',(0.0178726632963093,-0.0099177757327101,0.00160010328700477));
#6906=CARTESIAN_POINT('',(0.0166610524399168,-0.00991777573271011,0.00412535542296931));
#6907=CARTESIAN_POINT('',(0.0162378501654876,-0.00991777573271011,0.00410478288361441));
#6908=CARTESIAN_POINT('',(0.0162378501654876,-0.00991777573271011,0.00410478288361441));
#6909=CARTESIAN_POINT('',(0.0166610524399168,-0.00991777573271011,0.00412535542296931));
#6910=CARTESIAN_POINT('',(0.017236326770618,-0.0099177757327101,0.00110193259253493));
#6911=CARTESIAN_POINT('',(0.0182348033757484,-0.0099177757327101,-0.00190091769854455));
#6912=CARTESIAN_POINT('',(0.0182348033757484,-0.0099177757327101,-0.00190091769854455));
#6913=CARTESIAN_POINT('',(0.017236326770618,-0.0099177757327101,0.00110193259253493));
#6914=CARTESIAN_POINT('',(0.0186755254954257,-0.0099177757327101,-0.00187539491817546));
#6915=CARTESIAN_POINT('',(0.0191162476151029,-0.0099177757327101,-0.00184987213780639));
#6916=CARTESIAN_POINT('',(0.0191162476151029,-0.0099177757327101,-0.00184987213780639));
#6917=CARTESIAN_POINT('',(0.0186755254954257,-0.0099177757327101,-0.00187539491817546));
#6918=CARTESIAN_POINT('',(0.0197299143280293,-0.0099177757327101,0.000632272218083109));
#6919=CARTESIAN_POINT('',(0.0203435810409557,-0.00991777573271011,0.0031144165739726));
#6920=CARTESIAN_POINT('',(0.0203435810409557,-0.00991777573271011,0.0031144165739726));
#6921=CARTESIAN_POINT('',(0.0197299143280293,-0.0099177757327101,0.000632272218083109));
#6922=CARTESIAN_POINT('',(0.021169210952175,-0.0099177757327101,0.000702238728739395));
#6923=CARTESIAN_POINT('',(0.0219948408633943,-0.0099177757327101,-0.00170993911649381));
#6924=CARTESIAN_POINT('',(0.0219948408633943,-0.0099177757327101,-0.00170993911649381));
#6925=CARTESIAN_POINT('',(0.021169210952175,-0.0099177757327101,0.000702238728739395));
#6926=CARTESIAN_POINT('',(0.0224391691772878,-0.0099177757327101,-0.0016883396065753));
#6927=CARTESIAN_POINT('',(0.0224391691772878,-0.0099177757327101,-0.0016883396065753));
#6928=CARTESIAN_POINT('',(0.0364464117616154,-0.00991777573271012,0.0137879834734106));
#6929=CARTESIAN_POINT('',(0.0364464117616154,-0.0109177757327101,-0.0027120165265894));
#6930=CARTESIAN_POINT('',(0.0364464117616154,-0.0109177757327101,-0.0027120165265894));
#6931=CARTESIAN_POINT('',(0.0364464117616154,-0.0109177757327101,-0.0027120165265894));
#6932=CARTESIAN_POINT('',(-0.0136285882383846,0.0560822242672899,-0.00271201652658934));
#6933=CARTESIAN_POINT('',(0.0865214117616154,0.0560822242672899,-0.00271201652658934));
#6934=CARTESIAN_POINT('',(-0.0136285882383846,-0.0069177757327101,-0.0027120165265894));
#6935=CARTESIAN_POINT('',(0.0865214117616154,-0.0069177757327101,-0.0027120165265894));
#6936=CARTESIAN_POINT('',(0.0364464117616154,-0.00891777573271011,0.0137879834734106));
#6937=CARTESIAN_POINT('',(0.0033714117616154,-0.0109177757327101,-0.00271201652658941));
#6938=CARTESIAN_POINT('',(0.0143964117616154,0.000107224267289874,0.0132629834734106));
#6939=CARTESIAN_POINT('',(0.0364464117616154,-0.0109177757327101,0.0242879834734106));
#6940=CARTESIAN_POINT('',(0.0640214117616154,-0.00541777573271013,0.0187879834734106));
#6941=CARTESIAN_POINT('',(0.0665214117616154,-0.00791777573271012,0.0137879834734106));
#6942=MECHANICAL_DESIGN_GEOMETRIC_PRESENTATION_REPRESENTATION('',(#4007,
#12,#13,#14,#15,#16,#17,#18,#19),#6943);
#6943=(
GEOMETRIC_REPRESENTATION_CONTEXT(3)
GLOBAL_UNCERTAINTY_ASSIGNED_CONTEXT((#6944))
GLOBAL_UNIT_ASSIGNED_CONTEXT((#6947,#6946,#6945))
REPRESENTATION_CONTEXT('Part 1','TOP_LEVEL_ASSEMBLY_PART')
);
#6944=UNCERTAINTY_MEASURE_WITH_UNIT(LENGTH_MEASURE(2.E-5),#6947,
'DISTANCE_ACCURACY_VALUE','Maximum Tolerance applied to model');
#6945=(
NAMED_UNIT(*)
SI_UNIT($,.STERADIAN.)
SOLID_ANGLE_UNIT()
);
#6946=(
NAMED_UNIT(*)
PLANE_ANGLE_UNIT()
SI_UNIT($,.RADIAN.)
);
#6947=(
LENGTH_UNIT()
NAMED_UNIT(*)
SI_UNIT($,.METRE.)
);
#6948=PRODUCT_DEFINITION_SHAPE('','',#6949);
#6949=PRODUCT_DEFINITION('','',#6951,#6950);
#6950=PRODUCT_DEFINITION_CONTEXT('',#6957,'design');
#6951=PRODUCT_DEFINITION_FORMATION_WITH_SPECIFIED_SOURCE('','',#6953,
 .NOT_KNOWN.);
#6952=PRODUCT_RELATED_PRODUCT_CATEGORY('','',(#6953));
#6953=PRODUCT('Part 1','Part 1','Part 1',(#6955));
#6954=PRODUCT_CATEGORY('','');
#6955=PRODUCT_CONTEXT('',#6957,'mechanical');
#6956=APPLICATION_PROTOCOL_DEFINITION('international standard',
'ap242_managed_model_based_3d_engineering',2020,#6957);
#6957=APPLICATION_CONTEXT('managed model based 3d engineering');
ENDSEC;
END-ISO-10303-21;
